subjectId,runId,blockId,trialId,condition,leftAnswer,rightAnswer,choiceDuration,isiDuration,feedbackDuration,itiDuration,stimOnset,itiOffset,leftColor,rightColor,mu1,mu2,sd1,sd2
uep056,3,1,1,SS,6.0,10.0,2,2.246283708064415,1,6.027958589422379,16,27.274242297486794,4,3,6.0,10.0,0,0
uep056,3,1,2,SS,6.0,10.0,2,1.963516828074108,1,4.970898131931594,27.274242297486794,37.20865725749249,4,3,6.0,10.0,0,0
uep056,3,1,3,SS,6.0,10.0,2,2.5835207480992985,1,6.858901946455986,37.20865725749249,49.65107995204777,4,3,6.0,10.0,0,0
uep056,3,1,4,SS,6.0,10.0,2,1.3039096369633751,1,5.970690754742864,49.65107995204777,59.92568034375401,4,3,6.0,10.0,0,0
uep056,3,1,5,SS,6.0,10.0,2,2.549291566899566,1,5.430830421189749,59.92568034375401,70.90580233184333,4,3,6.0,10.0,0,0
uep056,3,1,6,SS,6.0,10.0,2,1.7132957793086905,1,6.433925368446504,70.90580233184333,82.05302347959854,4,3,6.0,10.0,0,0
uep056,3,1,7,SS,6.0,10.0,2,2.0873077725167515,1,5.14275805320595,82.05302347959854,92.28308930532124,4,3,6.0,10.0,0,0
uep056,3,1,8,SS,6.0,10.0,2,1.6331649027770598,1,5.667366724255614,92.28308930532124,102.58362093235391,4,3,6.0,10.0,0,0
uep056,3,1,9,SS,6.0,10.0,2,1.5442696554143815,1,6.273379898916659,102.58362093235391,113.40127048668495,4,3,6.0,10.0,0,0
uep056,3,1,10,SS,6.0,10.0,2,1.9259555180120072,1,5.472323883412406,113.40127048668495,123.79954988810935,4,3,6.0,10.0,0,0
