subjectId,runId,blockId,trialId,condition,leftAnswer,rightAnswer,choiceDuration,isiDuration,feedbackDuration,itiDuration,stimOnset,itiOffset,leftColor,rightColor,mu1,mu2,sd1,sd2
uep052,5,2,1,SS,-2.0,-22.0,2,2.045113782316036,1,6.0534986971057,132.49125725645249,143.58986973587423,3,1,-2.0,-22.0,0,0
uep052,5,2,2,SS,-2.0,-22.0,2,1.1857653365564436,1,5.773401771233054,143.58986973587423,153.5490368436637,3,1,-2.0,-22.0,0,0
uep052,5,2,3,SS,-2.0,-22.0,2,1.4279027236811384,1,5.810575374366583,153.5490368436637,163.78751494171144,3,1,-2.0,-22.0,0,0
uep052,5,2,4,SS,-2.0,-22.0,2,1.8958482244431316,1,7.056582826349456,163.78751494171144,175.73994599250403,3,1,-2.0,-22.0,0,0
uep052,5,2,5,SS,-2.0,-22.0,2,1.347588610932823,1,5.9963025201867,175.73994599250403,186.08383712362357,3,1,-2.0,-22.0,0,0
uep052,5,2,6,SS,-2.0,-22.0,2,1.1399880373474294,1,6.511868843728106,186.08383712362357,196.7356940046991,3,1,-2.0,-22.0,0,0
uep052,5,2,7,SS,-2.0,-22.0,2,1.3847475687691635,1,6.108801882510673,196.7356940046991,207.22924345597895,3,1,-2.0,-22.0,0,0
uep052,5,2,8,SS,-2.0,-22.0,2,1.2758238551138221,1,5.591958552624157,207.22924345597895,217.09702586371694,3,1,-2.0,-22.0,0,0
uep052,5,2,9,SS,-2.0,-22.0,2,1.4523012964617565,1,6.401173579122527,217.09702586371694,227.95050073930122,3,1,-2.0,-22.0,0,0
uep052,5,2,10,SS,-2.0,-22.0,2,2.4539127957353304,1,6.655498118579827,227.95050073930122,240.05991165361638,3,1,-2.0,-22.0,0,0
