subjectId,runId,blockId,trialId,condition,leftAnswer,rightAnswer,choiceDuration,isiDuration,feedbackDuration,itiDuration,stimOnset,itiOffset,leftColor,rightColor,mu1,mu2,sd1,sd2
uep016,4,1,1,SR,20.0,-7.0,2,1.7397859017085966,1,6.242636643748217,16,26.982422545456814,1,0,20.0,-2.0,0,4.0
uep016,4,1,2,SR,20.0,5.0,2,1.870467873893403,1,6.436655120014914,26.982422545456814,38.28954553936513,1,0,20.0,-2.0,0,4.0
uep016,4,1,3,SR,20.0,-6.0,2,2.8526810024223344,1,5.116334518492475,38.28954553936513,49.25856106027994,1,0,20.0,-2.0,0,4.0
uep016,4,1,4,SR,20.0,-4.0,2,2.792275920317536,1,6.642615445005623,49.25856106027994,61.6934524256031,1,0,20.0,-2.0,0,4.0
uep016,4,1,5,SR,20.0,-2.0,2,2.4058449413559004,1,5.345979439358679,61.6934524256031,72.44527680631768,1,0,20.0,-2.0,0,4.0
uep016,4,1,6,SR,20.0,-6.0,2,2.708314307382723,1,5.162296935160643,72.44527680631768,83.31588804886104,1,0,20.0,-2.0,0,4.0
uep016,4,1,7,SR,20.0,-3.0,2,1.8413223773980965,1,5.885067404733298,83.31588804886104,94.04227783099243,1,0,20.0,-2.0,0,4.0
uep016,4,1,8,SR,20.0,-7.0,2,2.1029156438748404,1,5.8313707095271425,94.04227783099243,104.97656418439442,1,0,20.0,-2.0,0,4.0
uep016,4,1,9,SR,20.0,-5.0,2,1.8026156329621417,1,6.876315319418017,104.97656418439442,116.65549513677458,1,0,20.0,-2.0,0,4.0
uep016,4,1,10,SR,20.0,-1.0,2,1.8677539016714182,1,6.253697762586859,116.65549513677458,127.77694680103285,1,0,20.0,-2.0,0,4.0
