subjectId,runId,blockId,trialId,condition,leftAnswer,rightAnswer,choiceDuration,isiDuration,feedbackDuration,itiDuration,stimOnset,itiOffset,leftColor,rightColor,mu1,mu2,sd1,sd2
uep002,5,2,1,RR,4.0,-8.0,2,2.73314081868718,1,5.0994436868169295,132.97641068319217,143.8089951886963,4,3,5.0,-6.0,4.0,4.0
uep002,5,2,2,RR,10.0,-3.0,2,2.8139452637555658,1,6.292865788727493,143.8089951886963,155.91580624117933,4,3,5.0,-6.0,4.0,4.0
uep002,5,2,3,RR,9.0,-6.0,2,1.9686640856055013,1,6.513319647213634,155.91580624117933,167.39778997399844,4,3,5.0,-6.0,4.0,4.0
uep002,5,2,4,RR,18.0,-8.0,2,2.2944816753979023,1,6.045107190352183,167.39778997399844,178.73737883974852,4,3,5.0,-6.0,4.0,4.0
uep002,5,2,5,RR,3.0,3.0,2,1.0843717559079196,1,6.775708160342629,178.73737883974852,189.59745875599904,4,3,5.0,-6.0,4.0,4.0
uep002,5,2,6,RR,5.0,-5.0,2,1.562902857240973,1,6.8938796034810705,189.59745875599904,201.0542412167211,4,3,5.0,-6.0,4.0,4.0
uep002,5,2,7,RR,7.0,-3.0,2,1.9458003547911942,1,6.557538186177871,201.0542412167211,212.55757975769018,4,3,5.0,-6.0,4.0,4.0
uep002,5,2,8,RR,9.0,-2.0,2,2.900612291420135,1,6.3197484217998765,212.55757975769018,224.7779404709102,4,3,5.0,-6.0,4.0,4.0
uep002,5,2,9,RR,9.0,0.0,2,2.8340989752025454,1,6.451321849310713,224.7779404709102,237.06336129542348,4,3,5.0,-6.0,4.0,4.0
uep002,5,2,10,RR,4.0,-2.0,2,2.3257766095562196,1,5.704888574754955,237.06336129542348,248.09402647973465,4,3,5.0,-6.0,4.0,4.0
