subjectId,runId,blockId,trialId,condition,leftAnswer,rightAnswer,choiceDuration,isiDuration,feedbackDuration,itiDuration,stimOnset,itiOffset,leftColor,rightColor,mu1,mu2,sd1,sd2
uep021,3,4,1,SS,-6.0,14.0,2,1.6701030398406236,1,6.39583162328278,362.559592522103,373.6255271852264,2,6,-6.0,14.0,0,0
uep021,3,4,2,SS,-6.0,14.0,2,1.8172805549026088,1,6.5320268341565315,373.6255271852264,384.9748345742855,2,6,-6.0,14.0,0,0
uep021,3,4,3,SS,-6.0,14.0,2,2.080832451696588,1,6.170636998133047,384.9748345742855,396.22630402411517,2,6,-6.0,14.0,0,0
uep021,3,4,4,SS,-6.0,14.0,2,2.2578031459363395,1,5.298165761492476,396.22630402411517,406.782272931544,2,6,-6.0,14.0,0,0
uep021,3,4,5,SS,-6.0,14.0,2,2.152004630587452,1,5.209215843928165,406.782272931544,417.14349340605963,2,6,-6.0,14.0,0,0
uep021,3,4,6,SS,-6.0,14.0,2,1.6837598487104235,1,6.69948374945909,417.14349340605963,428.5267370042292,2,6,-6.0,14.0,0,0
uep021,3,4,7,SS,-6.0,14.0,2,1.6875037536794266,1,6.069109627809234,428.5267370042292,439.2833503857178,2,6,-6.0,14.0,0,0
uep021,3,4,8,SS,-6.0,14.0,2,2.299405873851378,1,6.558866992081064,439.2833503857178,451.14162325165023,2,6,-6.0,14.0,0,0
uep021,3,4,9,SS,-6.0,14.0,2,1.0241568230078277,1,6.785078276571744,451.14162325165023,461.95085835122984,2,6,-6.0,14.0,0,0
uep021,3,4,10,SS,-6.0,14.0,2,2.4438816888368837,1,6.605259959933325,461.95085835122984,474.00000000000006,2,6,-6.0,14.0,0,0
