subjectId,runId,blockId,trialId,condition,leftAnswer,rightAnswer,choiceDuration,isiDuration,feedbackDuration,itiDuration,stimOnset,itiOffset,leftColor,rightColor,mu1,mu2,sd1,sd2
uep045,3,2,1,SS,4.0,14.0,2,1.1624594260441592,1,6.6522278868201505,132.22269966014468,143.037386973009,0,6,4.0,14.0,0,0
uep045,3,2,2,SS,4.0,14.0,2,1.0965333526569612,1,7.171164613797989,143.037386973009,154.30508493946397,0,6,4.0,14.0,0,0
uep045,3,2,3,SS,4.0,14.0,2,1.1167295808797968,1,5.89046144484993,154.30508493946397,164.3122759651937,0,6,4.0,14.0,0,0
uep045,3,2,4,SS,4.0,14.0,2,1.3258029830611182,1,5.170362348722059,164.3122759651937,173.80844129697687,0,6,4.0,14.0,0,0
uep045,3,2,5,SS,4.0,14.0,2,2.7306594557434,1,5.696586060147518,173.80844129697687,185.23568681286778,0,6,4.0,14.0,0,0
uep045,3,2,6,SS,4.0,14.0,2,1.403053953131398,1,5.31229336536907,185.23568681286778,194.95103413136826,0,6,4.0,14.0,0,0
uep045,3,2,7,SS,4.0,14.0,2,1.401327439388573,1,6.570739364484219,194.95103413136826,205.92310093524105,0,6,4.0,14.0,0,0
uep045,3,2,8,SS,4.0,14.0,2,1.5420800957537752,1,5.256125281755175,205.92310093524105,215.72130631275002,0,6,4.0,14.0,0,0
uep045,3,2,9,SS,4.0,14.0,2,2.6287393548084834,1,6.931428616957555,215.72130631275002,228.28147428451607,0,6,4.0,14.0,0,0
uep045,3,2,10,SS,4.0,14.0,2,2.85545202839438,1,5.9246842273743106,228.28147428451607,240.06161054028476,0,6,4.0,14.0,0,0
