subjectId,runId,blockId,trialId,condition,leftAnswer,rightAnswer,choiceDuration,isiDuration,feedbackDuration,itiDuration,stimOnset,itiOffset,leftColor,rightColor,mu1,mu2,sd1,sd2
uep012,8,3,1,RS,-1.0,-4.0,2,1.8947363948929823,1,6.312936289610697,247.19655111781833,258.404223802322,5,3,4.0,-4.0,4.0,0
uep012,8,3,2,RS,7.0,-4.0,2,2.4645434841111253,1,6.718608913660767,258.404223802322,270.5873762000939,5,3,4.0,-4.0,4.0,0
uep012,8,3,3,RS,2.0,-4.0,2,1.5750181378301016,1,5.259261075344234,270.5873762000939,280.42165541326824,5,3,4.0,-4.0,4.0,0
uep012,8,3,4,RS,1.0,-4.0,2,2.457369080561649,1,5.307998798296222,280.42165541326824,291.1870232921261,5,3,4.0,-4.0,4.0,0
uep012,8,3,5,RS,1.0,-4.0,2,1.9368837325344952,1,5.344174604176277,291.1870232921261,301.4680816288369,5,3,4.0,-4.0,4.0,0
uep012,8,3,6,RS,4.0,-4.0,2,2.662034754780739,1,6.701641732667961,301.4680816288369,313.8317581162856,5,3,4.0,-4.0,4.0,0
uep012,8,3,7,RS,11.0,-4.0,2,2.988763566582593,1,5.202692838641002,313.8317581162856,325.02321452150915,5,3,4.0,-4.0,4.0,0
uep012,8,3,8,RS,6.0,-4.0,2,2.4735502125197475,1,5.968796374894781,325.02321452150915,336.4655611089237,5,3,4.0,-4.0,4.0,0
uep012,8,3,9,RS,8.0,-4.0,2,2.5447902513956757,1,5.747869821703869,336.4655611089237,347.75822118202325,5,3,4.0,-4.0,4.0,0
uep012,8,3,10,RS,1.0,-4.0,2,2.0520026977915777,1,5.6831752379811835,347.75822118202325,358.493399117796,5,3,4.0,-4.0,4.0,0
