subjectId,runId,blockId,trialId,condition,leftAnswer,rightAnswer,choiceDuration,isiDuration,feedbackDuration,itiDuration,stimOnset,itiOffset,leftColor,rightColor,mu1,mu2,sd1,sd2
uep026,4,2,1,SR,2.0,-6.0,2,1.7674975034862286,1,6.730799172741326,133.74832415012295,145.2466208263505,4,0,2.0,-3.0,0,4.0
uep026,4,2,2,SR,2.0,-4.0,2,1.108362147583322,1,5.150998120455799,145.2466208263505,154.50598109438963,4,0,2.0,-3.0,0,4.0
uep026,4,2,3,SR,2.0,4.0,2,2.834561476225895,1,6.300700151823121,154.50598109438963,166.64124272243865,4,0,2.0,-3.0,0,4.0
uep026,4,2,4,SR,2.0,-1.0,2,1.7589711589105663,1,5.362162115945591,166.64124272243865,176.76237599729478,4,0,2.0,-3.0,0,4.0
uep026,4,2,5,SR,2.0,-9.0,2,2.6722587893176475,1,5.304576388221194,176.76237599729478,187.73921117483363,4,0,2.0,-3.0,0,4.0
uep026,4,2,6,SR,2.0,-8.0,2,2.017462976505613,1,4.879539256578641,187.73921117483363,197.6362134079179,4,0,2.0,-3.0,0,4.0
uep026,4,2,7,SR,2.0,-13.0,2,1.4946303139546735,1,6.520605714614947,197.6362134079179,208.65144943648752,4,0,2.0,-3.0,0,4.0
uep026,4,2,8,SR,2.0,3.0,2,1.940294322656746,1,6.334877726889818,208.65144943648752,219.9266214860341,4,0,2.0,-3.0,0,4.0
uep026,4,2,9,SR,2.0,-6.0,2,1.7539810703636767,1,6.205380975961936,219.9266214860341,230.8859835323597,4,0,2.0,-3.0,0,4.0
uep026,4,2,10,SR,2.0,-7.0,2,1.6869998713155792,1,6.034266294162232,230.8859835323597,241.6072496978375,4,0,2.0,-3.0,0,4.0
