subjectId,runId,blockId,trialId,condition,leftAnswer,rightAnswer,choiceDuration,isiDuration,feedbackDuration,itiDuration,stimOnset,itiOffset,leftColor,rightColor,mu1,mu2,sd1,sd2
uep047,2,1,1,RS,-10.0,4.0,2,1.2223532306348108,1,6.144272232816941,16,26.36662546345175,3,6,-6.0,4.0,4.0,0
uep047,2,1,2,RS,-9.0,4.0,2,1.246567690569784,1,6.539173545405529,26.36662546345175,37.15236669942706,3,6,-6.0,4.0,4.0,0
uep047,2,1,3,RS,-7.0,4.0,2,1.2004082124204005,1,5.2764383923107925,37.15236669942706,46.629213304158256,3,6,-6.0,4.0,4.0,0
uep047,2,1,4,RS,-4.0,4.0,2,1.8028559627301075,1,6.928450309052394,46.629213304158256,58.36051957594076,3,6,-6.0,4.0,4.0,0
uep047,2,1,5,RS,-3.0,4.0,2,1.3064229312816464,1,6.02089402645733,58.36051957594076,68.68783653367973,3,6,-6.0,4.0,4.0,0
uep047,2,1,6,RS,-5.0,4.0,2,3.0064733592206534,1,5.501215716542838,68.68783653367973,80.19552560944322,3,6,-6.0,4.0,4.0,0
uep047,2,1,7,RS,-12.0,4.0,2,3.078845531873448,1,5.5654511138786145,80.19552560944322,91.83982225519527,3,6,-6.0,4.0,4.0,0
uep047,2,1,8,RS,-9.0,4.0,2,1.9225413333735906,1,6.469965952351299,91.83982225519527,103.23232954092016,3,6,-6.0,4.0,4.0,0
uep047,2,1,9,RS,-1.0,4.0,2,1.3911744312670775,1,6.688378118349091,103.23232954092016,114.31188209053633,3,6,-6.0,4.0,4.0,0
uep047,2,1,10,RS,-6.0,4.0,2,1.548015996894146,1,6.303999346090032,114.31188209053633,125.16389743352052,3,6,-6.0,4.0,4.0,0
