subjectId,runId,blockId,trialId,condition,leftAnswer,rightAnswer,choiceDuration,isiDuration,feedbackDuration,itiDuration,stimOnset,itiOffset,leftColor,rightColor,mu1,mu2,sd1,sd2
uep002,2,1,1,SR,-12.0,4.0,2,2.564457152944299,1,6.614743091063357,16,28.179200244007657,0,6,-12.0,-3.0,0,4.0
uep002,2,1,2,SR,-12.0,-6.0,2,1.2923044686570386,1,6.368170386044861,28.179200244007657,38.839675098709556,0,6,-12.0,-3.0,0,4.0
uep002,2,1,3,SR,-12.0,4.0,2,2.2703839036183604,1,5.573082853981266,38.839675098709556,49.68314185630918,0,6,-12.0,-3.0,0,4.0
uep002,2,1,4,SR,-12.0,-3.0,2,2.9934515212564885,1,5.107161512387737,49.68314185630918,60.7837548899534,0,6,-12.0,-3.0,0,4.0
uep002,2,1,5,SR,-12.0,-7.0,2,2.053832085272315,1,6.3921728820797385,60.7837548899534,72.22975985730545,0,6,-12.0,-3.0,0,4.0
uep002,2,1,6,SR,-12.0,-0.0,2,1.1105044947301717,1,6.422864502433137,72.22975985730545,82.76312885446876,0,6,-12.0,-3.0,0,4.0
uep002,2,1,7,SR,-12.0,-4.0,2,2.345373650870117,1,6.5954532306767275,82.76312885446876,94.7039557360156,0,6,-12.0,-3.0,0,4.0
uep002,2,1,8,SR,-12.0,1.0,2,2.9766650059229685,1,5.511861269111112,94.7039557360156,106.19248201104968,0,6,-12.0,-3.0,0,4.0
uep002,2,1,9,SR,-12.0,-8.0,2,2.3910194041703763,1,5.063373359628937,106.19248201104968,116.646874774849,0,6,-12.0,-3.0,0,4.0
uep002,2,1,10,SR,-12.0,2.0,2,1.8456542008366301,1,5.842826255026457,116.646874774849,127.33535523071208,0,6,-12.0,-3.0,0,4.0
