subjectId,runId,blockId,trialId,condition,leftAnswer,rightAnswer,choiceDuration,isiDuration,feedbackDuration,itiDuration,stimOnset,itiOffset,leftColor,rightColor,mu1,mu2,sd1,sd2
uep016,8,1,1,RR,9.0,5.0,2,1.7947880013248874,1,5.521884612497806,16,26.316672613822696,0,7,9.0,-5.0,4.0,4.0
uep016,8,1,2,RR,8.0,-11.0,2,1.4993771604438042,1,5.03757525262972,26.316672613822696,35.85362502689622,0,7,9.0,-5.0,4.0,4.0
uep016,8,1,3,RR,15.0,-9.0,2,1.9946585051475971,1,5.341725683947188,35.85362502689622,46.190009215991005,0,7,9.0,-5.0,4.0,4.0
uep016,8,1,4,RR,11.0,-5.0,2,2.1478506802137654,1,5.440029024214367,46.190009215991005,56.77788892041914,0,7,9.0,-5.0,4.0,4.0
uep016,8,1,5,RR,12.0,4.0,2,1.117908882191196,1,5.84093508879968,56.77788892041914,66.73673289141001,0,7,9.0,-5.0,4.0,4.0
uep016,8,1,6,RR,13.0,-6.0,2,1.0125432094520739,1,6.737326017615745,66.73673289141001,77.48660211847783,0,7,9.0,-5.0,4.0,4.0
uep016,8,1,7,RR,18.0,-7.0,2,2.9568490635780735,1,6.54222463071529,77.48660211847783,89.9856758127712,0,7,9.0,-5.0,4.0,4.0
uep016,8,1,8,RR,8.0,0.0,2,2.056064924962907,1,5.578014279300634,89.9856758127712,100.61975501703475,0,7,9.0,-5.0,4.0,4.0
uep016,8,1,9,RR,9.0,-2.0,2,2.4752450744062857,1,6.571940496507044,100.61975501703475,112.66694058794808,0,7,9.0,-5.0,4.0,4.0
uep016,8,1,10,RR,9.0,3.0,2,1.1760252940102973,1,6.203389088621286,112.66694058794808,123.04635497057967,0,7,9.0,-5.0,4.0,4.0
