subjectId,runId,blockId,trialId,condition,leftAnswer,rightAnswer,choiceDuration,isiDuration,feedbackDuration,itiDuration,stimOnset,itiOffset,leftColor,rightColor,mu1,mu2,sd1,sd2
uep000,3,3,1,SR,-0.0,22.0,2,1.3958595363236403,1,6.139505298559765,246.23231252859821,256.7676773634816,7,1,-0.0,17.0,0,4.0
uep000,3,3,2,SR,-0.0,19.0,2,2.9678816503691094,1,5.764285923157096,256.7676773634816,268.4998449370078,7,1,-0.0,17.0,0,4.0
uep000,3,3,3,SR,-0.0,17.0,2,1.5404943632233332,1,5.35026575970357,268.4998449370078,278.3906050599347,7,1,-0.0,17.0,0,4.0
uep000,3,3,4,SR,-0.0,22.0,2,2.5718775996259597,1,6.679630453406686,278.3906050599347,290.64211311296737,7,1,-0.0,17.0,0,4.0
uep000,3,3,5,SR,-0.0,13.0,2,1.140338829616525,1,5.890114402907074,290.64211311296737,300.672566345491,7,1,-0.0,17.0,0,4.0
uep000,3,3,6,SR,-0.0,18.0,2,1.6143355922169649,1,6.140715889333176,300.672566345491,311.42761782704116,7,1,-0.0,17.0,0,4.0
uep000,3,3,7,SR,-0.0,19.0,2,1.4549529962074024,1,5.64451948399909,311.42761782704116,321.52709030724765,7,1,-0.0,17.0,0,4.0
uep000,3,3,8,SR,-0.0,18.0,2,1.27515152274699,1,7.249912382806396,321.52709030724765,333.052154212801,7,1,-0.0,17.0,0,4.0
uep000,3,3,9,SR,-0.0,19.0,2,2.7336263894854023,1,5.290654047176505,333.052154212801,344.0764346494629,7,1,-0.0,17.0,0,4.0
uep000,3,3,10,SR,-0.0,17.0,2,2.3036376528070504,1,5.357367575290858,344.0764346494629,354.7374398775608,7,1,-0.0,17.0,0,4.0
