subjectId,runId,blockId,trialId,condition,leftAnswer,rightAnswer,choiceDuration,isiDuration,feedbackDuration,itiDuration,stimOnset,itiOffset,leftColor,rightColor,mu1,mu2,sd1,sd2
uep011,2,3,1,SR,-4.0,-5.0,2,1.656199514149979,1,5.584789259468954,251.285421570297,261.5264103439159,2,0,-4.0,-6.0,0,4.0
uep011,2,3,2,SR,-4.0,2.0,2,2.494868955843995,1,6.652266492656305,261.5264103439159,273.6735457924162,2,0,-4.0,-6.0,0,4.0
uep011,2,3,3,SR,-4.0,-5.0,2,2.2355576147437852,1,5.698229833764632,273.6735457924162,284.6073332409246,2,0,-4.0,-6.0,0,4.0
uep011,2,3,4,SR,-4.0,-12.0,2,2.638678813880993,1,6.552715792949811,284.6073332409246,296.7987278477554,2,0,-4.0,-6.0,0,4.0
uep011,2,3,5,SR,-4.0,-5.0,2,2.2153675835949485,1,6.296198147089105,296.7987278477554,308.3102935784395,2,0,-4.0,-6.0,0,4.0
uep011,2,3,6,SR,-4.0,-12.0,2,1.6019691916370442,1,5.574270694630711,308.3102935784395,318.48653346470724,2,0,-4.0,-6.0,0,4.0
uep011,2,3,7,SR,-4.0,-10.0,2,1.6024631548892276,1,5.7550183128617185,318.48653346470724,328.84401493245815,2,0,-4.0,-6.0,0,4.0
uep011,2,3,8,SR,-4.0,-9.0,2,1.059321809394997,1,5.590310545549017,328.84401493245815,338.49364728740215,2,0,-4.0,-6.0,0,4.0
uep011,2,3,9,SR,-4.0,-8.0,2,3.0924901192130445,1,5.775321800172001,338.49364728740215,350.3614592067872,2,0,-4.0,-6.0,0,4.0
uep011,2,3,10,SR,-4.0,-12.0,2,1.1570360380633173,1,5.398678426997497,350.3614592067872,359.917173671848,2,0,-4.0,-6.0,0,4.0
