subjectId,runId,blockId,trialId,condition,leftAnswer,rightAnswer,choiceDuration,isiDuration,feedbackDuration,itiDuration,stimOnset,itiOffset,leftColor,rightColor,mu1,mu2,sd1,sd2
uep022,7,4,1,RR,7.0,-7.0,2,2.3695167704349744,1,5.334907582548886,366.1996574681214,376.9040818211053,3,5,7.0,-4.0,4.0,4.0
uep022,7,4,2,RR,8.0,-3.0,2,1.515680052757398,1,5.610849814891442,376.9040818211053,387.0306116887541,3,5,7.0,-4.0,4.0,4.0
uep022,7,4,3,RR,5.0,-2.0,2,1.3360741467434967,1,6.224199416971624,387.0306116887541,397.5908852524692,3,5,7.0,-4.0,4.0,4.0
uep022,7,4,4,RR,10.0,-5.0,2,1.2951277970377013,1,5.320972364320199,397.5908852524692,407.2069854138271,3,5,7.0,-4.0,4.0,4.0
uep022,7,4,5,RR,10.0,-10.0,2,1.0687148456992954,1,6.81558689371201,407.2069854138271,418.0912871532384,3,5,7.0,-4.0,4.0,4.0
uep022,7,4,6,RR,3.0,3.0,2,2.18081805038052,1,6.100312319695057,418.0912871532384,429.37241752331397,3,5,7.0,-4.0,4.0,4.0
uep022,7,4,7,RR,6.0,2.0,2,1.1861545729728022,1,6.750887739143325,429.37241752331397,440.30945983543006,3,5,7.0,-4.0,4.0,4.0
uep022,7,4,8,RR,5.0,-3.0,2,2.6320342575859184,1,6.046538118434743,440.30945983543006,451.98803221145073,3,5,7.0,-4.0,4.0,4.0
uep022,7,4,9,RR,14.0,-11.0,2,1.0998267325377193,1,6.28936267093007,451.98803221145073,462.37722161491854,3,5,7.0,-4.0,4.0,4.0
uep022,7,4,10,RR,0.0,1.0,2,2.5770385523232173,1,6.045739832758049,462.37722161491854,473.99999999999983,3,5,7.0,-4.0,4.0,4.0
