subjectId,runId,blockId,trialId,condition,leftAnswer,rightAnswer,choiceDuration,isiDuration,feedbackDuration,itiDuration,stimOnset,itiOffset,leftColor,rightColor,mu1,mu2,sd1,sd2
uep007,2,3,1,SS,5.0,-10.0,2,2.4901114755038405,1,6.322096477435513,250.72903070477594,262.5412386577153,5,1,5.0,-10.0,0,0
uep007,2,3,2,SS,5.0,-10.0,2,1.8510890286924329,1,5.933473323478948,262.5412386577153,273.32580100988673,5,1,5.0,-10.0,0,0
uep007,2,3,3,SS,5.0,-10.0,2,2.052145207555264,1,7.006563908980485,273.32580100988673,285.38451012642247,5,1,5.0,-10.0,0,0
uep007,2,3,4,SS,5.0,-10.0,2,1.131419689025955,1,5.1635991713982605,285.38451012642247,294.67952898684666,5,1,5.0,-10.0,0,0
uep007,2,3,5,SS,5.0,-10.0,2,2.4461562428243737,1,5.97998336787735,294.67952898684666,306.1056685975484,5,1,5.0,-10.0,0,0
uep007,2,3,6,SS,5.0,-10.0,2,1.2493659307484963,1,5.612042075034405,306.1056685975484,315.96707660333135,5,1,5.0,-10.0,0,0
uep007,2,3,7,SS,5.0,-10.0,2,1.2166734031802247,1,7.152608380032374,315.96707660333135,327.3363583865439,5,1,5.0,-10.0,0,0
uep007,2,3,8,SS,5.0,-10.0,2,2.862800488918048,1,6.649423832367857,327.3363583865439,339.8485827078298,5,1,5.0,-10.0,0,0
uep007,2,3,9,SS,5.0,-10.0,2,1.808825418060877,1,5.242383399637759,339.8485827078298,349.89979152552837,5,1,5.0,-10.0,0,0
uep007,2,3,10,SS,5.0,-10.0,2,1.111576074900338,1,5.670714734172028,349.89979152552837,359.6820823346007,5,1,5.0,-10.0,0,0
