subjectId,runId,blockId,trialId,condition,leftAnswer,rightAnswer,choiceDuration,isiDuration,feedbackDuration,itiDuration,stimOnset,itiOffset,leftColor,rightColor,mu1,mu2,sd1,sd2
uep009,1,4,1,RS,-0.0,8.0,2,1.7753724768619676,1,5.862798311237663,362.45060333465847,373.0887741227581,0,6,-6.0,8.0,4.0,0
uep009,1,4,2,RS,-10.0,8.0,2,1.7571210327549516,1,6.576315582233093,373.0887741227581,384.4222107377461,0,6,-6.0,8.0,4.0,0
uep009,1,4,3,RS,-8.0,8.0,2,2.280931869929455,1,6.802643573607217,384.4222107377461,396.5057861812828,0,6,-6.0,8.0,4.0,0
uep009,1,4,4,RS,-8.0,8.0,2,2.6282173583543025,1,5.889678702261539,396.5057861812828,408.02368224189865,0,6,-6.0,8.0,4.0,0
uep009,1,4,5,RS,-9.0,8.0,2,2.7391449561269297,1,5.639069230585128,408.02368224189865,419.4018964286107,0,6,-6.0,8.0,4.0,0
uep009,1,4,6,RS,-11.0,8.0,2,2.59952944199103,1,5.539788146044845,419.4018964286107,430.54121401664656,0,6,-6.0,8.0,4.0,0
uep009,1,4,7,RS,-8.0,8.0,2,1.0126450535075915,1,5.053436865998639,430.54121401664656,439.6072959361528,0,6,-6.0,8.0,4.0,0
uep009,1,4,8,RS,-3.0,8.0,2,2.337611604235311,1,6.757618779420291,439.6072959361528,451.7025263198084,0,6,-6.0,8.0,4.0,0
uep009,1,4,9,RS,-7.0,8.0,2,1.487101659789395,1,6.311998106709581,451.7025263198084,462.5016260863074,0,6,-6.0,8.0,4.0,0
uep009,1,4,10,RS,-6.0,8.0,2,2.089956658900098,1,6.408417254792389,462.5016260863074,473.9999999999999,0,6,-6.0,8.0,4.0,0
