subjectId,runId,blockId,trialId,condition,leftAnswer,rightAnswer,choiceDuration,isiDuration,feedbackDuration,itiDuration,stimOnset,itiOffset,leftColor,rightColor,mu1,mu2,sd1,sd2
uep035,6,4,1,SR,-15.0,5.0,2,1.1276589813399114,1,6.43030718960947,362.480051347292,373.03801751824136,5,3,-15.0,12.0,0,4.0
uep035,6,4,2,SR,-15.0,19.0,2,1.1404041504489077,1,6.634253574424291,373.03801751824136,383.81267524311454,5,3,-15.0,12.0,0,4.0
uep035,6,4,3,SR,-15.0,7.0,2,2.757108338168617,1,6.314008879082462,383.81267524311454,395.8837924603656,5,3,-15.0,12.0,0,4.0
uep035,6,4,4,SR,-15.0,14.0,2,2.6548874830238423,1,6.544127658735068,395.8837924603656,408.08280760212455,5,3,-15.0,12.0,0,4.0
uep035,6,4,5,SR,-15.0,11.0,2,2.596911060255035,1,5.865862236199088,408.08280760212455,419.54558089857863,5,3,-15.0,12.0,0,4.0
uep035,6,4,6,SR,-15.0,14.0,2,2.226077827322094,1,6.2783323381473535,419.54558089857863,431.04999106404813,5,3,-15.0,12.0,0,4.0
uep035,6,4,7,SR,-15.0,11.0,2,1.333425585108909,1,5.955138148954495,431.04999106404813,441.33855479811155,5,3,-15.0,12.0,0,4.0
uep035,6,4,8,SR,-15.0,7.0,2,1.8605440712887187,1,6.0056577163089315,441.33855479811155,452.20475658570916,5,3,-15.0,12.0,0,4.0
uep035,6,4,9,SR,-15.0,13.0,2,1.6101660167495828,1,5.713492855285472,452.20475658570916,462.52841545774425,5,3,-15.0,12.0,0,4.0
uep035,6,4,10,SR,-15.0,10.0,2,2.194023609675749,1,6.2775609325800215,462.52841545774425,474.0,5,3,-15.0,12.0,0,4.0
