subjectId,runId,blockId,trialId,condition,leftAnswer,rightAnswer,choiceDuration,isiDuration,feedbackDuration,itiDuration,stimOnset,itiOffset,leftColor,rightColor,mu1,mu2,sd1,sd2
uep053,6,4,1,RR,-1.0,-7.0,2,2.3020439436052933,1,6.07697611646249,363.75971609285716,375.13873615292493,5,6,-0.0,-8.0,4.0,4.0
uep053,6,4,2,RR,-2.0,-8.0,2,2.8790224006522984,1,5.925794982714434,375.13873615292493,386.94355353629163,5,6,-0.0,-8.0,4.0,4.0
uep053,6,4,3,RR,0.0,-8.0,2,2.7007340130387525,1,6.256378240927488,386.94355353629163,398.90066579025785,5,6,-0.0,-8.0,4.0,4.0
uep053,6,4,4,RR,-4.0,-6.0,2,2.5056853961191905,1,6.197930169964978,398.90066579025785,410.604281356342,5,6,-0.0,-8.0,4.0,4.0
uep053,6,4,5,RR,2.0,-11.0,2,2.2075766738333624,1,6.4235505380559905,410.604281356342,422.2354085682314,5,6,-0.0,-8.0,4.0,4.0
uep053,6,4,6,RR,1.0,-11.0,2,1.3132567328677471,1,5.918820700481675,422.2354085682314,432.46748600158077,5,6,-0.0,-8.0,4.0,4.0
uep053,6,4,7,RR,6.0,-8.0,2,1.6301071929594457,1,5.1579540038115566,432.46748600158077,442.25554719835174,5,6,-0.0,-8.0,4.0,4.0
uep053,6,4,8,RR,0.0,-11.0,2,1.3251232859602422,1,5.038351191904462,442.25554719835174,451.6190216762164,5,6,-0.0,-8.0,4.0,4.0
uep053,6,4,9,RR,-2.0,-4.0,2,1.523198815645716,1,6.124745791004438,451.6190216762164,462.2669662828666,5,6,-0.0,-8.0,4.0,4.0
uep053,6,4,10,RR,6.0,-4.0,2,2.8640030423424205,1,5.869030674790856,462.2669662828666,473.99999999999983,5,6,-0.0,-8.0,4.0,4.0
