subjectId,runId,blockId,trialId,condition,leftAnswer,rightAnswer,choiceDuration,isiDuration,feedbackDuration,itiDuration,stimOnset,itiOffset,leftColor,rightColor,mu1,mu2,sd1,sd2
uep023,1,2,1,RS,18.0,-18.0,2,1.676262350416772,1,6.955282363217589,129.27276770255048,140.90431241618484,1,2,20.0,-18.0,4.0,0
uep023,1,2,2,RS,17.0,-18.0,2,1.1775819241165717,1,6.763294510754407,140.90431241618484,151.8451888510558,1,2,20.0,-18.0,4.0,0
uep023,1,2,3,RS,21.0,-18.0,2,2.8606443159863,1,5.713391175001138,151.8451888510558,163.41922434204324,1,2,20.0,-18.0,4.0,0
uep023,1,2,4,RS,22.0,-18.0,2,1.7974613308033398,1,6.218964453628324,163.41922434204324,174.4356501264749,1,2,20.0,-18.0,4.0,0
uep023,1,2,5,RS,20.0,-18.0,2,2.2894595809138996,1,5.152332482166111,174.4356501264749,184.87744218955493,1,2,20.0,-18.0,4.0,0
uep023,1,2,6,RS,20.0,-18.0,2,2.302900503919335,1,6.208472296719275,184.87744218955493,196.38881499019354,1,2,20.0,-18.0,4.0,0
uep023,1,2,7,RS,13.0,-18.0,2,1.2007368628942023,1,5.238582076989539,196.38881499019354,205.82813393007726,1,2,20.0,-18.0,4.0,0
uep023,1,2,8,RS,24.0,-18.0,2,2.5452136100668863,1,5.194588851150735,205.82813393007726,216.5679363912949,1,2,20.0,-18.0,4.0,0
uep023,1,2,9,RS,19.0,-18.0,2,3.060770250534889,1,6.143713679073572,216.5679363912949,228.77242032090336,1,2,20.0,-18.0,4.0,0
uep023,1,2,10,RS,16.0,-18.0,2,1.3822528824174893,1,5.4940198185238796,228.77242032090336,238.6486930218447,1,2,20.0,-18.0,4.0,0
