subjectId,runId,blockId,trialId,condition,leftAnswer,rightAnswer,choiceDuration,isiDuration,feedbackDuration,itiDuration,stimOnset,itiOffset,leftColor,rightColor,mu1,mu2,sd1,sd2
uep041,8,4,1,SR,-7.0,25.0,2,2.7004310367228004,1,6.142046147932273,363.9135244617693,375.7560016464244,4,7,-7.0,23.0,0,4.0
uep041,8,4,2,SR,-7.0,24.0,2,2.3700132619708785,1,5.873874760820243,375.7560016464244,386.9998896692155,4,7,-7.0,23.0,0,4.0
uep041,8,4,3,SR,-7.0,18.0,2,2.3110839182860965,1,6.661181582990565,386.9998896692155,398.9721551704922,4,7,-7.0,23.0,0,4.0
uep041,8,4,4,SR,-7.0,15.0,2,1.1349732425764012,1,6.083741418881556,398.9721551704922,409.1908698319502,4,7,-7.0,23.0,0,4.0
uep041,8,4,5,SR,-7.0,20.0,2,1.2145868059362142,1,6.084767806638692,409.1908698319502,419.4902244445251,4,7,-7.0,23.0,0,4.0
uep041,8,4,6,SR,-7.0,23.0,2,2.7675725823427944,1,6.013635648432998,419.4902244445251,431.2714326753009,4,7,-7.0,23.0,0,4.0
uep041,8,4,7,SR,-7.0,19.0,2,2.145051356126721,1,5.764548729910667,431.2714326753009,442.18103276133826,4,7,-7.0,23.0,0,4.0
uep041,8,4,8,SR,-7.0,15.0,2,0.9876337227687815,1,5.4565085651752705,442.18103276133826,451.62517504928235,4,7,-7.0,23.0,0,4.0
uep041,8,4,9,SR,-7.0,25.0,2,1.99651031106878,1,6.430889772893636,451.62517504928235,463.0525751332448,4,7,-7.0,23.0,0,4.0
uep041,8,4,10,SR,-7.0,25.0,2,2.336800487114303,1,5.610624379640993,463.0525751332448,474.00000000000006,4,7,-7.0,23.0,0,4.0
