subjectId,runId,blockId,trialId,condition,leftAnswer,rightAnswer,choiceDuration,isiDuration,feedbackDuration,itiDuration,stimOnset,itiOffset,leftColor,rightColor,mu1,mu2,sd1,sd2
uep048,1,1,1,RS,1.0,-11.0,2,1.5315534969632807,1,6.349172076594443,16,26.880725573557722,6,7,-4.0,-11.0,4.0,0
uep048,1,1,2,RS,-8.0,-11.0,2,1.16265812349253,1,6.972481425705367,26.880725573557722,38.01586512275562,6,7,-4.0,-11.0,4.0,0
uep048,1,1,3,RS,-3.0,-11.0,2,2.0475037220736154,1,6.1533796159000875,38.01586512275562,49.21674846072932,6,7,-4.0,-11.0,4.0,0
uep048,1,1,4,RS,-10.0,-11.0,2,1.6096907990938534,1,5.890785513563942,49.21674846072932,59.717224773387116,6,7,-4.0,-11.0,4.0,0
uep048,1,1,5,RS,-5.0,-11.0,2,1.0558915093312438,1,6.399072948202067,59.717224773387116,70.17218923092042,6,7,-4.0,-11.0,4.0,0
uep048,1,1,6,RS,-1.0,-11.0,2,1.875786976141784,1,6.046965615864866,70.17218923092042,81.09494182292707,6,7,-4.0,-11.0,4.0,0
uep048,1,1,7,RS,-4.0,-11.0,2,1.375316328338974,1,5.830675468364889,81.09494182292707,91.30093361963092,6,7,-4.0,-11.0,4.0,0
uep048,1,1,8,RS,-14.0,-11.0,2,2.331410487734314,1,6.182054981855094,91.30093361963092,102.81439908922033,6,7,-4.0,-11.0,4.0,0
uep048,1,1,9,RS,1.0,-11.0,2,2.994834240676052,1,6.763189480665856,102.81439908922033,115.57242281056224,6,7,-4.0,-11.0,4.0,0
uep048,1,1,10,RS,-10.0,-11.0,2,1.1780537107725815,1,7.027666613735745,115.57242281056224,126.77814313507058,6,7,-4.0,-11.0,4.0,0
