subjectId,runId,blockId,trialId,condition,leftAnswer,rightAnswer,choiceDuration,isiDuration,feedbackDuration,itiDuration,stimOnset,itiOffset,leftColor,rightColor,mu1,mu2,sd1,sd2
uep002,1,3,1,SS,15.0,4.0,2,1.7819382432751751,1,6.09471980901943,246.17730338081313,257.0539614331077,0,6,15.0,4.0,0,0
uep002,1,3,2,SS,15.0,4.0,2,1.520867946430593,1,5.68156847890752,257.0539614331077,267.25639785844584,0,6,15.0,4.0,0,0
uep002,1,3,3,SS,15.0,4.0,2,2.9352508855165445,1,6.713350404204777,267.25639785844584,279.9049991481672,0,6,15.0,4.0,0,0
uep002,1,3,4,SS,15.0,4.0,2,2.3215548778782757,1,6.339413976760053,279.9049991481672,291.5659680028055,0,6,15.0,4.0,0,0
uep002,1,3,5,SS,15.0,4.0,2,2.9058972410500954,1,5.487309234414417,291.5659680028055,302.95917447827,0,6,15.0,4.0,0,0
uep002,1,3,6,SS,15.0,4.0,2,2.8822552051691854,1,6.039446541619456,302.95917447827,314.8808762250586,0,6,15.0,4.0,0,0
uep002,1,3,7,SS,15.0,4.0,2,1.2409528797733262,1,6.207037456897426,314.8808762250586,325.32886656172934,0,6,15.0,4.0,0,0
uep002,1,3,8,SS,15.0,4.0,2,1.4807144450290306,1,6.261040448229836,325.32886656172934,336.0706214549882,0,6,15.0,4.0,0,0
uep002,1,3,9,SS,15.0,4.0,2,3.003096788850018,1,6.607430747406143,336.0706214549882,348.6811489912444,0,6,15.0,4.0,0,0
uep002,1,3,10,SS,15.0,4.0,2,2.8300928849353904,1,5.45135645690143,348.6811489912444,359.9625983330812,0,6,15.0,4.0,0,0
