subjectId,runId,blockId,trialId,condition,leftAnswer,rightAnswer,choiceDuration,isiDuration,feedbackDuration,itiDuration,stimOnset,itiOffset,leftColor,rightColor,mu1,mu2,sd1,sd2
uep051,3,2,1,RR,-7.0,9.0,2,2.008218199029797,1,6.059011905481133,130.1654726081193,141.2327027126302,6,2,-5.0,17.0,4.0,4.0
uep051,3,2,2,RR,-4.0,20.0,2,2.2447489364571993,1,6.1457746755299825,141.2327027126302,152.6232263246174,6,2,-5.0,17.0,4.0,4.0
uep051,3,2,3,RR,-1.0,19.0,2,2.7417280048323383,1,5.341905310266824,152.6232263246174,163.70685963971658,6,2,-5.0,17.0,4.0,4.0
uep051,3,2,4,RR,-9.0,16.0,2,2.8415578789949985,1,5.81582244809071,163.70685963971658,175.36423996680227,6,2,-5.0,17.0,4.0,4.0
uep051,3,2,5,RR,-11.0,20.0,2,1.1761285477406183,1,5.578142033478923,175.36423996680227,185.11851054802182,6,2,-5.0,17.0,4.0,4.0
uep051,3,2,6,RR,-10.0,11.0,2,1.1037607927572461,1,6.572958302866023,185.11851054802182,195.7952296436451,6,2,-5.0,17.0,4.0,4.0
uep051,3,2,7,RR,-5.0,10.0,2,1.5703359904715022,1,6.2422471921831235,195.7952296436451,206.60781282629972,6,2,-5.0,17.0,4.0,4.0
uep051,3,2,8,RR,-10.0,17.0,2,1.1841075385128141,1,5.938145816708812,206.60781282629972,216.73006618152135,6,2,-5.0,17.0,4.0,4.0
uep051,3,2,9,RR,-6.0,19.0,2,1.6574204080626092,1,5.767534926725282,216.73006618152135,227.15502151630926,6,2,-5.0,17.0,4.0,4.0
uep051,3,2,10,RR,-12.0,19.0,2,2.5580091260687827,1,6.8793869189728225,227.15502151630926,239.59241756135086,6,2,-5.0,17.0,4.0,4.0
