subjectId,runId,blockId,trialId,condition,leftAnswer,rightAnswer,choiceDuration,isiDuration,feedbackDuration,itiDuration,stimOnset,itiOffset,leftColor,rightColor,mu1,mu2,sd1,sd2
uep048,6,2,1,SS,-27.0,-12.0,2,1.8039808197028029,1,6.654996180256216,133.3460023570196,144.8049793569786,6,5,-27.0,-12.0,0,0
uep048,6,2,2,SS,-27.0,-12.0,2,1.0107289516741942,1,5.609526065995819,144.8049793569786,154.42523437464862,6,5,-27.0,-12.0,0,0
uep048,6,2,3,SS,-27.0,-12.0,2,1.9350011856410194,1,5.5153933974577205,154.42523437464862,164.87562895774738,6,5,-27.0,-12.0,0,0
uep048,6,2,4,SS,-27.0,-12.0,2,1.7016359146587556,1,5.508778690780631,164.87562895774738,175.0860435631868,6,5,-27.0,-12.0,0,0
uep048,6,2,5,SS,-27.0,-12.0,2,2.985328564206502,1,6.1102663355138915,175.0860435631868,187.1816384629072,6,5,-27.0,-12.0,0,0
uep048,6,2,6,SS,-27.0,-12.0,2,1.8067750546408243,1,5.619181112459876,187.1816384629072,197.6075946300079,6,5,-27.0,-12.0,0,0
uep048,6,2,7,SS,-27.0,-12.0,2,2.2212362336524745,1,6.314720788455178,197.6075946300079,209.14355165211555,6,5,-27.0,-12.0,0,0
uep048,6,2,8,SS,-27.0,-12.0,2,2.30295090090132,1,5.031209657208182,209.14355165211555,219.47771221022506,6,5,-27.0,-12.0,0,0
uep048,6,2,9,SS,-27.0,-12.0,2,1.2392667493494962,1,5.898263439118892,219.47771221022506,229.61524239869345,6,5,-27.0,-12.0,0,0
uep048,6,2,10,SS,-27.0,-12.0,2,2.4189564532488808,1,5.744720538100823,229.61524239869345,240.77891939004317,6,5,-27.0,-12.0,0,0
