subjectId,runId,blockId,trialId,condition,leftAnswer,rightAnswer,choiceDuration,isiDuration,feedbackDuration,itiDuration,stimOnset,itiOffset,leftColor,rightColor,mu1,mu2,sd1,sd2
uep026,6,4,1,RR,4.0,3.0,2,1.1200226217111815,1,6.437811086577168,364.56381176725966,375.121645475548,3,2,7.0,1.0,4.0,4.0
uep026,6,4,2,RR,-1.0,-1.0,2,1.3119613505358445,1,6.094231502649246,375.121645475548,385.5278383287331,3,2,7.0,1.0,4.0,4.0
uep026,6,4,3,RR,6.0,4.0,2,2.1183586066870257,1,6.572697609535645,385.5278383287331,397.21889454495573,3,2,7.0,1.0,4.0,4.0
uep026,6,4,4,RR,-3.0,-0.0,2,2.3212224074389987,1,5.716960468820764,397.21889454495573,408.2570774212155,3,2,7.0,1.0,4.0,4.0
uep026,6,4,5,RR,4.0,-1.0,2,2.512481746685495,1,5.741306720429763,408.2570774212155,419.5108658883307,3,2,7.0,1.0,4.0,4.0
uep026,6,4,6,RR,16.0,-8.0,2,1.23240448215363,1,6.1444001644913016,419.5108658883307,429.88767053497565,3,2,7.0,1.0,4.0,4.0
uep026,6,4,7,RR,1.0,-7.0,2,2.6767927709824106,1,5.366853687763724,429.88767053497565,440.9313169937218,3,2,7.0,1.0,4.0,4.0
uep026,6,4,8,RR,7.0,1.0,2,1.8507526792130196,1,5.063473793189234,440.9313169937218,450.84554346612407,3,2,7.0,1.0,4.0,4.0
uep026,6,4,9,RR,8.0,-7.0,2,2.7457870520297343,1,6.748252194351582,450.84554346612407,463.33958271250543,3,2,7.0,1.0,4.0,4.0
uep026,6,4,10,RR,4.0,3.0,2,1.3628830738972904,1,6.297534213597222,463.33958271250543,473.99999999999994,3,2,7.0,1.0,4.0,4.0
