subjectId,runId,blockId,trialId,condition,leftAnswer,rightAnswer,choiceDuration,isiDuration,feedbackDuration,itiDuration,stimOnset,itiOffset,leftColor,rightColor,mu1,mu2,sd1,sd2
uep038,3,4,1,RR,26.0,-2.0,2,2.0268045816238094,1,6.401275727449036,362.3792537372094,373.8073340462823,4,7,18.0,-2.0,4.0,4.0
uep038,3,4,2,RR,15.0,-6.0,2,2.372582192983717,1,6.8484509183958915,373.8073340462823,386.0283671576619,4,7,18.0,-2.0,4.0,4.0
uep038,3,4,3,RR,15.0,-1.0,2,2.6664437896434987,1,5.723606599650426,386.0283671576619,397.4184175469558,4,7,18.0,-2.0,4.0,4.0
uep038,3,4,4,RR,21.0,1.0,2,2.734959448743259,1,5.56483361254941,397.4184175469558,408.7182106082485,4,7,18.0,-2.0,4.0,4.0
uep038,3,4,5,RR,15.0,-3.0,2,1.3850133825527238,1,6.754632583562477,408.7182106082485,419.85785657436367,4,7,18.0,-2.0,4.0,4.0
uep038,3,4,6,RR,15.0,0.0,2,1.6466478464544474,1,5.268292859757011,419.85785657436367,429.77279728057516,4,7,18.0,-2.0,4.0,4.0
uep038,3,4,7,RR,16.0,-2.0,2,2.0012862174572543,1,5.303590597144263,429.77279728057516,440.0776740951767,4,7,18.0,-2.0,4.0,4.0
uep038,3,4,8,RR,20.0,4.0,2,2.0948777082478935,1,6.585189733805057,440.0776740951767,451.75774153722966,4,7,18.0,-2.0,4.0,4.0
uep038,3,4,9,RR,16.0,-1.0,2,2.396042653837154,1,5.198723159193948,451.75774153722966,462.35250735026074,4,7,18.0,-2.0,4.0,4.0
uep038,3,4,10,RR,16.0,-5.0,2,1.8638336027820765,1,6.783659046957182,462.35250735026074,473.99999999999994,4,7,18.0,-2.0,4.0,4.0
