subjectId,runId,blockId,trialId,condition,leftAnswer,rightAnswer,choiceDuration,isiDuration,feedbackDuration,itiDuration,stimOnset,itiOffset,leftColor,rightColor,mu1,mu2,sd1,sd2
uep019,2,4,1,SR,-8.0,-24.0,2,1.011519644676432,1,5.861894955215393,365.11646173680094,374.98987633669276,1,7,-8.0,-18.0,0,4.0
uep019,2,4,2,SR,-8.0,-17.0,2,2.4060644650914242,1,5.793374890450161,374.98987633669276,386.18931569223435,1,7,-8.0,-18.0,0,4.0
uep019,2,4,3,SR,-8.0,-25.0,2,2.179877729885993,1,5.7334698943439815,386.18931569223435,397.1026633164643,1,7,-8.0,-18.0,0,4.0
uep019,2,4,4,SR,-8.0,-19.0,2,1.8196874817909963,1,5.561946080986269,397.1026633164643,407.4842968792416,1,7,-8.0,-18.0,0,4.0
uep019,2,4,5,SR,-8.0,-22.0,2,1.1670019711239397,1,6.315021683014347,407.4842968792416,417.96632053337987,1,7,-8.0,-18.0,0,4.0
uep019,2,4,6,SR,-8.0,-23.0,2,2.412034669866746,1,6.572029850966148,417.96632053337987,429.95038505421275,1,7,-8.0,-18.0,0,4.0
uep019,2,4,7,SR,-8.0,-18.0,2,1.3110906205315958,1,5.5140707413474,429.95038505421275,439.77554641609174,1,7,-8.0,-18.0,0,4.0
uep019,2,4,8,SR,-8.0,-13.0,2,1.1816325267530283,1,6.507932160010262,439.77554641609174,450.4651111028551,1,7,-8.0,-18.0,0,4.0
uep019,2,4,9,SR,-8.0,-21.0,2,2.0602903029001323,1,6.566212790149599,450.4651111028551,462.0916141959048,1,7,-8.0,-18.0,0,4.0
uep019,2,4,10,SR,-8.0,-17.0,2,2.2297566293306357,1,6.678629174764648,462.0916141959048,474.00000000000006,1,7,-8.0,-18.0,0,4.0
