subjectId,runId,blockId,trialId,condition,leftAnswer,rightAnswer,choiceDuration,isiDuration,feedbackDuration,itiDuration,stimOnset,itiOffset,leftColor,rightColor,mu1,mu2,sd1,sd2
uep043,8,3,1,SR,-1.0,9.0,2,1.018045245960714,1,5.265304273187456,249.59651051364384,258.879860032792,3,0,-1.0,3.0,0,4.0
uep043,8,3,2,SR,-1.0,2.0,2,1.4333197538240745,1,6.284807004678925,258.879860032792,269.59798679129506,3,0,-1.0,3.0,0,4.0
uep043,8,3,3,SR,-1.0,5.0,2,2.222738644958155,1,6.113107265877908,269.59798679129506,280.9338327021311,3,0,-1.0,3.0,0,4.0
uep043,8,3,4,SR,-1.0,4.0,2,2.2209748777445757,1,6.964743778673478,280.9338327021311,293.1195513585492,3,0,-1.0,3.0,0,4.0
uep043,8,3,5,SR,-1.0,3.0,2,1.8634361390192646,1,5.3926406928793025,293.1195513585492,303.37562819044774,3,0,-1.0,3.0,0,4.0
uep043,8,3,6,SR,-1.0,1.0,2,2.4482938701766166,1,5.44716732562603,303.37562819044774,314.27108938625037,3,0,-1.0,3.0,0,4.0
uep043,8,3,7,SR,-1.0,6.0,2,2.7791315714744433,1,5.780291567597154,314.27108938625037,325.830512525322,3,0,-1.0,3.0,0,4.0
uep043,8,3,8,SR,-1.0,2.0,2,1.9394769494308575,1,5.766589052273977,325.830512525322,336.5365785270268,3,0,-1.0,3.0,0,4.0
uep043,8,3,9,SR,-1.0,6.0,2,2.8368264903720095,1,6.84873550291293,336.5365785270268,349.2221405203117,3,0,-1.0,3.0,0,4.0
uep043,8,3,10,SR,-1.0,4.0,2,2.5837805325717556,1,5.401630260263229,349.2221405203117,360.2075513131467,3,0,-1.0,3.0,0,4.0
