subjectId,runId,blockId,trialId,condition,leftAnswer,rightAnswer,choiceDuration,isiDuration,feedbackDuration,itiDuration,stimOnset,itiOffset,leftColor,rightColor,mu1,mu2,sd1,sd2
uep058,4,4,1,RS,-11.0,-15.0,2,2.9717026316560116,1,5.677384160682148,358.3595454942793,370.00863228661746,2,3,-9.0,-15.0,4.0,0
uep058,4,4,2,RS,-10.0,-15.0,2,1.7683445718391086,1,5.491844077054091,370.00863228661746,380.2688209355107,2,3,-9.0,-15.0,4.0,0
uep058,4,4,3,RS,-8.0,-15.0,2,3.0033072326479378,1,6.78667615866034,380.2688209355107,393.058804326819,2,3,-9.0,-15.0,4.0,0
uep058,4,4,4,RS,-10.0,-15.0,2,2.7764925908293594,1,6.939182730935211,393.058804326819,405.77447964858356,2,3,-9.0,-15.0,4.0,0
uep058,4,4,5,RS,-7.0,-15.0,2,2.0947993466887427,1,6.781438325901337,405.77447964858356,417.6507173211736,2,3,-9.0,-15.0,4.0,0
uep058,4,4,6,RS,-10.0,-15.0,2,1.8402265506886253,1,5.519792245343844,417.6507173211736,428.0107361172061,2,3,-9.0,-15.0,4.0,0
uep058,4,4,7,RS,-9.0,-15.0,2,1.0554732553174004,1,6.137993046060928,428.0107361172061,438.20420241858443,2,3,-9.0,-15.0,4.0,0
uep058,4,4,8,RS,3.0,-15.0,2,2.3637933004601317,1,6.791281894083814,438.20420241858443,450.35927761312837,2,3,-9.0,-15.0,4.0,0
uep058,4,4,9,RS,-8.0,-15.0,2,1.3184672046019656,1,7.020054158123591,450.35927761312837,461.6977989758539,2,3,-9.0,-15.0,4.0,0
uep058,4,4,10,RS,-10.0,-15.0,2,2.922931556939514,1,6.3792694672067425,461.6977989758539,474.00000000000017,2,3,-9.0,-15.0,4.0,0
