subjectId,runId,blockId,trialId,condition,leftAnswer,rightAnswer,choiceDuration,isiDuration,feedbackDuration,itiDuration,stimOnset,itiOffset,leftColor,rightColor,mu1,mu2,sd1,sd2
uep024,1,1,1,SR,-6.0,7.0,2,1.4917498841875645,1,7.079934972367387,16,27.57168485655495,6,7,-6.0,8.0,0,4.0
uep024,1,1,2,SR,-6.0,8.0,2,1.5328595773221323,1,5.225003857612236,27.57168485655495,37.32954829148932,6,7,-6.0,8.0,0,4.0
uep024,1,1,3,SR,-6.0,12.0,2,2.7451244119244453,1,5.81920168752264,37.32954829148932,48.8938743909364,6,7,-6.0,8.0,0,4.0
uep024,1,1,4,SR,-6.0,5.0,2,2.415456630879086,1,6.429433952898469,48.8938743909364,60.73876497471396,6,7,-6.0,8.0,0,4.0
uep024,1,1,5,SR,-6.0,10.0,2,1.670905821478729,1,6.466221377162462,60.73876497471396,71.87589217335514,6,7,-6.0,8.0,0,4.0
uep024,1,1,6,SR,-6.0,8.0,2,1.7473878965068246,1,5.46453218220955,71.87589217335514,82.08781225207152,6,7,-6.0,8.0,0,4.0
uep024,1,1,7,SR,-6.0,11.0,2,2.5822183467669677,1,5.631472377097623,82.08781225207152,93.3015029759361,6,7,-6.0,8.0,0,4.0
uep024,1,1,8,SR,-6.0,9.0,2,2.6626085041998118,1,5.4645470210080616,93.3015029759361,104.42865850114397,6,7,-6.0,8.0,0,4.0
uep024,1,1,9,SR,-6.0,7.0,2,2.356488477127796,1,6.901998375385819,104.42865850114397,116.68714535365758,6,7,-6.0,8.0,0,4.0
uep024,1,1,10,SR,-6.0,13.0,2,1.1273757767731452,1,6.029167572118739,116.68714535365758,126.84368870254947,6,7,-6.0,8.0,0,4.0
