subjectId,runId,blockId,trialId,condition,leftAnswer,rightAnswer,choiceDuration,isiDuration,feedbackDuration,itiDuration,stimOnset,itiOffset,leftColor,rightColor,mu1,mu2,sd1,sd2
uep026,4,1,1,RS,0.0,-1.0,2,1.7571156100092353,1,6.217355867036832,16,26.97447147704607,5,3,0.0,-1.0,4.0,0
uep026,4,1,2,RS,-8.0,-1.0,2,2.0170845498910297,1,6.046860131010257,26.97447147704607,38.03841615794736,5,3,0.0,-1.0,4.0,0
uep026,4,1,3,RS,-7.0,-1.0,2,2.268429009260673,1,4.92586799650718,38.03841615794736,48.23271316371521,5,3,0.0,-1.0,4.0,0
uep026,4,1,4,RS,3.0,-1.0,2,2.8920781714795196,1,5.414830022038662,48.23271316371521,59.53962135723339,5,3,0.0,-1.0,4.0,0
uep026,4,1,5,RS,-3.0,-1.0,2,2.2661770443461737,1,6.09569680296385,59.53962135723339,70.90149520454341,5,3,0.0,-1.0,4.0,0
uep026,4,1,6,RS,1.0,-1.0,2,1.5470074742475926,1,6.213715505871584,70.90149520454341,81.66221818466259,5,3,0.0,-1.0,4.0,0
uep026,4,1,7,RS,7.0,-1.0,2,2.1204568412536804,1,5.557358285351189,81.66221818466259,92.34003331126746,5,3,0.0,-1.0,4.0,0
uep026,4,1,8,RS,0.0,-1.0,2,2.819518943313496,1,5.876336089419603,92.34003331126746,104.03588834400057,5,3,0.0,-1.0,4.0,0
uep026,4,1,9,RS,6.0,-1.0,2,2.4555162651611555,1,6.53044067149647,104.03588834400057,116.02184528065818,5,3,0.0,-1.0,4.0,0
uep026,4,1,10,RS,-4.0,-1.0,2,2.3999894883699695,1,6.326489381094804,116.02184528065818,127.74832415012295,5,3,0.0,-1.0,4.0,0
