subjectId,runId,blockId,trialId,condition,leftAnswer,rightAnswer,choiceDuration,isiDuration,feedbackDuration,itiDuration,stimOnset,itiOffset,leftColor,rightColor,mu1,mu2,sd1,sd2
uep005,8,1,1,RS,4.0,-28.0,2,1.2333629589012343,1,5.032931937048625,16,25.266294895949862,7,4,-1.0,-28.0,4.0,0
uep005,8,1,2,RS,-1.0,-28.0,2,1.7613620703699633,1,5.95622465396832,25.266294895949862,35.983881620288145,7,4,-1.0,-28.0,4.0,0
uep005,8,1,3,RS,0.0,-28.0,2,2.682881684036642,1,5.5507408075081335,35.983881620288145,47.21750411183292,7,4,-1.0,-28.0,4.0,0
uep005,8,1,4,RS,-4.0,-28.0,2,2.2468431467923837,1,5.743882248834456,47.21750411183292,58.20822950745976,7,4,-1.0,-28.0,4.0,0
uep005,8,1,5,RS,4.0,-28.0,2,2.1470995747013433,1,5.912082795142593,58.20822950745976,69.2674118773037,7,4,-1.0,-28.0,4.0,0
uep005,8,1,6,RS,-5.0,-28.0,2,1.4548906105686348,1,5.919088761978965,69.2674118773037,79.64139124985131,7,4,-1.0,-28.0,4.0,0
uep005,8,1,7,RS,6.0,-28.0,2,2.3981713836804137,1,5.831418732820895,79.64139124985131,90.87098136635262,7,4,-1.0,-28.0,4.0,0
uep005,8,1,8,RS,-1.0,-28.0,2,2.860599052241275,1,5.698454446647637,90.87098136635262,102.43003486524152,7,4,-1.0,-28.0,4.0,0
uep005,8,1,9,RS,-3.0,-28.0,2,2.4978982110943546,1,6.001025937259323,102.43003486524152,113.9289590135952,7,4,-1.0,-28.0,4.0,0
uep005,8,1,10,RS,1.0,-28.0,2,2.8208804367372253,1,6.259912392620366,113.9289590135952,126.0097518429528,7,4,-1.0,-28.0,4.0,0
