subjectId,runId,blockId,trialId,condition,leftAnswer,rightAnswer,choiceDuration,isiDuration,feedbackDuration,itiDuration,stimOnset,itiOffset,leftColor,rightColor,mu1,mu2,sd1,sd2
uep023,8,3,1,SR,10.0,-16.0,2,1.864627666124435,1,5.023979562457903,251.0867636951659,260.97537092374824,4,0,10.0,-12.0,0,4.0
uep023,8,3,2,SR,10.0,-10.0,2,2.8096562787129913,1,6.20874168586745,260.97537092374824,272.99376888832865,4,0,10.0,-12.0,0,4.0
uep023,8,3,3,SR,10.0,-14.0,2,2.704144859942907,1,5.618543700658775,272.99376888832865,284.31645744893035,4,0,10.0,-12.0,0,4.0
uep023,8,3,4,SR,10.0,-21.0,2,2.260204246098683,1,5.51544930736581,284.31645744893035,295.09211100239486,4,0,10.0,-12.0,0,4.0
uep023,8,3,5,SR,10.0,-15.0,2,2.6188525598809784,1,5.203087108487304,295.09211100239486,305.9140506707631,4,0,10.0,-12.0,0,4.0
uep023,8,3,6,SR,10.0,-13.0,2,1.6946945436961491,1,5.96174094684253,305.9140506707631,316.5704861613018,4,0,10.0,-12.0,0,4.0
uep023,8,3,7,SR,10.0,-16.0,2,1.9043604237275422,1,5.4403141190062865,316.5704861613018,326.91516070403566,4,0,10.0,-12.0,0,4.0
uep023,8,3,8,SR,10.0,-17.0,2,1.430627190818947,1,5.612860189127667,326.91516070403566,336.95864808398227,4,0,10.0,-12.0,0,4.0
uep023,8,3,9,SR,10.0,-14.0,2,2.6633986747147946,1,5.22910702930632,336.95864808398227,347.8511537880034,4,0,10.0,-12.0,0,4.0
uep023,8,3,10,SR,10.0,-15.0,2,2.3676145520862857,1,6.145204063175224,347.8511537880034,359.36397240326494,4,0,10.0,-12.0,0,4.0
