subjectId,runId,blockId,trialId,condition,leftAnswer,rightAnswer,choiceDuration,isiDuration,feedbackDuration,itiDuration,stimOnset,itiOffset,leftColor,rightColor,mu1,mu2,sd1,sd2
uep057,4,1,1,RR,-13.0,4.0,2,1.0787091641140136,1,5.746471462428174,16,25.825180626542185,0,7,-12.0,2.0,4.0,4.0
uep057,4,1,2,RR,-8.0,5.0,2,2.7600390718458074,1,5.659787902986326,25.825180626542185,37.24500760137432,0,7,-12.0,2.0,4.0,4.0
uep057,4,1,3,RR,-20.0,12.0,2,1.5642813943089044,1,4.988593562857465,37.24500760137432,46.79788255854069,0,7,-12.0,2.0,4.0,4.0
uep057,4,1,4,RR,-13.0,1.0,2,2.407561170671447,1,5.652640799767326,46.79788255854069,57.85808452897947,0,7,-12.0,2.0,4.0,4.0
uep057,4,1,5,RR,-4.0,-1.0,2,1.0542107865816885,1,6.086716869788957,57.85808452897947,67.99901218535011,0,7,-12.0,2.0,4.0,4.0
uep057,4,1,6,RR,-9.0,-2.0,2,1.657377113622375,1,6.410465050445172,67.99901218535011,79.06685434941765,0,7,-12.0,2.0,4.0,4.0
uep057,4,1,7,RR,-10.0,2.0,2,1.9505782657152404,1,6.653302514298503,79.06685434941765,90.67073512943139,0,7,-12.0,2.0,4.0,4.0
uep057,4,1,8,RR,-5.0,2.0,2,1.3905885509777052,1,5.409731603110429,90.67073512943139,100.47105528351953,0,7,-12.0,2.0,4.0,4.0
uep057,4,1,9,RR,-12.0,-2.0,2,1.1676449919985483,1,6.8074236157017545,100.47105528351953,111.44612389121983,0,7,-12.0,2.0,4.0,4.0
uep057,4,1,10,RR,-10.0,-2.0,2,1.4554765895804596,1,4.8967453851054525,111.44612389121983,120.79834586590573,0,7,-12.0,2.0,4.0,4.0
