subjectId,runId,blockId,trialId,condition,leftAnswer,rightAnswer,choiceDuration,isiDuration,feedbackDuration,itiDuration,stimOnset,itiOffset,leftColor,rightColor,mu1,mu2,sd1,sd2
uep019,6,4,1,RR,-1.0,-6.0,2,1.0703876111845319,1,6.47876327645052,362.5060086630699,373.05515955070496,2,3,2.0,-5.0,4.0,4.0
uep019,6,4,2,RR,5.0,0.0,2,1.9138712342337083,1,5.87540774473209,373.05515955070496,383.84443852967075,2,3,2.0,-5.0,4.0,4.0
uep019,6,4,3,RR,8.0,-7.0,2,2.028755161983076,1,5.428158866397282,383.84443852967075,394.3013525580511,2,3,2.0,-5.0,4.0,4.0
uep019,6,4,4,RR,1.0,-3.0,2,2.3621558466583155,1,6.2398709903212435,394.3013525580511,405.9033793950307,2,3,2.0,-5.0,4.0,4.0
uep019,6,4,5,RR,5.0,-8.0,2,2.475888455347341,1,5.697097354808161,405.9033793950307,417.07636520518616,2,3,2.0,-5.0,4.0,4.0
uep019,6,4,6,RR,2.0,0.0,2,2.6219861251947,1,6.365808986809141,417.07636520518616,429.06416031719004,2,3,2.0,-5.0,4.0,4.0
uep019,6,4,7,RR,5.0,-0.0,2,2.480559261957357,1,6.274974728396341,429.06416031719004,440.8196943075437,2,3,2.0,-5.0,4.0,4.0
uep019,6,4,8,RR,-0.0,-7.0,2,2.7151772606455804,1,5.886944331275473,440.8196943075437,452.4218158994648,2,3,2.0,-5.0,4.0,4.0
uep019,6,4,9,RR,6.0,-6.0,2,1.73481807707736,1,6.818803492679957,452.4218158994648,463.9754374692221,2,3,2.0,-5.0,4.0,4.0
uep019,6,4,10,RR,-5.0,-7.0,2,1.7195834832534695,1,5.3049790475243706,463.9754374692221,473.99999999999994,2,3,2.0,-5.0,4.0,4.0
