subjectId,runId,blockId,trialId,condition,leftAnswer,rightAnswer,choiceDuration,isiDuration,feedbackDuration,itiDuration,stimOnset,itiOffset,leftColor,rightColor,mu1,mu2,sd1,sd2
uep024,8,4,1,SS,1.0,-18.0,2,1.4360935184742123,1,7.200321812473677,365.8907223723742,377.5271377033221,4,3,1.0,-18.0,0,0
uep024,8,4,2,SS,1.0,-18.0,2,1.9418460725941866,1,5.416061937471057,377.5271377033221,387.88504571338734,4,3,1.0,-18.0,0,0
uep024,8,4,3,SS,1.0,-18.0,2,1.2756001890617936,1,5.652976153742014,387.88504571338734,397.81362205619115,4,3,1.0,-18.0,0,0
uep024,8,4,4,SS,1.0,-18.0,2,1.448667262839761,1,5.656690597275407,397.81362205619115,407.91897991630634,4,3,1.0,-18.0,0,0
uep024,8,4,5,SS,1.0,-18.0,2,3.0842381185551546,1,5.955710378618563,407.91897991630634,419.95892841348007,4,3,1.0,-18.0,0,0
uep024,8,4,6,SS,1.0,-18.0,2,1.3554068116494031,1,7.00973497462348,419.95892841348007,431.32407019975295,4,3,1.0,-18.0,0,0
uep024,8,4,7,SS,1.0,-18.0,2,1.3052056475795095,1,5.213194455599753,431.32407019975295,440.8424703029322,4,3,1.0,-18.0,0,0
uep024,8,4,8,SS,1.0,-18.0,2,1.8213677232771557,1,5.744926870904006,440.8424703029322,451.4087648971134,4,3,1.0,-18.0,0,0
uep024,8,4,9,SS,1.0,-18.0,2,1.2530221400184913,1,6.721376302043052,451.4087648971134,462.3831633391749,4,3,1.0,-18.0,0,0
uep024,8,4,10,SS,1.0,-18.0,2,2.9255988465744913,1,5.691237814250717,462.3831633391749,474.0000000000001,4,3,1.0,-18.0,0,0
