subjectId,runId,blockId,trialId,condition,leftAnswer,rightAnswer,choiceDuration,isiDuration,feedbackDuration,itiDuration,stimOnset,itiOffset,leftColor,rightColor,mu1,mu2,sd1,sd2
uep032,1,2,1,SS,1.0,-2.0,2,1.9621866720241512,1,5.494067478966568,133.90105271038573,144.35730686137646,3,5,1.0,-2.0,0,0
uep032,1,2,2,SS,1.0,-2.0,2,1.9349017108275246,1,6.025705777899432,144.35730686137646,155.31791435010342,3,5,1.0,-2.0,0,0
uep032,1,2,3,SS,1.0,-2.0,2,1.5069401989369509,1,5.769765679554705,155.31791435010342,165.59462022859506,3,5,1.0,-2.0,0,0
uep032,1,2,4,SS,1.0,-2.0,2,1.7436875237224454,1,6.63067375138533,165.59462022859506,176.96898150370285,3,5,1.0,-2.0,0,0
uep032,1,2,5,SS,1.0,-2.0,2,2.930122047538007,1,6.212145926941828,176.96898150370285,189.11124947818269,3,5,1.0,-2.0,0,0
uep032,1,2,6,SS,1.0,-2.0,2,1.2773550158299216,1,6.075266991295049,189.11124947818269,199.46387148530766,3,5,1.0,-2.0,0,0
uep032,1,2,7,SS,1.0,-2.0,2,1.7600019232588704,1,5.239455968911224,199.46387148530766,209.46332937747775,3,5,1.0,-2.0,0,0
uep032,1,2,8,SS,1.0,-2.0,2,2.377160357014139,1,5.502617704585558,209.46332937747775,220.34310743907744,3,5,1.0,-2.0,0,0
uep032,1,2,9,SS,1.0,-2.0,2,1.756758902773466,1,6.036358774863936,220.34310743907744,231.13622511671485,3,5,1.0,-2.0,0,0
uep032,1,2,10,SS,1.0,-2.0,2,1.7088635910798828,1,6.467123059916164,231.13622511671485,242.3122117677109,3,5,1.0,-2.0,0,0
