subjectId,runId,blockId,trialId,condition,leftAnswer,rightAnswer,choiceDuration,isiDuration,feedbackDuration,itiDuration,stimOnset,itiOffset,leftColor,rightColor,mu1,mu2,sd1,sd2
uep038,5,3,1,SS,-4.0,2.0,2,1.023013539365106,1,5.184391781817104,250.73184607306916,259.93925139425136,2,3,-4.0,2.0,0,0
uep038,5,3,2,SS,-4.0,2.0,2,1.285568818766749,1,6.433882301505916,259.93925139425136,270.658702514524,2,3,-4.0,2.0,0,0
uep038,5,3,3,SS,-4.0,2.0,2,1.5311322929244202,1,6.072178381006785,270.658702514524,281.2620131884552,2,3,-4.0,2.0,0,0
uep038,5,3,4,SS,-4.0,2.0,2,1.8000395501875188,1,6.270703236391257,281.2620131884552,292.33275597503405,2,3,-4.0,2.0,0,0
uep038,5,3,5,SS,-4.0,2.0,2,2.974337927408632,1,6.085793197065555,292.33275597503405,304.3928870995082,2,3,-4.0,2.0,0,0
uep038,5,3,6,SS,-4.0,2.0,2,2.1141592970394396,1,5.718357784764802,304.3928870995082,315.22540418131246,2,3,-4.0,2.0,0,0
uep038,5,3,7,SS,-4.0,2.0,2,1.931750027949452,1,5.202916039428824,315.22540418131246,325.36007024869076,2,3,-4.0,2.0,0,0
uep038,5,3,8,SS,-4.0,2.0,2,1.648976771114636,1,5.557717408411163,325.36007024869076,335.5667644282166,2,3,-4.0,2.0,0,0
uep038,5,3,9,SS,-4.0,2.0,2,1.9455243916074778,1,5.508006203093852,335.5667644282166,346.0202950229179,2,3,-4.0,2.0,0,0
uep038,5,3,10,SS,-4.0,2.0,2,2.4731230952306555,1,6.586798800882181,346.0202950229179,358.08021691903076,2,3,-4.0,2.0,0,0
