subjectId,runId,blockId,trialId,condition,leftAnswer,rightAnswer,choiceDuration,isiDuration,feedbackDuration,itiDuration,stimOnset,itiOffset,leftColor,rightColor,mu1,mu2,sd1,sd2
uep008,7,1,1,RR,-0.0,3.0,2,1.0803293233081888,1,6.497472117927663,16,26.577801441235852,1,4,-5.0,3.0,4.0,4.0
uep008,7,1,2,RR,-2.0,-2.0,2,2.0788463724113133,1,6.091278926574744,26.577801441235852,37.74792674022191,1,4,-5.0,3.0,4.0,4.0
uep008,7,1,3,RR,-11.0,-3.0,2,1.557486530432698,1,5.295500652542294,37.74792674022191,47.6009139231969,1,4,-5.0,3.0,4.0,4.0
uep008,7,1,4,RR,-5.0,-1.0,2,2.126500341837914,1,5.21217932137393,47.6009139231969,57.93959358640874,1,4,-5.0,3.0,4.0,4.0
uep008,7,1,5,RR,-15.0,2.0,2,2.440598807539815,1,5.661696222782844,57.93959358640874,69.0418886167314,1,4,-5.0,3.0,4.0,4.0
uep008,7,1,6,RR,-5.0,-1.0,2,3.0112780540237307,1,6.601938692169856,69.0418886167314,81.65510536292499,1,4,-5.0,3.0,4.0,4.0
uep008,7,1,7,RR,-5.0,11.0,2,2.8137224898896185,1,7.020999308655718,81.65510536292499,94.48982716147032,1,4,-5.0,3.0,4.0,4.0
uep008,7,1,8,RR,-7.0,8.0,2,2.036309572840874,1,5.725748852592757,94.48982716147032,105.25188558690395,1,4,-5.0,3.0,4.0,4.0
uep008,7,1,9,RR,-5.0,8.0,2,1.6644457793986303,1,6.533148051754591,105.25188558690395,116.44947941805718,1,4,-5.0,3.0,4.0,4.0
uep008,7,1,10,RR,-4.0,3.0,2,1.4375889442855525,1,6.778675327008122,116.44947941805718,127.66574368935085,1,4,-5.0,3.0,4.0,4.0
