subjectId,runId,blockId,trialId,condition,leftAnswer,rightAnswer,choiceDuration,isiDuration,feedbackDuration,itiDuration,stimOnset,itiOffset,leftColor,rightColor,mu1,mu2,sd1,sd2
uep023,7,3,1,RR,-3.0,8.0,2,2.724868840563487,1,5.267283548188994,247.97772446456872,258.9698768533212,7,0,-6.0,9.0,4.0,4.0
uep023,7,3,2,RR,-4.0,11.0,2,2.0905690149149794,1,7.062771347608125,258.9698768533212,271.1232172158443,7,0,-6.0,9.0,4.0,4.0
uep023,7,3,3,RR,-2.0,6.0,2,1.2122139045396105,1,5.4047196398076105,271.1232172158443,280.74015076019157,7,0,-6.0,9.0,4.0,4.0
uep023,7,3,4,RR,-0.0,12.0,2,1.165089222697334,1,5.722240982463979,280.74015076019157,290.6274809653529,7,0,-6.0,9.0,4.0,4.0
uep023,7,3,5,RR,-8.0,10.0,2,1.6778524462389457,1,6.966403027114428,290.6274809653529,302.2717364387063,7,0,-6.0,9.0,4.0,4.0
uep023,7,3,6,RR,-11.0,7.0,2,1.0708399607544086,1,5.693925194871513,302.2717364387063,312.0365015943322,7,0,-6.0,9.0,4.0,4.0
uep023,7,3,7,RR,-8.0,15.0,2,1.4313895000138588,1,6.944191786800342,312.0365015943322,323.4120828811464,7,0,-6.0,9.0,4.0,4.0
uep023,7,3,8,RR,-4.0,13.0,2,2.0984966715748476,1,5.238319736775363,323.4120828811464,333.74889928949653,7,0,-6.0,9.0,4.0,4.0
uep023,7,3,9,RR,-7.0,11.0,2,2.0901319503734355,1,6.293390763240735,333.74889928949653,345.1324220031107,7,0,-6.0,9.0,4.0,4.0
uep023,7,3,10,RR,-5.0,5.0,2,2.315136950361992,1,6.727093949658291,345.1324220031107,357.174652903131,7,0,-6.0,9.0,4.0,4.0
