subjectId,runId,blockId,trialId,condition,leftAnswer,rightAnswer,choiceDuration,isiDuration,feedbackDuration,itiDuration,stimOnset,itiOffset,leftColor,rightColor,mu1,mu2,sd1,sd2
uep031,3,2,1,RS,-4.0,11.0,2,2.0509736825101785,1,6.029264669917388,128.47338207521034,139.5536204276379,3,5,-4.0,11.0,4.0,0
uep031,3,2,2,RS,-8.0,11.0,2,2.1742702729261305,1,6.918219549861589,139.5536204276379,151.6461102504256,3,5,-4.0,11.0,4.0,0
uep031,3,2,3,RS,-2.0,11.0,2,1.1488798770142348,1,6.457968636318792,151.6461102504256,162.2529587637586,3,5,-4.0,11.0,4.0,0
uep031,3,2,4,RS,-7.0,11.0,2,1.737755861951099,1,5.347009446832866,162.2529587637586,172.33772407254256,3,5,-4.0,11.0,4.0,0
uep031,3,2,5,RS,-12.0,11.0,2,2.709397001689823,1,6.777201026362181,172.33772407254256,184.82432210059457,3,5,-4.0,11.0,4.0,0
uep031,3,2,6,RS,-5.0,11.0,2,1.7353285974669095,1,5.178448424124087,184.82432210059457,194.7380991221856,3,5,-4.0,11.0,4.0,0
uep031,3,2,7,RS,-9.0,11.0,2,1.9082603995190577,1,5.973876422141777,194.7380991221856,205.62023594384644,3,5,-4.0,11.0,4.0,0
uep031,3,2,8,RS,-5.0,11.0,2,1.1623746096459535,1,5.7848751459892345,205.62023594384644,215.56748569948164,3,5,-4.0,11.0,4.0,0
uep031,3,2,9,RS,-12.0,11.0,2,2.464590373424393,1,6.288169971811042,215.56748569948164,227.32024604471707,3,5,-4.0,11.0,4.0,0
uep031,3,2,10,RS,0.0,11.0,2,1.9535916792279284,1,5.37426868041931,227.32024604471707,237.6481064043643,3,5,-4.0,11.0,4.0,0
