subjectId,runId,blockId,trialId,condition,leftAnswer,rightAnswer,choiceDuration,isiDuration,feedbackDuration,itiDuration,stimOnset,itiOffset,leftColor,rightColor,mu1,mu2,sd1,sd2
uep041,3,2,1,RR,-6.0,-20.0,2,2.735218044170958,1,6.902405658684072,131.6605297466852,144.29815344954022,0,4,-7.0,-18.0,4.0,4.0
uep041,3,2,2,RR,-8.0,-17.0,2,2.5315241626157268,1,6.558264740991934,144.29815344954022,156.3879423531479,0,4,-7.0,-18.0,4.0,4.0
uep041,3,2,3,RR,-8.0,-20.0,2,2.0471246754967405,1,5.483351014178301,156.3879423531479,166.91841804282296,0,4,-7.0,-18.0,4.0,4.0
uep041,3,2,4,RR,-1.0,-20.0,2,2.5342349795919508,1,6.4116401287714755,166.91841804282296,178.8642931511864,0,4,-7.0,-18.0,4.0,4.0
uep041,3,2,5,RR,-6.0,-19.0,2,2.139503844438394,1,6.731131528010025,178.8642931511864,190.7349285236348,0,4,-7.0,-18.0,4.0,4.0
uep041,3,2,6,RR,-7.0,-13.0,2,1.718858305178312,1,5.650125304991858,190.7349285236348,201.10391213380498,0,4,-7.0,-18.0,4.0,4.0
uep041,3,2,7,RR,-14.0,-16.0,2,1.2834495542222233,1,6.100382740657862,201.10391213380498,211.48774442868506,0,4,-7.0,-18.0,4.0,4.0
uep041,3,2,8,RR,-5.0,-16.0,2,1.0561102382310639,1,6.495682183032593,211.48774442868506,222.03953684994872,0,4,-7.0,-18.0,4.0,4.0
uep041,3,2,9,RR,-3.0,-17.0,2,1.3527770048997374,1,5.5526829074610715,222.03953684994872,231.94499676230953,0,4,-7.0,-18.0,4.0,4.0
uep041,3,2,10,RR,-7.0,-17.0,2,2.8020099414716584,1,6.1280672811420285,231.94499676230953,243.8750739849232,0,4,-7.0,-18.0,4.0,4.0
