subjectId,runId,blockId,trialId,condition,leftAnswer,rightAnswer,choiceDuration,isiDuration,feedbackDuration,itiDuration,stimOnset,itiOffset,leftColor,rightColor,mu1,mu2,sd1,sd2
uep031,1,1,1,SS,-16.0,-13.0,2,2.2576876912668062,1,5.461207572787,16,26.718895264053806,6,3,-16.0,-13.0,0,0
uep031,1,1,2,SS,-16.0,-13.0,2,2.7849637543252053,1,5.096591578314728,26.718895264053806,37.60045059669374,6,3,-16.0,-13.0,0,0
uep031,1,1,3,SS,-16.0,-13.0,2,1.6917141866139975,1,5.136221124611907,37.60045059669374,47.42838590791965,6,3,-16.0,-13.0,0,0
uep031,1,1,4,SS,-16.0,-13.0,2,2.797149706122663,1,7.013857892963307,47.42838590791965,60.239393507005616,6,3,-16.0,-13.0,0,0
uep031,1,1,5,SS,-16.0,-13.0,2,1.9751582371787966,1,7.050949732151228,60.239393507005616,72.26550147633564,6,3,-16.0,-13.0,0,0
uep031,1,1,6,SS,-16.0,-13.0,2,1.4363716153086985,1,6.288029806103171,72.26550147633564,82.98990289774751,6,3,-16.0,-13.0,0,0
uep031,1,1,7,SS,-16.0,-13.0,2,1.2984132239732185,1,5.737501797555952,82.98990289774751,93.02581791927668,6,3,-16.0,-13.0,0,0
uep031,1,1,8,SS,-16.0,-13.0,2,2.1864695024670655,1,5.734018965493349,93.02581791927668,103.94630638723709,6,3,-16.0,-13.0,0,0
uep031,1,1,9,SS,-16.0,-13.0,2,1.5832812880794351,1,7.069306329703972,103.94630638723709,115.5988940050205,6,3,-16.0,-13.0,0,0
uep031,1,1,10,SS,-16.0,-13.0,2,2.521610557375716,1,5.103353502105139,115.5988940050205,126.22385806450134,6,3,-16.0,-13.0,0,0
