subjectId,runId,blockId,trialId,condition,leftAnswer,rightAnswer,choiceDuration,isiDuration,feedbackDuration,itiDuration,stimOnset,itiOffset,leftColor,rightColor,mu1,mu2,sd1,sd2
uep013,7,1,1,SS,3.0,-12.0,2,2.0718144376412173,1,5.876039629487358,16,26.947854067128574,0,2,3.0,-12.0,0,0
uep013,7,1,2,SS,3.0,-12.0,2,2.2493961716016195,1,6.454184300361802,26.947854067128574,38.651434539091994,0,2,3.0,-12.0,0,0
uep013,7,1,3,SS,3.0,-12.0,2,2.7512861494455474,1,5.065326122027066,38.651434539091994,49.46804681056461,0,2,3.0,-12.0,0,0
uep013,7,1,4,SS,3.0,-12.0,2,1.398816298643353,1,5.192772189599542,49.46804681056461,59.05963529880751,0,2,3.0,-12.0,0,0
uep013,7,1,5,SS,3.0,-12.0,2,3.002219280366857,1,5.353006912800641,59.05963529880751,70.414861491975,0,2,3.0,-12.0,0,0
uep013,7,1,6,SS,3.0,-12.0,2,2.5055791412042505,1,6.842404861980551,70.414861491975,82.76284549515981,0,2,3.0,-12.0,0,0
uep013,7,1,7,SS,3.0,-12.0,2,1.904124654457242,1,5.930503425425295,82.76284549515981,93.59747357504236,0,2,3.0,-12.0,0,0
uep013,7,1,8,SS,3.0,-12.0,2,1.755691557672205,1,5.315311294723321,93.59747357504236,103.66847642743788,0,2,3.0,-12.0,0,0
uep013,7,1,9,SS,3.0,-12.0,2,1.9780317964442915,1,6.861149397620769,103.66847642743788,115.50765762150293,0,2,3.0,-12.0,0,0
uep013,7,1,10,SS,3.0,-12.0,2,1.7241712764771069,1,6.687565384245901,115.50765762150293,126.91939428222594,0,2,3.0,-12.0,0,0
