subjectId,runId,blockId,trialId,condition,leftAnswer,rightAnswer,choiceDuration,isiDuration,feedbackDuration,itiDuration,stimOnset,itiOffset,leftColor,rightColor,mu1,mu2,sd1,sd2
uep021,5,3,1,RS,-13.0,-14.0,2,1.5169110487094208,1,5.540670564658053,248.3588783291308,258.41645994249825,2,1,-12.0,-14.0,4.0,0
uep021,5,3,2,RS,-10.0,-14.0,2,2.775936630024184,1,5.814425768694221,258.41645994249825,270.00682234121666,2,1,-12.0,-14.0,4.0,0
uep021,5,3,3,RS,-18.0,-14.0,2,1.9204909515451367,1,6.59072022833584,270.00682234121666,281.51803352109766,2,1,-12.0,-14.0,4.0,0
uep021,5,3,4,RS,-13.0,-14.0,2,1.5667456297219313,1,5.872947473675405,281.51803352109766,291.957726624495,2,1,-12.0,-14.0,4.0,0
uep021,5,3,5,RS,0.0,-14.0,2,2.280375910859396,1,5.040777474524172,291.957726624495,302.2788800098786,2,1,-12.0,-14.0,4.0,0
uep021,5,3,6,RS,-9.0,-14.0,2,1.8574293475877077,1,5.119877172814104,302.2788800098786,312.2561865302804,2,1,-12.0,-14.0,4.0,0
uep021,5,3,7,RS,-10.0,-14.0,2,2.5267171914150617,1,5.585782122458272,312.2561865302804,323.36868584415373,2,1,-12.0,-14.0,4.0,0
uep021,5,3,8,RS,-4.0,-14.0,2,2.8682406962709877,1,6.686734252106189,323.36868584415373,335.92366079253094,2,1,-12.0,-14.0,4.0,0
uep021,5,3,9,RS,-11.0,-14.0,2,1.4090644182134549,1,5.634140618421024,335.92366079253094,345.96686582916544,2,1,-12.0,-14.0,4.0,0
uep021,5,3,10,RS,-12.0,-14.0,2,2.476872579030368,1,5.208982115769387,345.96686582916544,356.65272052396523,2,1,-12.0,-14.0,4.0,0
