subjectId,runId,blockId,trialId,condition,leftAnswer,rightAnswer,choiceDuration,isiDuration,feedbackDuration,itiDuration,stimOnset,itiOffset,leftColor,rightColor,mu1,mu2,sd1,sd2
uep012,4,4,1,RR,6.0,-1.0,2,2.2777913863131847,1,5.0151476695725945,366.38526228492583,376.6782013408116,2,6,3.0,-8.0,4.0,4.0
uep012,4,4,2,RR,2.0,-10.0,2,1.56734204351733,1,6.104377529565898,376.6782013408116,387.34992091389483,2,6,3.0,-8.0,4.0,4.0
uep012,4,4,3,RR,4.0,-9.0,2,2.765313775923637,1,5.348782908578995,387.34992091389483,398.46401759839745,2,6,3.0,-8.0,4.0,4.0
uep012,4,4,4,RR,6.0,-5.0,2,2.525689725009226,1,6.211993935000214,398.46401759839745,410.2017012584069,2,6,3.0,-8.0,4.0,4.0
uep012,4,4,5,RR,9.0,-7.0,2,1.6643227843913777,1,6.329145012246756,410.2017012584069,421.1951690550451,2,6,3.0,-8.0,4.0,4.0
uep012,4,4,6,RR,3.0,-13.0,2,2.2296822209463056,1,5.579411812963757,421.1951690550451,432.00426308895516,2,6,3.0,-8.0,4.0,4.0
uep012,4,4,7,RR,4.0,-9.0,2,1.87698636792192,1,5.402234504080218,432.00426308895516,442.2834839609573,2,6,3.0,-8.0,4.0,4.0
uep012,4,4,8,RR,6.0,-13.0,2,2.1585585491852015,1,5.171475809420578,442.2834839609573,452.6135183195631,2,6,3.0,-8.0,4.0,4.0
uep012,4,4,9,RR,3.0,-9.0,2,2.534712893480678,1,6.263055882714034,452.6135183195631,464.4112870957578,2,6,3.0,-8.0,4.0,4.0
uep012,4,4,10,RR,5.0,-4.0,2,1.0626620219495333,1,5.526050882292777,464.4112870957578,474.0000000000001,2,6,3.0,-8.0,4.0,4.0
