subjectId,runId,blockId,trialId,condition,leftAnswer,rightAnswer,choiceDuration,isiDuration,feedbackDuration,itiDuration,stimOnset,itiOffset,leftColor,rightColor,mu1,mu2,sd1,sd2
uep012,6,3,1,SS,8.0,10.0,2,2.4021108833965226,1,5.669440510091528,245.61298240709542,256.68453380058344,1,7,8.0,10.0,0,0
uep012,6,3,2,SS,8.0,10.0,2,2.55358308444823,1,6.08253004818241,256.68453380058344,268.3206469332141,1,7,8.0,10.0,0,0
uep012,6,3,3,SS,8.0,10.0,2,1.5469914599325203,1,5.596487247692725,268.3206469332141,278.46412564083937,1,7,8.0,10.0,0,0
uep012,6,3,4,SS,8.0,10.0,2,1.9722882471012846,1,5.534679723734178,278.46412564083937,288.97109361167486,1,7,8.0,10.0,0,0
uep012,6,3,5,SS,8.0,10.0,2,1.5901047954384362,1,5.412202273174806,288.97109361167486,298.9734006802881,1,7,8.0,10.0,0,0
uep012,6,3,6,SS,8.0,10.0,2,1.8479959258136849,1,6.143810360808468,298.9734006802881,309.9652069669102,1,7,8.0,10.0,0,0
uep012,6,3,7,SS,8.0,10.0,2,2.7355934069634125,1,5.944894047383608,309.9652069669102,321.64569442125725,1,7,8.0,10.0,0,0
uep012,6,3,8,SS,8.0,10.0,2,2.393424935887759,1,6.90384221769826,321.64569442125725,333.94296157484325,1,7,8.0,10.0,0,0
uep012,6,3,9,SS,8.0,10.0,2,2.1093829135946622,1,6.785374089195147,333.94296157484325,345.8377185776331,1,7,8.0,10.0,0,0
uep012,6,3,10,SS,8.0,10.0,2,2.7732938616643703,1,6.325573941320426,345.8377185776331,357.9365863806179,1,7,8.0,10.0,0,0
