subjectId,runId,blockId,trialId,condition,leftAnswer,rightAnswer,choiceDuration,isiDuration,feedbackDuration,itiDuration,stimOnset,itiOffset,leftColor,rightColor,mu1,mu2,sd1,sd2
uep060,1,4,1,RR,3.0,6.0,2,1.2436533980503708,1,6.123774077705484,367.92922419203785,378.2966516677937,6,0,3.0,7.0,4.0,4.0
uep060,1,4,2,RR,4.0,-0.0,2,1.2495953428085613,1,6.084179541990296,378.2966516677937,388.63042655259255,6,0,3.0,7.0,4.0,4.0
uep060,1,4,3,RR,-4.0,11.0,2,1.313202792521758,1,6.296721390834854,388.63042655259255,399.24035073594916,6,0,3.0,7.0,4.0,4.0
uep060,1,4,4,RR,3.0,5.0,2,2.907436139851777,1,5.897994407037154,399.24035073594916,411.0457812828381,6,0,3.0,7.0,4.0,4.0
uep060,1,4,5,RR,-6.0,14.0,2,1.988051469301732,1,6.907301181648668,411.0457812828381,422.94113393378854,6,0,3.0,7.0,4.0,4.0
uep060,1,4,6,RR,2.0,14.0,2,1.9161161282915808,1,5.125330134592526,422.94113393378854,432.98258019667264,6,0,3.0,7.0,4.0,4.0
uep060,1,4,7,RR,0.0,5.0,2,1.031857520718717,1,5.441811159936188,432.98258019667264,442.4562488773276,6,0,3.0,7.0,4.0,4.0
uep060,1,4,8,RR,0.0,18.0,2,1.644920628273216,1,6.66553052923274,442.4562488773276,453.76670003483355,6,0,3.0,7.0,4.0,4.0
uep060,1,4,9,RR,2.0,13.0,2,1.1512650434909288,1,5.739687061698919,453.76670003483355,463.6576521400234,6,0,3.0,7.0,4.0,4.0
uep060,1,4,10,RR,3.0,8.0,2,2.0610815537751104,1,5.281266306201473,463.6576521400234,474.0,6,0,3.0,7.0,4.0,4.0
