subjectId,runId,blockId,trialId,condition,leftAnswer,rightAnswer,choiceDuration,isiDuration,feedbackDuration,itiDuration,stimOnset,itiOffset,leftColor,rightColor,mu1,mu2,sd1,sd2
uep036,7,2,1,RR,-4.0,-11.0,2,1.2030781176956624,1,5.334503957904077,130.00040649202475,139.5379885676245,7,6,2.0,-5.0,4.0,4.0
uep036,7,2,2,RR,-1.0,-7.0,2,2.5758313709500515,1,6.623446443052937,139.5379885676245,151.73726638162748,7,6,2.0,-5.0,4.0,4.0
uep036,7,2,3,RR,5.0,-6.0,2,2.2249798294446146,1,5.598319016654695,151.73726638162748,162.56056522772678,7,6,2.0,-5.0,4.0,4.0
uep036,7,2,4,RR,2.0,-12.0,2,1.2674380139528274,1,5.303457330527283,162.56056522772678,172.13146057220692,7,6,2.0,-5.0,4.0,4.0
uep036,7,2,5,RR,-1.0,-4.0,2,1.7912134687134087,1,7.1844719541843345,172.13146057220692,184.10714599510467,7,6,2.0,-5.0,4.0,4.0
uep036,7,2,6,RR,4.0,-4.0,2,2.2130129956991684,1,6.571952910050909,184.10714599510467,195.89211190085473,7,6,2.0,-5.0,4.0,4.0
uep036,7,2,7,RR,2.0,-6.0,2,2.597433849381803,1,5.871055155617795,195.89211190085473,207.36060090585434,7,6,2.0,-5.0,4.0,4.0
uep036,7,2,8,RR,4.0,-6.0,2,2.965604214445523,1,6.236570359612995,207.36060090585434,219.56277547991286,7,6,2.0,-5.0,4.0,4.0
uep036,7,2,9,RR,4.0,-3.0,2,2.7792510243482274,1,5.226496553313124,219.56277547991286,230.56852305757423,7,6,2.0,-5.0,4.0,4.0
uep036,7,2,10,RR,-6.0,-3.0,2,1.952142946872467,1,6.251637373521623,230.56852305757423,241.7723033779683,7,6,2.0,-5.0,4.0,4.0
