subjectId,runId,blockId,trialId,condition,leftAnswer,rightAnswer,choiceDuration,isiDuration,feedbackDuration,itiDuration,stimOnset,itiOffset,leftColor,rightColor,mu1,mu2,sd1,sd2
uep013,7,2,1,RS,-16.0,-13.0,2,1.2463208805251433,1,6.509626614666102,132.91939428222594,143.67534177741717,4,7,-10.0,-13.0,4.0,0
uep013,7,2,2,RS,-8.0,-13.0,2,2.3878115701239992,1,6.195797535450825,143.67534177741717,155.258950882992,4,7,-10.0,-13.0,4.0,0
uep013,7,2,3,RS,-9.0,-13.0,2,1.4249809268843785,1,5.4401176854468485,155.258950882992,165.12404949532322,4,7,-10.0,-13.0,4.0,0
uep013,7,2,4,RS,-1.0,-13.0,2,2.1277452300752535,1,5.488762967483238,165.12404949532322,175.7405576928817,4,7,-10.0,-13.0,4.0,0
uep013,7,2,5,RS,-7.0,-13.0,2,1.840435364428486,1,6.0515304291426,175.7405576928817,186.63252348645278,4,7,-10.0,-13.0,4.0,0
uep013,7,2,6,RS,-19.0,-13.0,2,1.662260188515682,1,5.302658887616116,186.63252348645278,196.59744256258458,4,7,-10.0,-13.0,4.0,0
uep013,7,2,7,RS,-2.0,-13.0,2,1.429327745887985,1,5.586417071846312,196.59744256258458,206.61318738031886,4,7,-10.0,-13.0,4.0,0
uep013,7,2,8,RS,-6.0,-13.0,2,3.0282110111545006,1,5.369349717197771,206.61318738031886,218.01074810867112,4,7,-10.0,-13.0,4.0,0
uep013,7,2,9,RS,-4.0,-13.0,2,2.5893522873245582,1,5.4539570233398535,218.01074810867112,229.05405741933552,4,7,-10.0,-13.0,4.0,0
uep013,7,2,10,RS,-9.0,-13.0,2,2.294922958835269,1,5.810456028538587,229.05405741933552,240.15943640670937,4,7,-10.0,-13.0,4.0,0
