subjectId,runId,blockId,trialId,condition,leftAnswer,rightAnswer,choiceDuration,isiDuration,feedbackDuration,itiDuration,stimOnset,itiOffset,leftColor,rightColor,mu1,mu2,sd1,sd2
uep021,2,1,1,SS,1.0,-4.0,2,1.707052340980607,1,5.6368168914613985,16,26.343869232442003,2,3,1.0,-4.0,0,0
uep021,2,1,2,SS,1.0,-4.0,2,2.5178726662459656,1,6.421745509110978,26.343869232442003,38.283487407798944,2,3,1.0,-4.0,0,0
uep021,2,1,3,SS,1.0,-4.0,2,2.7971173740891366,1,5.043269711822635,38.283487407798944,49.123874493710716,2,3,1.0,-4.0,0,0
uep021,2,1,4,SS,1.0,-4.0,2,2.297050292149138,1,6.1421483827794505,49.123874493710716,60.563073168639306,2,3,1.0,-4.0,0,0
uep021,2,1,5,SS,1.0,-4.0,2,1.9258340119636148,1,5.632061095822335,60.563073168639306,71.12096827642526,2,3,1.0,-4.0,0,0
uep021,2,1,6,SS,1.0,-4.0,2,2.0478920055967578,1,5.194143040967967,71.12096827642526,81.36300332299,2,3,1.0,-4.0,0,0
uep021,2,1,7,SS,1.0,-4.0,2,1.9078545141415273,1,5.983920852847253,81.36300332299,92.25477868997878,2,3,1.0,-4.0,0,0
uep021,2,1,8,SS,1.0,-4.0,2,2.5175759088812364,1,6.534600480539544,92.25477868997878,104.30695507939956,2,3,1.0,-4.0,0,0
uep021,2,1,9,SS,1.0,-4.0,2,1.2487306116473678,1,5.748559301761419,104.30695507939956,114.30424499280835,2,3,1.0,-4.0,0,0
uep021,2,1,10,SS,1.0,-4.0,2,1.14993563538932,1,6.284110328587245,114.30424499280835,124.73829095678492,2,3,1.0,-4.0,0,0
