subjectId,runId,blockId,trialId,condition,leftAnswer,rightAnswer,choiceDuration,isiDuration,feedbackDuration,itiDuration,stimOnset,itiOffset,leftColor,rightColor,mu1,mu2,sd1,sd2
uep048,3,2,1,SS,1.0,13.0,2,2.6827242567312704,1,6.053455295169145,131.76565434953224,143.50183390143266,3,2,1.0,13.0,0,0
uep048,3,2,2,SS,1.0,13.0,2,2.157711332112182,1,5.697281549506447,143.50183390143266,154.35682678305128,3,2,1.0,13.0,0,0
uep048,3,2,3,SS,1.0,13.0,2,0.9983245872984202,1,6.557754245067851,154.35682678305128,164.91290561541754,3,2,1.0,13.0,0,0
uep048,3,2,4,SS,1.0,13.0,2,2.0626106936177098,1,6.8090052201396825,164.91290561541754,176.78452152917492,3,2,1.0,13.0,0,0
uep048,3,2,5,SS,1.0,13.0,2,2.468823104320027,1,5.377232213355146,176.78452152917492,187.6305768468501,3,2,1.0,13.0,0,0
uep048,3,2,6,SS,1.0,13.0,2,1.037627481356025,1,6.082283289496116,187.6305768468501,197.75048761770222,3,2,1.0,13.0,0,0
uep048,3,2,7,SS,1.0,13.0,2,2.4207508651229257,1,6.685888682587652,197.75048761770222,209.8571271654128,3,2,1.0,13.0,0,0
uep048,3,2,8,SS,1.0,13.0,2,1.1096727735659995,1,6.85003439591496,209.8571271654128,220.81683433489377,3,2,1.0,13.0,0,0
uep048,3,2,9,SS,1.0,13.0,2,1.135049391732461,1,4.942502240261959,220.81683433489377,229.8943859668882,3,2,1.0,13.0,0,0
uep048,3,2,10,SS,1.0,13.0,2,2.555784719763703,1,6.888347949856624,229.8943859668882,242.33851863650852,3,2,1.0,13.0,0,0
