subjectId,runId,blockId,trialId,condition,leftAnswer,rightAnswer,choiceDuration,isiDuration,feedbackDuration,itiDuration,stimOnset,itiOffset,leftColor,rightColor,mu1,mu2,sd1,sd2
uep058,1,3,1,RR,3.0,-5.0,2,1.8102737360685965,1,5.077474369716394,249.61380977308363,259.50155787886865,6,7,0.0,-5.0,4.0,4.0
uep058,1,3,2,RR,-0.0,-2.0,2,2.7646683355391057,1,5.203700514644766,259.50155787886865,270.46992672905253,6,7,0.0,-5.0,4.0,4.0
uep058,1,3,3,RR,3.0,-3.0,2,2.7718686331726223,1,5.842948893283942,270.46992672905253,282.0847442555091,6,7,0.0,-5.0,4.0,4.0
uep058,1,3,4,RR,2.0,-6.0,2,1.08961778652567,1,6.090430619902396,282.0847442555091,292.2647926619372,6,7,0.0,-5.0,4.0,4.0
uep058,1,3,5,RR,-6.0,-4.0,2,2.433537533271597,1,6.297290149985264,292.2647926619372,303.995620345194,6,7,0.0,-5.0,4.0,4.0
uep058,1,3,6,RR,4.0,-3.0,2,1.9414749825870188,1,6.452821274490679,303.995620345194,315.38991660227174,6,7,0.0,-5.0,4.0,4.0
uep058,1,3,7,RR,-6.0,-4.0,2,2.4499119507385703,1,5.03314360840485,315.38991660227174,325.87297216141513,6,7,0.0,-5.0,4.0,4.0
uep058,1,3,8,RR,1.0,-8.0,2,2.7996763983324082,1,6.465742550990116,325.87297216141513,338.13839111073764,6,7,0.0,-5.0,4.0,4.0
uep058,1,3,9,RR,-3.0,-2.0,2,1.9161838573072418,1,6.041752065255846,338.13839111073764,349.0963270333007,6,7,0.0,-5.0,4.0,4.0
uep058,1,3,10,RR,3.0,-11.0,2,1.9185176172451306,1,6.5987403559428515,349.0963270333007,360.61358500648873,6,7,0.0,-5.0,4.0,4.0
