subjectId,runId,blockId,trialId,condition,leftAnswer,rightAnswer,choiceDuration,isiDuration,feedbackDuration,itiDuration,stimOnset,itiOffset,leftColor,rightColor,mu1,mu2,sd1,sd2
uep009,2,3,1,RR,1.0,1.0,2,2.6439267616667896,1,6.175940351701646,247.627193653373,259.44706076674146,7,4,1.0,1.0,4.0,4.0
uep009,2,3,2,RR,-1.0,-7.0,2,2.7402137177036807,1,6.031042149789152,259.44706076674146,271.21831663423427,7,4,1.0,1.0,4.0,4.0
uep009,2,3,3,RR,5.0,3.0,2,0.9933932131230463,1,5.162916431132552,271.21831663423427,280.37462627848987,7,4,1.0,1.0,4.0,4.0
uep009,2,3,4,RR,3.0,-6.0,2,1.7473520648558005,1,6.511253554388943,280.37462627848987,291.6332318977346,7,4,1.0,1.0,4.0,4.0
uep009,2,3,5,RR,1.0,1.0,2,2.6339197420502862,1,6.136889637491725,291.6332318977346,303.40404127727663,7,4,1.0,1.0,4.0,4.0
uep009,2,3,6,RR,0.0,0.0,2,2.0863536630025825,1,5.457304700439708,303.40404127727663,313.9476996407189,7,4,1.0,1.0,4.0,4.0
uep009,2,3,7,RR,-2.0,-2.0,2,2.3548199955767655,1,5.639012826362449,313.9476996407189,324.9415324626581,7,4,1.0,1.0,4.0,4.0
uep009,2,3,8,RR,-9.0,5.0,2,2.6769543138325624,1,5.762711515219031,324.9415324626581,336.38119829170967,7,4,1.0,1.0,4.0,4.0
uep009,2,3,9,RR,2.0,6.0,2,1.5788930164454218,1,6.160670292198014,336.38119829170967,347.1207616003531,7,4,1.0,1.0,4.0,4.0
uep009,2,3,10,RR,-1.0,-1.0,2,2.4284755268826848,1,5.8833635105619715,347.1207616003531,358.43260063779775,7,4,1.0,1.0,4.0,4.0
