subjectId,runId,blockId,trialId,condition,leftAnswer,rightAnswer,choiceDuration,isiDuration,feedbackDuration,itiDuration,stimOnset,itiOffset,leftColor,rightColor,mu1,mu2,sd1,sd2
uep057,1,3,1,RS,6.0,5.0,2,1.6845311438314317,1,6.067375536818819,249.50413209056407,260.2560387712143,2,5,4.0,5.0,4.0,0
uep057,1,3,2,RS,6.0,5.0,2,2.638376123659903,1,5.834834975490792,260.2560387712143,271.729249870365,2,5,4.0,5.0,4.0,0
uep057,1,3,3,RS,-1.0,5.0,2,2.8138766388591456,1,6.387494692098333,271.729249870365,283.9306212013225,2,5,4.0,5.0,4.0,0
uep057,1,3,4,RS,6.0,5.0,2,1.0106372892723572,1,6.825884152790438,283.9306212013225,294.7671426433853,2,5,4.0,5.0,4.0,0
uep057,1,3,5,RS,7.0,5.0,2,1.2217737958939143,1,5.923540598172471,294.7671426433853,304.91245703745165,2,5,4.0,5.0,4.0,0
uep057,1,3,6,RS,3.0,5.0,2,1.1897223895338882,1,6.0263296385729115,304.91245703745165,315.12850906555843,2,5,4.0,5.0,4.0,0
uep057,1,3,7,RS,2.0,5.0,2,1.5617381593318813,1,5.361962168800676,315.12850906555843,325.052209393691,2,5,4.0,5.0,4.0,0
uep057,1,3,8,RS,2.0,5.0,2,2.699929045995121,1,5.008609073764807,325.052209393691,335.76074751345095,2,5,4.0,5.0,4.0,0
uep057,1,3,9,RS,1.0,5.0,2,2.256720593642462,1,5.788474192414687,335.76074751345095,346.8059422995081,2,5,4.0,5.0,4.0,0
uep057,1,3,10,RS,-0.0,5.0,2,1.2220564715027986,1,6.987857287807241,346.8059422995081,358.01585605881814,2,5,4.0,5.0,4.0,0
