subjectId,runId,blockId,trialId,condition,leftAnswer,rightAnswer,choiceDuration,isiDuration,feedbackDuration,itiDuration,stimOnset,itiOffset,leftColor,rightColor,mu1,mu2,sd1,sd2
uep014,4,4,1,RS,-5.0,7.0,2,2.3635553246472565,1,6.016235722553792,364.69584494815354,376.0756359953546,5,0,-2.0,7.0,4.0,0
uep014,4,4,2,RS,-9.0,7.0,2,2.9640158277246194,1,5.995895372631994,376.0756359953546,388.0355471957112,5,0,-2.0,7.0,4.0,0
uep014,4,4,3,RS,-9.0,7.0,2,2.307307499506831,1,5.834804127318826,388.0355471957112,399.17765882253684,5,0,-2.0,7.0,4.0,0
uep014,4,4,4,RS,-1.0,7.0,2,1.6051008755074017,1,5.145762450686362,399.17765882253684,408.9285221487306,5,0,-2.0,7.0,4.0,0
uep014,4,4,5,RS,-5.0,7.0,2,2.4483003281499665,1,6.395330203290522,408.9285221487306,420.77215268017113,5,0,-2.0,7.0,4.0,0
uep014,4,4,6,RS,5.0,7.0,2,1.4033632630110704,1,6.11136973007954,420.77215268017113,431.28688567326174,5,0,-2.0,7.0,4.0,0
uep014,4,4,7,RS,-5.0,7.0,2,2.191309349533889,1,5.557423161889597,431.28688567326174,442.0356181846852,5,0,-2.0,7.0,4.0,0
uep014,4,4,8,RS,-0.0,7.0,2,2.128664549556876,1,5.115587721327064,442.0356181846852,452.27987045556915,5,0,-2.0,7.0,4.0,0
uep014,4,4,9,RS,-0.0,7.0,2,1.1378570967121875,1,6.7222066229462865,452.27987045556915,463.1399341752276,5,0,-2.0,7.0,4.0,0
uep014,4,4,10,RS,-2.0,7.0,2,1.6946329945564294,1,6.165432830215996,463.1399341752276,474.00000000000006,5,0,-2.0,7.0,4.0,0
