subjectId,runId,blockId,trialId,condition,leftAnswer,rightAnswer,choiceDuration,isiDuration,feedbackDuration,itiDuration,stimOnset,itiOffset,leftColor,rightColor,mu1,mu2,sd1,sd2
uep046,1,4,1,SS,-7.0,-13.0,2,2.6279753595553497,1,5.4342519492623556,363.96575266303296,375.0279799718507,2,3,-7.0,-13.0,0,0
uep046,1,4,2,SS,-7.0,-13.0,2,1.4193473072120215,1,6.793313320193387,375.0279799718507,386.2406405992561,2,3,-7.0,-13.0,0,0
uep046,1,4,3,SS,-7.0,-13.0,2,2.590858298960663,1,5.55809513529509,386.2406405992561,397.38959403351186,2,3,-7.0,-13.0,0,0
uep046,1,4,4,SS,-7.0,-13.0,2,1.2808026642800616,1,5.681736608952857,397.38959403351186,407.3521333067448,2,3,-7.0,-13.0,0,0
uep046,1,4,5,SS,-7.0,-13.0,2,2.9180927483910244,1,6.27711784094469,407.3521333067448,419.5473438960805,2,3,-7.0,-13.0,0,0
uep046,1,4,6,SS,-7.0,-13.0,2,1.7179743701626058,1,5.092847264889305,419.5473438960805,429.35816553113244,2,3,-7.0,-13.0,0,0
uep046,1,4,7,SS,-7.0,-13.0,2,2.9502450219134615,1,6.718131266343347,429.35816553113244,442.02654181938925,2,3,-7.0,-13.0,0,0
uep046,1,4,8,SS,-7.0,-13.0,2,1.76396280516604,1,5.428964641709113,442.02654181938925,452.2194692662644,2,3,-7.0,-13.0,0,0
uep046,1,4,9,SS,-7.0,-13.0,2,1.8353729989334628,1,5.38534377749377,452.2194692662644,462.4401860426916,2,3,-7.0,-13.0,0,0
uep046,1,4,10,SS,-7.0,-13.0,2,2.037923752178118,1,6.521890205130317,462.4401860426916,474.00000000000006,2,3,-7.0,-13.0,0,0
