subjectId,runId,blockId,trialId,condition,leftAnswer,rightAnswer,choiceDuration,isiDuration,feedbackDuration,itiDuration,stimOnset,itiOffset,leftColor,rightColor,mu1,mu2,sd1,sd2
uep052,3,2,1,RS,-21.0,9.0,2,1.041342672078225,1,5.67489386776217,128.38528319412032,138.1015197339607,4,1,-25.0,9.0,4.0,0
uep052,3,2,2,RS,-28.0,9.0,2,1.5825566923725027,1,6.599523324792258,138.1015197339607,149.28359975112545,4,1,-25.0,9.0,4.0,0
uep052,3,2,3,RS,-31.0,9.0,2,2.224580230602956,1,7.115597841244997,149.28359975112545,161.6237778229734,4,1,-25.0,9.0,4.0,0
uep052,3,2,4,RS,-25.0,9.0,2,2.2507149372617206,1,7.116458312112681,161.6237778229734,173.99095107234783,4,1,-25.0,9.0,4.0,0
uep052,3,2,5,RS,-27.0,9.0,2,1.6703615389638873,1,5.50974870085144,173.99095107234783,184.17106131216315,4,1,-25.0,9.0,4.0,0
uep052,3,2,6,RS,-28.0,9.0,2,2.6961424553878577,1,5.090319386919744,184.17106131216315,194.95752315447075,4,1,-25.0,9.0,4.0,0
uep052,3,2,7,RS,-23.0,9.0,2,2.6380240574024407,1,5.6211181692088275,194.95752315447075,206.216665381082,4,1,-25.0,9.0,4.0,0
uep052,3,2,8,RS,-22.0,9.0,2,2.5463490367325914,1,5.572052440016193,206.216665381082,217.33506685783078,4,1,-25.0,9.0,4.0,0
uep052,3,2,9,RS,-24.0,9.0,2,2.8709668718566004,1,6.256591766490563,217.33506685783078,229.46262549617796,4,1,-25.0,9.0,4.0,0
uep052,3,2,10,RS,-26.0,9.0,2,1.9675206442418536,1,6.7860655612392655,229.46262549617796,241.2162117016591,4,1,-25.0,9.0,4.0,0
