subjectId,runId,blockId,trialId,condition,leftAnswer,rightAnswer,choiceDuration,isiDuration,feedbackDuration,itiDuration,stimOnset,itiOffset,leftColor,rightColor,mu1,mu2,sd1,sd2
uep006,3,3,1,SS,-20.0,6.0,2,2.330257673356445,1,5.713717045847322,250.10520283307318,261.14917755227697,3,5,-20.0,6.0,0,0
uep006,3,3,2,SS,-20.0,6.0,2,1.1272647891696759,1,6.653227299004328,261.14917755227697,271.9296696404509,3,5,-20.0,6.0,0,0
uep006,3,3,3,SS,-20.0,6.0,2,1.0420618042659984,1,6.005608287428961,271.9296696404509,281.9773397321459,3,5,-20.0,6.0,0,0
uep006,3,3,4,SS,-20.0,6.0,2,2.547758595632071,1,6.620111709756093,281.9773397321459,294.145210037534,3,5,-20.0,6.0,0,0
uep006,3,3,5,SS,-20.0,6.0,2,2.0468460405567024,1,5.462739871184326,294.145210037534,304.65479594927507,3,5,-20.0,6.0,0,0
uep006,3,3,6,SS,-20.0,6.0,2,1.3947074375544224,1,5.16589285368666,304.65479594927507,314.21539624051616,3,5,-20.0,6.0,0,0
uep006,3,3,7,SS,-20.0,6.0,2,2.417852332674609,1,6.793191373048781,314.21539624051616,326.42643994623955,3,5,-20.0,6.0,0,0
uep006,3,3,8,SS,-20.0,6.0,2,1.4853122801432483,1,5.537590541755764,326.42643994623955,336.4493427681386,3,5,-20.0,6.0,0,0
uep006,3,3,9,SS,-20.0,6.0,2,2.7359362645165928,1,6.149263272424029,336.4493427681386,348.3345423050792,3,5,-20.0,6.0,0,0
uep006,3,3,10,SS,-20.0,6.0,2,2.2952368626647615,1,7.123092451930092,348.3345423050792,360.75287161967407,3,5,-20.0,6.0,0,0
