subjectId,runId,blockId,trialId,condition,leftAnswer,rightAnswer,choiceDuration,isiDuration,feedbackDuration,itiDuration,stimOnset,itiOffset,leftColor,rightColor,mu1,mu2,sd1,sd2
uep053,7,3,1,RS,-9.0,5.0,2,1.5847440897334495,1,5.772800793742935,249.3403491094464,259.6978939929228,7,2,-10.0,5.0,4.0,0
uep053,7,3,2,RS,-12.0,5.0,2,2.6999985133115363,1,6.8689710227983305,259.6978939929228,272.26686352903266,7,2,-10.0,5.0,4.0,0
uep053,7,3,3,RS,-9.0,5.0,2,2.0001429135113047,1,5.8091719012502265,272.26686352903266,283.0761783437942,7,2,-10.0,5.0,4.0,0
uep053,7,3,4,RS,-10.0,5.0,2,2.8010234569954484,1,5.415065878170497,283.0761783437942,294.2922676789601,7,2,-10.0,5.0,4.0,0
uep053,7,3,5,RS,-9.0,5.0,2,2.0275407431106185,1,6.0433992755289445,294.2922676789601,305.36320769759965,7,2,-10.0,5.0,4.0,0
uep053,7,3,6,RS,-16.0,5.0,2,3.021535588607428,1,5.255003589055497,305.36320769759965,316.6397468752626,7,2,-10.0,5.0,4.0,0
uep053,7,3,7,RS,-12.0,5.0,2,1.2615589804083152,1,5.860064330953584,316.6397468752626,326.7613701866245,7,2,-10.0,5.0,4.0,0
uep053,7,3,8,RS,-10.0,5.0,2,1.4579631798348136,1,5.513129115995974,326.7613701866245,336.7324624824553,7,2,-10.0,5.0,4.0,0
uep053,7,3,9,RS,-13.0,5.0,2,1.7448190553129377,1,5.570869000037466,336.7324624824553,347.04815053780567,7,2,-10.0,5.0,4.0,0
uep053,7,3,10,RS,-15.0,5.0,2,1.8366099131338356,1,6.12022520587265,347.04815053780567,358.00498565681215,7,2,-10.0,5.0,4.0,0
