subjectId,runId,blockId,trialId,condition,leftAnswer,rightAnswer,choiceDuration,isiDuration,feedbackDuration,itiDuration,stimOnset,itiOffset,leftColor,rightColor,mu1,mu2,sd1,sd2
uep034,5,4,1,SS,10.0,-14.0,2,2.567301170963091,1,6.632966456893676,363.51396715308255,375.7142347809393,0,5,10.0,-14.0,0,0
uep034,5,4,2,SS,10.0,-14.0,2,2.4762919283717344,1,6.120046127189253,375.7142347809393,387.3105728365003,0,5,10.0,-14.0,0,0
uep034,5,4,3,SS,10.0,-14.0,2,2.8404185766863437,1,5.698123499637699,387.3105728365003,398.8491149128243,0,5,10.0,-14.0,0,0
uep034,5,4,4,SS,10.0,-14.0,2,1.0903079360247936,1,6.716061503130332,398.8491149128243,409.6554843519794,0,5,10.0,-14.0,0,0
uep034,5,4,5,SS,10.0,-14.0,2,1.7990893158966117,1,5.167537305073697,409.6554843519794,419.6221109729497,0,5,10.0,-14.0,0,0
uep034,5,4,6,SS,10.0,-14.0,2,2.286966104690972,1,5.05933178613256,419.6221109729497,429.9684088637732,0,5,10.0,-14.0,0,0
uep034,5,4,7,SS,10.0,-14.0,2,1.4424515135625546,1,5.021591781617778,429.9684088637732,439.43245215895354,0,5,10.0,-14.0,0,0
uep034,5,4,8,SS,10.0,-14.0,2,1.4134205795181012,1,6.876469338696361,439.43245215895354,450.72234207716804,0,5,10.0,-14.0,0,0
uep034,5,4,9,SS,10.0,-14.0,2,1.8037760188589713,1,6.179197790707204,450.72234207716804,461.7053158867342,0,5,10.0,-14.0,0,0
uep034,5,4,10,SS,10.0,-14.0,2,2.4386166867016024,1,6.8560674265642465,461.7053158867342,474.00000000000006,0,5,10.0,-14.0,0,0
