subjectId,runId,blockId,trialId,condition,leftAnswer,rightAnswer,choiceDuration,isiDuration,feedbackDuration,itiDuration,stimOnset,itiOffset,leftColor,rightColor,mu1,mu2,sd1,sd2
uep055,1,3,1,RR,0.0,13.0,2,2.9165742788787163,1,6.704166603531394,253.0051554825011,265.6258963649112,0,2,2.0,4.0,4.0,4.0
uep055,1,3,2,RR,3.0,-3.0,2,1.059214085721643,1,5.651269328715301,265.6258963649112,275.33637977934814,0,2,2.0,4.0,4.0,4.0
uep055,1,3,3,RR,8.0,3.0,2,1.3919400096399206,1,6.927104866557805,275.33637977934814,286.65542465554586,0,2,2.0,4.0,4.0,4.0
uep055,1,3,4,RR,2.0,9.0,2,1.1239525546156457,1,5.224095322009444,286.65542465554586,296.0034725321709,0,2,2.0,4.0,4.0,4.0
uep055,1,3,5,RR,15.0,3.0,2,1.2063767630739157,1,5.671507422059524,296.0034725321709,305.88135671730436,0,2,2.0,4.0,4.0,4.0
uep055,1,3,6,RR,3.0,5.0,2,1.721671644526018,1,7.056517066685168,305.88135671730436,317.6595454285155,0,2,2.0,4.0,4.0,4.0
uep055,1,3,7,RR,11.0,3.0,2,1.7489827237521476,1,6.390018005396938,317.6595454285155,328.7985461576646,0,2,2.0,4.0,4.0,4.0
uep055,1,3,8,RR,3.0,7.0,2,1.5592362449008668,1,5.316669336168107,328.7985461576646,338.6744517387336,0,2,2.0,4.0,4.0,4.0
uep055,1,3,9,RR,1.0,9.0,2,1.059084479081406,1,6.256370058112938,338.6744517387336,348.9899062759279,0,2,2.0,4.0,4.0,4.0
uep055,1,3,10,RR,-0.0,7.0,2,1.1448825177237332,1,6.329209545144613,348.9899062759279,359.4639983387963,0,2,2.0,4.0,4.0,4.0
