subjectId,runId,blockId,trialId,condition,leftAnswer,rightAnswer,choiceDuration,isiDuration,feedbackDuration,itiDuration,stimOnset,itiOffset,leftColor,rightColor,mu1,mu2,sd1,sd2
uep016,6,4,1,SS,-9.0,2.0,2,2.2972923585341825,1,6.808825833833857,365.43490456803056,377.5410227603986,2,5,-9.0,2.0,0,0
uep016,6,4,2,SS,-9.0,2.0,2,1.4140789220525476,1,6.076453469298047,377.5410227603986,388.0315551517492,2,5,-9.0,2.0,0,0
uep016,6,4,3,SS,-9.0,2.0,2,1.8385716114419384,1,6.8731089785272195,388.0315551517492,399.74323574171837,2,5,-9.0,2.0,0,0
uep016,6,4,4,SS,-9.0,2.0,2,2.894433377445304,1,5.756050240929658,399.74323574171837,411.3937193600933,2,5,-9.0,2.0,0,0
uep016,6,4,5,SS,-9.0,2.0,2,1.0607983251296407,1,5.917507860551524,411.3937193600933,421.3720255457745,2,5,-9.0,2.0,0,0
uep016,6,4,6,SS,-9.0,2.0,2,1.7579656441460916,1,6.374602626878173,421.3720255457745,432.5045938167988,2,5,-9.0,2.0,0,0
uep016,6,4,7,SS,-9.0,2.0,2,1.6390303206812245,1,6.287087366555742,432.5045938167988,443.43071150403574,2,5,-9.0,2.0,0,0
uep016,6,4,8,SS,-9.0,2.0,2,1.0291442419358683,1,6.192844364220339,443.43071150403574,453.6527001101919,2,5,-9.0,2.0,0,0
uep016,6,4,9,SS,-9.0,2.0,2,1.9535799716275872,1,5.61466866613705,453.6527001101919,464.2209487479565,2,5,-9.0,2.0,0,0
uep016,6,4,10,SS,-9.0,2.0,2,1.676770855058531,1,5.10228039698496,464.2209487479565,474.0,2,5,-9.0,2.0,0,0
