subjectId,runId,blockId,trialId,condition,leftAnswer,rightAnswer,choiceDuration,isiDuration,feedbackDuration,itiDuration,stimOnset,itiOffset,leftColor,rightColor,mu1,mu2,sd1,sd2
uep031,6,3,1,SS,14.0,11.0,2,2.6639877989348095,1,6.653825879509576,244.97461310825508,257.2924267866995,0,1,14.0,11.0,0,0
uep031,6,3,2,SS,14.0,11.0,2,1.8709846649151816,1,5.65314534631904,257.2924267866995,267.8165567979337,0,1,14.0,11.0,0,0
uep031,6,3,3,SS,14.0,11.0,2,2.7815331573691853,1,6.365583952481562,267.8165567979337,279.9636739077845,0,1,14.0,11.0,0,0
uep031,6,3,4,SS,14.0,11.0,2,1.9220305528363033,1,6.074431208874633,279.9636739077845,290.9601356694954,0,1,14.0,11.0,0,0
uep031,6,3,5,SS,14.0,11.0,2,1.7639096369892546,1,6.129275025017233,290.9601356694954,301.8533203315019,0,1,14.0,11.0,0,0
uep031,6,3,6,SS,14.0,11.0,2,2.412322185314866,1,5.333458095294003,301.8533203315019,312.59910061211076,0,1,14.0,11.0,0,0
uep031,6,3,7,SS,14.0,11.0,2,2.146441979025974,1,6.221884906847469,312.59910061211076,323.9674274979842,0,1,14.0,11.0,0,0
uep031,6,3,8,SS,14.0,11.0,2,1.0733944323879863,1,6.285056353538976,323.9674274979842,334.32587828391115,0,1,14.0,11.0,0,0
uep031,6,3,9,SS,14.0,11.0,2,1.7689831891073264,1,5.888104969190901,334.32587828391115,344.9829664422094,0,1,14.0,11.0,0,0
uep031,6,3,10,SS,14.0,11.0,2,1.4906182207879408,1,6.598368781265767,344.9829664422094,356.0719534442631,0,1,14.0,11.0,0,0
