subjectId,runId,blockId,trialId,condition,leftAnswer,rightAnswer,choiceDuration,isiDuration,feedbackDuration,itiDuration,stimOnset,itiOffset,leftColor,rightColor,mu1,mu2,sd1,sd2
uep027,8,2,1,RS,-7.0,-8.0,2,2.8834482846009966,1,6.379680327821953,128.44131777695492,140.70444638937786,3,4,-7.0,-8.0,4.0,0
uep027,8,2,2,RS,-4.0,-8.0,2,2.8526631139423553,1,5.451457536135477,140.70444638937786,152.0085670394557,3,4,-7.0,-8.0,4.0,0
uep027,8,2,3,RS,-4.0,-8.0,2,1.277674394106176,1,6.62164427558898,152.0085670394557,162.90788570915086,3,4,-7.0,-8.0,4.0,0
uep027,8,2,4,RS,-11.0,-8.0,2,1.3046441606026151,1,6.001696877026348,162.90788570915086,173.21422674677981,3,4,-7.0,-8.0,4.0,0
uep027,8,2,5,RS,-12.0,-8.0,2,2.4018929309124224,1,6.677653330084394,173.21422674677981,185.29377300777662,3,4,-7.0,-8.0,4.0,0
uep027,8,2,6,RS,-10.0,-8.0,2,2.8658290716613646,1,6.435144816507708,185.29377300777662,197.5947468959457,3,4,-7.0,-8.0,4.0,0
uep027,8,2,7,RS,-8.0,-8.0,2,1.7019236949694871,1,6.236990003298338,197.5947468959457,208.5336605942135,3,4,-7.0,-8.0,4.0,0
uep027,8,2,8,RS,-5.0,-8.0,2,1.692877323722623,1,6.677992350834743,208.5336605942135,219.90453026877088,3,4,-7.0,-8.0,4.0,0
uep027,8,2,9,RS,-5.0,-8.0,2,2.114848586550882,1,5.933601489241715,219.90453026877088,230.95298034456349,3,4,-7.0,-8.0,4.0,0
uep027,8,2,10,RS,-4.0,-8.0,2,2.1672948764491737,1,5.8970133861741765,230.95298034456349,242.01728860718683,3,4,-7.0,-8.0,4.0,0
