subjectId,runId,blockId,trialId,condition,leftAnswer,rightAnswer,choiceDuration,isiDuration,feedbackDuration,itiDuration,stimOnset,itiOffset,leftColor,rightColor,mu1,mu2,sd1,sd2
uep038,1,1,1,RR,19.0,-15.0,2,2.667448115592252,1,6.211971993928484,16,27.879420109520733,2,3,19.0,-14.0,4.0,4.0
uep038,1,1,2,RR,18.0,-13.0,2,2.091674746776666,1,6.1589300367758835,27.879420109520733,39.13002489307328,2,3,19.0,-14.0,4.0,4.0
uep038,1,1,3,RR,13.0,-10.0,2,1.9457202181944284,1,6.834185946761214,39.13002489307328,50.90993105802893,2,3,19.0,-14.0,4.0,4.0
uep038,1,1,4,RR,22.0,-14.0,2,2.459285777036352,1,6.451448269760897,50.90993105802893,62.820665104826176,2,3,19.0,-14.0,4.0,4.0
uep038,1,1,5,RR,24.0,-13.0,2,1.0169310914232355,1,6.229577371829167,62.820665104826176,73.06717356807857,2,3,19.0,-14.0,4.0,4.0
uep038,1,1,6,RR,19.0,-15.0,2,2.865972305848406,1,6.210287646132418,73.06717356807857,85.14343352005939,2,3,19.0,-14.0,4.0,4.0
uep038,1,1,7,RR,20.0,-10.0,2,2.7302382385953945,1,6.614587142286863,85.14343352005939,97.48825890094164,2,3,19.0,-14.0,4.0,4.0
uep038,1,1,8,RR,15.0,-19.0,2,1.2580797738721003,1,5.801243222670778,97.48825890094164,107.54758189748452,2,3,19.0,-14.0,4.0,4.0
uep038,1,1,9,RR,26.0,-15.0,2,2.99062293051271,1,6.39793323832532,107.54758189748452,119.93613806632256,2,3,19.0,-14.0,4.0,4.0
uep038,1,1,10,RR,18.0,-12.0,2,2.1836176066809974,1,5.810908854038354,119.93613806632256,130.9306645270419,2,3,19.0,-14.0,4.0,4.0
