subjectId,runId,blockId,trialId,condition,leftAnswer,rightAnswer,choiceDuration,isiDuration,feedbackDuration,itiDuration,stimOnset,itiOffset,leftColor,rightColor,mu1,mu2,sd1,sd2
uep054,5,4,1,SS,14.0,15.0,2,1.212954087634875,1,6.55000063091139,363.5962394147789,374.35919413332516,4,5,14.0,15.0,0,0
uep054,5,4,2,SS,14.0,15.0,2,2.297685528610205,1,6.285392447133771,374.35919413332516,385.9422721090691,4,5,14.0,15.0,0,0
uep054,5,4,3,SS,14.0,15.0,2,1.3236391848261724,1,5.822712503227525,385.9422721090691,396.0886237971228,4,5,14.0,15.0,0,0
uep054,5,4,4,SS,14.0,15.0,2,2.9579755453157865,1,6.609356716078698,396.0886237971228,408.6559560585173,4,5,14.0,15.0,0,0
uep054,5,4,5,SS,14.0,15.0,2,1.057679327501401,1,5.837120318528396,408.6559560585173,418.55075570454704,4,5,14.0,15.0,0,0
uep054,5,4,6,SS,14.0,15.0,2,2.1364336046253833,1,5.207056675152758,418.55075570454704,428.8942459843252,4,5,14.0,15.0,0,0
uep054,5,4,7,SS,14.0,15.0,2,2.265597908266724,1,5.657244767010571,428.8942459843252,439.8170886596025,4,5,14.0,15.0,0,0
uep054,5,4,8,SS,14.0,15.0,2,1.7209954207913918,1,6.264380429717555,439.8170886596025,450.80246451011146,4,5,14.0,15.0,0,0
uep054,5,4,9,SS,14.0,15.0,2,2.1095900028881,1,6.764703393582888,450.80246451011146,462.67675790658245,4,5,14.0,15.0,0,0
uep054,5,4,10,SS,14.0,15.0,2,2.9356550925776648,1,5.387587000839859,462.67675790658245,474.0,4,5,14.0,15.0,0,0
