subjectId,runId,blockId,trialId,condition,leftAnswer,rightAnswer,choiceDuration,isiDuration,feedbackDuration,itiDuration,stimOnset,itiOffset,leftColor,rightColor,mu1,mu2,sd1,sd2
uep004,6,2,1,RR,0.0,-23.0,2,2.805835464294829,1,5.170128499298528,132.98299198298054,143.9589559465739,4,2,-4.0,-20.0,4.0,4.0
uep004,6,2,2,RR,-6.0,-19.0,2,2.658023804042946,1,5.53571622459976,143.9589559465739,155.1526959752166,4,2,-4.0,-20.0,4.0,4.0
uep004,6,2,3,RR,-1.0,-20.0,2,2.349152170459429,1,6.935022934375715,155.1526959752166,167.43687108005176,4,2,-4.0,-20.0,4.0,4.0
uep004,6,2,4,RR,0.0,-19.0,2,1.140341446296548,1,6.67833537590661,167.43687108005176,178.25554790225493,4,2,-4.0,-20.0,4.0,4.0
uep004,6,2,5,RR,-5.0,-19.0,2,1.5212333787081358,1,6.527866459566819,178.25554790225493,189.30464774052987,4,2,-4.0,-20.0,4.0,4.0
uep004,6,2,6,RR,3.0,-20.0,2,2.688157770949326,1,6.092073423206768,189.30464774052987,201.08487893468595,4,2,-4.0,-20.0,4.0,4.0
uep004,6,2,7,RR,-1.0,-17.0,2,1.8788899525882345,1,6.259494186684385,201.08487893468595,212.22326307395855,4,2,-4.0,-20.0,4.0,4.0
uep004,6,2,8,RR,-3.0,-20.0,2,1.2755521254823479,1,6.824265661552485,212.22326307395855,223.32308086099337,4,2,-4.0,-20.0,4.0,4.0
uep004,6,2,9,RR,-7.0,-18.0,2,2.225779292488663,1,5.539214247394041,223.32308086099337,234.08807440087605,4,2,-4.0,-20.0,4.0,4.0
uep004,6,2,10,RR,-7.0,-28.0,2,2.9427771025104654,1,5.961894320460953,234.08807440087605,245.99274582384746,4,2,-4.0,-20.0,4.0,4.0
