subjectId,runId,blockId,trialId,condition,leftAnswer,rightAnswer,choiceDuration,isiDuration,feedbackDuration,itiDuration,stimOnset,itiOffset,leftColor,rightColor,mu1,mu2,sd1,sd2
uep028,5,3,1,RS,-10.0,25.0,2,2.1918517273319944,1,6.33025923782286,248.56143479318345,260.0835457583383,2,5,-6.0,25.0,4.0,0
uep028,5,3,2,RS,-6.0,25.0,2,3.0275574280590365,1,6.0815806772939265,260.0835457583383,272.19268386369123,2,5,-6.0,25.0,4.0,0
uep028,5,3,3,RS,-9.0,25.0,2,2.5033590633702465,1,5.090137890700553,272.19268386369123,282.786180817762,2,5,-6.0,25.0,4.0,0
uep028,5,3,4,RS,1.0,25.0,2,1.4367784296789405,1,5.972727895574717,282.786180817762,293.1956871430157,2,5,-6.0,25.0,4.0,0
uep028,5,3,5,RS,-10.0,25.0,2,2.315482558985199,1,5.563436835442984,293.1956871430157,304.07460653744386,2,5,-6.0,25.0,4.0,0
uep028,5,3,6,RS,-4.0,25.0,2,1.8784697229606486,1,6.023304291062757,304.07460653744386,314.97638055146723,2,5,-6.0,25.0,4.0,0
uep028,5,3,7,RS,-9.0,25.0,2,2.529232111900181,1,6.764899471670543,314.97638055146723,327.27051213503796,2,5,-6.0,25.0,4.0,0
uep028,5,3,8,RS,-5.0,25.0,2,1.2636710641467435,1,5.736316466807536,327.27051213503796,337.27049966599225,2,5,-6.0,25.0,4.0,0
uep028,5,3,9,RS,-9.0,25.0,2,1.3652803007564598,1,5.604846590744257,337.27049966599225,347.240626557493,2,5,-6.0,25.0,4.0,0
uep028,5,3,10,RS,-8.0,25.0,2,2.6030067313538425,1,5.828688061986778,347.240626557493,358.6723213508336,2,5,-6.0,25.0,4.0,0
