subjectId,runId,blockId,trialId,condition,leftAnswer,rightAnswer,choiceDuration,isiDuration,feedbackDuration,itiDuration,stimOnset,itiOffset,leftColor,rightColor,mu1,mu2,sd1,sd2
uep007,2,2,1,RS,4.0,15.0,2,2.5300780473882742,1,5.527435609273073,130.66570439313517,141.72321804979654,4,2,7.0,15.0,4.0,0
uep007,2,2,2,RS,9.0,15.0,2,1.0537439687469365,1,7.164634871176474,141.72321804979654,152.94159688971996,4,2,7.0,15.0,4.0,0
uep007,2,2,3,RS,7.0,15.0,2,2.8899757112301985,1,6.1012723721243765,152.94159688971996,164.93284497307454,4,2,7.0,15.0,4.0,0
uep007,2,2,4,RS,2.0,15.0,2,1.9953477381952174,1,6.159453211107297,164.93284497307454,176.08764592237705,4,2,7.0,15.0,4.0,0
uep007,2,2,5,RS,4.0,15.0,2,2.8081707593595557,1,6.364635365073748,176.08764592237705,188.26045204681037,4,2,7.0,15.0,4.0,0
uep007,2,2,6,RS,4.0,15.0,2,2.930028966413415,1,5.754730820246112,188.26045204681037,199.9452118334699,4,2,7.0,15.0,4.0,0
uep007,2,2,7,RS,4.0,15.0,2,1.661758331805827,1,5.706666818712667,199.9452118334699,210.3136369839884,4,2,7.0,15.0,4.0,0
uep007,2,2,8,RS,-1.0,15.0,2,2.3626022731508622,1,6.336393287378156,210.3136369839884,222.0126325445174,4,2,7.0,15.0,4.0,0
uep007,2,2,9,RS,11.0,15.0,2,2.609825386442019,1,5.855907459583726,222.0126325445174,233.47836539054316,4,2,7.0,15.0,4.0,0
uep007,2,2,10,RS,13.0,15.0,2,2.405477773899837,1,5.84518754033293,233.47836539054316,244.72903070477594,4,2,7.0,15.0,4.0,0
