subjectId,runId,blockId,trialId,condition,leftAnswer,rightAnswer,choiceDuration,isiDuration,feedbackDuration,itiDuration,stimOnset,itiOffset,leftColor,rightColor,mu1,mu2,sd1,sd2
uep041,1,3,1,RS,16.0,-0.0,2,1.1961815035733774,1,5.193409981420297,245.25345429984185,254.64304578483552,7,5,11.0,-0.0,4.0,0
uep041,1,3,2,RS,14.0,-0.0,2,1.1347272612295016,1,5.419984727974062,254.64304578483552,264.1977577740391,7,5,11.0,-0.0,4.0,0
uep041,1,3,3,RS,12.0,-0.0,2,2.65397841365793,1,5.527134223623799,264.1977577740391,275.3788704113208,7,5,11.0,-0.0,4.0,0
uep041,1,3,4,RS,16.0,-0.0,2,2.757124075509092,1,5.480479899998195,275.3788704113208,286.6164743868281,7,5,11.0,-0.0,4.0,0
uep041,1,3,5,RS,9.0,-0.0,2,2.880575878193714,1,6.378523521941815,286.6164743868281,298.8755737869636,7,5,11.0,-0.0,4.0,0
uep041,1,3,6,RS,15.0,-0.0,2,1.8065155016177952,1,6.745081338016733,298.8755737869636,310.4271706265982,7,5,11.0,-0.0,4.0,0
uep041,1,3,7,RS,12.0,-0.0,2,2.818582002066908,1,5.607515507163579,310.4271706265982,321.85326813582867,7,5,11.0,-0.0,4.0,0
uep041,1,3,8,RS,14.0,-0.0,2,2.730206920688544,1,5.9015013426407785,321.85326813582867,333.484976399158,7,5,11.0,-0.0,4.0,0
uep041,1,3,9,RS,11.0,-0.0,2,1.9818843207476582,1,6.080340425963276,333.484976399158,344.54720114586894,7,5,11.0,-0.0,4.0,0
uep041,1,3,10,RS,14.0,-0.0,2,2.583444887480016,1,6.599225093958117,344.54720114586894,356.7298711273071,7,5,11.0,-0.0,4.0,0
