subjectId,runId,blockId,trialId,condition,leftAnswer,rightAnswer,choiceDuration,isiDuration,feedbackDuration,itiDuration,stimOnset,itiOffset,leftColor,rightColor,mu1,mu2,sd1,sd2
uep014,3,3,1,RS,-11.0,-8.0,2,1.1525650357608384,1,5.971511186601773,250.6273545609827,260.7514307833453,3,7,-9.0,-8.0,4.0,0
uep014,3,3,2,RS,-10.0,-8.0,2,1.5814667365913386,1,5.934751300985013,260.7514307833453,271.26764882092164,3,7,-9.0,-8.0,4.0,0
uep014,3,3,3,RS,-16.0,-8.0,2,1.1874506215366722,1,6.201409182309482,271.26764882092164,281.6565086247678,3,7,-9.0,-8.0,4.0,0
uep014,3,3,4,RS,-12.0,-8.0,2,1.608828657724557,1,6.018698836679868,281.6565086247678,292.2840361191722,3,7,-9.0,-8.0,4.0,0
uep014,3,3,5,RS,-7.0,-8.0,2,2.4138850887124077,1,5.572992767681277,292.2840361191722,303.27091397556586,3,7,-9.0,-8.0,4.0,0
uep014,3,3,6,RS,-14.0,-8.0,2,1.1845868948043345,1,5.306148448208191,303.27091397556586,312.7616493185784,3,7,-9.0,-8.0,4.0,0
uep014,3,3,7,RS,-5.0,-8.0,2,2.272820852834157,1,5.482159661685769,312.7616493185784,323.51662983309836,3,7,-9.0,-8.0,4.0,0
uep014,3,3,8,RS,-3.0,-8.0,2,2.6006899265912073,1,6.847396706982042,323.51662983309836,335.96471646667163,3,7,-9.0,-8.0,4.0,0
uep014,3,3,9,RS,-11.0,-8.0,2,2.2095201196525496,1,5.195457151659028,335.96471646667163,346.3696937379832,3,7,-9.0,-8.0,4.0,0
uep014,3,3,10,RS,-12.0,-8.0,2,1.1918978767756794,1,5.812251765752191,346.3696937379832,356.37384338051106,3,7,-9.0,-8.0,4.0,0
