subjectId,runId,blockId,trialId,condition,leftAnswer,rightAnswer,choiceDuration,isiDuration,feedbackDuration,itiDuration,stimOnset,itiOffset,leftColor,rightColor,mu1,mu2,sd1,sd2
uep024,7,3,1,SR,-7.0,0.0,2,2.8907385469735845,1,5.387599120048893,250.57067429628174,261.8490119633042,1,0,-7.0,-1.0,0,4.0
uep024,7,3,2,SR,-7.0,-3.0,2,2.565085456732036,1,5.8360687354126854,261.8490119633042,273.25016615544894,1,0,-7.0,-1.0,0,4.0
uep024,7,3,3,SR,-7.0,-7.0,2,1.4787786704227472,1,6.926088312422594,273.25016615544894,284.6550331382943,1,0,-7.0,-1.0,0,4.0
uep024,7,3,4,SR,-7.0,6.0,2,1.0534356362701514,1,5.515785853406888,284.6550331382943,294.22425462797133,1,0,-7.0,-1.0,0,4.0
uep024,7,3,5,SR,-7.0,-3.0,2,1.7460960327397061,1,5.5648743755363865,294.22425462797133,304.5352250362474,1,0,-7.0,-1.0,0,4.0
uep024,7,3,6,SR,-7.0,-1.0,2,2.9085950923398123,1,6.6215688951382266,304.5352250362474,317.06538902372546,1,0,-7.0,-1.0,0,4.0
uep024,7,3,7,SR,-7.0,-4.0,2,2.841855621246809,1,6.181766392538949,317.06538902372546,329.0890110375112,1,0,-7.0,-1.0,0,4.0
uep024,7,3,8,SR,-7.0,0.0,2,2.036984435661662,1,5.3465918425988415,329.0890110375112,339.47258731577176,1,0,-7.0,-1.0,0,4.0
uep024,7,3,9,SR,-7.0,-10.0,2,2.6427269663357227,1,5.044960568336586,339.47258731577176,350.16027485044407,1,0,-7.0,-1.0,0,4.0
uep024,7,3,10,SR,-7.0,1.0,2,2.160261231876991,1,5.858182393541753,350.16027485044407,361.1787184758628,1,0,-7.0,-1.0,0,4.0
