subjectId,runId,blockId,trialId,condition,leftAnswer,rightAnswer,choiceDuration,isiDuration,feedbackDuration,itiDuration,stimOnset,itiOffset,leftColor,rightColor,mu1,mu2,sd1,sd2
uep005,6,2,1,RS,-4.0,7.0,2,2.0680395178558255,1,6.983161174870913,127.98053134234009,140.03173203506682,2,1,-4.0,7.0,4.0,0
uep005,6,2,2,RS,-2.0,7.0,2,2.1500163512363595,1,5.317412223279791,140.03173203506682,150.499160609583,2,1,-4.0,7.0,4.0,0
uep005,6,2,3,RS,-2.0,7.0,2,2.7366401205955966,1,6.387443449241039,150.499160609583,162.62324417941963,2,1,-4.0,7.0,4.0,0
uep005,6,2,4,RS,-8.0,7.0,2,1.349968417254343,1,6.833167381937044,162.62324417941963,173.806379978611,2,1,-4.0,7.0,4.0,0
uep005,6,2,5,RS,-7.0,7.0,2,2.432668972398812,1,5.526039434950795,173.806379978611,184.7650883859606,2,1,-4.0,7.0,4.0,0
uep005,6,2,6,RS,-7.0,7.0,2,2.100015840225759,1,6.830608078451614,184.7650883859606,196.69571230463796,2,1,-4.0,7.0,4.0,0
uep005,6,2,7,RS,1.0,7.0,2,1.5452039769751176,1,5.881560547030132,196.69571230463796,207.12247682864322,2,1,-4.0,7.0,4.0,0
uep005,6,2,8,RS,-5.0,7.0,2,2.7623444906973456,1,6.423574886666125,207.12247682864322,219.3083962060067,2,1,-4.0,7.0,4.0,0
uep005,6,2,9,RS,-8.0,7.0,2,1.8639769374544592,1,6.753917612299395,219.3083962060067,230.92629075576056,2,1,-4.0,7.0,4.0,0
uep005,6,2,10,RS,-9.0,7.0,2,1.9100027297445301,1,6.745304105994021,230.92629075576056,242.5815975914991,2,1,-4.0,7.0,4.0,0
