subjectId,runId,blockId,trialId,condition,leftAnswer,rightAnswer,choiceDuration,isiDuration,feedbackDuration,itiDuration,stimOnset,itiOffset,leftColor,rightColor,mu1,mu2,sd1,sd2
uep027,1,3,1,RS,7.0,2.0,2,2.093405593145123,1,6.651877601347179,249.23519717594098,260.98048037043327,7,4,7.0,2.0,4.0,0
uep027,1,3,2,RS,3.0,2.0,2,2.2828749134614617,1,6.9799089379198795,260.98048037043327,273.2432642218146,7,4,7.0,2.0,4.0,0
uep027,1,3,3,RS,4.0,2.0,2,1.591209018465236,1,5.4816389062627415,273.2432642218146,283.3161121465426,7,4,7.0,2.0,4.0,0
uep027,1,3,4,RS,6.0,2.0,2,2.9391718759607395,1,6.621375203740544,283.3161121465426,295.87665922624393,7,4,7.0,2.0,4.0,0
uep027,1,3,5,RS,5.0,2.0,2,3.001265951030227,1,5.783603586852283,295.87665922624393,307.66152876412644,7,4,7.0,2.0,4.0,0
uep027,1,3,6,RS,12.0,2.0,2,1.2686912026602117,1,6.4358513213279185,307.66152876412644,318.36607128811454,7,4,7.0,2.0,4.0,0
uep027,1,3,7,RS,5.0,2.0,2,1.625406721115995,1,6.4351988479898825,318.36607128811454,329.42667685722046,7,4,7.0,2.0,4.0,0
uep027,1,3,8,RS,11.0,2.0,2,1.7742392872574493,1,6.689482454106264,329.42667685722046,340.89039859858417,7,4,7.0,2.0,4.0,0
uep027,1,3,9,RS,12.0,2.0,2,1.3834356084418387,1,5.849818726124961,340.89039859858417,351.123652933151,7,4,7.0,2.0,4.0,0
uep027,1,3,10,RS,15.0,2.0,2,2.7030672849640216,1,5.49238180402864,351.123652933151,362.3191020221437,7,4,7.0,2.0,4.0,0
