subjectId,runId,blockId,trialId,condition,leftAnswer,rightAnswer,choiceDuration,isiDuration,feedbackDuration,itiDuration,stimOnset,itiOffset,leftColor,rightColor,mu1,mu2,sd1,sd2
uep046,5,1,1,RR,-7.0,17.0,2,1.8236508958353017,1,6.560789059127213,16,27.384439954962513,7,2,-5.0,20.0,4.0,4.0
uep046,5,1,2,RR,-3.0,25.0,2,2.6037184005901812,1,6.820037930572278,27.384439954962513,39.808196286124975,7,2,-5.0,20.0,4.0,4.0
uep046,5,1,3,RR,-8.0,24.0,2,2.242448505259309,1,6.657882919559054,39.808196286124975,51.70852771094334,7,2,-5.0,20.0,4.0,4.0
uep046,5,1,4,RR,-1.0,22.0,2,2.041041638767285,1,6.712118794800865,51.70852771094334,63.46168814451149,7,2,-5.0,20.0,4.0,4.0
uep046,5,1,5,RR,-6.0,21.0,2,2.216402901307935,1,5.682597933975485,63.46168814451149,74.36068897979492,7,2,-5.0,20.0,4.0,4.0
uep046,5,1,6,RR,2.0,21.0,2,1.5019985226947496,1,5.89260901138644,74.36068897979492,84.7552965138761,7,2,-5.0,20.0,4.0,4.0
uep046,5,1,7,RR,-8.0,15.0,2,1.8033437957772664,1,5.770439315002289,84.7552965138761,95.32907962465566,7,2,-5.0,20.0,4.0,4.0
uep046,5,1,8,RR,-4.0,19.0,2,1.1059717189526292,1,6.87389925249992,95.32907962465566,106.30895059610822,7,2,-5.0,20.0,4.0,4.0
uep046,5,1,9,RR,-4.0,22.0,2,1.4073946701860132,1,5.715688561937145,106.30895059610822,116.43203382823137,7,2,-5.0,20.0,4.0,4.0
uep046,5,1,10,RR,-3.0,20.0,2,1.6068486070981918,1,5.479533874305992,116.43203382823137,126.51841630963554,7,2,-5.0,20.0,4.0,4.0
