subjectId,runId,blockId,trialId,condition,leftAnswer,rightAnswer,choiceDuration,isiDuration,feedbackDuration,itiDuration,stimOnset,itiOffset,leftColor,rightColor,mu1,mu2,sd1,sd2
uep036,1,1,1,RR,-9.0,2.0,2,1.6647936103158547,1,6.537900274947813,16,27.202693885263667,7,4,-10.0,0.0,4.0,4.0
uep036,1,1,2,RR,-10.0,-1.0,2,2.7032904391589816,1,6.3370648496890905,27.202693885263667,39.24304917411174,7,4,-10.0,0.0,4.0,4.0
uep036,1,1,3,RR,-12.0,-1.0,2,2.7886002413099673,1,6.551407986700815,39.24304917411174,51.58305740212252,7,4,-10.0,0.0,4.0,4.0
uep036,1,1,4,RR,-9.0,2.0,2,2.0028499289729593,1,6.093239121040583,51.58305740212252,62.67914645213606,7,4,-10.0,0.0,4.0,4.0
uep036,1,1,5,RR,-7.0,-2.0,2,1.360214706179594,1,6.721241084043026,62.67914645213606,73.76060224235867,7,4,-10.0,0.0,4.0,4.0
uep036,1,1,6,RR,-8.0,5.0,2,2.8141970048898153,1,4.977275084416874,73.76060224235867,84.55207433166537,7,4,-10.0,0.0,4.0,4.0
uep036,1,1,7,RR,-11.0,6.0,2,2.7384238548813133,1,5.903810286332174,84.55207433166537,96.19430847287886,7,4,-10.0,0.0,4.0,4.0
uep036,1,1,8,RR,1.0,5.0,2,2.782449041186586,1,5.438134709666981,96.19430847287886,107.41489222373242,7,4,-10.0,0.0,4.0,4.0
uep036,1,1,9,RR,-9.0,4.0,2,1.390332063935551,1,6.795270717202591,107.41489222373242,118.60049500487057,7,4,-10.0,0.0,4.0,4.0
uep036,1,1,10,RR,-6.0,3.0,2,2.0093675560475988,1,6.822810415853537,118.60049500487057,130.4326729767717,7,4,-10.0,0.0,4.0,4.0
