subjectId,runId,blockId,trialId,condition,leftAnswer,rightAnswer,choiceDuration,isiDuration,feedbackDuration,itiDuration,stimOnset,itiOffset,leftColor,rightColor,mu1,mu2,sd1,sd2
uep027,3,3,1,RS,3.0,-1.0,2,2.164044848500945,1,6.899282531649651,248.61910269455538,260.68243007470596,3,6,-7.0,-1.0,4.0,0
uep027,3,3,2,RS,-2.0,-1.0,2,1.8251547392786518,1,6.73153797480224,260.68243007470596,272.23912278878686,3,6,-7.0,-1.0,4.0,0
uep027,3,3,3,RS,-11.0,-1.0,2,2.539161311359794,1,6.283772262016608,272.23912278878686,284.0620563621633,3,6,-7.0,-1.0,4.0,0
uep027,3,3,4,RS,-15.0,-1.0,2,1.3140616832322498,1,6.450244365415166,284.0620563621633,294.8263624108107,3,6,-7.0,-1.0,4.0,0
uep027,3,3,5,RS,-9.0,-1.0,2,1.5236017876201575,1,6.125186663950495,294.8263624108107,305.4751508623814,3,6,-7.0,-1.0,4.0,0
uep027,3,3,6,RS,-5.0,-1.0,2,2.4589913287761647,1,5.881890146369511,305.4751508623814,316.8160323375271,3,6,-7.0,-1.0,4.0,0
uep027,3,3,7,RS,-9.0,-1.0,2,1.8183463748209079,1,6.712301786374618,316.8160323375271,328.3466804987226,3,6,-7.0,-1.0,4.0,0
uep027,3,3,8,RS,-10.0,-1.0,2,1.6949053363125097,1,5.047261848819869,328.3466804987226,338.08884768385496,3,6,-7.0,-1.0,4.0,0
uep027,3,3,9,RS,-5.0,-1.0,2,2.457933206845216,1,5.8662078392402375,338.08884768385496,349.4129887299404,3,6,-7.0,-1.0,4.0,0
uep027,3,3,10,RS,-12.0,-1.0,2,2.4577327222070755,1,6.286766973784668,349.4129887299404,361.1574884259322,3,6,-7.0,-1.0,4.0,0
