subjectId,runId,blockId,trialId,condition,leftAnswer,rightAnswer,choiceDuration,isiDuration,feedbackDuration,itiDuration,stimOnset,itiOffset,leftColor,rightColor,mu1,mu2,sd1,sd2
uep051,6,4,1,RR,-23.0,5.0,2,1.2337051626146436,1,6.022309500029683,365.6376036409827,375.893618303627,2,7,-24.0,8.0,4.0,4.0
uep051,6,4,2,RR,-30.0,3.0,2,2.046598281063788,1,5.257070707063497,375.893618303627,386.1972872917543,2,7,-24.0,8.0,4.0,4.0
uep051,6,4,3,RR,-26.0,4.0,2,2.695334880644307,1,5.335212330913853,386.1972872917543,397.22783450331247,2,7,-24.0,8.0,4.0,4.0
uep051,6,4,4,RR,-24.0,9.0,2,1.8395758718649105,1,5.821692168774193,397.22783450331247,407.88910254395154,2,7,-24.0,8.0,4.0,4.0
uep051,6,4,5,RR,-24.0,4.0,2,2.2787635068587533,1,6.287694977557212,407.88910254395154,419.4555610283675,2,7,-24.0,8.0,4.0,4.0
uep051,6,4,6,RR,-23.0,8.0,2,1.2171295900853722,1,6.191095147678887,419.4555610283675,429.8637857661318,2,7,-24.0,8.0,4.0,4.0
uep051,6,4,7,RR,-29.0,10.0,2,1.5160475888413312,1,6.794253992745005,429.8637857661318,441.1740873477181,2,7,-24.0,8.0,4.0,4.0
uep051,6,4,8,RR,-19.0,12.0,2,1.8685146499482028,1,6.529950483872923,441.1740873477181,452.5725524815393,2,7,-24.0,8.0,4.0,4.0
uep051,6,4,9,RR,-31.0,15.0,2,2.598056499377191,1,5.323200615488839,452.5725524815393,463.4938095964053,2,7,-24.0,8.0,4.0,4.0
uep051,6,4,10,RR,-22.0,2.0,2,1.7129705710965712,1,5.793219832498149,463.4938095964053,474.0,2,7,-24.0,8.0,4.0,4.0
