subjectId,runId,blockId,trialId,condition,leftAnswer,rightAnswer,choiceDuration,isiDuration,feedbackDuration,itiDuration,stimOnset,itiOffset,leftColor,rightColor,mu1,mu2,sd1,sd2
uep018,8,1,1,SS,-4.0,-10.0,2,1.1441525846877647,1,5.55037976572331,16,25.694532350411073,6,4,-4.0,-10.0,0,0
uep018,8,1,2,SS,-4.0,-10.0,2,1.7615166742603656,1,5.650589350078045,25.694532350411073,36.10663837474949,6,4,-4.0,-10.0,0,0
uep018,8,1,3,SS,-4.0,-10.0,2,1.4693056368149888,1,5.710882000416406,36.10663837474949,46.28682601198088,6,4,-4.0,-10.0,0,0
uep018,8,1,4,SS,-4.0,-10.0,2,2.0709846954682116,1,6.77421253116352,46.28682601198088,58.13202323861261,6,4,-4.0,-10.0,0,0
uep018,8,1,5,SS,-4.0,-10.0,2,1.801017342833272,1,5.866301462990289,58.13202323861261,68.79934204443617,6,4,-4.0,-10.0,0,0
uep018,8,1,6,SS,-4.0,-10.0,2,2.2767957669340326,1,5.265939032554019,68.79934204443617,79.34207684392422,6,4,-4.0,-10.0,0,0
uep018,8,1,7,SS,-4.0,-10.0,2,2.758674958835512,1,6.11023664840467,79.34207684392422,91.2109884511644,6,4,-4.0,-10.0,0,0
uep018,8,1,8,SS,-4.0,-10.0,2,1.5104111690332807,1,5.758035892107041,91.2109884511644,101.47943551230472,6,4,-4.0,-10.0,0,0
uep018,8,1,9,SS,-4.0,-10.0,2,2.5236636255657303,1,6.690478376423489,101.47943551230472,113.69357751429393,6,4,-4.0,-10.0,0,0
uep018,8,1,10,SS,-4.0,-10.0,2,2.1276420157575404,1,6.575661200118125,113.69357751429393,125.3968807301696,6,4,-4.0,-10.0,0,0
