subjectId,runId,blockId,trialId,condition,leftAnswer,rightAnswer,choiceDuration,isiDuration,feedbackDuration,itiDuration,stimOnset,itiOffset,leftColor,rightColor,mu1,mu2,sd1,sd2
uep013,8,3,1,SR,2.0,-10.0,2,2.978019728073784,1,5.702958788427954,243.91047418021557,255.5914526967173,2,5,2.0,-11.0,0,4.0
uep013,8,3,2,SR,2.0,-13.0,2,1.794033509918136,1,6.6667351665346555,255.5914526967173,267.05222137317,2,5,2.0,-11.0,0,4.0
uep013,8,3,3,SR,2.0,-8.0,2,2.1360046883071337,1,6.652994915888187,267.05222137317,278.84122097736537,2,5,2.0,-11.0,0,4.0
uep013,8,3,4,SR,2.0,-12.0,2,1.8433849946796195,1,6.6182612341902205,278.84122097736537,290.30286720623525,2,5,2.0,-11.0,0,4.0
uep013,8,3,5,SR,2.0,-8.0,2,2.323709670104846,1,5.316880846265724,290.30286720623525,300.94345772260584,2,5,2.0,-11.0,0,4.0
uep013,8,3,6,SR,2.0,-11.0,2,1.3988136303800909,1,5.263239134316992,300.94345772260584,310.605510487303,2,5,2.0,-11.0,0,4.0
uep013,8,3,7,SR,2.0,-10.0,2,1.9873041927253108,1,6.144115091994527,310.605510487303,321.73692977202285,2,5,2.0,-11.0,0,4.0
uep013,8,3,8,SR,2.0,-18.0,2,2.947824962401629,1,6.570724557783545,321.73692977202285,334.255479292208,2,5,2.0,-11.0,0,4.0
uep013,8,3,9,SR,2.0,-13.0,2,1.2328591507169546,1,6.803582159077706,334.255479292208,345.2919206020026,2,5,2.0,-11.0,0,4.0
uep013,8,3,10,SR,2.0,-9.0,2,1.7121305645633762,1,5.154997019823951,345.2919206020026,355.15904818638995,2,5,2.0,-11.0,0,4.0
