subjectId,runId,blockId,trialId,condition,leftAnswer,rightAnswer,choiceDuration,isiDuration,feedbackDuration,itiDuration,stimOnset,itiOffset,leftColor,rightColor,mu1,mu2,sd1,sd2
uep052,1,4,1,SR,2.0,-15.0,2,1.514206336193964,1,6.922679766102307,364.4692745867637,375.90616068905996,5,1,2.0,-16.0,0,4.0
uep052,1,4,2,SR,2.0,-10.0,2,2.5645365430041602,1,5.422338828146463,375.90616068905996,386.8930360602106,5,1,2.0,-16.0,0,4.0
uep052,1,4,3,SR,2.0,-23.0,2,2.019865898562906,1,5.107045185860433,386.8930360602106,397.01994714463393,5,1,2.0,-16.0,0,4.0
uep052,1,4,4,SR,2.0,-11.0,2,1.8519622904602147,1,5.644555683843603,397.01994714463393,407.51646511893773,5,1,2.0,-16.0,0,4.0
uep052,1,4,5,SR,2.0,-17.0,2,2.1515925993739162,1,5.141116658089122,407.51646511893773,417.8091743764008,5,1,2.0,-16.0,0,4.0
uep052,1,4,6,SR,2.0,-9.0,2,2.510444595954978,1,5.450074663635171,417.8091743764008,428.76969363599096,5,1,2.0,-16.0,0,4.0
uep052,1,4,7,SR,2.0,-18.0,2,1.5610508641576117,1,7.041469586250951,428.76969363599096,440.37221408639954,5,1,2.0,-16.0,0,4.0
uep052,1,4,8,SR,2.0,-16.0,2,2.7931000310256713,1,6.951898961658667,440.37221408639954,453.1172130790839,5,1,2.0,-16.0,0,4.0
uep052,1,4,9,SR,2.0,-13.0,2,1.4143808412390075,1,5.223355761818016,453.1172130790839,462.75494968214093,5,1,2.0,-16.0,0,4.0
uep052,1,4,10,SR,2.0,-13.0,2,2.717028818980803,1,5.528021498878496,462.75494968214093,474.0000000000002,5,1,2.0,-16.0,0,4.0
