subjectId,runId,blockId,trialId,condition,leftAnswer,rightAnswer,choiceDuration,isiDuration,feedbackDuration,itiDuration,stimOnset,itiOffset,leftColor,rightColor,mu1,mu2,sd1,sd2
uep012,4,3,1,RS,21.0,-17.0,2,2.408233797623827,1,5.576016204708393,249.28659138478332,260.2708413871155,1,0,11.0,-17.0,4.0,0
uep012,4,3,2,RS,3.0,-17.0,2,1.5151961727289793,1,6.035157009300624,260.2708413871155,270.8211945691451,1,0,11.0,-17.0,4.0,0
uep012,4,3,3,RS,15.0,-17.0,2,1.2135993673304097,1,5.635490157527361,270.8211945691451,280.6702840940029,1,0,11.0,-17.0,4.0,0
uep012,4,3,4,RS,9.0,-17.0,2,1.420839673067852,1,6.787676906761884,280.6702840940029,291.87880067383264,1,0,11.0,-17.0,4.0,0
uep012,4,3,5,RS,17.0,-17.0,2,1.873315908120503,1,5.271288556239462,291.87880067383264,302.02340513819263,1,0,11.0,-17.0,4.0,0
uep012,4,3,6,RS,10.0,-17.0,2,2.5190338135546946,1,6.718023708624214,302.02340513819263,314.26046266037156,1,0,11.0,-17.0,4.0,0
uep012,4,3,7,RS,12.0,-17.0,2,2.1342489541225267,1,5.4807604129415015,314.26046266037156,324.8754720274356,1,0,11.0,-17.0,4.0,0
uep012,4,3,8,RS,4.0,-17.0,2,2.5172261906994047,1,6.443637858261418,324.8754720274356,336.83633607639644,1,0,11.0,-17.0,4.0,0
uep012,4,3,9,RS,19.0,-17.0,2,2.048586218067131,1,6.256736343915987,336.83633607639644,348.14165863837957,1,0,11.0,-17.0,4.0,0
uep012,4,3,10,RS,14.0,-17.0,2,2.275669294172309,1,6.967934352373961,348.14165863837957,360.38526228492583,1,0,11.0,-17.0,4.0,0
