subjectId,runId,blockId,trialId,condition,leftAnswer,rightAnswer,choiceDuration,isiDuration,feedbackDuration,itiDuration,stimOnset,itiOffset,leftColor,rightColor,mu1,mu2,sd1,sd2
uep039,7,4,1,SR,9.0,14.0,2,2.473759004459304,1,5.457025299497209,365.24347303479203,376.17425733874853,2,0,9.0,10.0,0,4.0
uep039,7,4,2,SR,9.0,12.0,2,1.3236054103269224,1,5.938740502853847,376.17425733874853,386.43660325192934,2,0,9.0,10.0,0,4.0
uep039,7,4,3,SR,9.0,10.0,2,1.5873701464194925,1,6.303513734483134,386.43660325192934,397.327487132832,2,0,9.0,10.0,0,4.0
uep039,7,4,4,SR,9.0,5.0,2,1.6186005046976764,1,6.760167105249411,397.327487132832,408.7062547427791,2,0,9.0,10.0,0,4.0
uep039,7,4,5,SR,9.0,12.0,2,1.5315890572376833,1,6.148231350669661,408.7062547427791,419.38607515068645,2,0,9.0,10.0,0,4.0
uep039,7,4,6,SR,9.0,12.0,2,2.896868123667335,1,5.872628432715783,419.38607515068645,431.15557170706956,2,0,9.0,10.0,0,4.0
uep039,7,4,7,SR,9.0,10.0,2,3.022685682110579,1,5.228871744775382,431.15557170706956,442.40712913395555,2,0,9.0,10.0,0,4.0
uep039,7,4,8,SR,9.0,12.0,2,1.6878053561041657,1,6.181221100251688,442.40712913395555,453.27615559031136,2,0,9.0,10.0,0,4.0
uep039,7,4,9,SR,9.0,10.0,2,2.2225639822227055,1,5.665856961166816,453.27615559031136,464.1645765337009,2,0,9.0,10.0,0,4.0
uep039,7,4,10,SR,9.0,1.0,2,1.247938611741414,1,5.587484854557774,464.1645765337009,474.00000000000006,2,0,9.0,10.0,0,4.0
