subjectId,runId,blockId,trialId,condition,leftAnswer,rightAnswer,choiceDuration,isiDuration,feedbackDuration,itiDuration,stimOnset,itiOffset,leftColor,rightColor,mu1,mu2,sd1,sd2
uep011,6,2,1,RS,-2.0,0.0,2,1.1177511533478888,1,5.22550509129736,136.98287024922018,146.32612649386542,1,6,-7.0,0.0,4.0,0
uep011,6,2,2,RS,-10.0,0.0,2,2.1777902997280054,1,6.4814633125556815,146.32612649386542,157.9853801061491,1,6,-7.0,0.0,4.0,0
uep011,6,2,3,RS,-2.0,0.0,2,2.936324772744238,1,5.146246873832251,157.9853801061491,169.06795175272558,1,6,-7.0,0.0,4.0,0
uep011,6,2,4,RS,-3.0,0.0,2,1.5501862995499915,1,6.115504590444861,169.06795175272558,179.7336426427204,1,6,-7.0,0.0,4.0,0
uep011,6,2,5,RS,-15.0,0.0,2,1.1089839151370087,1,5.855656261737622,179.7336426427204,189.69828281959505,1,6,-7.0,0.0,4.0,0
uep011,6,2,6,RS,-3.0,0.0,2,1.5174375066861823,1,5.57312321293694,189.69828281959505,199.78884353921816,1,6,-7.0,0.0,4.0,0
uep011,6,2,7,RS,-1.0,0.0,2,2.180928559992373,1,5.556629352597688,199.78884353921816,210.52640145180823,1,6,-7.0,0.0,4.0,0
uep011,6,2,8,RS,-7.0,0.0,2,2.0156779501043873,1,5.801314657189291,210.52640145180823,221.3433940591019,1,6,-7.0,0.0,4.0,0
uep011,6,2,9,RS,-2.0,0.0,2,1.069363936608021,1,5.332679711423483,221.3433940591019,230.74543770713342,1,6,-7.0,0.0,4.0,0
uep011,6,2,10,RS,-7.0,0.0,2,3.0190956871809367,1,5.9718273179285095,230.74543770713342,242.73636071224286,1,6,-7.0,0.0,4.0,0
