subjectId,runId,blockId,trialId,condition,leftAnswer,rightAnswer,choiceDuration,isiDuration,feedbackDuration,itiDuration,stimOnset,itiOffset,leftColor,rightColor,mu1,mu2,sd1,sd2
uep045,7,1,1,SR,4.0,4.0,2,2.242379810252565,1,6.851485387652725,16,28.09386519790529,5,1,4.0,4.0,0,4.0
uep045,7,1,2,SR,4.0,3.0,2,2.040596352106884,1,5.770917493539117,28.09386519790529,38.90537904355129,5,1,4.0,4.0,0,4.0
uep045,7,1,3,SR,4.0,11.0,2,2.1427454380762443,1,6.021365099450275,38.90537904355129,50.06948958107782,5,1,4.0,4.0,0,4.0
uep045,7,1,4,SR,4.0,7.0,2,2.326421007228597,1,6.075522511146265,50.06948958107782,61.47143309945268,5,1,4.0,4.0,0,4.0
uep045,7,1,5,SR,4.0,7.0,2,2.460773919947148,1,5.442472381405015,61.47143309945268,72.37467940080484,5,1,4.0,4.0,0,4.0
uep045,7,1,6,SR,4.0,-4.0,2,1.004917781819374,1,6.82372378193217,72.37467940080484,83.20332096455638,5,1,4.0,4.0,0,4.0
uep045,7,1,7,SR,4.0,9.0,2,1.678000291533566,1,6.039426599292252,83.20332096455638,93.9207478553822,5,1,4.0,4.0,0,4.0
uep045,7,1,8,SR,4.0,3.0,2,1.6702081073409678,1,5.784423040107053,93.9207478553822,104.37537900283023,5,1,4.0,4.0,0,4.0
uep045,7,1,9,SR,4.0,3.0,2,2.1764445870356908,1,6.068438695428842,104.37537900283023,115.62026228529476,5,1,4.0,4.0,0,4.0
uep045,7,1,10,SR,4.0,12.0,2,2.4628892223592693,1,6.490078012708439,115.62026228529476,127.57322952036246,5,1,4.0,4.0,0,4.0
