subjectId,runId,blockId,trialId,condition,leftAnswer,rightAnswer,choiceDuration,isiDuration,feedbackDuration,itiDuration,stimOnset,itiOffset,leftColor,rightColor,mu1,mu2,sd1,sd2
uep052,4,4,1,SS,-0.0,-1.0,2,2.1422378996374443,1,5.758350959013311,367.45931370894783,378.35990256759857,0,7,-0.0,-1.0,0,0
uep052,4,4,2,SS,-0.0,-1.0,2,1.7826982617905758,1,5.607728789255232,378.35990256759857,388.7503296186444,0,7,-0.0,-1.0,0,0
uep052,4,4,3,SS,-0.0,-1.0,2,1.5940935008438735,1,6.346165677963334,388.7503296186444,399.6905887974516,0,7,-0.0,-1.0,0,0
uep052,4,4,4,SS,-0.0,-1.0,2,2.4667809504876623,1,5.58834122423805,399.6905887974516,410.7457109721773,0,7,-0.0,-1.0,0,0
uep052,4,4,5,SS,-0.0,-1.0,2,1.445068685263843,1,6.81040848958394,410.7457109721773,422.00118814702506,0,7,-0.0,-1.0,0,0
uep052,4,4,6,SS,-0.0,-1.0,2,1.7993051432871763,1,5.671186344674109,422.00118814702506,432.47167963498634,0,7,-0.0,-1.0,0,0
uep052,4,4,7,SS,-0.0,-1.0,2,1.7051091918203907,1,6.984698591082017,432.47167963498634,444.16148741788874,0,7,-0.0,-1.0,0,0
uep052,4,4,8,SS,-0.0,-1.0,2,1.8845941836163522,1,5.25238386706347,444.16148741788874,454.29846546856857,0,7,-0.0,-1.0,0,0
uep052,4,4,9,SS,-0.0,-1.0,2,1.2679056371421946,1,5.768476457931457,454.29846546856857,464.3348475636422,0,7,-0.0,-1.0,0,0
uep052,4,4,10,SS,-0.0,-1.0,2,1.0102567503339044,1,5.654895686023851,464.3348475636422,473.99999999999994,0,7,-0.0,-1.0,0,0
