subjectId,runId,blockId,trialId,condition,leftAnswer,rightAnswer,choiceDuration,isiDuration,feedbackDuration,itiDuration,stimOnset,itiOffset,leftColor,rightColor,mu1,mu2,sd1,sd2
uep004,8,1,1,RR,-5.0,6.0,2,2.394442546778352,1,5.474504460464279,16,26.868947007242628,3,0,-1.0,7.0,4.0,4.0
uep004,8,1,2,RR,-1.0,14.0,2,1.358615483801543,1,5.992569806288205,26.868947007242628,37.22013229733238,3,0,-1.0,7.0,4.0,4.0
uep004,8,1,3,RR,-10.0,3.0,2,1.3429816104083143,1,6.08039035119475,37.22013229733238,47.643504258935444,3,0,-1.0,7.0,4.0,4.0
uep004,8,1,4,RR,1.0,8.0,2,1.2134845520923785,1,5.1180372590967735,47.643504258935444,56.9750260701246,3,0,-1.0,7.0,4.0,4.0
uep004,8,1,5,RR,-3.0,4.0,2,2.046187584819159,1,5.910211093437826,56.9750260701246,67.93142474838159,3,0,-1.0,7.0,4.0,4.0
uep004,8,1,6,RR,4.0,6.0,2,1.2200531495162137,1,6.087538014399927,67.93142474838159,78.23901591229773,3,0,-1.0,7.0,4.0,4.0
uep004,8,1,7,RR,1.0,7.0,2,1.3080052565542923,1,6.3979554694255265,78.23901591229773,88.94497663827755,3,0,-1.0,7.0,4.0,4.0
uep004,8,1,8,RR,-4.0,9.0,2,2.8387630244146127,1,6.703181062170187,88.94497663827755,101.48692072486236,3,0,-1.0,7.0,4.0,4.0
uep004,8,1,9,RR,-0.0,11.0,2,2.677191739026078,1,5.110428907785905,101.48692072486236,112.27454137167435,3,0,-1.0,7.0,4.0,4.0
uep004,8,1,10,RR,-1.0,6.0,2,2.587222897130818,1,6.107503948450068,112.27454137167435,123.96926821725523,3,0,-1.0,7.0,4.0,4.0
