subjectId,runId,blockId,trialId,condition,leftAnswer,rightAnswer,choiceDuration,isiDuration,feedbackDuration,itiDuration,stimOnset,itiOffset,leftColor,rightColor,mu1,mu2,sd1,sd2
uep034,3,3,1,RS,15.0,-14.0,2,2.91904117564342,1,6.217409923674522,245.31340134846874,257.44985244778667,6,7,16.0,-14.0,4.0,0
uep034,3,3,2,RS,17.0,-14.0,2,1.8446403500859934,1,5.486223808654996,257.44985244778667,267.7807166065276,6,7,16.0,-14.0,4.0,0
uep034,3,3,3,RS,14.0,-14.0,2,1.4799944258758087,1,5.98982688255246,267.7807166065276,278.2505379149559,6,7,16.0,-14.0,4.0,0
uep034,3,3,4,RS,15.0,-14.0,2,1.546287648332741,1,6.60961174917473,278.2505379149559,289.40643731246337,6,7,16.0,-14.0,4.0,0
uep034,3,3,5,RS,13.0,-14.0,2,1.2185579210455235,1,5.192186755551984,289.40643731246337,298.8171819890609,6,7,16.0,-14.0,4.0,0
uep034,3,3,6,RS,7.0,-14.0,2,2.727006866779684,1,5.999656314877566,298.8171819890609,310.5438451707181,6,7,16.0,-14.0,4.0,0
uep034,3,3,7,RS,16.0,-14.0,2,2.2664374395186,1,5.171102451340817,310.5438451707181,320.9813850615775,6,7,16.0,-14.0,4.0,0
uep034,3,3,8,RS,24.0,-14.0,2,2.805579605539632,1,6.608649951458261,320.9813850615775,333.39561461857534,6,7,16.0,-14.0,4.0,0
uep034,3,3,9,RS,18.0,-14.0,2,1.5946445140574694,1,5.338156632613218,333.39561461857534,343.328415765246,6,7,16.0,-14.0,4.0,0
uep034,3,3,10,RS,20.0,-14.0,2,2.2677641358772713,1,5.534302022346454,343.328415765246,354.13048192346974,6,7,16.0,-14.0,4.0,0
