subjectId,runId,blockId,trialId,condition,leftAnswer,rightAnswer,choiceDuration,isiDuration,feedbackDuration,itiDuration,stimOnset,itiOffset,leftColor,rightColor,mu1,mu2,sd1,sd2
uep043,3,3,1,SR,-1.0,7.0,2,1.7117353545938727,1,5.6556488019047935,247.54894751092615,257.91633166742486,5,2,-1.0,3.0,0,4.0
uep043,3,3,2,SR,-1.0,-6.0,2,1.9667771765054416,1,6.563051697144758,257.91633166742486,269.4461605410751,5,2,-1.0,3.0,0,4.0
uep043,3,3,3,SR,-1.0,10.0,2,2.516064345056014,1,6.820588488348989,269.4461605410751,281.78281337448004,5,2,-1.0,3.0,0,4.0
uep043,3,3,4,SR,-1.0,9.0,2,1.4028451663488761,1,6.773434993808695,281.78281337448004,292.9590935346376,5,2,-1.0,3.0,0,4.0
uep043,3,3,5,SR,-1.0,6.0,2,2.5620569892523517,1,6.731345092343521,292.9590935346376,305.2524956162335,5,2,-1.0,3.0,0,4.0
uep043,3,3,6,SR,-1.0,8.0,2,2.155237682479749,1,6.278867301187512,305.2524956162335,316.68660059990077,5,2,-1.0,3.0,0,4.0
uep043,3,3,7,SR,-1.0,7.0,2,1.5028220228539642,1,5.884983771348056,316.68660059990077,327.0744063941028,5,2,-1.0,3.0,0,4.0
uep043,3,3,8,SR,-1.0,2.0,2,2.8557847162934418,1,5.628747874729806,327.0744063941028,338.5589389851261,5,2,-1.0,3.0,0,4.0
uep043,3,3,9,SR,-1.0,2.0,2,1.0133012520035904,1,4.999096926284975,338.5589389851261,347.5713371634146,5,2,-1.0,3.0,0,4.0
uep043,3,3,10,SR,-1.0,6.0,2,1.9546562706416817,1,5.057146919790205,347.5713371634146,357.58314035384655,5,2,-1.0,3.0,0,4.0
