subjectId,runId,blockId,trialId,condition,leftAnswer,rightAnswer,choiceDuration,isiDuration,feedbackDuration,itiDuration,stimOnset,itiOffset,leftColor,rightColor,mu1,mu2,sd1,sd2
uep053,6,2,1,RS,17.0,-8.0,2,2.6820267199342998,1,5.580256585557826,129.7573956446417,141.01967895013382,0,2,7.0,-8.0,4.0,0
uep053,6,2,2,RS,12.0,-8.0,2,1.4693492505968775,1,6.85969427739586,141.01967895013382,152.34872247812655,0,2,7.0,-8.0,4.0,0
uep053,6,2,3,RS,9.0,-8.0,2,1.4092942250802047,1,5.0420655031050154,152.34872247812655,161.80008220631177,0,2,7.0,-8.0,4.0,0
uep053,6,2,4,RS,5.0,-8.0,2,2.702734578577835,1,6.37577356800179,161.80008220631177,173.8785903528914,0,2,7.0,-8.0,4.0,0
uep053,6,2,5,RS,4.0,-8.0,2,2.474923953766554,1,5.0932635498873315,173.8785903528914,184.44677785654528,0,2,7.0,-8.0,4.0,0
uep053,6,2,6,RS,3.0,-8.0,2,2.443161347995407,1,5.959802881386459,184.44677785654528,195.84974208592715,0,2,7.0,-8.0,4.0,0
uep053,6,2,7,RS,11.0,-8.0,2,2.753851280769665,1,6.426162463217337,195.84974208592715,208.02975582991414,0,2,7.0,-8.0,4.0,0
uep053,6,2,8,RS,12.0,-8.0,2,1.8952983668702248,1,6.575648204266976,208.02975582991414,219.50070240105134,0,2,7.0,-8.0,4.0,0
uep053,6,2,9,RS,7.0,-8.0,2,1.0866817833073146,1,5.521423800652005,219.50070240105134,229.10880798501066,0,2,7.0,-8.0,4.0,0
uep053,6,2,10,RS,13.0,-8.0,2,1.3270683726525478,1,6.111850072264675,229.10880798501066,239.54772642992788,0,2,7.0,-8.0,4.0,0
