subjectId,runId,blockId,trialId,condition,leftAnswer,rightAnswer,choiceDuration,isiDuration,feedbackDuration,itiDuration,stimOnset,itiOffset,leftColor,rightColor,mu1,mu2,sd1,sd2
uep000,1,2,1,SR,-14.0,1.0,2,1.4745899658146013,1,5.790607205483194,131.20023042832918,141.46542759962696,3,1,-14.0,1.0,0,4.0
uep000,1,2,2,SR,-14.0,1.0,2,1.4242916709028153,1,5.465611227394432,141.46542759962696,151.3553304979242,3,1,-14.0,1.0,0,4.0
uep000,1,2,3,SR,-14.0,-5.0,2,2.9339497764715143,1,6.393162592641768,151.3553304979242,163.68244286703748,3,1,-14.0,1.0,0,4.0
uep000,1,2,4,SR,-14.0,-0.0,2,1.6144683335432992,1,7.074046852412787,163.68244286703748,175.37095805299356,3,1,-14.0,1.0,0,4.0
uep000,1,2,5,SR,-14.0,1.0,2,3.015744533765041,1,5.3616189329108765,175.37095805299356,186.74832151966947,3,1,-14.0,1.0,0,4.0
uep000,1,2,6,SR,-14.0,1.0,2,1.606425527907761,1,5.9692399327996695,186.74832151966947,197.3239869803769,3,1,-14.0,1.0,0,4.0
uep000,1,2,7,SR,-14.0,5.0,2,2.318556251778056,1,5.482812559319224,197.3239869803769,208.1253557914742,3,1,-14.0,1.0,0,4.0
uep000,1,2,8,SR,-14.0,11.0,2,1.1879233156692335,1,5.6343243784656405,208.1253557914742,217.94760348560905,3,1,-14.0,1.0,0,4.0
uep000,1,2,9,SR,-14.0,6.0,2,1.7385652111114493,1,5.652292205851824,217.94760348560905,228.33846090257234,3,1,-14.0,1.0,0,4.0
uep000,1,2,10,SR,-14.0,-3.0,2,1.06347794173989,1,6.323467930688634,228.33846090257234,238.72540677500083,3,1,-14.0,1.0,0,4.0
