subjectId,runId,blockId,trialId,condition,leftAnswer,rightAnswer,choiceDuration,isiDuration,feedbackDuration,itiDuration,stimOnset,itiOffset,leftColor,rightColor,mu1,mu2,sd1,sd2
uep006,1,1,1,SR,-11.0,2.0,2,1.3726862623711786,1,5.374118842151007,16,25.746805104522185,4,6,-11.0,6.0,0,4.0
uep006,1,1,2,SR,-11.0,3.0,2,2.447414506727576,1,5.279521479939331,25.746805104522185,36.47374109118909,4,6,-11.0,6.0,0,4.0
uep006,1,1,3,SR,-11.0,8.0,2,1.8152288834809582,1,6.291830933381655,36.47374109118909,47.5808009080517,4,6,-11.0,6.0,0,4.0
uep006,1,1,4,SR,-11.0,8.0,2,1.9697378438124367,1,5.526150408820616,47.5808009080517,58.07668916068475,4,6,-11.0,6.0,0,4.0
uep006,1,1,5,SR,-11.0,7.0,2,1.3228846134798995,1,6.928191005265299,58.07668916068475,69.32776477942996,4,6,-11.0,6.0,0,4.0
uep006,1,1,6,SR,-11.0,5.0,2,2.915429710463188,1,5.507956234635553,69.32776477942996,80.7511507245287,4,6,-11.0,6.0,0,4.0
uep006,1,1,7,SR,-11.0,4.0,2,1.7605534187281586,1,5.065163281691849,80.7511507245287,90.57686742494872,4,6,-11.0,6.0,0,4.0
uep006,1,1,8,SR,-11.0,8.0,2,1.8780190591478294,1,6.9488858333753045,90.57686742494872,102.40377231747185,4,6,-11.0,6.0,0,4.0
uep006,1,1,9,SR,-11.0,8.0,2,1.3170098786605526,1,6.589609221943509,102.40377231747185,113.31039141807591,4,6,-11.0,6.0,0,4.0
uep006,1,1,10,SR,-11.0,-3.0,2,1.0056868419960552,1,6.963504094234474,113.31039141807591,124.27958235430644,4,6,-11.0,6.0,0,4.0
