subjectId,runId,blockId,trialId,condition,leftAnswer,rightAnswer,choiceDuration,isiDuration,feedbackDuration,itiDuration,stimOnset,itiOffset,leftColor,rightColor,mu1,mu2,sd1,sd2
uep043,8,2,1,SS,3.0,-14.0,2,1.3424693276299522,1,5.823969353501247,129.6752504690793,139.84168915021047,6,4,3.0,-14.0,0,0
uep043,8,2,2,SS,3.0,-14.0,2,1.0498592775547286,1,7.055544434283828,139.84168915021047,150.94709286204903,6,4,3.0,-14.0,0,0
uep043,8,2,3,SS,3.0,-14.0,2,2.7018750684141373,1,7.114205947280565,150.94709286204903,163.76317387774372,6,4,3.0,-14.0,0,0
uep043,8,2,4,SS,3.0,-14.0,2,2.6997524332193716,1,6.573084510172855,163.76317387774372,176.03601082113596,6,4,3.0,-14.0,0,0
uep043,8,2,5,SS,3.0,-14.0,2,2.6043946898889807,1,6.8614607553608815,176.03601082113596,188.50186626638583,6,4,3.0,-14.0,0,0
uep043,8,2,6,SS,3.0,-14.0,2,1.5971906469891657,1,6.551082352128543,188.50186626638583,199.65013926550353,6,4,3.0,-14.0,0,0
uep043,8,2,7,SS,3.0,-14.0,2,2.386886313454068,1,5.403965563294527,199.65013926550353,210.4409911422521,6,4,3.0,-14.0,0,0
uep043,8,2,8,SS,3.0,-14.0,2,2.4199238227949986,1,5.8108781881541836,210.4409911422521,221.6717931532013,6,4,3.0,-14.0,0,0
uep043,8,2,9,SS,3.0,-14.0,2,1.7849445008875167,1,5.924482250454944,221.6717931532013,232.38121990454377,6,4,3.0,-14.0,0,0
uep043,8,2,10,SS,3.0,-14.0,2,1.5695245186067612,1,6.645766090493324,232.38121990454377,243.59651051364384,6,4,3.0,-14.0,0,0
