subjectId,runId,blockId,trialId,condition,leftAnswer,rightAnswer,choiceDuration,isiDuration,feedbackDuration,itiDuration,stimOnset,itiOffset,leftColor,rightColor,mu1,mu2,sd1,sd2
uep048,2,4,1,SR,-2.0,32.0,2,2.3465257630223215,1,5.3715501822635465,361.0266323286195,371.74470827390536,0,7,-2.0,34.0,0,4.0
uep048,2,4,2,SR,-2.0,28.0,2,2.530101691388053,1,5.862658790872329,371.74470827390536,383.13746875616573,0,7,-2.0,34.0,0,4.0
uep048,2,4,3,SR,-2.0,35.0,2,2.7160223623921205,1,5.968432893321893,383.13746875616573,394.82192401187973,0,7,-2.0,34.0,0,4.0
uep048,2,4,4,SR,-2.0,30.0,2,2.5156026182773563,1,6.564033008821889,394.82192401187973,406.90155963897894,0,7,-2.0,34.0,0,4.0
uep048,2,4,5,SR,-2.0,40.0,2,1.2179280229591716,1,5.119814991819184,406.90155963897894,416.2393026537573,0,7,-2.0,34.0,0,4.0
uep048,2,4,6,SR,-2.0,32.0,2,2.046629145524587,1,5.084232863945454,416.2393026537573,426.37016466322734,0,7,-2.0,34.0,0,4.0
uep048,2,4,7,SR,-2.0,30.0,2,2.7902296853269117,1,5.303790888122615,426.37016466322734,437.4641852366768,0,7,-2.0,34.0,0,4.0
uep048,2,4,8,SR,-2.0,29.0,2,2.8339005041102134,1,6.408768760768163,437.4641852366768,449.7068545015552,0,7,-2.0,34.0,0,4.0
uep048,2,4,9,SR,-2.0,38.0,2,2.8327875271525995,1,5.8934113062734035,449.7068545015552,461.4330533349812,0,7,-2.0,34.0,0,4.0
uep048,2,4,10,SR,-2.0,30.0,2,2.853311624865464,1,6.71363504015321,461.4330533349812,473.9999999999999,0,7,-2.0,34.0,0,4.0
