subjectId,runId,blockId,trialId,condition,leftAnswer,rightAnswer,choiceDuration,isiDuration,feedbackDuration,itiDuration,stimOnset,itiOffset,leftColor,rightColor,mu1,mu2,sd1,sd2
uep049,2,3,1,SS,-1.0,-5.0,2,2.1966888037558636,1,6.98045019666823,248.61040678995826,260.78754579038235,4,0,-1.0,-5.0,0,0
uep049,2,3,2,SS,-1.0,-5.0,2,1.5565943868471024,1,6.30487055219746,260.78754579038235,271.64901072942695,4,0,-1.0,-5.0,0,0
uep049,2,3,3,SS,-1.0,-5.0,2,2.483218451286711,1,6.1770719735075446,271.64901072942695,283.3093011542212,4,0,-1.0,-5.0,0,0
uep049,2,3,4,SS,-1.0,-5.0,2,1.6070108428979046,1,6.639517683974797,283.3093011542212,294.55582968109394,4,0,-1.0,-5.0,0,0
uep049,2,3,5,SS,-1.0,-5.0,2,1.4621202042934933,1,6.739477553478958,294.55582968109394,305.7574274388664,4,0,-1.0,-5.0,0,0
uep049,2,3,6,SS,-1.0,-5.0,2,1.953636728493256,1,6.791450320008911,305.7574274388664,317.50251448736856,4,0,-1.0,-5.0,0,0
uep049,2,3,7,SS,-1.0,-5.0,2,1.9061291836895529,1,6.350499853715633,317.50251448736856,328.7591435247737,4,0,-1.0,-5.0,0,0
uep049,2,3,8,SS,-1.0,-5.0,2,1.772820394923538,1,5.352054213335032,328.7591435247737,338.88401813303227,4,0,-1.0,-5.0,0,0
uep049,2,3,9,SS,-1.0,-5.0,2,1.966698287887838,1,5.942626578772292,338.88401813303227,349.7933429996924,4,0,-1.0,-5.0,0,0
uep049,2,3,10,SS,-1.0,-5.0,2,2.284048161488375,1,6.363786563183775,349.7933429996924,361.4411777243646,4,0,-1.0,-5.0,0,0
