subjectId,runId,blockId,trialId,condition,leftAnswer,rightAnswer,choiceDuration,isiDuration,feedbackDuration,itiDuration,stimOnset,itiOffset,leftColor,rightColor,mu1,mu2,sd1,sd2
uep023,3,1,1,RS,-14.0,-8.0,2,1.512294424299419,1,6.192674121667436,16,26.704968545966857,3,7,-15.0,-8.0,4.0,0
uep023,3,1,2,RS,-16.0,-8.0,2,1.5373079914145433,1,6.681208976613751,26.704968545966857,37.92348551399515,3,7,-15.0,-8.0,4.0,0
uep023,3,1,3,RS,-12.0,-8.0,2,2.8975615273534,1,5.93201864993479,37.92348551399515,49.753065691283346,3,7,-15.0,-8.0,4.0,0
uep023,3,1,4,RS,-20.0,-8.0,2,1.5537463352696903,1,5.635660872479295,49.753065691283346,59.94247289903233,3,7,-15.0,-8.0,4.0,0
uep023,3,1,5,RS,-16.0,-8.0,2,1.9502583604157298,1,6.264303050860008,59.94247289903233,71.15703431030806,3,7,-15.0,-8.0,4.0,0
uep023,3,1,6,RS,-15.0,-8.0,2,1.8469467071587728,1,5.74497246788778,71.15703431030806,81.74895348535462,3,7,-15.0,-8.0,4.0,0
uep023,3,1,7,RS,-13.0,-8.0,2,2.7968901149698766,1,5.33345108627896,81.74895348535462,92.87929468660346,3,7,-15.0,-8.0,4.0,0
uep023,3,1,8,RS,-14.0,-8.0,2,1.728629707621775,1,6.273481620284629,92.87929468660346,103.88140601450986,3,7,-15.0,-8.0,4.0,0
uep023,3,1,9,RS,-13.0,-8.0,2,1.5891010001894332,1,5.6045311677878455,103.88140601450986,114.07503818248713,3,7,-15.0,-8.0,4.0,0
uep023,3,1,10,RS,-13.0,-8.0,2,2.0047441203599,1,6.258277149046708,114.07503818248713,125.33805945189374,3,7,-15.0,-8.0,4.0,0
