subjectId,runId,blockId,trialId,condition,leftAnswer,rightAnswer,choiceDuration,isiDuration,feedbackDuration,itiDuration,stimOnset,itiOffset,leftColor,rightColor,mu1,mu2,sd1,sd2
uep026,5,1,1,RR,6.0,-19.0,2,1.8857739408986358,1,5.729301229669079,16,26.615075170567717,5,0,4.0,-21.0,4.0,4.0
uep026,5,1,2,RR,-3.0,-20.0,2,1.229724728394561,1,6.488032378613868,26.615075170567717,37.332832277576145,5,0,4.0,-21.0,4.0,4.0
uep026,5,1,3,RR,7.0,-20.0,2,1.9730742528037089,1,5.71972019746322,37.332832277576145,48.02562672784307,5,0,4.0,-21.0,4.0,4.0
uep026,5,1,4,RR,-1.0,-16.0,2,2.2045151846528137,1,5.115959252056634,48.02562672784307,58.346101164552515,5,0,4.0,-21.0,4.0,4.0
uep026,5,1,5,RR,4.0,-25.0,2,2.7227045151344926,1,6.384585596055786,58.346101164552515,70.4533912757428,5,0,4.0,-21.0,4.0,4.0
uep026,5,1,6,RR,4.0,-26.0,2,1.3930327691009723,1,5.401486818985697,70.4533912757428,80.24791086382947,5,0,4.0,-21.0,4.0,4.0
uep026,5,1,7,RR,14.0,-21.0,2,2.3210655380246026,1,7.023147039917707,80.24791086382947,92.59212344177178,5,0,4.0,-21.0,4.0,4.0
uep026,5,1,8,RR,4.0,-24.0,2,2.209796969980526,1,6.176508070943321,92.59212344177178,103.97842848269562,5,0,4.0,-21.0,4.0,4.0
uep026,5,1,9,RR,1.0,-21.0,2,1.2547211313877185,1,5.911345548819977,103.97842848269562,114.14449516290333,5,0,4.0,-21.0,4.0,4.0
uep026,5,1,10,RR,11.0,-23.0,2,2.0949151527798975,1,5.623539859686109,114.14449516290333,124.86295017536932,5,0,4.0,-21.0,4.0,4.0
