subjectId,runId,blockId,trialId,condition,leftAnswer,rightAnswer,choiceDuration,isiDuration,feedbackDuration,itiDuration,stimOnset,itiOffset,leftColor,rightColor,mu1,mu2,sd1,sd2
uep053,1,2,1,SS,-12.0,-5.0,2,2.631820141896899,1,6.927130032914945,131.48088944493344,144.03983961974527,1,5,-12.0,-5.0,0,0
uep053,1,2,2,SS,-12.0,-5.0,2,2.3976137633548,1,5.0012385477280175,144.03983961974527,154.43869193082807,1,5,-12.0,-5.0,0,0
uep053,1,2,3,SS,-12.0,-5.0,2,2.9454590909298424,1,6.051879214536372,154.43869193082807,166.43603023629427,1,5,-12.0,-5.0,0,0
uep053,1,2,4,SS,-12.0,-5.0,2,1.2653043780911608,1,5.392774401353196,166.43603023629427,176.09410901573864,1,5,-12.0,-5.0,0,0
uep053,1,2,5,SS,-12.0,-5.0,2,1.2080709727269563,1,5.884338476101147,176.09410901573864,186.18651846456672,1,5,-12.0,-5.0,0,0
uep053,1,2,6,SS,-12.0,-5.0,2,2.169977212229385,1,6.156559253077071,186.18651846456672,197.51305492987316,1,5,-12.0,-5.0,0,0
uep053,1,2,7,SS,-12.0,-5.0,2,2.740328692555384,1,5.131114668583718,197.51305492987316,208.38449829101225,1,5,-12.0,-5.0,0,0
uep053,1,2,8,SS,-12.0,-5.0,2,2.597251083165272,1,5.80816255437576,208.38449829101225,219.7899119285533,1,5,-12.0,-5.0,0,0
uep053,1,2,9,SS,-12.0,-5.0,2,1.4267691468763457,1,6.901301750072148,219.7899119285533,231.1179828255018,1,5,-12.0,-5.0,0,0
uep053,1,2,10,SS,-12.0,-5.0,2,1.3078966583675244,1,6.003869604879812,231.1179828255018,241.42974908874913,1,5,-12.0,-5.0,0,0
