subjectId,runId,blockId,trialId,condition,leftAnswer,rightAnswer,choiceDuration,isiDuration,feedbackDuration,itiDuration,stimOnset,itiOffset,leftColor,rightColor,mu1,mu2,sd1,sd2
uep052,4,1,1,RS,-18.0,13.0,2,2.009695466553806,1,5.849247294239296,16,26.858942760793106,6,2,-25.0,13.0,4.0,0
uep052,4,1,2,RS,-28.0,13.0,2,1.829369831831377,1,6.379121503779063,26.858942760793106,38.067434096403545,6,2,-25.0,13.0,4.0,0
uep052,4,1,3,RS,-24.0,13.0,2,2.69485509524607,1,6.816627191680778,38.067434096403545,50.578916383330395,6,2,-25.0,13.0,4.0,0
uep052,4,1,4,RS,-22.0,13.0,2,2.8357045978182955,1,5.696383336264694,50.578916383330395,62.11100431741338,6,2,-25.0,13.0,4.0,0
uep052,4,1,5,RS,-27.0,13.0,2,2.2588441574419935,1,6.478482306957247,62.11100431741338,73.84833078181262,6,2,-25.0,13.0,4.0,0
uep052,4,1,6,RS,-27.0,13.0,2,1.414376313617196,1,5.708603938329185,73.84833078181262,83.97131103375901,6,2,-25.0,13.0,4.0,0
uep052,4,1,7,RS,-25.0,13.0,2,1.907333663209307,1,6.053718077911635,83.97131103375901,94.93236277487995,6,2,-25.0,13.0,4.0,0
uep052,4,1,8,RS,-23.0,13.0,2,2.169772060163814,1,6.490544752987794,94.93236277487995,106.59267958803154,6,2,-25.0,13.0,4.0,0
uep052,4,1,9,RS,-24.0,13.0,2,2.833111494230118,1,5.164790860368903,106.59267958803154,117.59058194263056,6,2,-25.0,13.0,4.0,0
uep052,4,1,10,RS,-18.0,13.0,2,1.2538474246667244,1,5.836964627736513,117.59058194263056,127.6813939950338,6,2,-25.0,13.0,4.0,0
