subjectId,runId,blockId,trialId,condition,leftAnswer,rightAnswer,choiceDuration,isiDuration,feedbackDuration,itiDuration,stimOnset,itiOffset,leftColor,rightColor,mu1,mu2,sd1,sd2
uep050,3,1,1,RR,-13.0,3.0,2,2.5354108590711406,1,5.279012632782275,16,26.814423491853418,6,7,-17.0,3.0,4.0,4.0
uep050,3,1,2,RR,-4.0,1.0,2,1.9244418879665064,1,6.632529235289649,26.814423491853418,38.37139461510957,6,7,-17.0,3.0,4.0,4.0
uep050,3,1,3,RR,-21.0,8.0,2,1.4961171019817854,1,7.054959030970233,38.37139461510957,49.92247074806159,6,7,-17.0,3.0,4.0,4.0
uep050,3,1,4,RR,-23.0,3.0,2,2.027882041611236,1,5.960767271432933,49.92247074806159,60.91112006110576,6,7,-17.0,3.0,4.0,4.0
uep050,3,1,5,RR,-16.0,1.0,2,1.2469424784595267,1,6.63527958362328,60.91112006110576,71.79334212318858,6,7,-17.0,3.0,4.0,4.0
uep050,3,1,6,RR,-19.0,6.0,2,2.754453511514773,1,5.107830265845368,71.79334212318858,82.65562590054871,6,7,-17.0,3.0,4.0,4.0
uep050,3,1,7,RR,-21.0,9.0,2,1.7710238778605152,1,5.651517532381454,82.65562590054871,93.07816731079068,6,7,-17.0,3.0,4.0,4.0
uep050,3,1,8,RR,-20.0,8.0,2,2.9296805812311835,1,5.976015938942617,93.07816731079068,104.98386383096448,6,7,-17.0,3.0,4.0,4.0
uep050,3,1,9,RR,-5.0,-3.0,2,1.7087581380608174,1,5.201653177912348,104.98386383096448,114.89427514693764,6,7,-17.0,3.0,4.0,4.0
uep050,3,1,10,RR,-13.0,0.0,2,2.618464962445302,1,5.7646113879067045,114.89427514693764,126.27735149728966,6,7,-17.0,3.0,4.0,4.0
