subjectId,runId,blockId,trialId,condition,leftAnswer,rightAnswer,choiceDuration,isiDuration,feedbackDuration,itiDuration,stimOnset,itiOffset,leftColor,rightColor,mu1,mu2,sd1,sd2
uep009,8,3,1,RR,3.0,-14.0,2,1.920291179706581,1,5.420904580507901,247.97897204674769,258.32016780696216,1,2,2.0,-8.0,4.0,4.0
uep009,8,3,2,RR,-4.0,-4.0,2,1.0746572239179981,1,6.772608751808144,258.32016780696216,269.1674337826883,1,2,2.0,-8.0,4.0,4.0
uep009,8,3,3,RR,-1.0,-11.0,2,1.5733910152279698,1,5.04035174188124,269.1674337826883,278.7811765397975,1,2,2.0,-8.0,4.0,4.0
uep009,8,3,4,RR,-1.0,-15.0,2,2.1597145557078545,1,6.199523951347229,278.7811765397975,290.1404150468526,1,2,2.0,-8.0,4.0,4.0
uep009,8,3,5,RR,4.0,-12.0,2,2.7234212338629433,1,5.909356290440673,290.1404150468526,301.7731925711562,1,2,2.0,-8.0,4.0,4.0
uep009,8,3,6,RR,-4.0,-8.0,2,2.4321955450937915,1,5.637320354451854,301.7731925711562,312.84270847070184,1,2,2.0,-8.0,4.0,4.0
uep009,8,3,7,RR,4.0,-5.0,2,1.3715661499203826,1,6.169232362628142,312.84270847070184,323.38350698325036,1,2,2.0,-8.0,4.0,4.0
uep009,8,3,8,RR,5.0,-11.0,2,2.345083804823284,1,5.641577693741445,323.38350698325036,334.3701684818151,1,2,2.0,-8.0,4.0,4.0
uep009,8,3,9,RR,1.0,-11.0,2,2.8706793758752425,1,6.885504424137669,334.3701684818151,347.12635228182796,1,2,2.0,-8.0,4.0,4.0
uep009,8,3,10,RR,1.0,-13.0,2,1.702244228904796,1,6.316880513254713,347.12635228182796,358.1454770239875,1,2,2.0,-8.0,4.0,4.0
