subjectId,runId,blockId,trialId,condition,leftAnswer,rightAnswer,choiceDuration,isiDuration,feedbackDuration,itiDuration,stimOnset,itiOffset,leftColor,rightColor,mu1,mu2,sd1,sd2
uep012,2,2,1,SS,-4.0,-2.0,2,1.7178635342460131,1,5.524933188573478,131.56093316654815,141.80372988936765,6,1,-4.0,-2.0,0,0
uep012,2,2,2,SS,-4.0,-2.0,2,2.434914068077461,1,5.3509239829922155,141.80372988936765,152.58956794043732,6,1,-4.0,-2.0,0,0
uep012,2,2,3,SS,-4.0,-2.0,2,1.1859404746234612,1,5.5540691634134465,152.58956794043732,162.32957757847424,6,1,-4.0,-2.0,0,0
uep012,2,2,4,SS,-4.0,-2.0,2,2.2399584151288385,1,5.806391063992343,162.32957757847424,173.37592705759542,6,1,-4.0,-2.0,0,0
uep012,2,2,5,SS,-4.0,-2.0,2,2.5953817391730634,1,6.148213695312236,173.37592705759542,185.1195224920807,6,1,-4.0,-2.0,0,0
uep012,2,2,6,SS,-4.0,-2.0,2,2.5234218756695816,1,6.109676527869607,185.1195224920807,196.75262089561988,6,1,-4.0,-2.0,0,0
uep012,2,2,7,SS,-4.0,-2.0,2,1.9102370934667614,1,5.934033246256348,196.75262089561988,207.59689123534298,6,1,-4.0,-2.0,0,0
uep012,2,2,8,SS,-4.0,-2.0,2,2.629935815905184,1,5.129216320202761,207.59689123534298,218.35604337145094,6,1,-4.0,-2.0,0,0
uep012,2,2,9,SS,-4.0,-2.0,2,1.500164412441328,1,5.681508602560201,218.35604337145094,228.53771638645247,6,1,-4.0,-2.0,0,0
uep012,2,2,10,SS,-4.0,-2.0,2,1.6927230253112577,1,6.1506644040698815,228.53771638645247,239.38110381583363,6,1,-4.0,-2.0,0,0
