subjectId,runId,blockId,trialId,condition,leftAnswer,rightAnswer,choiceDuration,isiDuration,feedbackDuration,itiDuration,stimOnset,itiOffset,leftColor,rightColor,mu1,mu2,sd1,sd2
uep056,6,4,1,RR,-15.0,0.0,2,1.6739683770677185,1,5.396868397055637,364.5495664352509,374.6204032093742,4,3,-12.0,3.0,4.0,4.0
uep056,6,4,2,RR,-11.0,4.0,2,1.878962658113215,1,5.98304201125791,374.6204032093742,385.48240787874533,4,3,-12.0,3.0,4.0,4.0
uep056,6,4,3,RR,-14.0,1.0,2,2.346551269932509,1,5.275366601459717,385.48240787874533,396.10432575013755,4,3,-12.0,3.0,4.0,4.0
uep056,6,4,4,RR,-7.0,2.0,2,1.9370678426589463,1,5.970362504645557,396.10432575013755,407.01175609744206,4,3,-12.0,3.0,4.0,4.0
uep056,6,4,5,RR,-19.0,3.0,2,2.725695594145045,1,5.438493384344919,407.01175609744206,418.175945075932,4,3,-12.0,3.0,4.0,4.0
uep056,6,4,6,RR,-16.0,4.0,2,2.7194069746208687,1,6.528466402679279,418.175945075932,430.4238184532322,4,3,-12.0,3.0,4.0,4.0
uep056,6,4,7,RR,-13.0,-2.0,2,1.744431386801691,1,4.97743843600808,430.4238184532322,440.14568827604194,4,3,-12.0,3.0,4.0,4.0
uep056,6,4,8,RR,-6.0,7.0,2,2.1493710862691757,1,6.786829329312213,440.14568827604194,452.08188869162336,4,3,-12.0,3.0,4.0,4.0
uep056,6,4,9,RR,-8.0,7.0,2,1.3014522590338262,1,6.880573303440076,452.08188869162336,463.2639142540973,4,3,-12.0,3.0,4.0,4.0
uep056,6,4,10,RR,-10.0,8.0,2,2.431018620913168,1,5.305067124989539,463.2639142540973,474.0,4,3,-12.0,3.0,4.0,4.0
