subjectId,runId,blockId,trialId,condition,leftAnswer,rightAnswer,choiceDuration,isiDuration,feedbackDuration,itiDuration,stimOnset,itiOffset,leftColor,rightColor,mu1,mu2,sd1,sd2
uep006,5,4,1,RR,8.0,-15.0,2,2.2085432571791492,1,6.424688919546108,361.8608577351919,373.4940899119172,0,4,4.0,-21.0,4.0,4.0
uep006,5,4,2,RR,2.0,-21.0,2,2.582571056992673,1,5.840503971930219,373.4940899119172,384.91716494084005,0,4,4.0,-21.0,4.0,4.0
uep006,5,4,3,RR,2.0,-14.0,2,1.3085465325661707,1,6.559271280983807,384.91716494084005,395.78498275439006,0,4,4.0,-21.0,4.0,4.0
uep006,5,4,4,RR,7.0,-30.0,2,2.065422591104336,1,5.457353915937192,395.78498275439006,406.30775926143156,0,4,4.0,-21.0,4.0,4.0
uep006,5,4,5,RR,9.0,-14.0,2,2.4018376821056093,1,6.402472570173349,406.30775926143156,418.11206951371054,0,4,4.0,-21.0,4.0,4.0
uep006,5,4,6,RR,0.0,-20.0,2,1.4107195546692297,1,6.026286022788832,418.11206951371054,428.5490750911686,0,4,4.0,-21.0,4.0,4.0
uep006,5,4,7,RR,1.0,-19.0,2,1.7083129455491868,1,5.2713712011618234,428.5490750911686,438.5287592378796,0,4,4.0,-21.0,4.0,4.0
uep006,5,4,8,RR,7.0,-27.0,2,2.358359219205262,1,6.318105770543982,438.5287592378796,450.2052242276289,0,4,4.0,-21.0,4.0,4.0
uep006,5,4,9,RR,8.0,-16.0,2,2.9479692120373797,1,6.195118884105143,450.2052242276289,462.34831232377144,0,4,4.0,-21.0,4.0,4.0
uep006,5,4,10,RR,2.0,-15.0,2,2.778103694548215,1,5.873583981680287,462.34831232377144,473.99999999999994,0,4,4.0,-21.0,4.0,4.0
