subjectId,runId,blockId,trialId,condition,leftAnswer,rightAnswer,choiceDuration,isiDuration,feedbackDuration,itiDuration,stimOnset,itiOffset,leftColor,rightColor,mu1,mu2,sd1,sd2
uep056,4,2,1,RS,-6.0,-6.0,2,2.1670518885326757,1,5.589170868356266,132.583127861011,143.33935061789995,3,6,-7.0,-6.0,4.0,0
uep056,4,2,2,RS,-9.0,-6.0,2,1.0654106200332094,1,6.924276629515751,143.33935061789995,154.32903786744893,3,6,-7.0,-6.0,4.0,0
uep056,4,2,3,RS,-11.0,-6.0,2,1.4431915708473295,1,6.68379035041627,154.32903786744893,165.45601978871252,3,6,-7.0,-6.0,4.0,0
uep056,4,2,4,RS,-14.0,-6.0,2,2.102427670373089,1,5.427479293211727,165.45601978871252,175.98592675229733,3,6,-7.0,-6.0,4.0,0
uep056,4,2,5,RS,-4.0,-6.0,2,1.1740095785337332,1,6.510762404398358,175.98592675229733,186.67069873522942,3,6,-7.0,-6.0,4.0,0
uep056,4,2,6,RS,0.0,-6.0,2,2.6388559683507884,1,5.068181140027569,186.67069873522942,197.37773584360778,3,6,-7.0,-6.0,4.0,0
uep056,4,2,7,RS,-1.0,-6.0,2,2.6378241394570554,1,5.916710394801675,197.37773584360778,208.9322703778665,3,6,-7.0,-6.0,4.0,0
uep056,4,2,8,RS,-6.0,-6.0,2,1.5960667643848192,1,5.72003321697556,208.9322703778665,219.2483703592269,3,6,-7.0,-6.0,4.0,0
uep056,4,2,9,RS,-5.0,-6.0,2,1.3430179813575858,1,6.754599443211017,219.2483703592269,230.3459877837955,3,6,-7.0,-6.0,4.0,0
uep056,4,2,10,RS,-10.0,-6.0,2,2.22503154643734,1,5.123344255606932,230.3459877837955,240.69436358583977,3,6,-7.0,-6.0,4.0,0
