subjectId,runId,blockId,trialId,condition,leftAnswer,rightAnswer,choiceDuration,isiDuration,feedbackDuration,itiDuration,stimOnset,itiOffset,leftColor,rightColor,mu1,mu2,sd1,sd2
uep003,4,3,1,RR,7.0,13.0,2,1.2634987437764313,1,6.233576721590903,245.1849481908011,255.68202365616844,0,7,9.0,9.0,4.0,4.0
uep003,4,3,2,RR,8.0,18.0,2,2.438743275879758,1,5.6202408575965626,255.68202365616844,266.74100778964475,0,7,9.0,9.0,4.0,4.0
uep003,4,3,3,RR,3.0,-0.0,2,1.410721639194069,1,5.729342297462472,266.74100778964475,276.88107172630134,0,7,9.0,9.0,4.0,4.0
uep003,4,3,4,RR,6.0,9.0,2,1.669051991357882,1,5.164267447696949,276.88107172630134,286.7143911653562,0,7,9.0,9.0,4.0,4.0
uep003,4,3,5,RR,14.0,10.0,2,1.698298327223775,1,6.233827463474699,286.7143911653562,297.64651695605465,0,7,9.0,9.0,4.0,4.0
uep003,4,3,6,RR,14.0,14.0,2,1.4742152345842667,1,6.819676993238857,297.64651695605465,308.94040918387776,0,7,9.0,9.0,4.0,4.0
uep003,4,3,7,RR,8.0,21.0,2,1.444376544230283,1,6.678568421963494,308.94040918387776,320.0633541500716,0,7,9.0,9.0,4.0,4.0
uep003,4,3,8,RR,8.0,5.0,2,2.732772150675535,1,6.828484227138388,320.0633541500716,332.6246105278855,0,7,9.0,9.0,4.0,4.0
uep003,4,3,9,RR,8.0,8.0,2,2.1593683365746683,1,6.925875319355981,332.6246105278855,344.7098541838162,0,7,9.0,9.0,4.0,4.0
uep003,4,3,10,RR,7.0,8.0,2,2.1258990256278705,1,6.2938069415188735,344.7098541838162,356.12956015096296,0,7,9.0,9.0,4.0,4.0
