subjectId,runId,blockId,trialId,condition,leftAnswer,rightAnswer,choiceDuration,isiDuration,feedbackDuration,itiDuration,stimOnset,itiOffset,leftColor,rightColor,mu1,mu2,sd1,sd2
uep008,6,2,1,SR,-16.0,10.0,2,2.0594776718983536,1,5.367222189852356,132.35035730158057,142.77705716333128,2,6,-16.0,13.0,0,4.0
uep008,6,2,2,SR,-16.0,19.0,2,2.7593538535570397,1,5.39930254355825,142.77705716333128,153.93571356044657,2,6,-16.0,13.0,0,4.0
uep008,6,2,3,SR,-16.0,18.0,2,2.1221063754540443,1,5.540108888173303,153.93571356044657,164.59792882407393,2,6,-16.0,13.0,0,4.0
uep008,6,2,4,SR,-16.0,18.0,2,2.41556835071958,1,6.9417782105985175,164.59792882407393,176.95527538539204,2,6,-16.0,13.0,0,4.0
uep008,6,2,5,SR,-16.0,11.0,2,1.0685588723925947,1,6.862747255341979,176.95527538539204,187.88658151312663,2,6,-16.0,13.0,0,4.0
uep008,6,2,6,SR,-16.0,8.0,2,1.5779083497201307,1,5.919901843018995,187.88658151312663,198.38439170586577,2,6,-16.0,13.0,0,4.0
uep008,6,2,7,SR,-16.0,13.0,2,2.171513306820467,1,6.793535488492497,198.38439170586577,210.34944050117872,2,6,-16.0,13.0,0,4.0
uep008,6,2,8,SR,-16.0,10.0,2,2.5294453272636006,1,5.21667827394753,210.34944050117872,221.09556410238986,2,6,-16.0,13.0,0,4.0
uep008,6,2,9,SR,-16.0,8.0,2,1.7358076137245062,1,6.245503370966661,221.09556410238986,232.07687508708105,2,6,-16.0,13.0,0,4.0
uep008,6,2,10,SR,-16.0,18.0,2,2.5874948450021744,1,5.4408150973432425,232.07687508708105,243.10518502942645,2,6,-16.0,13.0,0,4.0
