subjectId,runId,blockId,trialId,condition,leftAnswer,rightAnswer,choiceDuration,isiDuration,feedbackDuration,itiDuration,stimOnset,itiOffset,leftColor,rightColor,mu1,mu2,sd1,sd2
uep018,5,2,1,SS,-8.0,13.0,2,2.0839007270051253,1,6.516735182676913,130.3444233048228,141.94505921450485,6,2,-8.0,13.0,0,0
uep018,5,2,2,SS,-8.0,13.0,2,1.2849554412018573,1,6.4810145138414414,141.94505921450485,152.71102916954814,6,2,-8.0,13.0,0,0
uep018,5,2,3,SS,-8.0,13.0,2,1.0254763908307103,1,6.226163820429798,152.71102916954814,162.96266938080865,6,2,-8.0,13.0,0,0
uep018,5,2,4,SS,-8.0,13.0,2,2.183084919052712,1,5.8368921146654875,162.96266938080865,173.98264641452684,6,2,-8.0,13.0,0,0
uep018,5,2,5,SS,-8.0,13.0,2,2.4593284305625525,1,5.002754551242948,173.98264641452684,184.44472939633235,6,2,-8.0,13.0,0,0
uep018,5,2,6,SS,-8.0,13.0,2,1.3670047238875787,1,6.523624288962753,184.44472939633235,195.3353584091827,6,2,-8.0,13.0,0,0
uep018,5,2,7,SS,-8.0,13.0,2,1.8109407748800916,1,6.720586505619478,195.3353584091827,206.86688568968228,6,2,-8.0,13.0,0,0
uep018,5,2,8,SS,-8.0,13.0,2,2.404164179352128,1,6.241434205966012,206.86688568968228,218.51248407500043,6,2,-8.0,13.0,0,0
uep018,5,2,9,SS,-8.0,13.0,2,2.6744891978873273,1,6.483205000014294,218.51248407500043,230.67017827290206,6,2,-8.0,13.0,0,0
uep018,5,2,10,SS,-8.0,13.0,2,2.199035547055951,1,5.878123958737411,230.67017827290206,241.74733777869542,6,2,-8.0,13.0,0,0
