subjectId,runId,blockId,trialId,condition,leftAnswer,rightAnswer,choiceDuration,isiDuration,feedbackDuration,itiDuration,stimOnset,itiOffset,leftColor,rightColor,mu1,mu2,sd1,sd2
uep054,1,4,1,SR,5.0,-2.0,2,1.858936100369555,1,5.615394755715876,360.03231632661624,370.50664718270167,6,0,5.0,-6.0,0,4.0
uep054,1,4,2,SR,5.0,-10.0,2,1.859240990563242,1,6.5274326851494395,370.50664718270167,381.89332085841437,6,0,5.0,-6.0,0,4.0
uep054,1,4,3,SR,5.0,-5.0,2,2.6181686152947248,1,6.597772684009481,381.89332085841437,394.1092621577186,6,0,5.0,-6.0,0,4.0
uep054,1,4,4,SR,5.0,-8.0,2,1.3525144368229027,1,6.52189786358884,394.1092621577186,404.98367445813034,6,0,5.0,-6.0,0,4.0
uep054,1,4,5,SR,5.0,-5.0,2,2.4380205177260685,1,6.597515292532966,404.98367445813034,417.0192102683894,6,0,5.0,-6.0,0,4.0
uep054,1,4,6,SR,5.0,-13.0,2,2.7222741508384645,1,6.5581565056458855,417.0192102683894,429.29964092487376,6,0,5.0,-6.0,0,4.0
uep054,1,4,7,SR,5.0,-5.0,2,2.246645525083883,1,5.385001889728519,429.29964092487376,439.93128833968615,6,0,5.0,-6.0,0,4.0
uep054,1,4,8,SR,5.0,-7.0,2,2.7551086225410137,1,6.116006997353875,439.93128833968615,451.802403959581,6,0,5.0,-6.0,0,4.0
uep054,1,4,9,SR,5.0,-1.0,2,2.379256299577635,1,5.440612333471951,451.802403959581,462.6222725926306,6,0,5.0,-6.0,0,4.0
uep054,1,4,10,SR,5.0,-8.0,2,2.342450563277212,1,6.035276844092092,462.6222725926306,473.99999999999994,6,0,5.0,-6.0,0,4.0
