subjectId,runId,blockId,trialId,condition,leftAnswer,rightAnswer,choiceDuration,isiDuration,feedbackDuration,itiDuration,stimOnset,itiOffset,leftColor,rightColor,mu1,mu2,sd1,sd2
uep036,6,2,1,RR,21.0,-5.0,2,1.9854250825127295,1,6.38268352742473,130.56521323368085,141.9333218436183,3,1,18.0,0.0,4.0,4.0
uep036,6,2,2,RR,16.0,1.0,2,1.0405110832768611,1,5.726202441734891,141.9333218436183,151.70003536863007,3,1,18.0,0.0,4.0,4.0
uep036,6,2,3,RR,23.0,-8.0,2,2.068052721874249,1,5.062159295580746,151.70003536863007,161.83024738608506,3,1,18.0,0.0,4.0,4.0
uep036,6,2,4,RR,16.0,-4.0,2,2.3650487698793716,1,5.826947930170486,161.83024738608506,173.02224408613492,3,1,18.0,0.0,4.0,4.0
uep036,6,2,5,RR,14.0,7.0,2,2.0611467355434447,1,6.236527560052763,173.02224408613492,184.31991838173113,3,1,18.0,0.0,4.0,4.0
uep036,6,2,6,RR,23.0,-4.0,2,1.8095515190563911,1,6.29874837292302,184.31991838173113,195.42821827371054,3,1,18.0,0.0,4.0,4.0
uep036,6,2,7,RR,17.0,4.0,2,2.9428800712580574,1,5.595746083175388,195.42821827371054,206.966844428144,3,1,18.0,0.0,4.0,4.0
uep036,6,2,8,RR,19.0,-1.0,2,2.3824589511143044,1,6.073378165344984,206.966844428144,218.42268154460328,3,1,18.0,0.0,4.0,4.0
uep036,6,2,9,RR,12.0,-1.0,2,1.0114757145948463,1,6.87108036760317,218.42268154460328,229.30523762680127,3,1,18.0,0.0,4.0,4.0
uep036,6,2,10,RR,21.0,1.0,2,2.268726541152289,1,5.32873295225545,229.30523762680127,239.902697120209,3,1,18.0,0.0,4.0,4.0
