subjectId,runId,blockId,trialId,condition,leftAnswer,rightAnswer,choiceDuration,isiDuration,feedbackDuration,itiDuration,stimOnset,itiOffset,leftColor,rightColor,mu1,mu2,sd1,sd2
uep025,8,2,1,RR,9.0,11.0,2,1.1712331199323616,1,5.811384741292613,126.79531800367185,136.77793586489685,3,7,11.0,12.0,4.0,4.0
uep025,8,2,2,RR,12.0,11.0,2,2.8147792184679092,1,6.624969618851728,136.77793586489685,149.2176847022165,3,7,11.0,12.0,4.0,4.0
uep025,8,2,3,RR,16.0,9.0,2,2.592828325692744,1,5.847510423900571,149.2176847022165,160.6580234518098,3,7,11.0,12.0,4.0,4.0
uep025,8,2,4,RR,3.0,6.0,2,1.179626338848175,1,6.004058434705604,160.6580234518098,170.8417082253636,3,7,11.0,12.0,4.0,4.0
uep025,8,2,5,RR,14.0,17.0,2,2.755273593384038,1,6.273594637844126,170.8417082253636,182.87057645659175,3,7,11.0,12.0,4.0,4.0
uep025,8,2,6,RR,7.0,18.0,2,2.6898358588280535,1,6.175822860790611,182.87057645659175,194.7362351762104,3,7,11.0,12.0,4.0,4.0
uep025,8,2,7,RR,13.0,9.0,2,2.667895387114574,1,6.92745364319221,194.7362351762104,207.33158420651722,3,7,11.0,12.0,4.0,4.0
uep025,8,2,8,RR,12.0,15.0,2,1.595358072724074,1,6.610908308593298,207.33158420651722,218.5378505878346,3,7,11.0,12.0,4.0,4.0
uep025,8,2,9,RR,13.0,12.0,2,1.685456500543394,1,6.684808106539309,218.5378505878346,229.90811519491731,3,7,11.0,12.0,4.0,4.0
uep025,8,2,10,RR,14.0,11.0,2,1.7480442280093225,1,6.658187057853771,229.90811519491731,241.31434648078042,3,7,11.0,12.0,4.0,4.0
