subjectId,runId,blockId,trialId,condition,leftAnswer,rightAnswer,choiceDuration,isiDuration,feedbackDuration,itiDuration,stimOnset,itiOffset,leftColor,rightColor,mu1,mu2,sd1,sd2
uep036,6,1,1,RS,-1.0,-15.0,2,2.457409395826564,1,5.900794349147476,16,27.358203744974038,4,7,3.0,-15.0,4.0,0
uep036,6,1,2,RS,11.0,-15.0,2,2.713979961356472,1,5.750111078243438,27.358203744974038,38.82229478457394,4,7,3.0,-15.0,4.0,0
uep036,6,1,3,RS,-0.0,-15.0,2,1.2433794265175422,1,5.671593943953372,38.82229478457394,48.73726815504486,4,7,3.0,-15.0,4.0,0
uep036,6,1,4,RS,9.0,-15.0,2,2.450682421466136,1,5.31199452454942,48.73726815504486,59.49994510106041,4,7,3.0,-15.0,4.0,0
uep036,6,1,5,RS,-11.0,-15.0,2,1.9671873089098817,1,5.1960661423278935,59.49994510106041,69.66319855229818,4,7,3.0,-15.0,4.0,0
uep036,6,1,6,RS,-2.0,-15.0,2,1.1812163757028866,1,5.8437055243279845,69.66319855229818,79.68812045232906,4,7,3.0,-15.0,4.0,0
uep036,6,1,7,RS,3.0,-15.0,2,1.9703177514282166,1,6.186567383545181,79.68812045232906,90.84500558730245,4,7,3.0,-15.0,4.0,0
uep036,6,1,8,RS,-1.0,-15.0,2,2.4146974731304187,1,6.3270616538368225,90.84500558730245,102.58676471426969,4,7,3.0,-15.0,4.0,0
uep036,6,1,9,RS,6.0,-15.0,2,2.240276679956543,1,6.591479701152634,102.58676471426969,114.41852109537886,4,7,3.0,-15.0,4.0,0
uep036,6,1,10,RS,4.0,-15.0,2,1.0186735456445362,1,6.128018592657462,114.41852109537886,124.56521323368085,4,7,3.0,-15.0,4.0,0
