subjectId,runId,blockId,trialId,condition,leftAnswer,rightAnswer,choiceDuration,isiDuration,feedbackDuration,itiDuration,stimOnset,itiOffset,leftColor,rightColor,mu1,mu2,sd1,sd2
uep036,4,2,1,RS,-19.0,-23.0,2,2.838893195586694,1,5.802985759928608,133.27552156692406,144.91740052243938,2,4,-14.0,-23.0,4.0,0
uep036,4,2,2,RS,-9.0,-23.0,2,2.8280706904993904,1,5.874620769833997,144.91740052243938,156.62009198277278,2,4,-14.0,-23.0,4.0,0
uep036,4,2,3,RS,-9.0,-23.0,2,1.4113789570831758,1,5.642423463380955,156.62009198277278,166.67389440323691,2,4,-14.0,-23.0,4.0,0
uep036,4,2,4,RS,-18.0,-23.0,2,2.5063203892242463,1,6.742719237500812,166.67389440323691,178.92293402996197,2,4,-14.0,-23.0,4.0,0
uep036,4,2,5,RS,-16.0,-23.0,2,2.110861829216391,1,5.3083045995658145,178.92293402996197,189.34210045874417,2,4,-14.0,-23.0,4.0,0
uep036,4,2,6,RS,-16.0,-23.0,2,1.1087749512282759,1,6.9493842529920276,189.34210045874417,200.40025966296446,2,4,-14.0,-23.0,4.0,0
uep036,4,2,7,RS,-15.0,-23.0,2,1.5578436619040374,1,6.03008316922841,200.40025966296446,210.9881864940969,2,4,-14.0,-23.0,4.0,0
uep036,4,2,8,RS,-18.0,-23.0,2,1.0559092265611245,1,6.887572986662852,210.9881864940969,221.93166870732088,2,4,-14.0,-23.0,4.0,0
uep036,4,2,9,RS,-15.0,-23.0,2,1.918129563012518,1,5.644099637767426,221.93166870732088,232.49389790810082,2,4,-14.0,-23.0,4.0,0
uep036,4,2,10,RS,-14.0,-23.0,2,2.0931473234083544,1,6.646950304655803,232.49389790810082,244.23399553616497,2,4,-14.0,-23.0,4.0,0
