subjectId,runId,blockId,trialId,condition,leftAnswer,rightAnswer,choiceDuration,isiDuration,feedbackDuration,itiDuration,stimOnset,itiOffset,leftColor,rightColor,mu1,mu2,sd1,sd2
uep058,8,4,1,RR,15.0,-7.0,2,2.1110048567482065,1,5.793657065424248,364.07617899828335,374.9808409204558,1,5,18.0,-9.0,4.0,4.0
uep058,8,4,2,RR,10.0,-17.0,2,2.1950198387319677,1,5.653390940594542,374.9808409204558,385.82925169978233,1,5,18.0,-9.0,4.0,4.0
uep058,8,4,3,RR,13.0,-8.0,2,1.8802006333673835,1,5.634526127320649,385.82925169978233,396.3439784604704,1,5,18.0,-9.0,4.0,4.0
uep058,8,4,4,RR,15.0,-11.0,2,2.8010343547863426,1,5.550109050098042,396.3439784604704,407.6951218653548,1,5,18.0,-9.0,4.0,4.0
uep058,8,4,5,RR,17.0,-14.0,2,1.905010199246735,1,5.071913706283912,407.6951218653548,417.67204577088546,1,5,18.0,-9.0,4.0,4.0
uep058,8,4,6,RR,18.0,-12.0,2,2.5162330393704475,1,6.510776390804698,417.67204577088546,429.6990552010606,1,5,18.0,-9.0,4.0,4.0
uep058,8,4,7,RR,21.0,-3.0,2,3.039042094270848,1,6.404826433087513,429.6990552010606,442.14292372841896,1,5,18.0,-9.0,4.0,4.0
uep058,8,4,8,RR,17.0,-5.0,2,1.526013574862353,1,5.636638171833959,442.14292372841896,452.3055754751153,1,5,18.0,-9.0,4.0,4.0
uep058,8,4,9,RR,17.0,-14.0,2,2.0150874223588895,1,6.060691613115382,452.3055754751153,463.3813545105896,1,5,18.0,-9.0,4.0,4.0
uep058,8,4,10,RR,21.0,-11.0,2,1.1208238077010377,1,6.497821681709552,463.3813545105896,474.0000000000001,1,5,18.0,-9.0,4.0,4.0
