subjectId,runId,blockId,trialId,condition,leftAnswer,rightAnswer,choiceDuration,isiDuration,feedbackDuration,itiDuration,stimOnset,itiOffset,leftColor,rightColor,mu1,mu2,sd1,sd2
uep018,6,2,1,SR,6.0,12.0,2,1.325304188538125,1,5.868727416680172,132.20235887130872,142.39639047652702,0,5,6.0,12.0,0,4.0
uep018,6,2,2,SR,6.0,12.0,2,2.8237547391971036,1,6.767882676135561,142.39639047652702,154.9880278918597,0,5,6.0,12.0,0,4.0
uep018,6,2,3,SR,6.0,16.0,2,2.7563244676983896,1,5.078378292413214,154.9880278918597,165.8227306519713,0,5,6.0,12.0,0,4.0
uep018,6,2,4,SR,6.0,10.0,2,1.5709869089097326,1,6.919751839176012,165.8227306519713,177.31346940005704,0,5,6.0,12.0,0,4.0
uep018,6,2,5,SR,6.0,12.0,2,1.9850817704840475,1,6.737215670495141,177.31346940005704,189.03576684103624,0,5,6.0,12.0,0,4.0
uep018,6,2,6,SR,6.0,13.0,2,2.0833444254170717,1,6.560071292264112,189.03576684103624,200.6791825587174,0,5,6.0,12.0,0,4.0
uep018,6,2,7,SR,6.0,12.0,2,2.6218840729601216,1,6.452361444208448,200.6791825587174,212.75342807588595,0,5,6.0,12.0,0,4.0
uep018,6,2,8,SR,6.0,20.0,2,2.7237500751979304,1,6.391339241764338,212.75342807588595,224.86851739284822,0,5,6.0,12.0,0,4.0
uep018,6,2,9,SR,6.0,6.0,2,2.427245694253373,1,5.700129860712293,224.86851739284822,235.99589294781387,0,5,6.0,12.0,0,4.0
uep018,6,2,10,SR,6.0,8.0,2,1.4920013064058797,1,5.038352577894517,235.99589294781387,245.52624683211428,0,5,6.0,12.0,0,4.0
