subjectId,runId,blockId,trialId,condition,leftAnswer,rightAnswer,choiceDuration,isiDuration,feedbackDuration,itiDuration,stimOnset,itiOffset,leftColor,rightColor,mu1,mu2,sd1,sd2
uep039,8,2,1,SR,4.0,-10.0,2,1.962466068750596,1,5.358590522749146,131.24292108590294,141.56397767740268,6,7,4.0,-7.0,0,4.0
uep039,8,2,2,SR,4.0,-6.0,2,2.0375975256640784,1,5.744347875576878,141.56397767740268,152.34592307864364,6,7,4.0,-7.0,0,4.0
uep039,8,2,3,SR,4.0,-3.0,2,1.3027325100802025,1,6.133583808896936,152.34592307864364,162.78223939762077,6,7,4.0,-7.0,0,4.0
uep039,8,2,4,SR,4.0,-7.0,2,1.1068654791312693,1,6.338476061644283,162.78223939762077,173.22758093839633,6,7,4.0,-7.0,0,4.0
uep039,8,2,5,SR,4.0,-12.0,2,2.968024641545627,1,5.9296597889802065,173.22758093839633,185.1252653689222,6,7,4.0,-7.0,0,4.0
uep039,8,2,6,SR,4.0,-9.0,2,2.3845497744755577,1,6.599195800105488,185.1252653689222,197.10901094350322,6,7,4.0,-7.0,0,4.0
uep039,8,2,7,SR,4.0,-13.0,2,1.9784871493925935,1,5.772268306192834,197.10901094350322,207.85976639908867,6,7,4.0,-7.0,0,4.0
uep039,8,2,8,SR,4.0,-1.0,2,1.4627368079143652,1,5.4579169942504,207.85976639908867,217.78042020125343,6,7,4.0,-7.0,0,4.0
uep039,8,2,9,SR,4.0,-10.0,2,2.7099282705533567,1,6.949584267753373,217.78042020125343,230.43993273956016,6,7,4.0,-7.0,0,4.0
uep039,8,2,10,SR,4.0,-7.0,2,1.6902657701426909,1,6.056796528204263,230.43993273956016,241.18699503790714,6,7,4.0,-7.0,0,4.0
