subjectId,runId,blockId,trialId,condition,leftAnswer,rightAnswer,choiceDuration,isiDuration,feedbackDuration,itiDuration,stimOnset,itiOffset,leftColor,rightColor,mu1,mu2,sd1,sd2
uep032,3,2,1,RS,-10.0,22.0,2,1.8514626509726333,1,6.397661450908325,132.12148099651716,143.3706050983981,3,1,-9.0,22.0,4.0,0
uep032,3,2,2,RS,-7.0,22.0,2,2.2186710156108753,1,6.28540596249098,143.3706050983981,154.87468207649997,3,1,-9.0,22.0,4.0,0
uep032,3,2,3,RS,-14.0,22.0,2,2.1452295261343335,1,5.933471860581286,154.87468207649997,165.95338346321557,3,1,-9.0,22.0,4.0,0
uep032,3,2,4,RS,-9.0,22.0,2,2.1067683760233975,1,6.247084658109836,165.95338346321557,177.3072364973488,3,1,-9.0,22.0,4.0,0
uep032,3,2,5,RS,-13.0,22.0,2,1.6793720593694528,1,5.787754052872734,177.3072364973488,187.774362609591,3,1,-9.0,22.0,4.0,0
uep032,3,2,6,RS,-6.0,22.0,2,2.272985155169754,1,5.952370984814593,187.774362609591,198.99971874957535,3,1,-9.0,22.0,4.0,0
uep032,3,2,7,RS,-6.0,22.0,2,1.27950017747112,1,5.30985627428288,198.99971874957535,208.58907520132934,3,1,-9.0,22.0,4.0,0
uep032,3,2,8,RS,-12.0,22.0,2,2.5437126498380023,1,5.316994806420911,208.58907520132934,219.44978265758826,3,1,-9.0,22.0,4.0,0
uep032,3,2,9,RS,-8.0,22.0,2,2.4569497323727454,1,6.579208936459059,219.44978265758826,231.48594132642006,3,1,-9.0,22.0,4.0,0
uep032,3,2,10,RS,-14.0,22.0,2,1.265963052902572,1,6.76544884015123,231.48594132642006,242.51735321947388,3,1,-9.0,22.0,4.0,0
