subjectId,runId,blockId,trialId,condition,leftAnswer,rightAnswer,choiceDuration,isiDuration,feedbackDuration,itiDuration,stimOnset,itiOffset,leftColor,rightColor,mu1,mu2,sd1,sd2
uep037,4,1,1,RR,5.0,11.0,2,1.267177608386589,1,5.049420953076759,16,25.316598561463348,3,7,-2.0,8.0,4.0,4.0
uep037,4,1,2,RR,-2.0,7.0,2,2.137459035830549,1,5.41505097706036,25.316598561463348,35.86910857435426,3,7,-2.0,8.0,4.0,4.0
uep037,4,1,3,RR,2.0,3.0,2,1.1732215259432603,1,6.610869275965422,35.86910857435426,46.65319937626294,3,7,-2.0,8.0,4.0,4.0
uep037,4,1,4,RR,0.0,0.0,2,2.026331548836547,1,5.375404259128634,46.65319937626294,57.05493518422812,3,7,-2.0,8.0,4.0,4.0
uep037,4,1,5,RR,-1.0,9.0,2,2.922527890551115,1,5.387732971542474,57.05493518422812,68.36519604632171,3,7,-2.0,8.0,4.0,4.0
uep037,4,1,6,RR,-4.0,7.0,2,2.9277935936147803,1,6.749911248107959,68.36519604632171,81.04290088804446,3,7,-2.0,8.0,4.0,4.0
uep037,4,1,7,RR,8.0,6.0,2,2.085839531427565,1,6.085331385749104,81.04290088804446,92.21407180522112,3,7,-2.0,8.0,4.0,4.0
uep037,4,1,8,RR,1.0,12.0,2,1.7798970969841235,1,6.752522393304651,92.21407180522112,103.7464912955099,3,7,-2.0,8.0,4.0,4.0
uep037,4,1,9,RR,-1.0,8.0,2,2.644083711108654,1,5.702874030354354,103.7464912955099,115.0934490369729,3,7,-2.0,8.0,4.0,4.0
uep037,4,1,10,RR,-1.0,2.0,2,1.6589974756477324,1,5.9616957278970935,115.0934490369729,125.71414224051773,3,7,-2.0,8.0,4.0,4.0
