subjectId,runId,blockId,trialId,condition,leftAnswer,rightAnswer,choiceDuration,isiDuration,feedbackDuration,itiDuration,stimOnset,itiOffset,leftColor,rightColor,mu1,mu2,sd1,sd2
uep040,4,1,1,RR,-9.0,-9.0,2,1.6513739489090749,1,6.720090703628789,16,27.371464652537863,6,0,-11.0,-7.0,4.0,4.0
uep040,4,1,2,RR,-11.0,-5.0,2,1.4889624708297826,1,6.965698066869787,27.371464652537863,38.826125190237434,6,0,-11.0,-7.0,4.0,4.0
uep040,4,1,3,RR,-10.0,-8.0,2,2.1407675094214107,1,6.035985736029839,38.826125190237434,50.00287843568868,6,0,-11.0,-7.0,4.0,4.0
uep040,4,1,4,RR,-9.0,-9.0,2,1.1047978124524978,1,5.640172855045479,50.00287843568868,59.74784910318665,6,0,-11.0,-7.0,4.0,4.0
uep040,4,1,5,RR,-8.0,-10.0,2,1.449424477780487,1,6.432289599255988,59.74784910318665,70.62956318022313,6,0,-11.0,-7.0,4.0,4.0
uep040,4,1,6,RR,-9.0,-7.0,2,1.9122127732819165,1,5.634029361481488,70.62956318022313,81.17580531498655,6,0,-11.0,-7.0,4.0,4.0
uep040,4,1,7,RR,-8.0,-9.0,2,2.8914714909715844,1,5.630904487651867,81.17580531498655,92.69818129360999,6,0,-11.0,-7.0,4.0,4.0
uep040,4,1,8,RR,-13.0,-4.0,2,1.2551955692827275,1,6.0290098952066,92.69818129360999,102.98238675809932,6,0,-11.0,-7.0,4.0,4.0
uep040,4,1,9,RR,-9.0,-11.0,2,2.0791753514925526,1,6.037238858130822,102.98238675809932,114.0988009677227,6,0,-11.0,-7.0,4.0,4.0
uep040,4,1,10,RR,-14.0,-8.0,2,1.7582991321372439,1,5.604952323123768,114.0988009677227,124.4620524229837,6,0,-11.0,-7.0,4.0,4.0
