subjectId,runId,blockId,trialId,condition,leftAnswer,rightAnswer,choiceDuration,isiDuration,feedbackDuration,itiDuration,stimOnset,itiOffset,leftColor,rightColor,mu1,mu2,sd1,sd2
uep027,3,1,1,SR,2.0,-11.0,2,1.7564699770458516,1,4.978471814197162,16,25.734941791243017,5,7,2.0,-12.0,0,4.0
uep027,3,1,2,SR,2.0,-10.0,2,1.9596791280159158,1,6.544555643688675,25.734941791243017,37.239176562947605,5,7,2.0,-12.0,0,4.0
uep027,3,1,3,SR,2.0,-8.0,2,2.4816762174175944,1,5.712484763559866,37.239176562947605,48.43333754392506,5,7,2.0,-12.0,0,4.0
uep027,3,1,4,SR,2.0,-11.0,2,2.797761390947819,1,5.793232176477685,48.43333754392506,60.02433111135057,5,7,2.0,-12.0,0,4.0
uep027,3,1,5,SR,2.0,-12.0,2,2.7401332282658517,1,6.1269993855479195,60.02433111135057,71.89146372516434,5,7,2.0,-12.0,0,4.0
uep027,3,1,6,SR,2.0,-15.0,2,2.1399320188207596,1,6.124163795319402,71.89146372516434,83.1555595393045,5,7,2.0,-12.0,0,4.0
uep027,3,1,7,SR,2.0,-10.0,2,1.9324451488474663,1,6.079048034477765,83.1555595393045,94.16705272262973,5,7,2.0,-12.0,0,4.0
uep027,3,1,8,SR,2.0,-8.0,2,1.5505966861508347,1,5.8243487952270305,94.16705272262973,104.5419982040076,5,7,2.0,-12.0,0,4.0
uep027,3,1,9,SR,2.0,-12.0,2,2.756718197149525,1,5.122495599974007,104.5419982040076,115.42121200113112,5,7,2.0,-12.0,0,4.0
uep027,3,1,10,SR,2.0,-13.0,2,1.7400784324663985,1,6.848828846948935,115.42121200113112,127.01011928054646,5,7,2.0,-12.0,0,4.0
