subjectId,runId,blockId,trialId,condition,leftAnswer,rightAnswer,choiceDuration,isiDuration,feedbackDuration,itiDuration,stimOnset,itiOffset,leftColor,rightColor,mu1,mu2,sd1,sd2
uep055,7,4,1,SR,1.0,-2.0,2,1.8652797331514066,1,5.65212632965499,365.17076029781515,375.68816636062155,7,4,1.0,-3.0,0,4.0
uep055,7,4,2,SR,1.0,-8.0,2,1.8562003229799924,1,6.624710148468641,375.68816636062155,387.1690768320702,7,4,1.0,-3.0,0,4.0
uep055,7,4,3,SR,1.0,1.0,2,2.5234655497017275,1,5.472638768191467,387.1690768320702,398.16518114996336,7,4,1.0,-3.0,0,4.0
uep055,7,4,4,SR,1.0,1.0,2,2.9407330756036982,1,6.182278966588821,398.16518114996336,410.28819319215586,7,4,1.0,-3.0,0,4.0
uep055,7,4,5,SR,1.0,-9.0,2,1.149239984653967,1,5.604635832860316,410.28819319215586,420.0420690096701,7,4,1.0,-3.0,0,4.0
uep055,7,4,6,SR,1.0,-4.0,2,1.3700066190713944,1,6.571227622708415,420.0420690096701,430.9833032514499,7,4,1.0,-3.0,0,4.0
uep055,7,4,7,SR,1.0,3.0,2,2.0206133872548513,1,5.308958735468263,430.9833032514499,441.312875374173,7,4,1.0,-3.0,0,4.0
uep055,7,4,8,SR,1.0,-10.0,2,1.837356774735559,1,6.103046799929168,441.312875374173,452.25327894883776,7,4,1.0,-3.0,0,4.0
uep055,7,4,9,SR,1.0,-5.0,2,1.0475934733400636,1,6.812858566905815,452.25327894883776,463.1137309890836,7,4,1.0,-3.0,0,4.0
uep055,7,4,10,SR,1.0,0.0,2,2.3092628855617034,1,5.577006125354667,463.1137309890836,473.99999999999994,7,4,1.0,-3.0,0,4.0
