subjectId,runId,blockId,trialId,condition,leftAnswer,rightAnswer,choiceDuration,isiDuration,feedbackDuration,itiDuration,stimOnset,itiOffset,leftColor,rightColor,mu1,mu2,sd1,sd2
uep020,4,2,1,RR,-7.0,-0.0,2,2.7020348880432516,1,6.965465813740418,131.93499621158514,144.6024969133688,3,7,-2.0,-0.0,4.0,4.0
uep020,4,2,2,RR,-1.0,1.0,2,1.2046832220532784,1,6.151083696384545,144.6024969133688,154.95826383180665,3,7,-2.0,-0.0,4.0,4.0
uep020,4,2,3,RR,-8.0,1.0,2,1.3429861589335872,1,5.70887508891815,154.95826383180665,165.0101250796584,3,7,-2.0,-0.0,4.0,4.0
uep020,4,2,4,RR,-5.0,-2.0,2,2.9002533500603738,1,5.310368589276856,165.0101250796584,176.22074701899564,3,7,-2.0,-0.0,4.0,4.0
uep020,4,2,5,RR,-9.0,-1.0,2,2.757921273851334,1,5.062785027342789,176.22074701899564,187.04145332018976,3,7,-2.0,-0.0,4.0,4.0
uep020,4,2,6,RR,7.0,2.0,2,2.2330107658473244,1,5.590146622085465,187.04145332018976,197.86461070812254,3,7,-2.0,-0.0,4.0,4.0
uep020,4,2,7,RR,2.0,0.0,2,1.0356635021555363,1,6.565370994368248,197.86461070812254,208.4656452046463,3,7,-2.0,-0.0,4.0,4.0
uep020,4,2,8,RR,-7.0,10.0,2,1.347628465052477,1,6.247410006055312,208.4656452046463,219.0606836757541,3,7,-2.0,-0.0,4.0,4.0
uep020,4,2,9,RR,2.0,3.0,2,1.7258213236337518,1,6.603271892083973,219.0606836757541,230.3897768914718,3,7,-2.0,-0.0,4.0,4.0
uep020,4,2,10,RR,-2.0,5.0,2,2.3642933537064703,1,5.359460276353603,230.3897768914718,241.11353052153189,3,7,-2.0,-0.0,4.0,4.0
