subjectId,runId,blockId,trialId,condition,leftAnswer,rightAnswer,choiceDuration,isiDuration,feedbackDuration,itiDuration,stimOnset,itiOffset,leftColor,rightColor,mu1,mu2,sd1,sd2
uep041,3,3,1,RS,-13.0,-3.0,2,2.805379619188829,1,5.538014698113362,249.8750739849232,261.2184683022254,7,1,-5.0,-3.0,4.0,0
uep041,3,3,2,RS,3.0,-3.0,2,1.5359422209309532,1,6.53742462179567,261.2184683022254,272.291835144952,7,1,-5.0,-3.0,4.0,0
uep041,3,3,3,RS,-11.0,-3.0,2,1.0992371388841808,1,5.8472655392080775,272.291835144952,282.2383378230443,7,1,-5.0,-3.0,4.0,0
uep041,3,3,4,RS,-4.0,-3.0,2,1.9434041245826634,1,5.394623945934805,282.2383378230443,292.5763658935618,7,1,-5.0,-3.0,4.0,0
uep041,3,3,5,RS,-14.0,-3.0,2,2.2245817790573583,1,6.753217999260029,292.5763658935618,304.55416567187916,7,1,-5.0,-3.0,4.0,0
uep041,3,3,6,RS,-6.0,-3.0,2,2.3890470207235177,1,6.194176282453432,304.55416567187916,316.1373889750561,7,1,-5.0,-3.0,4.0,0
uep041,3,3,7,RS,-7.0,-3.0,2,2.241932974877464,1,6.509783585134326,316.1373889750561,327.88910553506787,7,1,-5.0,-3.0,4.0,0
uep041,3,3,8,RS,-1.0,-3.0,2,1.3498284847588191,1,5.506577894755784,327.88910553506787,337.74551191458244,7,1,-5.0,-3.0,4.0,0
uep041,3,3,9,RS,-2.0,-3.0,2,1.8784304931204374,1,6.168447033744539,337.74551191458244,348.7923894414474,7,1,-5.0,-3.0,4.0,0
uep041,3,3,10,RS,-6.0,-3.0,2,1.673083725564487,1,5.937146717352449,348.7923894414474,359.40261988436436,7,1,-5.0,-3.0,4.0,0
