subjectId,runId,blockId,trialId,condition,leftAnswer,rightAnswer,choiceDuration,isiDuration,feedbackDuration,itiDuration,stimOnset,itiOffset,leftColor,rightColor,mu1,mu2,sd1,sd2
uep029,7,2,1,SS,7.0,15.0,2,3.019924938575637,1,6.075149154385674,132.65806397540737,144.75313806836868,0,5,7.0,15.0,0,0
uep029,7,2,2,SS,7.0,15.0,2,1.3275059285412036,1,5.488462892097933,144.75313806836868,154.56910688900783,0,5,7.0,15.0,0,0
uep029,7,2,3,SS,7.0,15.0,2,2.1719573165768913,1,6.488294531696067,154.56910688900783,166.22935873728076,0,5,7.0,15.0,0,0
uep029,7,2,4,SS,7.0,15.0,2,1.0498239169907506,1,6.227845564089482,166.22935873728076,176.507028218361,0,5,7.0,15.0,0,0
uep029,7,2,5,SS,7.0,15.0,2,1.4736509142620302,1,5.559860047315846,176.507028218361,186.5405391799389,0,5,7.0,15.0,0,0
uep029,7,2,6,SS,7.0,15.0,2,1.8066730462311167,1,5.794496558162547,186.5405391799389,197.14170878433254,0,5,7.0,15.0,0,0
uep029,7,2,7,SS,7.0,15.0,2,1.1256045953091645,1,5.603538040134051,197.14170878433254,206.87085141977576,0,5,7.0,15.0,0,0
uep029,7,2,8,SS,7.0,15.0,2,1.7071184065446547,1,6.268303723766125,206.87085141977576,217.84627355008655,0,5,7.0,15.0,0,0
uep029,7,2,9,SS,7.0,15.0,2,1.6623683077798346,1,5.212377497774976,217.84627355008655,227.72101935564137,0,5,7.0,15.0,0,0
uep029,7,2,10,SS,7.0,15.0,2,1.293334084085165,1,6.759778532934427,227.72101935564137,238.77413197266097,0,5,7.0,15.0,0,0
