subjectId,runId,blockId,trialId,condition,leftAnswer,rightAnswer,choiceDuration,isiDuration,feedbackDuration,itiDuration,stimOnset,itiOffset,leftColor,rightColor,mu1,mu2,sd1,sd2
uep028,2,1,1,RR,-16.0,-15.0,2,2.2700744994962894,1,6.606885051248052,16,27.876959550744342,5,7,-16.0,-9.0,4.0,4.0
uep028,2,1,2,RR,-16.0,-9.0,2,2.4256606715402977,1,6.337729519513876,27.876959550744342,39.64034974179852,5,7,-16.0,-9.0,4.0,4.0
uep028,2,1,3,RR,-16.0,0.0,2,1.960990037296857,1,6.459666471182572,39.64034974179852,51.06100625027795,5,7,-16.0,-9.0,4.0,4.0
uep028,2,1,4,RR,-14.0,-12.0,2,2.978612054911926,1,6.033743882174031,51.06100625027795,63.073362187363905,5,7,-16.0,-9.0,4.0,4.0
uep028,2,1,5,RR,-19.0,-9.0,2,1.7771993750720296,1,5.59133022026943,63.073362187363905,73.44189178270535,5,7,-16.0,-9.0,4.0,4.0
uep028,2,1,6,RR,-6.0,0.0,2,2.6467125228143527,1,6.2884893532037855,73.44189178270535,85.3770936587235,5,7,-16.0,-9.0,4.0,4.0
uep028,2,1,7,RR,-19.0,-11.0,2,2.037696090981623,1,5.663248391047437,85.3770936587235,96.07803814075255,5,7,-16.0,-9.0,4.0,4.0
uep028,2,1,8,RR,-22.0,-9.0,2,2.380017587664978,1,5.531376600973341,96.07803814075255,106.98943232939088,5,7,-16.0,-9.0,4.0,4.0
uep028,2,1,9,RR,-14.0,-10.0,2,2.0844478366731245,1,5.090320863026766,106.98943232939088,117.16420102909076,5,7,-16.0,-9.0,4.0,4.0
uep028,2,1,10,RR,-17.0,-13.0,2,2.5764758931442726,1,5.4320882633116225,117.16420102909076,128.17276518554667,5,7,-16.0,-9.0,4.0,4.0
