subjectId,runId,blockId,trialId,condition,leftAnswer,rightAnswer,choiceDuration,isiDuration,feedbackDuration,itiDuration,stimOnset,itiOffset,leftColor,rightColor,mu1,mu2,sd1,sd2
uep021,6,1,1,RS,-6.0,15.0,2,2.0389060140955833,1,6.292716276046609,16,27.331622290142192,1,7,0.0,15.0,4.0,0
uep021,6,1,2,RS,-0.0,15.0,2,2.630312574100381,1,6.741017345328207,27.331622290142192,39.70295220957078,1,7,0.0,15.0,4.0,0
uep021,6,1,3,RS,4.0,15.0,2,2.43447408087939,1,6.097491614099886,39.70295220957078,51.23491790455006,1,7,0.0,15.0,4.0,0
uep021,6,1,4,RS,-4.0,15.0,2,1.0133771249695134,1,6.13356436076637,51.23491790455006,61.381859390285946,1,7,0.0,15.0,4.0,0
uep021,6,1,5,RS,4.0,15.0,2,1.5965982783266741,1,6.104587601324473,61.381859390285946,72.08304526993709,1,7,0.0,15.0,4.0,0
uep021,6,1,6,RS,-7.0,15.0,2,1.3713656544620634,1,5.724353100740333,72.08304526993709,82.17876402513949,1,7,0.0,15.0,4.0,0
uep021,6,1,7,RS,0.0,15.0,2,1.177334975841407,1,6.960887556877619,82.17876402513949,93.31698655785851,1,7,0.0,15.0,4.0,0
uep021,6,1,8,RS,-3.0,15.0,2,1.6416006617391206,1,6.198677177789279,93.31698655785851,104.15726439738691,1,7,0.0,15.0,4.0,0
uep021,6,1,9,RS,-1.0,15.0,2,1.7321504441753957,1,5.090380617842703,104.15726439738691,113.979795459405,1,7,0.0,15.0,4.0,0
uep021,6,1,10,RS,-3.0,15.0,2,1.8999149818770842,1,6.770657744173761,113.979795459405,125.65036818545585,1,7,0.0,15.0,4.0,0
