subjectId,runId,blockId,trialId,condition,leftAnswer,rightAnswer,choiceDuration,isiDuration,feedbackDuration,itiDuration,stimOnset,itiOffset,leftColor,rightColor,mu1,mu2,sd1,sd2
uep010,2,3,1,RR,-11.0,-7.0,2,2.0485857946806685,1,6.418285939431896,246.19151248128276,257.6583842153953,7,2,-10.0,-6.0,4.0,4.0
uep010,2,3,2,RR,-7.0,-3.0,2,2.331862550758313,1,6.974704769015197,257.6583842153953,269.96495153516884,7,2,-10.0,-6.0,4.0,4.0
uep010,2,3,3,RR,-5.0,-11.0,2,2.484747093805895,1,6.285346538404072,269.96495153516884,281.7350451673788,7,2,-10.0,-6.0,4.0,4.0
uep010,2,3,4,RR,-14.0,-11.0,2,1.3656258426172672,1,6.541479036991146,281.7350451673788,292.6421500469872,7,2,-10.0,-6.0,4.0,4.0
uep010,2,3,5,RR,-14.0,-13.0,2,2.0728478628946903,1,6.208285651172292,292.6421500469872,303.9232835610541,7,2,-10.0,-6.0,4.0,4.0
uep010,2,3,6,RR,-11.0,-8.0,2,1.3680540618843062,1,5.6405962659834525,303.9232835610541,313.9319338889219,7,2,-10.0,-6.0,4.0,4.0
uep010,2,3,7,RR,-12.0,-2.0,2,1.7955550296500757,1,6.028196140695502,313.9319338889219,324.7556850592675,7,2,-10.0,-6.0,4.0,4.0
uep010,2,3,8,RR,-8.0,-8.0,2,2.8285056340110035,1,6.3568270018395445,324.7556850592675,336.941017695118,7,2,-10.0,-6.0,4.0,4.0
uep010,2,3,9,RR,-5.0,-1.0,2,2.9401429591807977,1,6.057112778925944,336.941017695118,348.9382734332247,7,2,-10.0,-6.0,4.0,4.0
uep010,2,3,10,RR,-11.0,-5.0,2,1.2857754260078542,1,5.0974781662837705,348.9382734332247,358.32152702551633,7,2,-10.0,-6.0,4.0,4.0
