subjectId,runId,blockId,trialId,condition,leftAnswer,rightAnswer,choiceDuration,isiDuration,feedbackDuration,itiDuration,stimOnset,itiOffset,leftColor,rightColor,mu1,mu2,sd1,sd2
uep047,7,2,1,RR,-6.0,18.0,2,2.511365070807264,1,5.488338438340492,131.11792734094595,142.11763085009372,0,4,-0.0,14.0,4.0,4.0
uep047,7,2,2,RR,3.0,13.0,2,1.269232944306052,1,7.011449491614658,142.11763085009372,153.39831328601443,0,4,-0.0,14.0,4.0,4.0
uep047,7,2,3,RR,-3.0,13.0,2,1.0379215525651915,1,5.889081755566148,153.39831328601443,163.32531659414576,0,4,-0.0,14.0,4.0,4.0
uep047,7,2,4,RR,1.0,13.0,2,1.2495562127695743,1,7.002060977496552,163.32531659414576,174.57693378441186,0,4,-0.0,14.0,4.0,4.0
uep047,7,2,5,RR,-5.0,8.0,2,2.764428840839978,1,6.5653481473549515,174.57693378441186,186.90671077260677,0,4,-0.0,14.0,4.0,4.0
uep047,7,2,6,RR,4.0,11.0,2,1.1388893603038144,1,6.072600937707944,186.90671077260677,197.1182010706185,0,4,-0.0,14.0,4.0,4.0
uep047,7,2,7,RR,-0.0,9.0,2,1.3402728193789426,1,6.128858255529295,197.1182010706185,207.58733214552677,0,4,-0.0,14.0,4.0,4.0
uep047,7,2,8,RR,-0.0,18.0,2,2.0987379061679072,1,6.157586560856004,207.58733214552677,218.8436566125507,0,4,-0.0,14.0,4.0,4.0
uep047,7,2,9,RR,4.0,12.0,2,1.1369201386781822,1,6.168592074544314,218.8436566125507,229.1491688257732,0,4,-0.0,14.0,4.0,4.0
uep047,7,2,10,RR,7.0,15.0,2,2.503547465691093,1,5.459851580376356,229.1491688257732,240.11256787184064,0,4,-0.0,14.0,4.0,4.0
