subjectId,runId,blockId,trialId,condition,leftAnswer,rightAnswer,choiceDuration,isiDuration,feedbackDuration,itiDuration,stimOnset,itiOffset,leftColor,rightColor,mu1,mu2,sd1,sd2
uep027,5,4,1,RR,3.0,11.0,2,1.847739212394047,1,6.4800645369906436,362.28235825648414,373.61016200586886,5,6,2.0,9.0,4.0,4.0
uep027,5,4,2,RR,3.0,6.0,2,2.268289962312496,1,6.652571098220225,373.61016200586886,385.5310230664016,5,6,2.0,9.0,4.0,4.0
uep027,5,4,3,RR,1.0,14.0,2,1.1733619220414033,1,5.965554454929317,385.5310230664016,395.6699394433723,5,6,2.0,9.0,4.0,4.0
uep027,5,4,4,RR,5.0,9.0,2,1.7271338020009066,1,6.766546802963256,395.6699394433723,407.16362004833644,5,6,2.0,9.0,4.0,4.0
uep027,5,4,5,RR,-4.0,15.0,2,1.7571669763041282,1,6.0471508633964035,407.16362004833644,417.96793788803694,5,6,2.0,9.0,4.0,4.0
uep027,5,4,6,RR,-1.0,7.0,2,1.8572691451925207,1,5.652735209240772,417.96793788803694,428.4779422424702,5,6,2.0,9.0,4.0,4.0
uep027,5,4,7,RR,2.0,13.0,2,2.6286800324713337,1,6.244644320516112,428.4779422424702,440.3512665954576,5,6,2.0,9.0,4.0,4.0
uep027,5,4,8,RR,2.0,9.0,2,2.3585750369398037,1,5.022944033761164,440.3512665954576,450.7327856661586,5,6,2.0,9.0,4.0,4.0
uep027,5,4,9,RR,4.0,12.0,2,2.401769802537094,1,6.0504977190163975,450.7327856661586,462.18505318771207,5,6,2.0,9.0,4.0,4.0
uep027,5,4,10,RR,5.0,11.0,2,2.3287818984884803,1,6.486164913799274,462.18505318771207,473.99999999999983,5,6,2.0,9.0,4.0,4.0
