subjectId,runId,blockId,trialId,condition,leftAnswer,rightAnswer,choiceDuration,isiDuration,feedbackDuration,itiDuration,stimOnset,itiOffset,leftColor,rightColor,mu1,mu2,sd1,sd2
uep004,7,2,1,RR,2.0,-21.0,2,1.2663927376233457,1,5.554065489632656,130.13258762631398,139.95304585356996,2,5,-2.0,-16.0,4.0,4.0
uep004,7,2,2,RR,-3.0,-13.0,2,1.744292875348491,1,5.611706138935263,139.95304585356996,150.30904486785371,2,5,-2.0,-16.0,4.0,4.0
uep004,7,2,3,RR,-5.0,-17.0,2,2.7875472064837075,1,5.0789998903067115,150.30904486785371,161.17559196464413,2,5,-2.0,-16.0,4.0,4.0
uep004,7,2,4,RR,-7.0,-20.0,2,2.8276936643249586,1,5.797624987677751,161.17559196464413,172.80091061664683,2,5,-2.0,-16.0,4.0,4.0
uep004,7,2,5,RR,3.0,-19.0,2,2.2836063702879215,1,6.604007323568516,172.80091061664683,184.68852431050325,2,5,-2.0,-16.0,4.0,4.0
uep004,7,2,6,RR,2.0,-17.0,2,1.617585784352765,1,6.091760573769857,184.68852431050325,195.39787066862587,2,5,-2.0,-16.0,4.0,4.0
uep004,7,2,7,RR,-0.0,-15.0,2,2.7354451913465097,1,6.416114282046854,195.39787066862587,207.54943014201925,2,5,-2.0,-16.0,4.0,4.0
uep004,7,2,8,RR,-3.0,-14.0,2,1.9520928164299154,1,6.815122320676319,207.54943014201925,219.31664527912548,2,5,-2.0,-16.0,4.0,4.0
uep004,7,2,9,RR,-4.0,-11.0,2,2.7725958791390415,1,6.324664961554168,219.31664527912548,231.41390611981868,2,5,-2.0,-16.0,4.0,4.0
uep004,7,2,10,RR,-1.0,-19.0,2,1.8465708747236478,1,6.745252892313756,231.41390611981868,243.00572988685607,2,5,-2.0,-16.0,4.0,4.0
