subjectId,runId,blockId,trialId,condition,leftAnswer,rightAnswer,choiceDuration,isiDuration,feedbackDuration,itiDuration,stimOnset,itiOffset,leftColor,rightColor,mu1,mu2,sd1,sd2
uep051,2,1,1,SR,2.0,-12.0,2,2.269704379988612,1,5.194765722143819,16,26.46447010213243,1,5,2.0,-8.0,0,4.0
uep051,2,1,2,SR,2.0,-9.0,2,1.3955498282231527,1,6.574901254190879,26.46447010213243,37.43492118454646,1,5,2.0,-8.0,0,4.0
uep051,2,1,3,SR,2.0,-10.0,2,2.9879614238730436,1,6.10898939021899,37.43492118454646,49.53187199863849,1,5,2.0,-8.0,0,4.0
uep051,2,1,4,SR,2.0,-6.0,2,1.3311449009908838,1,5.3716835864685795,49.53187199863849,59.23470048609796,1,5,2.0,-8.0,0,4.0
uep051,2,1,5,SR,2.0,-9.0,2,1.3392999239899093,1,5.801631770205224,59.23470048609796,69.3756321802931,1,5,2.0,-8.0,0,4.0
uep051,2,1,6,SR,2.0,-9.0,2,1.3545822741892262,1,5.9487928081410395,69.3756321802931,79.67900726262336,1,5,2.0,-8.0,0,4.0
uep051,2,1,7,SR,2.0,-10.0,2,1.5907931984729238,1,6.825663208853568,79.67900726262336,91.09546366994985,1,5,2.0,-8.0,0,4.0
uep051,2,1,8,SR,2.0,-8.0,2,1.9595739433404316,1,6.314181494143552,91.09546366994985,102.36921910743384,1,5,2.0,-8.0,0,4.0
uep051,2,1,9,SR,2.0,-8.0,2,1.3598423586758577,1,5.491530099667399,102.36921910743384,112.2205915657771,1,5,2.0,-8.0,0,4.0
uep051,2,1,10,SR,2.0,-11.0,2,1.034582763377727,1,6.381250198974103,112.2205915657771,122.63642452812893,1,5,2.0,-8.0,0,4.0
