subjectId,runId,blockId,trialId,condition,leftAnswer,rightAnswer,choiceDuration,isiDuration,feedbackDuration,itiDuration,stimOnset,itiOffset,leftColor,rightColor,mu1,mu2,sd1,sd2
uep019,5,2,1,RR,-2.0,-6.0,2,2.19162711078796,1,5.302125224419876,130.5646261844443,141.05837851965214,7,0,-3.0,-3.0,4.0,4.0
uep019,5,2,2,RR,2.0,4.0,2,1.7700788780530492,1,5.624765220724058,141.05837851965214,151.45322261842927,7,0,-3.0,-3.0,4.0,4.0
uep019,5,2,3,RR,-8.0,-1.0,2,1.2620378074010965,1,6.1730520843644685,151.45322261842927,161.88831251019482,7,0,-3.0,-3.0,4.0,4.0
uep019,5,2,4,RR,-3.0,-3.0,2,1.1395431020370241,1,5.898447981604911,161.88831251019482,171.92630359383676,7,0,-3.0,-3.0,4.0,4.0
uep019,5,2,5,RR,-1.0,-1.0,2,1.3506394652972078,1,6.288523055816569,171.92630359383676,182.56546611495054,7,0,-3.0,-3.0,4.0,4.0
uep019,5,2,6,RR,-5.0,-0.0,2,2.3615820927972067,1,6.663801809396275,182.56546611495054,194.59085001714402,7,0,-3.0,-3.0,4.0,4.0
uep019,5,2,7,RR,-2.0,-4.0,2,1.1381366077737698,1,5.448153820925756,194.59085001714402,204.17714044584355,7,0,-3.0,-3.0,4.0,4.0
uep019,5,2,8,RR,1.0,-1.0,2,2.5153409774678948,1,6.488827917656082,204.17714044584355,216.18130934096754,7,0,-3.0,-3.0,4.0,4.0
uep019,5,2,9,RR,-1.0,-7.0,2,1.6060955960862604,1,6.356226228531796,216.18130934096754,227.1436311655856,7,0,-3.0,-3.0,4.0,4.0
uep019,5,2,10,RR,-3.0,9.0,2,1.1507171927732411,1,5.326992919163535,227.1436311655856,236.62134127752236,7,0,-3.0,-3.0,4.0,4.0
