subjectId,runId,blockId,trialId,condition,leftAnswer,rightAnswer,choiceDuration,isiDuration,feedbackDuration,itiDuration,stimOnset,itiOffset,leftColor,rightColor,mu1,mu2,sd1,sd2
uep058,6,3,1,SS,10.0,8.0,2,1.1726069891664086,1,5.707528328032811,242.94152836684924,252.82166368404847,6,3,10.0,8.0,0,0
uep058,6,3,2,SS,10.0,8.0,2,1.3495369101735413,1,5.23145053090233,252.82166368404847,262.40265112512435,6,3,10.0,8.0,0,0
uep058,6,3,3,SS,10.0,8.0,2,2.4910530304407645,1,6.815896083131759,262.40265112512435,274.70960023869685,6,3,10.0,8.0,0,0
uep058,6,3,4,SS,10.0,8.0,2,1.4806552717742723,1,5.859264416908656,274.70960023869685,285.0495199273798,6,3,10.0,8.0,0,0
uep058,6,3,5,SS,10.0,8.0,2,1.696660159372995,1,6.095445121715656,285.0495199273798,295.84162520846843,6,3,10.0,8.0,0,0
uep058,6,3,6,SS,10.0,8.0,2,1.9623993117597047,1,5.618426463380318,295.84162520846843,306.4224509836085,6,3,10.0,8.0,0,0
uep058,6,3,7,SS,10.0,8.0,2,3.035751975467747,1,6.972029533488161,306.4224509836085,319.4302324925644,6,3,10.0,8.0,0,0
uep058,6,3,8,SS,10.0,8.0,2,1.1950506631130104,1,6.512222710820953,319.4302324925644,330.1375058664984,6,3,10.0,8.0,0,0
uep058,6,3,9,SS,10.0,8.0,2,2.5100106657997734,1,6.071933141693474,330.1375058664984,341.7194496739916,6,3,10.0,8.0,0,0
uep058,6,3,10,SS,10.0,8.0,2,2.3857641816214428,1,6.727191436468576,341.7194496739916,353.8324052920816,6,3,10.0,8.0,0,0
