subjectId,runId,blockId,trialId,condition,leftAnswer,rightAnswer,choiceDuration,isiDuration,feedbackDuration,itiDuration,stimOnset,itiOffset,leftColor,rightColor,mu1,mu2,sd1,sd2
uep002,4,1,1,RS,11.0,-16.0,2,1.338142421618079,1,6.262304671461822,16,26.6004470930799,2,3,8.0,-16.0,4.0,0
uep002,4,1,2,RS,7.0,-16.0,2,2.70636899449641,1,5.793929939894957,26.6004470930799,38.10074602747127,2,3,8.0,-16.0,4.0,0
uep002,4,1,3,RS,6.0,-16.0,2,2.339208484476517,1,5.095616837608738,38.10074602747127,48.53557134955652,2,3,8.0,-16.0,4.0,0
uep002,4,1,4,RS,6.0,-16.0,2,1.8960484426164679,1,5.997329208042455,48.53557134955652,59.42894900021544,2,3,8.0,-16.0,4.0,0
uep002,4,1,5,RS,8.0,-16.0,2,1.4303333484178724,1,5.2199621885097445,59.42894900021544,69.07924453714305,2,3,8.0,-16.0,4.0,0
uep002,4,1,6,RS,7.0,-16.0,2,1.7383777513290952,1,5.4311140619300105,69.07924453714305,79.24873635040217,2,3,8.0,-16.0,4.0,0
uep002,4,1,7,RS,14.0,-16.0,2,2.4414538665304946,1,6.182034489531364,79.24873635040217,90.87222470646402,2,3,8.0,-16.0,4.0,0
uep002,4,1,8,RS,9.0,-16.0,2,1.6777769961393432,1,6.929559556401297,90.87222470646402,102.47956125900467,2,3,8.0,-16.0,4.0,0
uep002,4,1,9,RS,10.0,-16.0,2,1.9127371492721348,1,6.392354219834481,102.47956125900467,113.78465262811129,2,3,8.0,-16.0,4.0,0
uep002,4,1,10,RS,6.0,-16.0,2,1.1973278442610542,1,6.388597515796168,113.78465262811129,124.3705779881685,2,3,8.0,-16.0,4.0,0
