subjectId,runId,blockId,trialId,condition,leftAnswer,rightAnswer,choiceDuration,isiDuration,feedbackDuration,itiDuration,stimOnset,itiOffset,leftColor,rightColor,mu1,mu2,sd1,sd2
uep037,8,1,1,SR,-4.0,11.0,2,1.29164970343095,1,6.689081242497921,16,26.98073094592887,5,3,-4.0,10.0,0,4.0
uep037,8,1,2,SR,-4.0,12.0,2,2.2225585922477173,1,5.331962054132026,26.98073094592887,37.53525159230862,5,3,-4.0,10.0,0,4.0
uep037,8,1,3,SR,-4.0,13.0,2,2.398519816132596,1,5.139167532612708,37.53525159230862,48.07293894105393,5,3,-4.0,10.0,0,4.0
uep037,8,1,4,SR,-4.0,9.0,2,1.7207984596398378,1,6.349239246281981,48.07293894105393,59.14297664697575,5,3,-4.0,10.0,0,4.0
uep037,8,1,5,SR,-4.0,5.0,2,2.096748838951026,1,5.245160620268076,59.14297664697575,69.48488610619485,5,3,-4.0,10.0,0,4.0
uep037,8,1,6,SR,-4.0,8.0,2,2.6266084892813124,1,5.508901500337974,69.48488610619485,80.62039609581413,5,3,-4.0,10.0,0,4.0
uep037,8,1,7,SR,-4.0,6.0,2,2.5928124622463997,1,6.344755358792263,80.62039609581413,92.5579639168528,5,3,-4.0,10.0,0,4.0
uep037,8,1,8,SR,-4.0,9.0,2,1.4917429759306593,1,5.06493673391998,92.5579639168528,102.11464362670344,5,3,-4.0,10.0,0,4.0
uep037,8,1,9,SR,-4.0,7.0,2,2.694303753652424,1,5.05393585672157,102.11464362670344,112.86288323707743,5,3,-4.0,10.0,0,4.0
uep037,8,1,10,SR,-4.0,8.0,2,1.2715265339657367,1,6.107636181286656,112.86288323707743,123.24204595232982,5,3,-4.0,10.0,0,4.0
