subjectId,runId,blockId,trialId,condition,leftAnswer,rightAnswer,choiceDuration,isiDuration,feedbackDuration,itiDuration,stimOnset,itiOffset,leftColor,rightColor,mu1,mu2,sd1,sd2
uep041,6,3,1,RS,-7.0,-5.0,2,2.8708553266392327,1,6.806187703137205,244.3635756377918,257.04061866756825,4,6,-12.0,-5.0,4.0,0
uep041,6,3,2,RS,-11.0,-5.0,2,1.6036907137217697,1,5.082620790835068,257.04061866756825,266.7269301721251,4,6,-12.0,-5.0,4.0,0
uep041,6,3,3,RS,-20.0,-5.0,2,2.4196430153193274,1,5.738685233146356,266.7269301721251,277.88525842059073,4,6,-12.0,-5.0,4.0,0
uep041,6,3,4,RS,-11.0,-5.0,2,2.136008604579719,1,5.9700380491346206,277.88525842059073,288.9913050743051,4,6,-12.0,-5.0,4.0,0
uep041,6,3,5,RS,-11.0,-5.0,2,1.6904188217760772,1,6.857256006607401,288.9913050743051,300.5389799026886,4,6,-12.0,-5.0,4.0,0
uep041,6,3,6,RS,-7.0,-5.0,2,2.558943957358555,1,5.474098628776064,300.5389799026886,311.5720224888232,4,6,-12.0,-5.0,4.0,0
uep041,6,3,7,RS,-11.0,-5.0,2,2.1640445094095315,1,6.147378234525652,311.5720224888232,322.8834452327584,4,6,-12.0,-5.0,4.0,0
uep041,6,3,8,RS,-13.0,-5.0,2,1.5889972780405257,1,6.148126737987044,322.8834452327584,333.620569248786,4,6,-12.0,-5.0,4.0,0
uep041,6,3,9,RS,-14.0,-5.0,2,2.6416037131674863,1,5.7924555810192695,333.620569248786,345.0546285429728,4,6,-12.0,-5.0,4.0,0
uep041,6,3,10,RS,-13.0,-5.0,2,2.6438316596742704,1,5.693523823601735,345.0546285429728,356.3919840262488,4,6,-12.0,-5.0,4.0,0
