subjectId,runId,blockId,trialId,condition,leftAnswer,rightAnswer,choiceDuration,isiDuration,feedbackDuration,itiDuration,stimOnset,itiOffset,leftColor,rightColor,mu1,mu2,sd1,sd2
uep030,3,3,1,SR,-8.0,-7.0,2,1.8612744412667515,1,5.9120453010749525,244.70068270359562,255.47400244593732,5,6,-8.0,-9.0,0,4.0
uep030,3,3,2,SR,-8.0,-7.0,2,2.391486498706454,1,6.216849864847524,255.47400244593732,267.0823388094913,5,6,-8.0,-9.0,0,4.0
uep030,3,3,3,SR,-8.0,-14.0,2,2.9366959045142025,1,5.020434208595309,267.0823388094913,278.0394689226008,5,6,-8.0,-9.0,0,4.0
uep030,3,3,4,SR,-8.0,-5.0,2,2.1427993674130117,1,6.7499261558357695,278.0394689226008,289.93219444584963,5,6,-8.0,-9.0,0,4.0
uep030,3,3,5,SR,-8.0,-8.0,2,1.8470918249281527,1,6.522195192842074,289.93219444584963,301.30148146361984,5,6,-8.0,-9.0,0,4.0
uep030,3,3,6,SR,-8.0,-12.0,2,1.715813559076186,1,5.011640027005952,301.30148146361984,311.028935049702,5,6,-8.0,-9.0,0,4.0
uep030,3,3,7,SR,-8.0,-17.0,2,2.519990387823602,1,5.026701409687896,311.028935049702,321.5756268472135,5,6,-8.0,-9.0,0,4.0
uep030,3,3,8,SR,-8.0,-9.0,2,1.9577630686448895,1,6.000323537008351,321.5756268472135,332.5337134528668,5,6,-8.0,-9.0,0,4.0
uep030,3,3,9,SR,-8.0,-9.0,2,2.908555054431312,1,5.252355059274975,332.5337134528668,343.69462356657306,5,6,-8.0,-9.0,0,4.0
uep030,3,3,10,SR,-8.0,-3.0,2,2.969033338556042,1,6.161417625875946,343.69462356657306,355.82507453100504,5,6,-8.0,-9.0,0,4.0
