subjectId,runId,blockId,trialId,condition,leftAnswer,rightAnswer,choiceDuration,isiDuration,feedbackDuration,itiDuration,stimOnset,itiOffset,leftColor,rightColor,mu1,mu2,sd1,sd2
uep000,4,2,1,RR,12.0,-0.0,2,1.546877603007633,1,5.990227654705314,133.88825038461073,144.42535564232367,4,7,11.0,-5.0,4.0,4.0
uep000,4,2,2,RR,5.0,-3.0,2,2.4506470068125243,1,5.494643127168348,144.42535564232367,155.37064577630454,4,7,11.0,-5.0,4.0,4.0
uep000,4,2,3,RR,4.0,-5.0,2,2.075467872595611,1,6.0040473434724575,155.37064577630454,166.45016099237262,4,7,11.0,-5.0,4.0,4.0
uep000,4,2,4,RR,7.0,-8.0,2,1.8836809019399323,1,6.6907056283535224,166.45016099237262,178.02454752266607,4,7,11.0,-5.0,4.0,4.0
uep000,4,2,5,RR,12.0,-2.0,2,2.252525772754421,1,5.211543477564675,178.02454752266607,188.48861677298515,4,7,11.0,-5.0,4.0,4.0
uep000,4,2,6,RR,9.0,-8.0,2,2.207288085889178,1,6.104884980835133,188.48861677298515,199.80078983970947,4,7,11.0,-5.0,4.0,4.0
uep000,4,2,7,RR,17.0,-5.0,2,2.696688343185676,1,6.012353515297434,199.80078983970947,211.50983169819258,4,7,11.0,-5.0,4.0,4.0
uep000,4,2,8,RR,20.0,-4.0,2,1.297181491596526,1,6.743858449101939,211.50983169819258,222.55087163889104,4,7,11.0,-5.0,4.0,4.0
uep000,4,2,9,RR,11.0,-4.0,2,1.1827142282409622,1,5.530128769142048,222.55087163889104,232.26371463627405,4,7,11.0,-5.0,4.0,4.0
uep000,4,2,10,RR,8.0,-4.0,2,1.3217605008802051,1,6.6407718009879435,232.26371463627405,243.2262469381422,4,7,11.0,-5.0,4.0,4.0
