subjectId,runId,blockId,trialId,condition,leftAnswer,rightAnswer,choiceDuration,isiDuration,feedbackDuration,itiDuration,stimOnset,itiOffset,leftColor,rightColor,mu1,mu2,sd1,sd2
uep048,8,4,1,SS,-0.0,4.0,2,1.61829366721395,1,5.124325482961438,362.8110931339131,372.5537122840885,0,5,-0.0,4.0,0,0
uep048,8,4,2,SS,-0.0,4.0,2,1.5087427787726653,1,5.6220597323947565,372.5537122840885,382.6845147952559,0,5,-0.0,4.0,0,0
uep048,8,4,3,SS,-0.0,4.0,2,2.200381934437942,1,5.218702001740362,382.6845147952559,393.1035987314342,0,5,-0.0,4.0,0,0
uep048,8,4,4,SS,-0.0,4.0,2,2.9001286475535575,1,5.853186512308587,393.1035987314342,404.85691389129636,0,5,-0.0,4.0,0,0
uep048,8,4,5,SS,-0.0,4.0,2,1.335614694676565,1,6.561748756989784,404.85691389129636,415.7542773429627,0,5,-0.0,4.0,0,0
uep048,8,4,6,SS,-0.0,4.0,2,2.8007383770968244,1,5.274493096285798,415.7542773429627,426.82950881634537,0,5,-0.0,4.0,0,0
uep048,8,4,7,SS,-0.0,4.0,2,2.565447537996762,1,6.262671516042581,426.82950881634537,438.6576278703847,0,5,-0.0,4.0,0,0
uep048,8,4,8,SS,-0.0,4.0,2,2.0776375226295496,1,6.562513300746467,438.6576278703847,450.29777869376073,0,5,-0.0,4.0,0,0
uep048,8,4,9,SS,-0.0,4.0,2,2.1626217724948322,1,6.557111601185525,450.29777869376073,462.0175120674411,0,5,-0.0,4.0,0,0
uep048,8,4,10,SS,-0.0,4.0,2,2.753191468312056,1,6.229296464246703,462.0175120674411,473.9999999999999,0,5,-0.0,4.0,0,0
