subjectId,runId,blockId,trialId,condition,leftAnswer,rightAnswer,choiceDuration,isiDuration,feedbackDuration,itiDuration,stimOnset,itiOffset,leftColor,rightColor,mu1,mu2,sd1,sd2
uep004,4,4,1,SR,-10.0,12.0,2,1.4891021460298892,1,5.173108086988313,362.957804207552,372.6200144405702,3,4,-10.0,16.0,0,4.0
uep004,4,4,2,SR,-10.0,17.0,2,2.2528434830590975,1,5.257104924636889,372.6200144405702,383.1299628482662,3,4,-10.0,16.0,0,4.0
uep004,4,4,3,SR,-10.0,11.0,2,2.73422813212618,1,6.409472836406218,383.1299628482662,395.2736638167986,3,4,-10.0,16.0,0,4.0
uep004,4,4,4,SR,-10.0,9.0,2,1.1140898102382768,1,6.517851723552495,395.2736638167986,405.9056053505894,3,4,-10.0,16.0,0,4.0
uep004,4,4,5,SR,-10.0,19.0,2,1.238476419487904,1,7.046690036647486,405.9056053505894,417.19077180672474,3,4,-10.0,16.0,0,4.0
uep004,4,4,6,SR,-10.0,11.0,2,1.5016101154071961,1,6.1159819555347195,417.19077180672474,427.80836387766664,3,4,-10.0,16.0,0,4.0
uep004,4,4,7,SR,-10.0,14.0,2,1.1729498624787602,1,5.880730466557693,427.80836387766664,437.8620442067031,3,4,-10.0,16.0,0,4.0
uep004,4,4,8,SR,-10.0,20.0,2,2.83205712460179,1,7.000445863951696,437.8620442067031,450.69454719525663,3,4,-10.0,16.0,0,4.0
uep004,4,4,9,SR,-10.0,23.0,2,2.461572560822112,1,7.0521563168374835,450.69454719525663,463.20827607291625,3,4,-10.0,16.0,0,4.0
uep004,4,4,10,SR,-10.0,11.0,2,1.6490429605345638,1,6.142680966549389,463.20827607291625,474.0000000000002,3,4,-10.0,16.0,0,4.0
