subjectId,runId,blockId,trialId,condition,leftAnswer,rightAnswer,choiceDuration,isiDuration,feedbackDuration,itiDuration,stimOnset,itiOffset,leftColor,rightColor,mu1,mu2,sd1,sd2
uep028,1,2,1,SR,6.0,13.0,2,2.2453191476121503,1,5.643065753968796,132.9877870045368,143.87617190611775,5,3,6.0,16.0,0,4.0
uep028,1,2,2,SR,6.0,18.0,2,2.453579419419146,1,6.10653283902897,143.87617190611775,155.43628416456588,5,3,6.0,16.0,0,4.0
uep028,1,2,3,SR,6.0,11.0,2,1.481882693326825,1,6.823467813696531,155.43628416456588,166.74163467158925,5,3,6.0,16.0,0,4.0
uep028,1,2,4,SR,6.0,21.0,2,2.643291679330699,1,6.3214535677087165,166.74163467158925,178.70637991862867,5,3,6.0,16.0,0,4.0
uep028,1,2,5,SR,6.0,22.0,2,1.248519306834347,1,6.793713899034968,178.70637991862867,189.74861312449798,5,3,6.0,16.0,0,4.0
uep028,1,2,6,SR,6.0,17.0,2,1.2400140885832873,1,5.215538997951342,189.74861312449798,199.2041662110326,5,3,6.0,16.0,0,4.0
uep028,1,2,7,SR,6.0,20.0,2,2.7864219718885943,1,5.615565962054247,199.2041662110326,210.60615414497542,5,3,6.0,16.0,0,4.0
uep028,1,2,8,SR,6.0,14.0,2,1.623525998027554,1,6.010076514974018,210.60615414497542,221.239756657977,5,3,6.0,16.0,0,4.0
uep028,1,2,9,SR,6.0,13.0,2,1.3860933644399749,1,5.653644483910924,221.239756657977,231.27949450632792,5,3,6.0,16.0,0,4.0
uep028,1,2,10,SR,6.0,20.0,2,1.7977235731886314,1,5.121230910940686,231.27949450632792,241.19844899045722,5,3,6.0,16.0,0,4.0
