subjectId,runId,blockId,trialId,condition,leftAnswer,rightAnswer,choiceDuration,isiDuration,feedbackDuration,itiDuration,stimOnset,itiOffset,leftColor,rightColor,mu1,mu2,sd1,sd2
uep012,7,1,1,SR,2.0,-2.0,2,2.5359382141041618,1,6.050673122503512,16,27.586611336607675,5,2,2.0,-7.0,0,4.0
uep012,7,1,2,SR,2.0,-8.0,2,2.8116465381728353,1,6.119026667683686,27.586611336607675,39.517284542464196,5,2,2.0,-7.0,0,4.0
uep012,7,1,3,SR,2.0,-8.0,2,2.3392239526145056,1,5.960684932714691,39.517284542464196,50.81719342779339,5,2,2.0,-7.0,0,4.0
uep012,7,1,4,SR,2.0,-11.0,2,2.950168858723229,1,5.548089769770102,50.81719342779339,62.31545205628672,5,2,2.0,-7.0,0,4.0
uep012,7,1,5,SR,2.0,-7.0,2,1.2082115472917272,1,6.053054517754004,62.31545205628672,72.57671812133245,5,2,2.0,-7.0,0,4.0
uep012,7,1,6,SR,2.0,-4.0,2,1.7527222425368612,1,5.893081953728238,72.57671812133245,83.22252231759755,5,2,2.0,-7.0,0,4.0
uep012,7,1,7,SR,2.0,-11.0,2,2.650237916610552,1,5.593708029543945,83.22252231759755,94.46646826375205,5,2,2.0,-7.0,0,4.0
uep012,7,1,8,SR,2.0,-4.0,2,2.061405971797479,1,6.180753438604687,94.46646826375205,105.70862767415422,5,2,2.0,-7.0,0,4.0
uep012,7,1,9,SR,2.0,-12.0,2,1.183706378672052,1,5.931738823435979,105.70862767415422,115.82407287626225,5,2,2.0,-7.0,0,4.0
uep012,7,1,10,SR,2.0,-2.0,2,2.6736987654042514,1,6.780640200733452,115.82407287626225,128.27841184239995,5,2,2.0,-7.0,0,4.0
