subjectId,runId,blockId,trialId,condition,leftAnswer,rightAnswer,choiceDuration,isiDuration,feedbackDuration,itiDuration,stimOnset,itiOffset,leftColor,rightColor,mu1,mu2,sd1,sd2
uep028,8,3,1,RR,-5.0,-19.0,2,2.8671759302041515,1,5.383047463119898,248.87375803568918,260.1239814290132,1,3,-4.0,-16.0,4.0,4.0
uep028,8,3,2,RR,-9.0,-14.0,2,2.124435453187428,1,6.687337851986156,260.1239814290132,271.9357547341868,1,3,-4.0,-16.0,4.0,4.0
uep028,8,3,3,RR,-7.0,-21.0,2,1.8021793868569909,1,6.990566458887497,271.9357547341868,283.7285005799313,1,3,-4.0,-16.0,4.0,4.0
uep028,8,3,4,RR,-11.0,-17.0,2,1.4790692019177365,1,6.532527826686395,283.7285005799313,294.74009760853545,1,3,-4.0,-16.0,4.0,4.0
uep028,8,3,5,RR,-2.0,-21.0,2,1.0830945509131449,1,6.013901394331803,294.74009760853545,304.8370935537804,1,3,-4.0,-16.0,4.0,4.0
uep028,8,3,6,RR,-1.0,-13.0,2,1.7266104907111097,1,5.72539499162839,304.8370935537804,315.28909903611986,1,3,-4.0,-16.0,4.0,4.0
uep028,8,3,7,RR,2.0,-18.0,2,1.6163046606210405,1,6.758358821099838,315.28909903611986,326.6637625178407,1,3,-4.0,-16.0,4.0,4.0
uep028,8,3,8,RR,-2.0,-16.0,2,2.7518001161554704,1,5.117864072223416,326.6637625178407,337.53342670621964,1,3,-4.0,-16.0,4.0,4.0
uep028,8,3,9,RR,-7.0,-18.0,2,2.48150343119934,1,5.317862536961214,337.53342670621964,348.3327926743802,1,3,-4.0,-16.0,4.0,4.0
uep028,8,3,10,RR,-6.0,-16.0,2,2.5831767263735133,1,5.975081384529171,348.3327926743802,359.89105078528286,1,3,-4.0,-16.0,4.0,4.0
