subjectId,runId,blockId,trialId,condition,leftAnswer,rightAnswer,choiceDuration,isiDuration,feedbackDuration,itiDuration,stimOnset,itiOffset,leftColor,rightColor,mu1,mu2,sd1,sd2
uep049,8,3,1,RS,4.0,-0.0,2,1.5448962531159098,1,5.535611778559136,250.65153672512778,260.73204475680285,5,7,3.0,-0.0,4.0,0
uep049,8,3,2,RS,11.0,-0.0,2,2.24300633589358,1,5.575216289135716,260.73204475680285,271.55026738183216,5,7,3.0,-0.0,4.0,0
uep049,8,3,3,RS,6.0,-0.0,2,2.2656515741186025,1,5.340526715891254,271.55026738183216,282.156445671842,5,7,3.0,-0.0,4.0,0
uep049,8,3,4,RS,10.0,-0.0,2,1.57751360731951,1,5.016238868933759,282.156445671842,291.7501981480953,5,7,3.0,-0.0,4.0,0
uep049,8,3,5,RS,4.0,-0.0,2,1.4624401325643435,1,5.846253940493053,291.7501981480953,302.0588922211527,5,7,3.0,-0.0,4.0,0
uep049,8,3,6,RS,-1.0,-0.0,2,2.983473091391159,1,5.496501582507493,302.0588922211527,313.53886689505134,5,7,3.0,-0.0,4.0,0
uep049,8,3,7,RS,2.0,-0.0,2,2.019859921563078,1,6.148432367517755,313.53886689505134,324.70715918413214,5,7,3.0,-0.0,4.0,0
uep049,8,3,8,RS,3.0,-0.0,2,2.259395256317123,1,6.587535433176732,324.70715918413214,336.554089873626,5,7,3.0,-0.0,4.0,0
uep049,8,3,9,RS,5.0,-0.0,2,2.3304334920098757,1,5.6414613171976,336.554089873626,347.5259846828335,5,7,3.0,-0.0,4.0,0
uep049,8,3,10,RS,5.0,-0.0,2,2.5163522526925703,1,6.037814099798088,347.5259846828335,359.08015103532415,5,7,3.0,-0.0,4.0,0
