subjectId,runId,blockId,trialId,condition,leftAnswer,rightAnswer,choiceDuration,isiDuration,feedbackDuration,itiDuration,stimOnset,itiOffset,leftColor,rightColor,mu1,mu2,sd1,sd2
uep046,4,1,1,SS,18.0,12.0,2,1.085743624996459,1,7.146782045938996,16,27.232525670935456,5,7,18.0,12.0,0,0
uep046,4,1,2,SS,18.0,12.0,2,1.6708357649912278,1,6.081567437551881,27.232525670935456,37.984928873478566,5,7,18.0,12.0,0,0
uep046,4,1,3,SS,18.0,12.0,2,1.4315169474963416,1,5.313748683585937,37.984928873478566,47.73019450456084,5,7,18.0,12.0,0,0
uep046,4,1,4,SS,18.0,12.0,2,1.836745241263005,1,5.945347201439558,47.73019450456084,58.512286947263405,5,7,18.0,12.0,0,0
uep046,4,1,5,SS,18.0,12.0,2,2.68347078710653,1,6.828260665032625,58.512286947263405,71.02401839940256,5,7,18.0,12.0,0,0
uep046,4,1,6,SS,18.0,12.0,2,1.3991711619551432,1,6.83060071507202,71.02401839940256,82.25379027642973,5,7,18.0,12.0,0,0
uep046,4,1,7,SS,18.0,12.0,2,2.6761715448121075,1,6.954396569745268,82.25379027642973,94.8843583909871,5,7,18.0,12.0,0,0
uep046,4,1,8,SS,18.0,12.0,2,2.729392548428132,1,6.333541752755676,94.8843583909871,106.94729269217092,5,7,18.0,12.0,0,0
uep046,4,1,9,SS,18.0,12.0,2,2.125220518820871,1,5.59940106392013,106.94729269217092,117.67191427491191,5,7,18.0,12.0,0,0
uep046,4,1,10,SS,18.0,12.0,2,1.3479982755325628,1,6.5868790902908225,117.67191427491191,128.6067916407353,5,7,18.0,12.0,0,0
