subjectId,runId,blockId,trialId,condition,leftAnswer,rightAnswer,choiceDuration,isiDuration,feedbackDuration,itiDuration,stimOnset,itiOffset,leftColor,rightColor,mu1,mu2,sd1,sd2
uep017,1,1,1,SS,3.0,15.0,2,1.9949923992295138,1,6.497854247123408,16,27.492846646352923,3,6,3.0,15.0,0,0
uep017,1,1,2,SS,3.0,15.0,2,2.3148209067324106,1,6.723690973203761,27.492846646352923,39.5313585262891,3,6,3.0,15.0,0,0
uep017,1,1,3,SS,3.0,15.0,2,2.1467030351208627,1,5.896025751554164,39.5313585262891,50.574087312964124,3,6,3.0,15.0,0,0
uep017,1,1,4,SS,3.0,15.0,2,2.818823357549494,1,5.767869177745253,50.574087312964124,62.16077984825887,3,6,3.0,15.0,0,0
uep017,1,1,5,SS,3.0,15.0,2,1.4304617026347544,1,6.122172559066408,62.16077984825887,72.71341410996004,3,6,3.0,15.0,0,0
uep017,1,1,6,SS,3.0,15.0,2,2.2362523370714125,1,6.390153671850802,72.71341410996004,84.33982011888224,3,6,3.0,15.0,0,0
uep017,1,1,7,SS,3.0,15.0,2,1.3664179624859956,1,5.542133346770471,84.33982011888224,94.24837142813871,3,6,3.0,15.0,0,0
uep017,1,1,8,SS,3.0,15.0,2,1.9957970489166945,1,5.122780656631214,94.24837142813871,104.36694913368663,3,6,3.0,15.0,0,0
uep017,1,1,9,SS,3.0,15.0,2,1.8306266407297749,1,5.018839784257865,104.36694913368663,114.21641555867427,3,6,3.0,15.0,0,0
uep017,1,1,10,SS,3.0,15.0,2,1.8407176323666623,1,6.037156877066327,114.21641555867427,125.09429006810726,3,6,3.0,15.0,0,0
