subjectId,runId,blockId,trialId,condition,leftAnswer,rightAnswer,choiceDuration,isiDuration,feedbackDuration,itiDuration,stimOnset,itiOffset,leftColor,rightColor,mu1,mu2,sd1,sd2
uep020,5,3,1,SS,-11.0,-32.0,2,1.8668207042667035,1,5.349931919438592,245.63932025282816,255.85607287653346,7,2,-11.0,-32.0,0,0
uep020,5,3,2,SS,-11.0,-32.0,2,2.8367771895124214,1,5.707198638460802,255.85607287653346,267.4000487045067,7,2,-11.0,-32.0,0,0
uep020,5,3,3,SS,-11.0,-32.0,2,1.5740881638456612,1,5.4736896642131825,267.4000487045067,277.4478265325655,7,2,-11.0,-32.0,0,0
uep020,5,3,4,SS,-11.0,-32.0,2,2.915316975259815,1,6.646218687237325,277.4478265325655,290.00936219506264,7,2,-11.0,-32.0,0,0
uep020,5,3,5,SS,-11.0,-32.0,2,2.7411602083577495,1,5.716268780210573,290.00936219506264,301.46679118363096,7,2,-11.0,-32.0,0,0
uep020,5,3,6,SS,-11.0,-32.0,2,1.577115181282342,1,5.434217019818936,301.46679118363096,311.47812338473227,7,2,-11.0,-32.0,0,0
uep020,5,3,7,SS,-11.0,-32.0,2,1.9805203179625628,1,7.082296288643175,311.47812338473227,323.540939991338,7,2,-11.0,-32.0,0,0
uep020,5,3,8,SS,-11.0,-32.0,2,1.1749668382049587,1,5.755156744378364,323.540939991338,333.47106357392136,7,2,-11.0,-32.0,0,0
uep020,5,3,9,SS,-11.0,-32.0,2,1.4700759601418918,1,5.217020886885327,333.47106357392136,343.1581604209486,7,2,-11.0,-32.0,0,0
uep020,5,3,10,SS,-11.0,-32.0,2,2.1329837696939498,1,6.317121766644086,343.1581604209486,354.6082659572867,7,2,-11.0,-32.0,0,0
