subjectId,runId,blockId,trialId,condition,leftAnswer,rightAnswer,choiceDuration,isiDuration,feedbackDuration,itiDuration,stimOnset,itiOffset,leftColor,rightColor,mu1,mu2,sd1,sd2
uep049,6,4,1,RR,-25.0,12.0,2,1.927844768996049,1,6.5532151464658535,361.65726458265584,373.13832449811775,1,3,-22.0,7.0,4.0,4.0
uep049,6,4,2,RR,-25.0,6.0,2,2.4796977062724923,1,5.986056523725421,373.13832449811775,384.60407872811567,1,3,-22.0,7.0,4.0,4.0
uep049,6,4,3,RR,-25.0,1.0,2,2.8580935381888284,1,4.875824799533282,384.60407872811567,395.3379970658378,1,3,-22.0,7.0,4.0,4.0
uep049,6,4,4,RR,-17.0,4.0,2,2.8340728147115253,1,6.415852690121289,395.3379970658378,407.5879225706706,1,3,-22.0,7.0,4.0,4.0
uep049,6,4,5,RR,-26.0,10.0,2,2.213538476237319,1,6.737174013691336,407.5879225706706,419.5386350605993,1,3,-22.0,7.0,4.0,4.0
uep049,6,4,6,RR,-22.0,9.0,2,1.9365564911091113,1,5.848395209087976,419.5386350605993,430.3235867607964,1,3,-22.0,7.0,4.0,4.0
uep049,6,4,7,RR,-25.0,6.0,2,2.3635015988671024,1,6.495388998023574,430.3235867607964,442.1824773576871,1,3,-22.0,7.0,4.0,4.0
uep049,6,4,8,RR,-30.0,6.0,2,1.5190687667793117,1,5.892669089737938,442.1824773576871,452.5942152142043,1,3,-22.0,7.0,4.0,4.0
uep049,6,4,9,RR,-23.0,7.0,2,1.1565213100703444,1,6.399606471396826,452.5942152142043,463.1503429956715,1,3,-22.0,7.0,4.0,4.0
uep049,6,4,10,RR,-17.0,6.0,2,2.0439268389617915,1,5.805730165366725,463.1503429956715,474.0,1,3,-22.0,7.0,4.0,4.0
