subjectId,runId,blockId,trialId,condition,leftAnswer,rightAnswer,choiceDuration,isiDuration,feedbackDuration,itiDuration,stimOnset,itiOffset,leftColor,rightColor,mu1,mu2,sd1,sd2
uep027,4,3,1,SS,9.0,10.0,2,1.3544711019181852,1,7.039584421699732,247.37469510124646,258.76875062486437,5,6,9.0,10.0,0,0
uep027,4,3,2,SS,9.0,10.0,2,1.6448987577966183,1,5.790325179789563,258.76875062486437,269.2039745624506,5,6,9.0,10.0,0,0
uep027,4,3,3,SS,9.0,10.0,2,2.432415019459341,1,6.840229919246164,269.2039745624506,281.47661950115605,5,6,9.0,10.0,0,0
uep027,4,3,4,SS,9.0,10.0,2,2.1574200980320013,1,5.612374917430172,281.47661950115605,292.2464145166182,5,6,9.0,10.0,0,0
uep027,4,3,5,SS,9.0,10.0,2,2.7231962946938135,1,5.807221611120488,292.2464145166182,303.7768324224325,5,6,9.0,10.0,0,0
uep027,4,3,6,SS,9.0,10.0,2,1.854853460021603,1,5.102091306581606,303.7768324224325,313.7337771890357,5,6,9.0,10.0,0,0
uep027,4,3,7,SS,9.0,10.0,2,2.892045423918945,1,5.375758004705679,313.7337771890357,325.00158061766035,5,6,9.0,10.0,0,0
uep027,4,3,8,SS,9.0,10.0,2,1.750405798659683,1,6.667576999298465,325.00158061766035,336.41956341561854,5,6,9.0,10.0,0,0
uep027,4,3,9,SS,9.0,10.0,2,2.464497793816368,1,5.2607412317045945,336.41956341561854,347.14480244113946,5,6,9.0,10.0,0,0
uep027,4,3,10,SS,9.0,10.0,2,1.5126005764467505,1,6.560956880154252,347.14480244113946,358.21835989774047,5,6,9.0,10.0,0,0
