subjectId,runId,blockId,trialId,condition,leftAnswer,rightAnswer,choiceDuration,isiDuration,feedbackDuration,itiDuration,stimOnset,itiOffset,leftColor,rightColor,mu1,mu2,sd1,sd2
uep014,2,2,1,RS,18.0,-7.0,2,2.6030378196904858,1,5.343418325977615,131.9921559024175,142.9386120480856,3,1,22.0,-7.0,4.0,0
uep014,2,2,2,RS,28.0,-7.0,2,1.4816082408419085,1,5.450893659457228,142.9386120480856,152.87111394838473,3,1,22.0,-7.0,4.0,0
uep014,2,2,3,RS,22.0,-7.0,2,1.8297322026449379,1,6.4470063827451725,152.87111394838473,164.14785253377485,3,1,22.0,-7.0,4.0,0
uep014,2,2,4,RS,22.0,-7.0,2,1.9331326004558136,1,6.165307386274743,164.14785253377485,175.24629252050542,3,1,22.0,-7.0,4.0,0
uep014,2,2,5,RS,27.0,-7.0,2,1.4279730550062,1,5.731800331568863,175.24629252050542,185.40606590708046,3,1,22.0,-7.0,4.0,0
uep014,2,2,6,RS,14.0,-7.0,2,1.2636921820377724,1,6.604090007653029,185.40606590708046,196.27384809677127,3,1,22.0,-7.0,4.0,0
uep014,2,2,7,RS,13.0,-7.0,2,2.5017757493030626,1,4.935767295972603,196.27384809677127,206.71139114204692,3,1,22.0,-7.0,4.0,0
uep014,2,2,8,RS,17.0,-7.0,2,2.8106619281398326,1,5.460929600621198,206.71139114204692,217.98298267080796,3,1,22.0,-7.0,4.0,0
uep014,2,2,9,RS,27.0,-7.0,2,1.2187562669142495,1,6.7764923225328655,217.98298267080796,228.9782312602551,3,1,22.0,-7.0,4.0,0
uep014,2,2,10,RS,17.0,-7.0,2,2.7554870356307024,1,5.6396894116131335,228.9782312602551,240.37340770749893,3,1,22.0,-7.0,4.0,0
