subjectId,runId,blockId,trialId,condition,leftAnswer,rightAnswer,choiceDuration,isiDuration,feedbackDuration,itiDuration,stimOnset,itiOffset,leftColor,rightColor,mu1,mu2,sd1,sd2
uep058,6,4,1,RS,23.0,-17.0,2,2.5614563000315846,1,6.049063757794692,359.8324052920816,371.44292534990785,0,1,23.0,-17.0,4.0,0
uep058,6,4,2,RS,27.0,-17.0,2,2.968661683231792,1,6.492046233624443,371.44292534990785,383.9036332667641,0,1,23.0,-17.0,4.0,0
uep058,6,4,3,RS,26.0,-17.0,2,2.5283976729238384,1,6.01269235685622,383.9036332667641,395.44472329654417,0,1,23.0,-17.0,4.0,0
uep058,6,4,4,RS,20.0,-17.0,2,1.9224715655618148,1,5.469108096128146,395.44472329654417,405.8363029582341,0,1,23.0,-17.0,4.0,0
uep058,6,4,5,RS,16.0,-17.0,2,2.910976966001037,1,5.272120957350104,405.8363029582341,417.0194008815853,0,1,23.0,-17.0,4.0,0
uep058,6,4,6,RS,28.0,-17.0,2,2.4529065900178506,1,6.127082246828915,417.0194008815853,428.59938971843206,0,1,23.0,-17.0,4.0,0
uep058,6,4,7,RS,17.0,-17.0,2,2.3085665141196046,1,6.881896918741003,428.59938971843206,440.7898531512927,0,1,23.0,-17.0,4.0,0
uep058,6,4,8,RS,31.0,-17.0,2,3.001759071450581,1,5.5109924960351755,440.7898531512927,452.3026047187784,0,1,23.0,-17.0,4.0,0
uep058,6,4,9,RS,24.0,-17.0,2,1.567818441040788,1,7.059790570066113,452.3026047187784,463.93021372988534,0,1,23.0,-17.0,4.0,0
uep058,6,4,10,RS,18.0,-17.0,2,1.7327121396572043,1,5.3370741304575215,463.93021372988534,474.00000000000006,0,1,23.0,-17.0,4.0,0
