subjectId,runId,blockId,trialId,condition,leftAnswer,rightAnswer,choiceDuration,isiDuration,feedbackDuration,itiDuration,stimOnset,itiOffset,leftColor,rightColor,mu1,mu2,sd1,sd2
uep023,2,4,1,SR,-6.0,8.0,2,2.030185495391461,1,6.192488079600608,364.28992461345405,375.5125981884461,3,0,-6.0,3.0,0,4.0
uep023,2,4,2,SR,-6.0,7.0,2,1.6602972716455735,1,5.501347070083846,375.5125981884461,385.6742425301755,3,0,-6.0,3.0,0,4.0
uep023,2,4,3,SR,-6.0,8.0,2,1.7647210440835004,1,6.694687291607622,385.6742425301755,397.1336508658666,3,0,-6.0,3.0,0,4.0
uep023,2,4,4,SR,-6.0,2.0,2,2.2245577934560674,1,6.529641682611239,397.1336508658666,408.8878503419339,3,0,-6.0,3.0,0,4.0
uep023,2,4,5,SR,-6.0,13.0,2,1.303871942147236,1,6.327197330434154,408.8878503419339,419.5189196145153,3,0,-6.0,3.0,0,4.0
uep023,2,4,6,SR,-6.0,5.0,2,2.9378659767055444,1,5.250403185638837,419.5189196145153,430.7071887768597,3,0,-6.0,3.0,0,4.0
uep023,2,4,7,SR,-6.0,13.0,2,2.5595920109310475,1,5.902673618409304,430.7071887768597,442.1694544062001,3,0,-6.0,3.0,0,4.0
uep023,2,4,8,SR,-6.0,6.0,2,2.4447689970117232,1,5.9061838948839895,442.1694544062001,453.52040729809585,3,0,-6.0,3.0,0,4.0
uep023,2,4,9,SR,-6.0,2.0,2,1.0499186985508748,1,5.182103207870103,453.52040729809585,462.75242920451683,3,0,-6.0,3.0,0,4.0
uep023,2,4,10,SR,-6.0,6.0,2,2.7555649999821097,1,5.492005795501091,462.75242920451683,474.0,3,0,-6.0,3.0,0,4.0
