subjectId,runId,blockId,trialId,condition,leftAnswer,rightAnswer,choiceDuration,isiDuration,feedbackDuration,itiDuration,stimOnset,itiOffset,leftColor,rightColor,mu1,mu2,sd1,sd2
uep025,1,4,1,RS,-1.0,-10.0,2,2.38116386163217,1,5.41105351197685,365.02857700690475,375.82079438051375,5,4,-7.0,-10.0,4.0,0
uep025,1,4,2,RS,-7.0,-10.0,2,1.0909947387646006,1,5.632373809360196,375.82079438051375,385.54416292863857,5,4,-7.0,-10.0,4.0,0
uep025,1,4,3,RS,-12.0,-10.0,2,1.662044050709543,1,5.643953115471041,385.54416292863857,395.85016009481916,5,4,-7.0,-10.0,4.0,0
uep025,1,4,4,RS,-12.0,-10.0,2,2.4914695964027778,1,6.548906862767999,395.85016009481916,407.89053655398993,5,4,-7.0,-10.0,4.0,0
uep025,1,4,5,RS,-11.0,-10.0,2,2.398860500757164,1,5.251310958244851,407.89053655398993,418.54070801299196,5,4,-7.0,-10.0,4.0,0
uep025,1,4,6,RS,-11.0,-10.0,2,1.3196853277699971,1,6.498009797660693,418.54070801299196,429.35840313842266,5,4,-7.0,-10.0,4.0,0
uep025,1,4,7,RS,-8.0,-10.0,2,2.020457384907538,1,5.125911479104431,429.35840313842266,439.50477200243466,5,4,-7.0,-10.0,4.0,0
uep025,1,4,8,RS,-0.0,-10.0,2,2.894813185593968,1,5.34554834616531,439.50477200243466,450.74513353419394,5,4,-7.0,-10.0,4.0,0
uep025,1,4,9,RS,-8.0,-10.0,2,2.7624995740354126,1,5.563808315141808,450.74513353419394,462.07144142337114,5,4,-7.0,-10.0,4.0,0
uep025,1,4,10,RS,-8.0,-10.0,2,2.5498110660324085,1,6.378747510596428,462.07144142337114,474.0,5,4,-7.0,-10.0,4.0,0
