subjectId,runId,blockId,trialId,condition,leftAnswer,rightAnswer,choiceDuration,isiDuration,feedbackDuration,itiDuration,stimOnset,itiOffset,leftColor,rightColor,mu1,mu2,sd1,sd2
uep042,6,1,1,SS,-8.0,16.0,2,2.5886856560296403,1,6.389942977653537,16,27.978628633683176,3,5,-8.0,16.0,0,0
uep042,6,1,2,SS,-8.0,16.0,2,1.6187195134815844,1,5.944575256603394,27.978628633683176,38.54192340376815,3,5,-8.0,16.0,0,0
uep042,6,1,3,SS,-8.0,16.0,2,2.8049039064553347,1,6.442828295887984,38.54192340376815,50.789655606111474,3,5,-8.0,16.0,0,0
uep042,6,1,4,SS,-8.0,16.0,2,2.796677035683323,1,6.103350420420929,50.789655606111474,62.68968306221573,3,5,-8.0,16.0,0,0
uep042,6,1,5,SS,-8.0,16.0,2,2.1039249525706505,1,6.0710145131081195,62.68968306221573,73.8646225278945,3,5,-8.0,16.0,0,0
uep042,6,1,6,SS,-8.0,16.0,2,2.6485023819052764,1,6.450011202389372,73.8646225278945,85.96313611218915,3,5,-8.0,16.0,0,0
uep042,6,1,7,SS,-8.0,16.0,2,2.5259304570938834,1,6.63178217899061,85.96313611218915,98.12084874827363,3,5,-8.0,16.0,0,0
uep042,6,1,8,SS,-8.0,16.0,2,0.986093268833142,1,5.781283042386781,98.12084874827363,107.88822505949355,3,5,-8.0,16.0,0,0
uep042,6,1,9,SS,-8.0,16.0,2,1.5126738216071902,1,5.72838045275485,107.88822505949355,118.12927933385559,3,5,-8.0,16.0,0,0
uep042,6,1,10,SS,-8.0,16.0,2,1.5141914989100338,1,5.502600121055271,118.12927933385559,128.1460709538209,3,5,-8.0,16.0,0,0
