subjectId,runId,blockId,trialId,condition,leftAnswer,rightAnswer,choiceDuration,isiDuration,feedbackDuration,itiDuration,stimOnset,itiOffset,leftColor,rightColor,mu1,mu2,sd1,sd2
uep008,5,3,1,SS,0.0,-4.0,2,2.7364137782037607,1,5.74322965711856,244.89062525698657,256.3702686923089,3,6,0.0,-4.0,0,0
uep008,5,3,2,SS,0.0,-4.0,2,2.437278628512557,1,7.0941660226941075,256.3702686923089,268.90171334351555,3,6,0.0,-4.0,0,0
uep008,5,3,3,SS,0.0,-4.0,2,1.5334674816189104,1,6.175111559415152,268.90171334351555,279.6102923845496,3,6,0.0,-4.0,0,0
uep008,5,3,4,SS,0.0,-4.0,2,1.3807587206551528,1,7.137259126389229,279.6102923845496,291.12831023159396,3,6,0.0,-4.0,0,0
uep008,5,3,5,SS,0.0,-4.0,2,2.6626611882939857,1,5.996355926044427,291.12831023159396,302.7873273459324,3,6,0.0,-4.0,0,0
uep008,5,3,6,SS,0.0,-4.0,2,2.1003263808101944,1,5.551355382326917,302.7873273459324,313.4390091090695,3,6,0.0,-4.0,0,0
uep008,5,3,7,SS,0.0,-4.0,2,2.49756463326866,1,6.448363917521582,313.4390091090695,325.38493765985976,3,6,0.0,-4.0,0,0
uep008,5,3,8,SS,0.0,-4.0,2,1.1639933358338428,1,6.165454788843311,325.38493765985976,335.7143857845369,3,6,0.0,-4.0,0,0
uep008,5,3,9,SS,0.0,-4.0,2,1.460442695397168,1,5.947142530450568,335.7143857845369,346.1219710103846,3,6,0.0,-4.0,0,0
uep008,5,3,10,SS,0.0,-4.0,2,1.727997071006162,1,5.625361974114363,346.1219710103846,356.4753300555051,3,6,0.0,-4.0,0,0
