subjectId,runId,blockId,trialId,condition,leftAnswer,rightAnswer,choiceDuration,isiDuration,feedbackDuration,itiDuration,stimOnset,itiOffset,leftColor,rightColor,mu1,mu2,sd1,sd2
uep022,2,3,1,SS,-2.0,-8.0,2,1.9668166040270858,1,6.8414095339156145,250.65705839014052,262.4652845280832,4,3,-2.0,-8.0,0,0
uep022,2,3,2,SS,-2.0,-8.0,2,1.410580885675637,1,6.036935045950541,262.4652845280832,272.9128004597094,4,3,-2.0,-8.0,0,0
uep022,2,3,3,SS,-2.0,-8.0,2,1.55644340641466,1,6.641793556218145,272.9128004597094,284.1110374223422,4,3,-2.0,-8.0,0,0
uep022,2,3,4,SS,-2.0,-8.0,2,1.6298771691543303,1,6.8120059226916085,284.1110374223422,295.5529205141881,4,3,-2.0,-8.0,0,0
uep022,2,3,5,SS,-2.0,-8.0,2,2.4719599322771613,1,5.502536669596537,295.5529205141881,306.52741711606177,4,3,-2.0,-8.0,0,0
uep022,2,3,6,SS,-2.0,-8.0,2,1.5177307634643238,1,5.567299780115813,306.52741711606177,316.61244765964193,4,3,-2.0,-8.0,0,0
uep022,2,3,7,SS,-2.0,-8.0,2,1.7847268124825761,1,6.288725936276995,316.61244765964193,327.6859004084015,4,3,-2.0,-8.0,0,0
uep022,2,3,8,SS,-2.0,-8.0,2,1.0131584428150338,1,5.816671524561869,327.6859004084015,337.5157303757784,4,3,-2.0,-8.0,0,0
uep022,2,3,9,SS,-2.0,-8.0,2,1.9413017701237516,1,6.171653373346287,337.5157303757784,348.6286855192484,4,3,-2.0,-8.0,0,0
uep022,2,3,10,SS,-2.0,-8.0,2,1.779271980421112,1,6.736335653408899,348.6286855192484,360.1442931530784,4,3,-2.0,-8.0,0,0
