subjectId,runId,blockId,trialId,condition,leftAnswer,rightAnswer,choiceDuration,isiDuration,feedbackDuration,itiDuration,stimOnset,itiOffset,leftColor,rightColor,mu1,mu2,sd1,sd2
uep012,1,4,1,RS,-17.0,10.0,2,1.5351953800750167,1,5.9810009487181235,365.4773275304644,375.99352385925755,1,2,-16.0,10.0,4.0,0
uep012,1,4,2,RS,-17.0,10.0,2,2.7358311290440565,1,6.8372560116211565,375.99352385925755,388.5666109999228,1,2,-16.0,10.0,4.0,0
uep012,1,4,3,RS,-20.0,10.0,2,2.06770669890554,1,6.2107736316229,388.5666109999228,399.8450913304512,1,2,-16.0,10.0,4.0,0
uep012,1,4,4,RS,-12.0,10.0,2,1.3083719519646255,1,6.106831775027529,399.8450913304512,410.26029505744333,1,2,-16.0,10.0,4.0,0
uep012,1,4,5,RS,-15.0,10.0,2,2.112453479934904,1,5.081539428393592,410.26029505744333,420.4542879657718,1,2,-16.0,10.0,4.0,0
uep012,1,4,6,RS,-24.0,10.0,2,1.6727024658871077,1,5.903864458327507,420.4542879657718,431.0308548899864,1,2,-16.0,10.0,4.0,0
uep012,1,4,7,RS,-14.0,10.0,2,1.2996908745238867,1,6.740300001632727,431.0308548899864,442.070845766143,1,2,-16.0,10.0,4.0,0
uep012,1,4,8,RS,-17.0,10.0,2,2.875683739844637,1,5.949911688223319,442.070845766143,453.896441194211,1,2,-16.0,10.0,4.0,0
uep012,1,4,9,RS,-19.0,10.0,2,1.1265729532411457,1,5.232565597292912,453.896441194211,463.25557974474503,1,2,-16.0,10.0,4.0,0
uep012,1,4,10,RS,-13.0,10.0,2,1.1130213542004608,1,6.631398901054404,463.25557974474503,473.9999999999999,1,2,-16.0,10.0,4.0,0
