subjectId,runId,blockId,trialId,condition,leftAnswer,rightAnswer,choiceDuration,isiDuration,feedbackDuration,itiDuration,stimOnset,itiOffset,leftColor,rightColor,mu1,mu2,sd1,sd2
uep001,1,2,1,SR,3.0,1.0,2,1.9900804870304065,1,5.445550090923468,132.2341348489287,142.66976542688258,0,1,3.0,8.0,0,4.0
uep001,1,2,2,SR,3.0,22.0,2,2.4485425471628295,1,5.503202941403222,142.66976542688258,153.62151091544862,0,1,3.0,8.0,0,4.0
uep001,1,2,3,SR,3.0,6.0,2,2.579741022926122,1,6.680983565159599,153.62151091544862,165.88223550353436,0,1,3.0,8.0,0,4.0
uep001,1,2,4,SR,3.0,13.0,2,1.4824444805149526,1,5.229224342383036,165.88223550353436,175.59390432643235,0,1,3.0,8.0,0,4.0
uep001,1,2,5,SR,3.0,2.0,2,2.0518923720834503,1,5.109841594534562,175.59390432643235,185.75563829305037,0,1,3.0,8.0,0,4.0
uep001,1,2,6,SR,3.0,10.0,2,2.7097933588484864,1,6.858867684548315,185.75563829305037,198.32429933644715,0,1,3.0,8.0,0,4.0
uep001,1,2,7,SR,3.0,13.0,2,1.6547072751688268,1,5.917735686211981,198.32429933644715,208.89674229782796,0,1,3.0,8.0,0,4.0
uep001,1,2,8,SR,3.0,18.0,2,2.5808920068238814,1,6.347106518711518,208.89674229782796,220.82474082336336,0,1,3.0,8.0,0,4.0
uep001,1,2,9,SR,3.0,18.0,2,1.4639959933311149,1,5.868294268062866,220.82474082336336,231.15703108475734,0,1,3.0,8.0,0,4.0
uep001,1,2,10,SR,3.0,13.0,2,1.5628270324339166,1,5.939432491836419,231.15703108475734,241.65929060902766,0,1,3.0,8.0,0,4.0
