subjectId,runId,blockId,trialId,condition,leftAnswer,rightAnswer,choiceDuration,isiDuration,feedbackDuration,itiDuration,stimOnset,itiOffset,leftColor,rightColor,mu1,mu2,sd1,sd2
uep001,4,1,1,RS,-2.0,-16.0,2,2.232016886004914,1,6.124995180664942,16,27.357012066669856,6,1,-6.0,-16.0,4.0,0
uep001,4,1,2,RS,-6.0,-16.0,2,2.940300446056645,1,5.989880053616759,27.357012066669856,39.28719256634326,6,1,-6.0,-16.0,4.0,0
uep001,4,1,3,RS,3.0,-16.0,2,1.3743622967621647,1,6.614420626660552,39.28719256634326,50.275975489765976,6,1,-6.0,-16.0,4.0,0
uep001,4,1,4,RS,-12.0,-16.0,2,2.843997202771836,1,5.784594513655488,50.275975489765976,61.904567206193306,6,1,-6.0,-16.0,4.0,0
uep001,4,1,5,RS,-3.0,-16.0,2,1.4072432228418652,1,5.357116383907749,61.904567206193306,71.66892681294293,6,1,-6.0,-16.0,4.0,0
uep001,4,1,6,RS,-4.0,-16.0,2,1.9306599677105432,1,6.656805691116033,71.66892681294293,83.2563924717695,6,1,-6.0,-16.0,4.0,0
uep001,4,1,7,RS,-9.0,-16.0,2,2.6449427297025374,1,5.742672950793069,83.2563924717695,94.6440081522651,6,1,-6.0,-16.0,4.0,0
uep001,4,1,8,RS,-1.0,-16.0,2,1.3948102401081979,1,5.586348843165361,94.6440081522651,104.62516723553867,6,1,-6.0,-16.0,4.0,0
uep001,4,1,9,RS,-14.0,-16.0,2,1.5974623733047557,1,6.396100331608559,104.62516723553867,115.61872994045198,6,1,-6.0,-16.0,4.0,0
uep001,4,1,10,RS,-7.0,-16.0,2,1.4905529496807948,1,5.620450255938529,115.61872994045198,125.72973314607131,6,1,-6.0,-16.0,4.0,0
