subjectId,runId,blockId,trialId,condition,leftAnswer,rightAnswer,choiceDuration,isiDuration,feedbackDuration,itiDuration,stimOnset,itiOffset,leftColor,rightColor,mu1,mu2,sd1,sd2
uep035,6,2,1,RS,12.0,6.0,2,1.5625101459723945,1,5.686114520130198,128.85119495719212,139.0998196232947,6,4,12.0,6.0,4.0,0
uep035,6,2,2,RS,9.0,6.0,2,2.287761288736555,1,5.572738224727928,139.0998196232947,149.9603191367592,6,4,12.0,6.0,4.0,0
uep035,6,2,3,RS,7.0,6.0,2,1.5341016542915644,1,6.749214515923434,149.9603191367592,161.2436353069742,6,4,12.0,6.0,4.0,0
uep035,6,2,4,RS,15.0,6.0,2,2.6980815476686355,1,5.141032457992325,161.2436353069742,172.08274931263517,6,4,12.0,6.0,4.0,0
uep035,6,2,5,RS,6.0,6.0,2,1.2216217698327365,1,5.238719494439182,172.08274931263517,181.54309057690708,6,4,12.0,6.0,4.0,0
uep035,6,2,6,RS,9.0,6.0,2,2.933283494871213,1,5.172240738551426,181.54309057690708,192.64861481032972,6,4,12.0,6.0,4.0,0
uep035,6,2,7,RS,10.0,6.0,2,1.0890557044332694,1,6.353129188920624,192.64861481032972,203.09079970368362,6,4,12.0,6.0,4.0,0
uep035,6,2,8,RS,17.0,6.0,2,2.929297564617821,1,5.230591463750446,203.09079970368362,214.25068873205188,6,4,12.0,6.0,4.0,0
uep035,6,2,9,RS,13.0,6.0,2,2.323360250974559,1,6.403274145050728,214.25068873205188,225.97732312807716,6,4,12.0,6.0,4.0,0
uep035,6,2,10,RS,6.0,6.0,2,2.4595547390661983,1,6.039353502632936,225.97732312807716,237.4762313697763,6,4,12.0,6.0,4.0,0
