subjectId,runId,blockId,trialId,condition,leftAnswer,rightAnswer,choiceDuration,isiDuration,feedbackDuration,itiDuration,stimOnset,itiOffset,leftColor,rightColor,mu1,mu2,sd1,sd2
uep031,1,3,1,RS,-1.0,-0.0,2,2.731504242270628,1,5.708465077590446,248.0235680479786,259.4635373678397,2,0,-4.0,-0.0,4.0,0
uep031,1,3,2,RS,-5.0,-0.0,2,2.2660290343460425,1,5.825344008826646,259.4635373678397,270.5549104110124,2,0,-4.0,-0.0,4.0,0
uep031,1,3,3,RS,-2.0,-0.0,2,1.074627435511914,1,5.19539741550087,270.5549104110124,279.8249352620251,2,0,-4.0,-0.0,4.0,0
uep031,1,3,4,RS,-7.0,-0.0,2,1.984707155725598,1,6.117266804762135,279.8249352620251,290.92690922251285,2,0,-4.0,-0.0,4.0,0
uep031,1,3,5,RS,-1.0,-0.0,2,1.5745743251097668,1,5.688523346427727,290.92690922251285,301.1900068940503,2,0,-4.0,-0.0,4.0,0
uep031,1,3,6,RS,-8.0,-0.0,2,3.0008069373165003,1,5.973866203184813,301.1900068940503,313.1646800345516,2,0,-4.0,-0.0,4.0,0
uep031,1,3,7,RS,-4.0,-0.0,2,2.4266450737123955,1,6.8810480300247825,313.1646800345516,325.4723731382888,2,0,-4.0,-0.0,4.0,0
uep031,1,3,8,RS,-11.0,-0.0,2,2.576919352536518,1,5.504388487543515,325.4723731382888,336.5536809783688,2,0,-4.0,-0.0,4.0,0
uep031,1,3,9,RS,-3.0,-0.0,2,2.1506131941457793,1,6.000604906732884,336.5536809783688,347.7048990792474,2,0,-4.0,-0.0,4.0,0
uep031,1,3,10,RS,-1.0,-0.0,2,2.708782447533077,1,5.7119578249987475,347.7048990792474,359.1256393517792,2,0,-4.0,-0.0,4.0,0
