subjectId,runId,blockId,trialId,condition,leftAnswer,rightAnswer,choiceDuration,isiDuration,feedbackDuration,itiDuration,stimOnset,itiOffset,leftColor,rightColor,mu1,mu2,sd1,sd2
uep050,7,4,1,RS,-0.0,-12.0,2,2.6860883613678763,1,6.1627710736498615,364.6424448104675,376.49130424548525,6,3,3.0,-12.0,4.0,0
uep050,7,4,2,RS,4.0,-12.0,2,2.1572593661936903,1,5.58829116584475,376.49130424548525,387.23685477752366,6,3,3.0,-12.0,4.0,0
uep050,7,4,3,RS,5.0,-12.0,2,2.2542972668616654,1,5.186005739847803,387.23685477752366,397.67715778423315,6,3,3.0,-12.0,4.0,0
uep050,7,4,4,RS,-0.0,-12.0,2,1.2480975702542534,1,5.078610722530821,397.67715778423315,407.0038660770182,6,3,3.0,-12.0,4.0,0
uep050,7,4,5,RS,9.0,-12.0,2,2.3776016854432953,1,6.649637909986261,407.0038660770182,419.0311056724478,6,3,3.0,-12.0,4.0,0
uep050,7,4,6,RS,2.0,-12.0,2,1.3503861544928626,1,6.710986180427101,419.0311056724478,430.09247800736773,6,3,3.0,-12.0,4.0,0
uep050,7,4,7,RS,8.0,-12.0,2,1.4258681335783223,1,5.778802538382536,430.09247800736773,440.2971486793286,6,3,3.0,-12.0,4.0,0
uep050,7,4,8,RS,1.0,-12.0,2,2.467102837587879,1,5.689728786816052,440.2971486793286,451.4539803037325,6,3,3.0,-12.0,4.0,0
uep050,7,4,9,RS,3.0,-12.0,2,2.7436242762602414,1,5.1377502895630895,451.4539803037325,462.33535486955583,6,3,3.0,-12.0,4.0,0
uep050,7,4,10,RS,7.0,-12.0,2,2.4814879828724608,1,6.183157147571606,462.33535486955583,473.9999999999999,6,3,3.0,-12.0,4.0,0
