subjectId,runId,blockId,trialId,condition,leftAnswer,rightAnswer,choiceDuration,isiDuration,feedbackDuration,itiDuration,stimOnset,itiOffset,leftColor,rightColor,mu1,mu2,sd1,sd2
uep056,8,4,1,RR,7.0,-5.0,2,2.5399093543290374,1,5.963804555426839,361.9216253791492,373.4253392889051,3,5,4.0,-6.0,4.0,4.0
uep056,8,4,2,RR,6.0,-2.0,2,2.1711326889290974,1,5.740588054856311,373.4253392889051,384.3370600326905,3,5,4.0,-6.0,4.0,4.0
uep056,8,4,3,RR,2.0,-8.0,2,2.7104633159036036,1,6.225982398026901,384.3370600326905,396.273505746621,3,5,4.0,-6.0,4.0,4.0
uep056,8,4,4,RR,10.0,0.0,2,2.131723088881717,1,6.729627243356982,396.273505746621,408.1348560788597,3,5,4.0,-6.0,4.0,4.0
uep056,8,4,5,RR,7.0,-4.0,2,2.2349026808887014,1,5.6385018865055665,408.1348560788597,419.008260646254,3,5,4.0,-6.0,4.0,4.0
uep056,8,4,6,RR,7.0,-6.0,2,2.9286673938098673,1,5.200627743890166,419.008260646254,430.137555783954,3,5,4.0,-6.0,4.0,4.0
uep056,8,4,7,RR,3.0,-2.0,2,2.4942089680345667,1,6.197491103681216,430.137555783954,441.82925585566977,3,5,4.0,-6.0,4.0,4.0
uep056,8,4,8,RR,5.0,-7.0,2,1.9115691474267804,1,5.844828392879631,441.82925585566977,452.5856533959762,3,5,4.0,-6.0,4.0,4.0
uep056,8,4,9,RR,1.0,3.0,2,1.1343610622898292,1,6.593826324581678,452.5856533959762,463.3138407828477,3,5,4.0,-6.0,4.0,4.0
uep056,8,4,10,RR,9.0,-9.0,2,1.886806615154792,1,5.799352601997412,463.3138407828477,473.9999999999999,3,5,4.0,-6.0,4.0,4.0
