subjectId,runId,blockId,trialId,condition,leftAnswer,rightAnswer,choiceDuration,isiDuration,feedbackDuration,itiDuration,stimOnset,itiOffset,leftColor,rightColor,mu1,mu2,sd1,sd2
uep046,2,4,1,RS,21.0,2.0,2,1.297894456206931,1,5.458301091406945,364.1760115668325,373.9322071144464,2,4,19.0,2.0,4.0,0
uep046,2,4,2,RS,21.0,2.0,2,2.1333209649825906,1,6.070396303462898,373.9322071144464,385.13592438289186,2,4,19.0,2.0,4.0,0
uep046,2,4,3,RS,17.0,2.0,2,2.8513240142489944,1,6.81036463132785,385.13592438289186,397.7976130284687,2,4,19.0,2.0,4.0,0
uep046,2,4,4,RS,17.0,2.0,2,2.7743378942671,1,6.2564000902340995,397.7976130284687,409.82835101296985,2,4,19.0,2.0,4.0,0
uep046,2,4,5,RS,16.0,2.0,2,1.8607231208075263,1,5.209236623687863,409.82835101296985,419.8983107574652,2,4,19.0,2.0,4.0,0
uep046,2,4,6,RS,20.0,2.0,2,1.598927419763767,1,5.367884920191186,419.8983107574652,429.8651230974201,2,4,19.0,2.0,4.0,0
uep046,2,4,7,RS,25.0,2.0,2,2.821171678601071,1,5.892238091999721,429.8651230974201,441.5785328680209,2,4,19.0,2.0,4.0,0
uep046,2,4,8,RS,20.0,2.0,2,1.8975788665270856,1,5.828363116560094,441.5785328680209,452.30447485110807,2,4,19.0,2.0,4.0,0
uep046,2,4,9,RS,16.0,2.0,2,1.5346382092281512,1,5.421454936965668,452.30447485110807,462.2605679973019,2,4,19.0,2.0,4.0,0
uep046,2,4,10,RS,20.0,2.0,2,2.3591232200861243,1,6.380308782611645,462.2605679973019,473.99999999999966,2,4,19.0,2.0,4.0,0
