subjectId,runId,blockId,trialId,condition,leftAnswer,rightAnswer,choiceDuration,isiDuration,feedbackDuration,itiDuration,stimOnset,itiOffset,leftColor,rightColor,mu1,mu2,sd1,sd2
uep029,8,3,1,SS,7.0,2.0,2,1.9537549376458738,1,4.984582438066778,247.84880778651325,257.7871451622259,4,1,7.0,2.0,0,0
uep029,8,3,2,SS,7.0,2.0,2,1.3736125687044258,1,6.146860864716285,257.7871451622259,268.3076185956466,4,1,7.0,2.0,0,0
uep029,8,3,3,SS,7.0,2.0,2,2.5050389100267068,1,6.725854281705947,268.3076185956466,280.53851178737926,4,1,7.0,2.0,0,0
uep029,8,3,4,SS,7.0,2.0,2,1.1491288249881744,1,6.71412994493479,280.53851178737926,291.4017705573022,4,1,7.0,2.0,0,0
uep029,8,3,5,SS,7.0,2.0,2,1.909684677981939,1,6.618150297219509,291.4017705573022,302.9296055325037,4,1,7.0,2.0,0,0
uep029,8,3,6,SS,7.0,2.0,2,2.182394396456968,1,6.670358376866961,302.9296055325037,314.7823583058276,4,1,7.0,2.0,0,0
uep029,8,3,7,SS,7.0,2.0,2,2.656505734513903,1,5.731264878012283,314.7823583058276,326.1701289183538,4,1,7.0,2.0,0,0
uep029,8,3,8,SS,7.0,2.0,2,2.43195976250326,1,5.8230717315513525,326.1701289183538,337.4251604124084,4,1,7.0,2.0,0,0
uep029,8,3,9,SS,7.0,2.0,2,1.4046811380707465,1,6.084753746816078,337.4251604124084,347.91459529729525,4,1,7.0,2.0,0,0
uep029,8,3,10,SS,7.0,2.0,2,1.998512157509351,1,4.945527759245349,347.91459529729525,357.85863521404997,4,1,7.0,2.0,0,0
