subjectId,runId,blockId,trialId,condition,leftAnswer,rightAnswer,choiceDuration,isiDuration,feedbackDuration,itiDuration,stimOnset,itiOffset,leftColor,rightColor,mu1,mu2,sd1,sd2
uep028,2,4,1,SR,-15.0,-10.0,2,2.5285251645722506,1,5.748939779984252,365.0284643938073,376.30592933836385,0,2,-15.0,-10.0,0,4.0
uep028,2,4,2,SR,-15.0,-8.0,2,2.1483412318310586,1,6.333610959249004,376.30592933836385,387.78788152944395,0,2,-15.0,-10.0,0,4.0
uep028,2,4,3,SR,-15.0,-7.0,2,1.2153127295262671,1,6.8531142666514615,387.78788152944395,398.85630852562167,0,2,-15.0,-10.0,0,4.0
uep028,2,4,4,SR,-15.0,-10.0,2,2.646805468783926,1,6.9330147378295335,398.85630852562167,411.43612873223515,0,2,-15.0,-10.0,0,4.0
uep028,2,4,5,SR,-15.0,-7.0,2,1.1088383402917026,1,5.4107952130856,411.43612873223515,420.9557622856124,0,2,-15.0,-10.0,0,4.0
uep028,2,4,6,SR,-15.0,-5.0,2,1.5864473787932238,1,6.205122927496099,420.9557622856124,431.74733259190174,0,2,-15.0,-10.0,0,4.0
uep028,2,4,7,SR,-15.0,-10.0,2,2.005102071559962,1,5.598373041738213,431.74733259190174,442.35080770519994,0,2,-15.0,-10.0,0,4.0
uep028,2,4,8,SR,-15.0,-12.0,2,2.924371295006821,1,5.320410821134243,442.35080770519994,453.59558982134104,0,2,-15.0,-10.0,0,4.0
uep028,2,4,9,SR,-15.0,-18.0,2,1.3949145844558608,1,5.547305526251152,453.59558982134104,463.53780993204805,0,2,-15.0,-10.0,0,4.0
uep028,2,4,10,SR,-15.0,-7.0,2,1.9963754354755447,1,5.465814632476319,463.53780993204805,473.99999999999994,0,2,-15.0,-10.0,0,4.0
