subjectId,runId,blockId,trialId,condition,leftAnswer,rightAnswer,choiceDuration,isiDuration,feedbackDuration,itiDuration,stimOnset,itiOffset,leftColor,rightColor,mu1,mu2,sd1,sd2
uep034,6,3,1,SR,11.0,-17.0,2,2.1530864282121187,1,5.498485683731431,247.29393018518113,257.9455022971247,4,5,11.0,-18.0,0,4.0
uep034,6,3,2,SR,11.0,-14.0,2,2.054843091666291,1,5.352954771303057,257.9455022971247,268.353300160094,4,5,11.0,-18.0,0,4.0
uep034,6,3,3,SR,11.0,-19.0,2,1.7392635039669093,1,6.910500266457951,268.353300160094,280.0030639305189,4,5,11.0,-18.0,0,4.0
uep034,6,3,4,SR,11.0,-15.0,2,2.325830728651784,1,5.94687887256732,280.0030639305189,291.275773531738,4,5,11.0,-18.0,0,4.0
uep034,6,3,5,SR,11.0,-15.0,2,1.4986329676664014,1,5.499121529935687,291.275773531738,301.2735280293401,4,5,11.0,-18.0,0,4.0
uep034,6,3,6,SR,11.0,-22.0,2,1.9619441372362163,1,6.016817439574551,301.2735280293401,312.2522896061509,4,5,11.0,-18.0,0,4.0
uep034,6,3,7,SR,11.0,-18.0,2,2.103155579288441,1,5.6583652787109955,312.2522896061509,323.01381046415037,4,5,11.0,-18.0,0,4.0
uep034,6,3,8,SR,11.0,-24.0,2,1.7788228305399465,1,5.370968231693333,323.01381046415037,333.1636015263836,4,5,11.0,-18.0,0,4.0
uep034,6,3,9,SR,11.0,-18.0,2,1.8660419201154277,1,6.575088272314751,333.1636015263836,344.6047317188138,4,5,11.0,-18.0,0,4.0
uep034,6,3,10,SR,11.0,-15.0,2,2.917664003399789,1,5.647204562557065,344.6047317188138,356.1696002847707,4,5,11.0,-18.0,0,4.0
