subjectId,runId,blockId,trialId,condition,leftAnswer,rightAnswer,choiceDuration,isiDuration,feedbackDuration,itiDuration,stimOnset,itiOffset,leftColor,rightColor,mu1,mu2,sd1,sd2
uep011,7,4,1,RR,14.0,-2.0,2,2.207765924087982,1,6.50080351371185,361.59123177569256,373.2998012134924,6,0,14.0,-1.0,4.0,4.0
uep011,7,4,2,RR,15.0,-6.0,2,2.0060987382792055,1,6.297841317514388,373.2998012134924,384.603741269286,6,0,14.0,-1.0,4.0,4.0
uep011,7,4,3,RR,20.0,-5.0,2,2.260907518502543,1,6.805033809052973,384.603741269286,396.66968259684154,6,0,14.0,-1.0,4.0,4.0
uep011,7,4,4,RR,17.0,-3.0,2,1.6859039554875364,1,6.79138385515744,396.66968259684154,408.14697040748655,6,0,14.0,-1.0,4.0,4.0
uep011,7,4,5,RR,10.0,4.0,2,2.744823184895798,1,5.482321161530014,408.14697040748655,419.37411475391235,6,0,14.0,-1.0,4.0,4.0
uep011,7,4,6,RR,8.0,0.0,2,2.8471978878464927,1,5.170130641791957,419.37411475391235,430.3914432835508,6,0,14.0,-1.0,4.0,4.0
uep011,7,4,7,RR,17.0,0.0,2,2.6760355331036196,1,5.12153212784005,430.3914432835508,441.1890109444945,6,0,14.0,-1.0,4.0,4.0
uep011,7,4,8,RR,23.0,2.0,2,2.5145663417417112,1,5.342301316750393,441.1890109444945,452.0458786029866,6,0,14.0,-1.0,4.0,4.0
uep011,7,4,9,RR,19.0,5.0,2,1.0238255425669223,1,6.389131272321942,452.0458786029866,462.45883541787543,6,0,14.0,-1.0,4.0,4.0
uep011,7,4,10,RR,14.0,-3.0,2,2.88647638652649,1,5.654688195598201,462.45883541787543,474.00000000000017,6,0,14.0,-1.0,4.0,4.0
