subjectId,runId,blockId,trialId,condition,leftAnswer,rightAnswer,choiceDuration,isiDuration,feedbackDuration,itiDuration,stimOnset,itiOffset,leftColor,rightColor,mu1,mu2,sd1,sd2
uep030,7,3,1,SS,-3.0,19.0,2,1.4289380822654782,1,5.598259999286824,251.14720114073106,261.17439922228334,6,0,-3.0,19.0,0,0
uep030,7,3,2,SS,-3.0,19.0,2,2.122006590847324,1,5.741150353288326,261.17439922228334,272.037556166419,6,0,-3.0,19.0,0,0
uep030,7,3,3,SS,-3.0,19.0,2,2.5297195405028132,1,6.650673486524341,272.037556166419,284.21794919344615,6,0,-3.0,19.0,0,0
uep030,7,3,4,SS,-3.0,19.0,2,2.9335101949613973,1,5.2235291313463215,284.21794919344615,295.37498851975386,6,0,-3.0,19.0,0,0
uep030,7,3,5,SS,-3.0,19.0,2,1.0726918856373078,1,6.788156682550621,295.37498851975386,306.2358370879418,6,0,-3.0,19.0,0,0
uep030,7,3,6,SS,-3.0,19.0,2,1.588701376223136,1,6.032481427553916,306.2358370879418,316.85701989171883,6,0,-3.0,19.0,0,0
uep030,7,3,7,SS,-3.0,19.0,2,2.475710984074584,1,6.366051366843968,316.85701989171883,328.6987822426374,6,0,-3.0,19.0,0,0
uep030,7,3,8,SS,-3.0,19.0,2,1.1603458287594037,1,5.30788364475258,328.6987822426374,338.1670117161493,6,0,-3.0,19.0,0,0
uep030,7,3,9,SS,-3.0,19.0,2,2.0055985277863377,1,5.844280507858912,338.1670117161493,349.01689075179456,6,0,-3.0,19.0,0,0
uep030,7,3,10,SS,-3.0,19.0,2,1.1060184644457207,1,5.501898792524554,349.01689075179456,358.62480800876483,6,0,-3.0,19.0,0,0
