subjectId,runId,blockId,trialId,condition,leftAnswer,rightAnswer,choiceDuration,isiDuration,feedbackDuration,itiDuration,stimOnset,itiOffset,leftColor,rightColor,mu1,mu2,sd1,sd2
uep059,2,3,1,RR,-5.0,-8.0,2,1.9900970648180263,1,6.489598459659517,246.33416789470328,257.81386341918085,6,2,-3.0,-5.0,4.0,4.0
uep059,2,3,2,RR,-8.0,-6.0,2,2.7154885258266734,1,6.300392322858636,257.81386341918085,269.82974426786615,6,2,-3.0,-5.0,4.0,4.0
uep059,2,3,3,RR,2.0,-1.0,2,1.2935475380182138,1,5.667794464620523,269.82974426786615,279.7910862705049,6,2,-3.0,-5.0,4.0,4.0
uep059,2,3,4,RR,-2.0,-8.0,2,2.6134566448052836,1,6.791795813352789,279.7910862705049,292.19633872866297,6,2,-3.0,-5.0,4.0,4.0
uep059,2,3,5,RR,4.0,-6.0,2,2.549676575525457,1,5.338692740667016,292.19633872866297,303.0847080448554,6,2,-3.0,-5.0,4.0,4.0
uep059,2,3,6,RR,-0.0,-6.0,2,2.1418205108405957,1,5.767181652924663,303.0847080448554,313.99371020862066,6,2,-3.0,-5.0,4.0,4.0
uep059,2,3,7,RR,2.0,0.0,2,2.710010567907113,1,6.15563140677032,313.99371020862066,325.8593521832981,6,2,-3.0,-5.0,4.0,4.0
uep059,2,3,8,RR,-1.0,-11.0,2,2.205125494206139,1,5.277484681212847,325.8593521832981,336.34196235871707,6,2,-3.0,-5.0,4.0,4.0
uep059,2,3,9,RR,-1.0,-4.0,2,2.508203061433023,1,5.746515372909416,336.34196235871707,347.59668079305953,6,2,-3.0,-5.0,4.0,4.0
uep059,2,3,10,RR,-3.0,-1.0,2,1.6222799942222492,1,5.371482518332349,347.59668079305953,357.59044330561414,6,2,-3.0,-5.0,4.0,4.0
