subjectId,runId,blockId,trialId,condition,leftAnswer,rightAnswer,choiceDuration,isiDuration,feedbackDuration,itiDuration,stimOnset,itiOffset,leftColor,rightColor,mu1,mu2,sd1,sd2
uep051,3,4,1,SS,-2.0,6.0,2,1.199360956770825,1,5.518581257980081,363.94819453090076,373.66613674565167,4,0,-2.0,6.0,0,0
uep051,3,4,2,SS,-2.0,6.0,2,1.3898126472353003,1,6.5851362722550055,373.66613674565167,384.641085665142,4,0,-2.0,6.0,0,0
uep051,3,4,3,SS,-2.0,6.0,2,1.4546012947907372,1,6.255343549711945,384.641085665142,395.35103050964466,4,0,-2.0,6.0,0,0
uep051,3,4,4,SS,-2.0,6.0,2,2.5082392812144105,1,6.60525468295466,395.35103050964466,407.4645244738137,4,0,-2.0,6.0,0,0
uep051,3,4,5,SS,-2.0,6.0,2,2.5696928550112257,1,5.289031150642053,407.4645244738137,418.323248479467,4,0,-2.0,6.0,0,0
uep051,3,4,6,SS,-2.0,6.0,2,2.9705060169935775,1,6.6773719387207935,418.323248479467,430.97112643518136,4,0,-2.0,6.0,0,0
uep051,3,4,7,SS,-2.0,6.0,2,2.0538929582273115,1,5.49922334531452,430.97112643518136,441.5242427387232,4,0,-2.0,6.0,0,0
uep051,3,4,8,SS,-2.0,6.0,2,1.477048945676266,1,6.5249054726777365,441.5242427387232,452.5261971570772,4,0,-2.0,6.0,0,0
uep051,3,4,9,SS,-2.0,6.0,2,1.3639588549445267,1,5.4667996092444415,452.5261971570772,462.3569556212662,4,0,-2.0,6.0,0,0
uep051,3,4,10,SS,-2.0,6.0,2,1.9628578128878857,1,6.6801865658458945,462.3569556212662,473.99999999999994,4,0,-2.0,6.0,0,0
