subjectId,runId,blockId,trialId,condition,leftAnswer,rightAnswer,choiceDuration,isiDuration,feedbackDuration,itiDuration,stimOnset,itiOffset,leftColor,rightColor,mu1,mu2,sd1,sd2
uep046,7,2,1,RR,-1.0,-12.0,2,2.8501433492215766,1,5.820194256882265,131.1374480852369,142.80778569134077,5,2,1.0,-9.0,4.0,4.0
uep046,7,2,2,RR,3.0,-1.0,2,2.336448926680296,1,6.966022114264269,142.80778569134077,155.11025673228534,5,2,1.0,-9.0,4.0,4.0
uep046,7,2,3,RR,-0.0,-20.0,2,1.619062613150578,1,6.119305669262822,155.11025673228534,165.84862501469874,5,2,1.0,-9.0,4.0,4.0
uep046,7,2,4,RR,4.0,-15.0,2,1.3539024384217409,1,5.685643851928381,165.84862501469874,175.88817130504884,5,2,1.0,-9.0,4.0,4.0
uep046,7,2,5,RR,8.0,-4.0,2,2.1035275962786844,1,6.686036359821846,175.88817130504884,187.6777352611494,5,2,1.0,-9.0,4.0,4.0
uep046,7,2,6,RR,1.0,-7.0,2,2.8426389131613985,1,5.484235990092519,187.6777352611494,199.00461016440332,5,2,1.0,-9.0,4.0,4.0
uep046,7,2,7,RR,3.0,-4.0,2,2.150476288117883,1,5.623144159889129,199.00461016440332,209.77823061241034,5,2,1.0,-9.0,4.0,4.0
uep046,7,2,8,RR,-3.0,-10.0,2,1.8784165458613005,1,6.3959529207780585,209.77823061241034,221.0526000790497,5,2,1.0,-9.0,4.0,4.0
uep046,7,2,9,RR,-5.0,-7.0,2,1.2050715717449625,1,5.657970238959754,221.0526000790497,230.91564188975443,5,2,1.0,-9.0,4.0,4.0
uep046,7,2,10,RR,-1.0,-13.0,2,1.3207557716605811,1,6.291220352319451,230.91564188975443,241.52761801373444,5,2,1.0,-9.0,4.0,4.0
