subjectId,runId,blockId,trialId,condition,leftAnswer,rightAnswer,choiceDuration,isiDuration,feedbackDuration,itiDuration,stimOnset,itiOffset,leftColor,rightColor,mu1,mu2,sd1,sd2
uep026,2,4,1,RR,-3.0,-5.0,2,1.5142240172614043,1,6.9391711916818775,366.59850458221297,378.05189979115625,1,5,1.0,2.0,4.0,4.0
uep026,2,4,2,RR,7.0,5.0,2,2.993328918714719,1,7.064317136839008,378.05189979115625,391.10954584671,1,5,1.0,2.0,4.0,4.0
uep026,2,4,3,RR,-5.0,6.0,2,1.5277003937933225,1,5.696977921471731,391.10954584671,401.33422416197504,1,5,1.0,2.0,4.0,4.0
uep026,2,4,4,RR,1.0,7.0,2,1.8308840054853233,1,6.122004549723547,401.33422416197504,412.2871127171839,1,5,1.0,2.0,4.0,4.0
uep026,2,4,5,RR,12.0,8.0,2,1.0921356797760071,1,6.970422247892435,412.2871127171839,423.3496706448523,1,5,1.0,2.0,4.0,4.0
uep026,2,4,6,RR,-4.0,-6.0,2,1.1196829993869115,1,6.296892218413225,423.3496706448523,433.76624586265245,1,5,1.0,2.0,4.0,4.0
uep026,2,4,7,RR,-2.0,-6.0,2,2.1680768419309757,1,5.116744147013701,433.76624586265245,444.05106685159717,1,5,1.0,2.0,4.0,4.0
uep026,2,4,8,RR,-4.0,-4.0,2,1.1611819927817173,1,5.17367831134806,444.05106685159717,453.38592715572696,1,5,1.0,2.0,4.0,4.0
uep026,2,4,9,RR,2.0,5.0,2,1.2335943616571494,1,5.913421073782302,453.38592715572696,463.5329425911664,1,5,1.0,2.0,4.0,4.0
uep026,2,4,10,RR,-0.0,-8.0,2,1.0483899455061723,1,6.418667463327482,463.5329425911664,474.00000000000006,1,5,1.0,2.0,4.0,4.0
