subjectId,runId,blockId,trialId,condition,leftAnswer,rightAnswer,choiceDuration,isiDuration,feedbackDuration,itiDuration,stimOnset,itiOffset,leftColor,rightColor,mu1,mu2,sd1,sd2
uep039,4,3,1,SR,8.0,-6.0,2,2.9016864199931565,1,5.230767335130565,244.0482343877102,255.18068814283393,1,3,8.0,-1.0,0,4.0
uep039,4,3,2,SR,8.0,4.0,2,1.854548789372102,1,5.410948148863426,255.18068814283393,265.4461850810694,1,3,8.0,-1.0,0,4.0
uep039,4,3,3,SR,8.0,4.0,2,2.066665998974131,1,5.9190686100478045,265.4461850810694,276.4319196900914,1,3,8.0,-1.0,0,4.0
uep039,4,3,4,SR,8.0,3.0,2,2.9108906431162973,1,6.22875506424445,276.4319196900914,288.57156539745216,1,3,8.0,-1.0,0,4.0
uep039,4,3,5,SR,8.0,1.0,2,1.4821491019677513,1,6.420738894914722,288.57156539745216,299.47445339433466,1,3,8.0,-1.0,0,4.0
uep039,4,3,6,SR,8.0,-1.0,2,2.9136887073180358,1,5.529416262497892,299.47445339433466,310.9175583641506,1,3,8.0,-1.0,0,4.0
uep039,4,3,7,SR,8.0,-2.0,2,2.4922747359907724,1,6.774066079010755,310.9175583641506,323.1838991791521,1,3,8.0,-1.0,0,4.0
uep039,4,3,8,SR,8.0,4.0,2,1.9172569326365403,1,6.503278035506709,323.1838991791521,334.6044341472953,1,3,8.0,-1.0,0,4.0
uep039,4,3,9,SR,8.0,5.0,2,2.520177718398514,1,5.767453768518666,334.6044341472953,345.8920656342125,1,3,8.0,-1.0,0,4.0
uep039,4,3,10,SR,8.0,-2.0,2,2.8285006063836895,1,5.509564805821209,345.8920656342125,357.23013104641734,1,3,8.0,-1.0,0,4.0
