subjectId,runId,blockId,trialId,condition,leftAnswer,rightAnswer,choiceDuration,isiDuration,feedbackDuration,itiDuration,stimOnset,itiOffset,leftColor,rightColor,mu1,mu2,sd1,sd2
uep025,4,1,1,RS,15.0,7.0,2,2.140792559932725,1,5.595302706241704,16,26.736095266174427,3,7,13.0,7.0,4.0,0
uep025,4,1,2,RS,12.0,7.0,2,2.9021481777353904,1,5.871668237618085,26.736095266174427,38.509911681527896,3,7,13.0,7.0,4.0,0
uep025,4,1,3,RS,6.0,7.0,2,1.2054550125935677,1,5.384617383769689,38.509911681527896,48.09998407789115,3,7,13.0,7.0,4.0,0
uep025,4,1,4,RS,15.0,7.0,2,1.6460738308178808,1,5.6796401939640155,48.09998407789115,58.42569810267305,3,7,13.0,7.0,4.0,0
uep025,4,1,5,RS,9.0,7.0,2,1.3056627659708204,1,5.536482114160162,58.42569810267305,68.26784298280404,3,7,13.0,7.0,4.0,0
uep025,4,1,6,RS,13.0,7.0,2,2.06194648887034,1,6.0677542431378235,68.26784298280404,79.3975437148122,3,7,13.0,7.0,4.0,0
uep025,4,1,7,RS,7.0,7.0,2,2.5339540335106556,1,6.604731349750955,79.3975437148122,91.5362290980738,3,7,13.0,7.0,4.0,0
uep025,4,1,8,RS,17.0,7.0,2,1.105761902406392,1,5.054056665652695,91.5362290980738,100.69604766613288,3,7,13.0,7.0,4.0,0
uep025,4,1,9,RS,17.0,7.0,2,2.277813249155655,1,6.598624096719321,100.69604766613288,112.57248501200786,3,7,13.0,7.0,4.0,0
uep025,4,1,10,RS,9.0,7.0,2,2.5950824267423958,1,6.549293759779372,112.57248501200786,124.71686119852963,3,7,13.0,7.0,4.0,0
