subjectId,runId,blockId,trialId,condition,leftAnswer,rightAnswer,choiceDuration,isiDuration,feedbackDuration,itiDuration,stimOnset,itiOffset,leftColor,rightColor,mu1,mu2,sd1,sd2
uep026,8,3,1,SR,1.0,-0.0,2,2.14267561745936,1,6.606369255619242,244.2518191405558,256.0008640136344,3,2,1.0,-4.0,0,4.0
uep026,8,3,2,SR,1.0,-6.0,2,2.6490400726133716,1,6.096860125049705,256.0008640136344,267.7467642112975,3,2,1.0,-4.0,0,4.0
uep026,8,3,3,SR,1.0,-6.0,2,2.410802155099248,1,6.080363652283205,267.7467642112975,279.23793001867995,3,2,1.0,-4.0,0,4.0
uep026,8,3,4,SR,1.0,-1.0,2,2.585274669493302,1,5.926806986051955,279.23793001867995,290.75001167422516,3,2,1.0,-4.0,0,4.0
uep026,8,3,5,SR,1.0,-9.0,2,2.785107468732837,1,6.081916657969044,290.75001167422516,302.61703580092706,3,2,1.0,-4.0,0,4.0
uep026,8,3,6,SR,1.0,-1.0,2,2.546572145688673,1,6.534771706704131,302.61703580092706,314.6983796533199,3,2,1.0,-4.0,0,4.0
uep026,8,3,7,SR,1.0,-7.0,2,2.6015732148869066,1,5.143218442992613,314.6983796533199,325.4431713111994,3,2,1.0,-4.0,0,4.0
uep026,8,3,8,SR,1.0,-3.0,2,1.627957945628385,1,6.665778582724819,325.4431713111994,336.73690783955266,3,2,1.0,-4.0,0,4.0
uep026,8,3,9,SR,1.0,-9.0,2,2.2061320349609623,1,5.0585308986914965,336.73690783955266,347.0015707732051,3,2,1.0,-4.0,0,4.0
uep026,8,3,10,SR,1.0,-8.0,2,1.1247782371679307,1,5.483912187451606,347.0015707732051,356.6102611978246,3,2,1.0,-4.0,0,4.0
