subjectId,runId,blockId,trialId,condition,leftAnswer,rightAnswer,choiceDuration,isiDuration,feedbackDuration,itiDuration,stimOnset,itiOffset,leftColor,rightColor,mu1,mu2,sd1,sd2
uep032,5,1,1,RR,6.0,12.0,2,2.6784397466110494,1,6.111304251334656,16,27.789743997945703,5,4,7.0,9.0,4.0,4.0
uep032,5,1,2,RR,10.0,16.0,2,1.1297318471275586,1,5.355253200292139,27.789743997945703,37.2747290453654,5,4,7.0,9.0,4.0,4.0
uep032,5,1,3,RR,12.0,12.0,2,1.571789081753475,1,5.929639373727667,37.2747290453654,47.77615750084654,5,4,7.0,9.0,4.0,4.0
uep032,5,1,4,RR,5.0,7.0,2,2.078631734928112,1,7.102164147482546,47.77615750084654,59.95695338325719,5,4,7.0,9.0,4.0,4.0
uep032,5,1,5,RR,3.0,13.0,2,2.549291665719817,1,6.4842286518763546,59.95695338325719,71.99047370085336,5,4,7.0,9.0,4.0,4.0
uep032,5,1,6,RR,8.0,10.0,2,1.905457769685394,1,5.352013716640722,71.99047370085336,82.24794518717948,5,4,7.0,9.0,4.0,4.0
uep032,5,1,7,RR,5.0,15.0,2,1.7460095813195395,1,6.277692361824161,82.24794518717948,93.27164713032319,5,4,7.0,9.0,4.0,4.0
uep032,5,1,8,RR,3.0,11.0,2,2.35206014535814,1,5.232786126344835,93.27164713032319,103.85649340202616,5,4,7.0,9.0,4.0,4.0
uep032,5,1,9,RR,12.0,5.0,2,1.821886678658646,1,6.272280945718623,103.85649340202616,114.95066102640342,5,4,7.0,9.0,4.0,4.0
uep032,5,1,10,RR,6.0,11.0,2,1.7437961515914508,1,6.003530284079617,114.95066102640342,125.6979874620745,5,4,7.0,9.0,4.0,4.0
