subjectId,runId,blockId,trialId,condition,leftAnswer,rightAnswer,choiceDuration,isiDuration,feedbackDuration,itiDuration,stimOnset,itiOffset,leftColor,rightColor,mu1,mu2,sd1,sd2
uep030,6,2,1,SS,-10.0,3.0,2,1.6000391381474497,1,6.872843404841504,130.58081615578533,142.05369869877427,0,2,-10.0,3.0,0,0
uep030,6,2,2,SS,-10.0,3.0,2,2.2682994609489975,1,5.129253301693652,142.05369869877427,152.45125146141692,0,2,-10.0,3.0,0,0
uep030,6,2,3,SS,-10.0,3.0,2,2.9871538948894214,1,5.456801403477633,152.45125146141692,163.89520675978397,0,2,-10.0,3.0,0,0
uep030,6,2,4,SS,-10.0,3.0,2,1.5252526983445782,1,5.988978061889787,163.89520675978397,174.40943752001834,0,2,-10.0,3.0,0,0
uep030,6,2,5,SS,-10.0,3.0,2,2.4256877966937953,1,7.070115766548667,174.40943752001834,186.90524108326082,0,2,-10.0,3.0,0,0
uep030,6,2,6,SS,-10.0,3.0,2,1.6779312303210399,1,6.763421335114005,186.90524108326082,198.34659364869586,0,2,-10.0,3.0,0,0
uep030,6,2,7,SS,-10.0,3.0,2,2.7086955922680613,1,5.65624698682561,198.34659364869586,209.71153622778954,0,2,-10.0,3.0,0,0
uep030,6,2,8,SS,-10.0,3.0,2,2.3371537144077235,1,7.029966006621461,209.71153622778954,222.07865594881872,0,2,-10.0,3.0,0,0
uep030,6,2,9,SS,-10.0,3.0,2,1.460784011057171,1,6.449920758895386,222.07865594881872,232.98936071877128,0,2,-10.0,3.0,0,0
uep030,6,2,10,SS,-10.0,3.0,2,1.789491955134827,1,5.78111791523719,232.98936071877128,243.5599705891433,0,2,-10.0,3.0,0,0
