subjectId,runId,blockId,trialId,condition,leftAnswer,rightAnswer,choiceDuration,isiDuration,feedbackDuration,itiDuration,stimOnset,itiOffset,leftColor,rightColor,mu1,mu2,sd1,sd2
uep053,4,4,1,SS,-1.0,21.0,2,1.319365134073969,1,6.5843237876151965,363.225436991155,374.12912591284413,0,6,-1.0,21.0,0,0
uep053,4,4,2,SS,-1.0,21.0,2,1.2711597895668412,1,6.2925188359546596,374.12912591284413,384.69280453836564,0,6,-1.0,21.0,0,0
uep053,4,4,3,SS,-1.0,21.0,2,1.7876199944719458,1,5.812011580671155,384.69280453836564,395.2924361135087,0,6,-1.0,21.0,0,0
uep053,4,4,4,SS,-1.0,21.0,2,2.799844213046849,1,5.624338673961789,395.2924361135087,406.71661900051737,0,6,-1.0,21.0,0,0
uep053,4,4,5,SS,-1.0,21.0,2,2.2851095915701105,1,6.712670223708767,406.71661900051737,418.71439881579624,0,6,-1.0,21.0,0,0
uep053,4,4,6,SS,-1.0,21.0,2,2.74715694108534,1,5.440320434778546,418.71439881579624,429.9018761916601,0,6,-1.0,21.0,0,0
uep053,4,4,7,SS,-1.0,21.0,2,2.2251996339174913,1,6.516552502314425,429.9018761916601,441.64362832789203,0,6,-1.0,21.0,0,0
uep053,4,4,8,SS,-1.0,21.0,2,1.612858862047191,1,6.831031967904281,441.64362832789203,453.0875191578435,0,6,-1.0,21.0,0,0
uep053,4,4,9,SS,-1.0,21.0,2,1.7306981107091137,1,5.2103143814809885,453.0875191578435,463.0285316500336,0,6,-1.0,21.0,0,0
uep053,4,4,10,SS,-1.0,21.0,2,2.038602493518711,1,5.932865856447613,463.0285316500336,473.99999999999994,0,6,-1.0,21.0,0,0
