subjectId,runId,blockId,trialId,condition,leftAnswer,rightAnswer,choiceDuration,isiDuration,feedbackDuration,itiDuration,stimOnset,itiOffset,leftColor,rightColor,mu1,mu2,sd1,sd2
uep019,3,3,1,SS,17.0,11.0,2,1.7290032836408273,1,6.309699281586053,250.75839462156645,261.79709718679334,2,6,17.0,11.0,0,0
uep019,3,3,2,SS,17.0,11.0,2,1.0907410150848194,1,6.904746550531543,261.79709718679334,272.7925847524097,2,6,17.0,11.0,0,0
uep019,3,3,3,SS,17.0,11.0,2,2.0707736575067965,1,5.301558178717932,272.7925847524097,283.1649165886344,2,6,17.0,11.0,0,0
uep019,3,3,4,SS,17.0,11.0,2,2.2275903491326123,1,4.968897070423029,283.1649165886344,293.3614040081901,2,6,17.0,11.0,0,0
uep019,3,3,5,SS,17.0,11.0,2,1.0654662251355231,1,6.024436575927881,293.3614040081901,303.45130680925354,2,6,17.0,11.0,0,0
uep019,3,3,6,SS,17.0,11.0,2,2.63168145529536,1,6.489075256295386,303.45130680925354,315.57206352084427,2,6,17.0,11.0,0,0
uep019,3,3,7,SS,17.0,11.0,2,1.2729925196825018,1,6.338341933318722,315.57206352084427,326.18339797384544,2,6,17.0,11.0,0,0
uep019,3,3,8,SS,17.0,11.0,2,2.1373872546014447,1,5.91274898656483,326.18339797384544,337.23353421501173,2,6,17.0,11.0,0,0
uep019,3,3,9,SS,17.0,11.0,2,2.8559150925496657,1,5.312211349101493,337.23353421501173,348.4016606566629,2,6,17.0,11.0,0,0
uep019,3,3,10,SS,17.0,11.0,2,1.0304073382963728,1,5.262821443145199,348.4016606566629,357.69488943810444,2,6,17.0,11.0,0,0
