subjectId,runId,blockId,trialId,condition,leftAnswer,rightAnswer,choiceDuration,isiDuration,feedbackDuration,itiDuration,stimOnset,itiOffset,leftColor,rightColor,mu1,mu2,sd1,sd2
uep005,8,4,1,SS,0.0,13.0,2,1.42149032374204,1,5.5665172669666925,365.214045898985,375.2020534896937,2,0,0.0,13.0,0,0
uep005,8,4,2,SS,0.0,13.0,2,2.6923483749621933,1,5.998137953245039,375.2020534896937,386.8925398179009,2,0,0.0,13.0,0,0
uep005,8,4,3,SS,0.0,13.0,2,1.8954295043524807,1,6.410449339447654,386.8925398179009,398.19841866170106,2,0,0.0,13.0,0,0
uep005,8,4,4,SS,0.0,13.0,2,1.911672824399867,1,5.574441033218422,398.19841866170106,408.68453251931936,2,0,0.0,13.0,0,0
uep005,8,4,5,SS,0.0,13.0,2,2.1842401979141424,1,6.124484276034199,408.68453251931936,419.9932569932677,2,0,0.0,13.0,0,0
uep005,8,4,6,SS,0.0,13.0,2,2.327216465311349,1,5.1536428936066665,419.9932569932677,430.4741163521857,2,0,0.0,13.0,0,0
uep005,8,4,7,SS,0.0,13.0,2,1.6338926658976742,1,6.497888889120414,430.4741163521857,441.6058979072038,2,0,0.0,13.0,0,0
uep005,8,4,8,SS,0.0,13.0,2,1.3086224206731265,1,5.310956328156847,441.6058979072038,451.22547665603383,2,0,0.0,13.0,0,0
uep005,8,4,9,SS,0.0,13.0,2,2.0029318968504444,1,6.796523420402934,451.22547665603383,463.0249319732872,2,0,0.0,13.0,0,0
uep005,8,4,10,SS,0.0,13.0,2,1.4232827753534607,1,6.5517852513594494,463.0249319732872,474.0000000000001,2,0,0.0,13.0,0,0
