subjectId,runId,blockId,trialId,condition,leftAnswer,rightAnswer,choiceDuration,isiDuration,feedbackDuration,itiDuration,stimOnset,itiOffset,leftColor,rightColor,mu1,mu2,sd1,sd2
uep030,3,1,1,RS,12.0,3.0,2,1.2800631443009762,1,5.329956400575622,16,25.610019544876597,4,3,14.0,3.0,4.0,0
uep030,3,1,2,RS,18.0,3.0,2,2.9149786274006853,1,6.629982045109088,25.610019544876597,38.15498021738637,4,3,14.0,3.0,4.0,0
uep030,3,1,3,RS,16.0,3.0,2,2.778814863493561,1,5.998637230967298,38.15498021738637,49.93243231184722,4,3,14.0,3.0,4.0,0
uep030,3,1,4,RS,14.0,3.0,2,2.8008510365915287,1,5.054121484720832,49.93243231184722,60.787404833159584,4,3,14.0,3.0,4.0,0
uep030,3,1,5,RS,11.0,3.0,2,2.749737951131732,1,6.415010475680451,60.787404833159584,72.95215325997177,4,3,14.0,3.0,4.0,0
uep030,3,1,6,RS,11.0,3.0,2,1.05262710695644,1,6.005835460487947,72.95215325997177,83.01061582741615,4,3,14.0,3.0,4.0,0
uep030,3,1,7,RS,19.0,3.0,2,1.8181998145994398,1,5.050178322980448,83.01061582741615,92.87899396499603,4,3,14.0,3.0,4.0,0
uep030,3,1,8,RS,11.0,3.0,2,2.0994810903157792,1,6.0434249522618755,92.87899396499603,104.02190000757368,4,3,14.0,3.0,4.0,0
uep030,3,1,9,RS,13.0,3.0,2,1.221542226960448,1,6.708206121017874,104.02190000757368,114.95164835555201,4,3,14.0,3.0,4.0,0
uep030,3,1,10,RS,17.0,3.0,2,1.1538643986447485,1,6.553916142856691,114.95164835555201,125.65942889705344,4,3,14.0,3.0,4.0,0
