subjectId,runId,blockId,trialId,condition,leftAnswer,rightAnswer,choiceDuration,isiDuration,feedbackDuration,itiDuration,stimOnset,itiOffset,leftColor,rightColor,mu1,mu2,sd1,sd2
uep006,6,2,1,RR,-13.0,14.0,2,2.605525426776728,1,6.265117197668645,129.07331841089928,140.94396103534464,1,0,-7.0,13.0,4.0,4.0
uep006,6,2,2,RR,6.0,18.0,2,2.7294339849847336,1,6.948880337463805,140.94396103534464,153.62227535779317,1,0,-7.0,13.0,4.0,4.0
uep006,6,2,3,RR,-9.0,9.0,2,1.8857103486515523,1,5.483308140614501,153.62227535779317,163.9912938470592,1,0,-7.0,13.0,4.0,4.0
uep006,6,2,4,RR,-12.0,17.0,2,1.5900530431603974,1,6.235929036164669,163.9912938470592,174.81727592638427,1,0,-7.0,13.0,4.0,4.0
uep006,6,2,5,RR,-3.0,8.0,2,2.483736288686633,1,6.0067025461374,174.81727592638427,186.3077147612083,1,0,-7.0,13.0,4.0,4.0
uep006,6,2,6,RR,-11.0,8.0,2,1.3010786638889988,1,6.271312706197466,186.3077147612083,196.88010613129478,1,0,-7.0,13.0,4.0,4.0
uep006,6,2,7,RR,-9.0,14.0,2,2.7816043405400954,1,6.4817925226803865,196.88010613129478,209.14350299451527,1,0,-7.0,13.0,4.0,4.0
uep006,6,2,8,RR,-1.0,17.0,2,2.56229573636123,1,6.818938590965876,209.14350299451527,221.52473732184237,1,0,-7.0,13.0,4.0,4.0
uep006,6,2,9,RR,-7.0,13.0,2,2.301038982408457,1,6.7479236277916215,221.52473732184237,233.57369993204247,1,0,-7.0,13.0,4.0,4.0
uep006,6,2,10,RR,-11.0,9.0,2,1.1062367185711524,1,5.087532936371979,233.57369993204247,242.7674695869856,1,0,-7.0,13.0,4.0,4.0
