subjectId,runId,blockId,trialId,condition,leftAnswer,rightAnswer,choiceDuration,isiDuration,feedbackDuration,itiDuration,stimOnset,itiOffset,leftColor,rightColor,mu1,mu2,sd1,sd2
uep017,4,4,1,SR,10.0,16.0,2,2.8074430453974797,1,5.906824721985964,362.270052306452,373.9843200738354,2,0,10.0,15.0,0,4.0
uep017,4,4,2,SR,10.0,10.0,2,2.6886580316152338,1,5.759177163607216,373.9843200738354,385.4321552690579,2,0,10.0,15.0,0,4.0
uep017,4,4,3,SR,10.0,15.0,2,2.163499108589644,1,4.9926329661157025,385.4321552690579,395.5882873437632,2,0,10.0,15.0,0,4.0
uep017,4,4,4,SR,10.0,10.0,2,2.1748551690786897,1,6.886330613375902,395.5882873437632,407.6494731262178,2,0,10.0,15.0,0,4.0
uep017,4,4,5,SR,10.0,17.0,2,1.573736307845317,1,4.960035318298431,407.6494731262178,417.18324475236153,2,0,10.0,15.0,0,4.0
uep017,4,4,6,SR,10.0,8.0,2,1.1078541875790233,1,6.001482364012362,417.18324475236153,427.29258130395294,2,0,10.0,15.0,0,4.0
uep017,4,4,7,SR,10.0,13.0,2,2.5172743351981546,1,6.285260965798431,427.29258130395294,439.09511660494957,2,0,10.0,15.0,0,4.0
uep017,4,4,8,SR,10.0,19.0,2,2.9454728203364318,1,6.7103581894297255,439.09511660494957,451.7509476147157,2,0,10.0,15.0,0,4.0
uep017,4,4,9,SR,10.0,18.0,2,1.4702731969657092,1,6.497405004695361,451.7509476147157,462.71862581637674,2,0,10.0,15.0,0,4.0
uep017,4,4,10,SR,10.0,13.0,2,2.4343793781532486,1,5.8469948054700565,462.71862581637674,474.00000000000006,2,0,10.0,15.0,0,4.0
