subjectId,runId,blockId,trialId,condition,leftAnswer,rightAnswer,choiceDuration,isiDuration,feedbackDuration,itiDuration,stimOnset,itiOffset,leftColor,rightColor,mu1,mu2,sd1,sd2
uep038,5,4,1,SR,9.0,3.0,2,2.3340511161743738,1,6.767208175746119,364.08021691903076,376.18147621095125,0,7,9.0,-2.0,0,4.0
uep038,5,4,2,SR,9.0,-5.0,2,2.2617062314055714,1,5.051618847646561,376.18147621095125,386.4948012900034,0,7,9.0,-2.0,0,4.0
uep038,5,4,3,SR,9.0,-12.0,2,1.9072849164163113,1,5.164857193719957,386.4948012900034,396.5669434001397,0,7,9.0,-2.0,0,4.0
uep038,5,4,4,SR,9.0,-2.0,2,1.6891214107805579,1,6.103502897437113,396.5669434001397,407.35956770835736,0,7,9.0,-2.0,0,4.0
uep038,5,4,5,SR,9.0,-0.0,2,2.3272124845572795,1,5.337627231934762,407.35956770835736,418.0244074248494,0,7,9.0,-2.0,0,4.0
uep038,5,4,6,SR,9.0,-1.0,2,1.8508287371874534,1,6.204956283287389,418.0244074248494,429.08019244532426,0,7,9.0,-2.0,0,4.0
uep038,5,4,7,SR,9.0,1.0,2,1.331279675587502,1,6.9684110445200975,429.08019244532426,440.37988316543186,0,7,9.0,-2.0,0,4.0
uep038,5,4,8,SR,9.0,-2.0,2,1.7279490031535916,1,6.463547368602868,440.37988316543186,451.5713795371883,0,7,9.0,-2.0,0,4.0
uep038,5,4,9,SR,9.0,0.0,2,1.683069152411311,1,6.476577621444036,451.5713795371883,462.73102631104365,0,7,9.0,-2.0,0,4.0
uep038,5,4,10,SR,9.0,3.0,2,1.8062605195495545,1,6.462713169406902,462.73102631104365,474.0000000000001,0,7,9.0,-2.0,0,4.0
