subjectId,runId,blockId,trialId,condition,leftAnswer,rightAnswer,choiceDuration,isiDuration,feedbackDuration,itiDuration,stimOnset,itiOffset,leftColor,rightColor,mu1,mu2,sd1,sd2
uep040,5,1,1,SS,12.0,-9.0,2,1.2134106117704022,1,6.220357964718779,16,26.433768576489182,2,4,12.0,-9.0,0,0
uep040,5,1,2,SS,12.0,-9.0,2,1.7601792784468557,1,5.627223081781174,26.433768576489182,36.82117093671721,2,4,12.0,-9.0,0,0
uep040,5,1,3,SS,12.0,-9.0,2,1.622370054484422,1,6.707736721283455,36.82117093671721,48.15127771248508,2,4,12.0,-9.0,0,0
uep040,5,1,4,SS,12.0,-9.0,2,1.326642411215235,1,5.24762249009007,48.15127771248508,57.72554261379038,2,4,12.0,-9.0,0,0
uep040,5,1,5,SS,12.0,-9.0,2,1.911221420638629,1,6.076046119472737,57.72554261379038,68.71281015390174,2,4,12.0,-9.0,0,0
uep040,5,1,6,SS,12.0,-9.0,2,1.6586269265259745,1,5.3407812813258815,68.71281015390174,78.7122183617536,2,4,12.0,-9.0,0,0
uep040,5,1,7,SS,12.0,-9.0,2,2.620932490645284,1,5.205630906870123,78.7122183617536,89.53878175926901,2,4,12.0,-9.0,0,0
uep040,5,1,8,SS,12.0,-9.0,2,2.817966392081886,1,7.024337372639611,89.53878175926901,102.3810855239905,2,4,12.0,-9.0,0,0
uep040,5,1,9,SS,12.0,-9.0,2,1.4644539069601514,1,5.972504689019333,102.3810855239905,112.81804411996998,2,4,12.0,-9.0,0,0
uep040,5,1,10,SS,12.0,-9.0,2,1.68678715168209,1,6.690054263302879,112.81804411996998,124.19488553495496,2,4,12.0,-9.0,0,0
