subjectId,runId,blockId,trialId,condition,leftAnswer,rightAnswer,choiceDuration,isiDuration,feedbackDuration,itiDuration,stimOnset,itiOffset,leftColor,rightColor,mu1,mu2,sd1,sd2
uep028,5,2,1,RR,5.0,10.0,2,1.1857433904782462,1,5.1471765283935245,133.82141683900136,143.15433675787312,0,1,5.0,8.0,4.0,4.0
uep028,5,2,2,RR,4.0,11.0,2,1.560873836562482,1,6.6812458803137345,143.15433675787312,154.39645647474933,0,1,5.0,8.0,4.0,4.0
uep028,5,2,3,RR,5.0,1.0,2,2.55849461702416,1,5.971426567100622,154.39645647474933,165.92637765887412,0,1,5.0,8.0,4.0,4.0
uep028,5,2,4,RR,-0.0,9.0,2,2.888170800059743,1,5.4520064003388535,165.92637765887412,177.26655485927273,0,1,5.0,8.0,4.0,4.0
uep028,5,2,5,RR,8.0,7.0,2,2.241983853505573,1,6.007104562216197,177.26655485927273,188.51564327499452,0,1,5.0,8.0,4.0,4.0
uep028,5,2,6,RR,5.0,9.0,2,1.3804982851292595,1,6.335899834410718,188.51564327499452,199.2320413945345,0,1,5.0,8.0,4.0,4.0
uep028,5,2,7,RR,3.0,3.0,2,2.757237307525123,1,5.4120453022752555,199.2320413945345,210.40132400433487,0,1,5.0,8.0,4.0,4.0
uep028,5,2,8,RR,10.0,8.0,2,1.3629595629665645,1,6.117954598298987,210.40132400433487,220.8822381656004,0,1,5.0,8.0,4.0,4.0
uep028,5,2,9,RR,1.0,12.0,2,1.82050085133158,1,6.247621472727855,220.8822381656004,231.95036048965983,0,1,5.0,8.0,4.0,4.0
uep028,5,2,10,RR,6.0,11.0,2,1.8080049159286151,1,5.803069387594998,231.95036048965983,242.56143479318345,0,1,5.0,8.0,4.0,4.0
