subjectId,runId,blockId,trialId,condition,leftAnswer,rightAnswer,choiceDuration,isiDuration,feedbackDuration,itiDuration,stimOnset,itiOffset,leftColor,rightColor,mu1,mu2,sd1,sd2
uep053,3,1,1,RR,-25.0,-3.0,2,1.8636576198142494,1,6.07717696997594,16,26.94083458979019,5,6,-24.0,-4.0,4.0,4.0
uep053,3,1,2,RR,-20.0,-1.0,2,1.9097041912228232,1,5.159386526469792,26.94083458979019,37.0099253074828,5,6,-24.0,-4.0,4.0,4.0
uep053,3,1,3,RR,-24.0,1.0,2,1.2211226843548144,1,5.198005486533611,37.0099253074828,46.42905347837123,5,6,-24.0,-4.0,4.0,4.0
uep053,3,1,4,RR,-30.0,-9.0,2,2.8501253828810045,1,5.448793548415479,46.42905347837123,57.727972409667714,5,6,-24.0,-4.0,4.0,4.0
uep053,3,1,5,RR,-26.0,-7.0,2,1.754430429589875,1,5.010199764759953,57.727972409667714,67.49260260401755,5,6,-24.0,-4.0,4.0,4.0
uep053,3,1,6,RR,-26.0,-5.0,2,2.782712288373097,1,5.62949675777752,67.49260260401755,78.90481165016816,5,6,-24.0,-4.0,4.0,4.0
uep053,3,1,7,RR,-29.0,-7.0,2,2.6949411389758637,1,5.245568000064032,78.90481165016816,89.84532078920805,5,6,-24.0,-4.0,4.0,4.0
uep053,3,1,8,RR,-32.0,-2.0,2,1.9564190053439825,1,6.372723913745448,89.84532078920805,101.17446370829748,5,6,-24.0,-4.0,4.0,4.0
uep053,3,1,9,RR,-19.0,-5.0,2,2.7221889629157205,1,6.239442233623179,101.17446370829748,113.13609490483638,5,6,-24.0,-4.0,4.0,4.0
uep053,3,1,10,RR,-24.0,-7.0,2,1.7843819174310975,1,5.560063230308959,113.13609490483638,123.48054005257643,5,6,-24.0,-4.0,4.0,4.0
