subjectId,runId,blockId,trialId,condition,leftAnswer,rightAnswer,choiceDuration,isiDuration,feedbackDuration,itiDuration,stimOnset,itiOffset,leftColor,rightColor,mu1,mu2,sd1,sd2
uep055,3,4,1,RR,-6.0,11.0,2,2.8148869083515207,1,5.346786689472764,364.23060885887736,375.39228245670165,5,2,-6.0,11.0,4.0,4.0
uep055,3,4,2,RR,-8.0,6.0,2,1.3769944770203235,1,6.536417187353177,375.39228245670165,386.30569412107513,5,2,-6.0,11.0,4.0,4.0
uep055,3,4,3,RR,-9.0,5.0,2,2.704994825423683,1,5.350364860742161,386.30569412107513,397.361053807241,5,2,-6.0,11.0,4.0,4.0
uep055,3,4,4,RR,-4.0,10.0,2,2.306048085839253,1,5.438396299230818,397.361053807241,408.1054981923111,5,2,-6.0,11.0,4.0,4.0
uep055,3,4,5,RR,-4.0,17.0,2,1.0335621293985293,1,6.792296996159259,408.1054981923111,418.9313573178689,5,2,-6.0,11.0,4.0,4.0
uep055,3,4,6,RR,-3.0,6.0,2,1.6729577453636006,1,5.432139126096714,418.9313573178689,429.0364541893292,5,2,-6.0,11.0,4.0,4.0
uep055,3,4,7,RR,-7.0,15.0,2,1.6308088650291044,1,6.319902607362283,429.0364541893292,439.9871656617206,5,2,-6.0,11.0,4.0,4.0
uep055,3,4,8,RR,-17.0,12.0,2,2.2319271810750005,1,6.195744968273141,439.9871656617206,451.4148378110687,5,2,-6.0,11.0,4.0,4.0
uep055,3,4,9,RR,-2.0,18.0,2,1.81451335597339,1,5.819555524614113,451.4148378110687,462.0489066916562,5,2,-6.0,11.0,4.0,4.0
uep055,3,4,10,RR,-13.0,5.0,2,2.6112192279701603,1,6.339874080373788,462.0489066916562,474.0000000000001,5,2,-6.0,11.0,4.0,4.0
