subjectId,runId,blockId,trialId,condition,leftAnswer,rightAnswer,choiceDuration,isiDuration,feedbackDuration,itiDuration,stimOnset,itiOffset,leftColor,rightColor,mu1,mu2,sd1,sd2
uep046,4,4,1,SR,-13.0,3.0,2,1.158535526696847,1,7.11920036561287,366.6009971508443,377.878733043154,4,2,-13.0,1.0,0,4.0
uep046,4,4,2,SR,-13.0,-4.0,2,1.6526539411278618,1,5.249387157659718,377.878733043154,387.7807741419416,4,2,-13.0,1.0,0,4.0
uep046,4,4,3,SR,-13.0,4.0,2,1.4683348174510522,1,5.288298055425858,387.7807741419416,397.53740701481854,4,2,-13.0,1.0,0,4.0
uep046,4,4,4,SR,-13.0,1.0,2,2.0649299204521236,1,5.354535892760578,397.53740701481854,407.95687282803124,4,2,-13.0,1.0,0,4.0
uep046,4,4,5,SR,-13.0,-2.0,2,2.161222834950427,1,6.681172215180195,407.95687282803124,419.79926787816186,4,2,-13.0,1.0,0,4.0
uep046,4,4,6,SR,-13.0,5.0,2,1.142082797986414,1,5.82402862219987,419.79926787816186,429.76537929834814,4,2,-13.0,1.0,0,4.0
uep046,4,4,7,SR,-13.0,3.0,2,1.8610191890654535,1,5.198035790136715,429.76537929834814,439.8244342775503,4,2,-13.0,1.0,0,4.0
uep046,4,4,8,SR,-13.0,4.0,2,1.1927741114564623,1,6.50622271516378,439.8244342775503,450.5234311041706,4,2,-13.0,1.0,0,4.0
uep046,4,4,9,SR,-13.0,6.0,2,2.369523443041058,1,5.940284734274246,450.5234311041706,461.8332392814859,4,2,-13.0,1.0,0,4.0
uep046,4,4,10,SR,-13.0,5.0,2,3.0363571421127724,1,6.130403576401415,461.8332392814859,474.00000000000006,4,2,-13.0,1.0,0,4.0
