subjectId,runId,blockId,trialId,condition,leftAnswer,rightAnswer,choiceDuration,isiDuration,feedbackDuration,itiDuration,stimOnset,itiOffset,leftColor,rightColor,mu1,mu2,sd1,sd2
uep008,8,1,1,SS,-5.0,14.0,2,2.775811336244853,1,5.6122179280887465,16,27.3880292643336,1,6,-5.0,14.0,0,0
uep008,8,1,2,SS,-5.0,14.0,2,2.847097050760438,1,5.150917797795269,27.3880292643336,38.3860441128893,1,6,-5.0,14.0,0,0
uep008,8,1,3,SS,-5.0,14.0,2,1.5795896875802786,1,6.294571928968178,38.3860441128893,49.26020572943776,1,6,-5.0,14.0,0,0
uep008,8,1,4,SS,-5.0,14.0,2,1.582796105340138,1,5.184194359253462,49.26020572943776,59.027196194031355,1,6,-5.0,14.0,0,0
uep008,8,1,5,SS,-5.0,14.0,2,1.2013748818820238,1,5.27728958938514,59.027196194031355,68.50586066529851,1,6,-5.0,14.0,0,0
uep008,8,1,6,SS,-5.0,14.0,2,2.449582503522733,1,5.391169786476498,68.50586066529851,79.34661295529774,1,6,-5.0,14.0,0,0
uep008,8,1,7,SS,-5.0,14.0,2,2.7311284488837337,1,6.699288573786833,79.34661295529774,91.77702997796831,1,6,-5.0,14.0,0,0
uep008,8,1,8,SS,-5.0,14.0,2,1.4089327339960362,1,5.444924956463983,91.77702997796831,101.63088766842833,1,6,-5.0,14.0,0,0
uep008,8,1,9,SS,-5.0,14.0,2,2.464631539653119,1,6.434615167725665,101.63088766842833,113.53013437580711,1,6,-5.0,14.0,0,0
uep008,8,1,10,SS,-5.0,14.0,2,2.8951999723622315,1,5.928229049843512,113.53013437580711,125.35356339801285,1,6,-5.0,14.0,0,0
