subjectId,runId,blockId,trialId,condition,leftAnswer,rightAnswer,choiceDuration,isiDuration,feedbackDuration,itiDuration,stimOnset,itiOffset,leftColor,rightColor,mu1,mu2,sd1,sd2
uep006,8,3,1,SS,-7.0,-7.0,2,0.9998466508251642,1,6.084102402741302,248.3234010304086,258.4073500839751,1,3,-7.0,-7.0,0,0
uep006,8,3,2,SS,-7.0,-7.0,2,1.4498908334184668,1,6.070902360852961,258.4073500839751,268.9281432782465,1,3,-7.0,-7.0,0,0
uep006,8,3,3,SS,-7.0,-7.0,2,2.7954737780995425,1,6.787016217620968,268.9281432782465,281.5106332739671,1,3,-7.0,-7.0,0,0
uep006,8,3,4,SS,-7.0,-7.0,2,2.017242906510379,1,4.953878691854309,281.5106332739671,291.48175487233175,1,3,-7.0,-7.0,0,0
uep006,8,3,5,SS,-7.0,-7.0,2,2.5784665141614522,1,5.121070848874283,291.48175487233175,302.1812922353675,1,3,-7.0,-7.0,0,0
uep006,8,3,6,SS,-7.0,-7.0,2,1.4451688116805514,1,5.916301698047626,302.1812922353675,312.5427627450957,1,3,-7.0,-7.0,0,0
uep006,8,3,7,SS,-7.0,-7.0,2,2.6823618968803222,1,6.844031663357008,312.5427627450957,325.06915630533297,1,3,-7.0,-7.0,0,0
uep006,8,3,8,SS,-7.0,-7.0,2,1.8025627775900062,1,5.551312595656619,325.06915630533297,335.4230316785796,1,3,-7.0,-7.0,0,0
uep006,8,3,9,SS,-7.0,-7.0,2,1.840585719105427,1,4.967979291446882,335.4230316785796,345.23159668913195,1,3,-7.0,-7.0,0,0
uep006,8,3,10,SS,-7.0,-7.0,2,1.678586802860728,1,6.099901272982585,345.23159668913195,356.01008476497526,1,3,-7.0,-7.0,0,0
