subjectId,runId,blockId,trialId,condition,leftAnswer,rightAnswer,choiceDuration,isiDuration,feedbackDuration,itiDuration,stimOnset,itiOffset,leftColor,rightColor,mu1,mu2,sd1,sd2
uep015,4,3,1,SS,-19.0,19.0,2,1.6329846033594824,1,6.430341983307869,244.01065917680933,255.07398576347668,1,0,-19.0,19.0,0,0
uep015,4,3,2,SS,-19.0,19.0,2,2.563666051173438,1,5.258443126229152,255.07398576347668,265.89609494087927,1,0,-19.0,19.0,0,0
uep015,4,3,3,SS,-19.0,19.0,2,2.1310855056013422,1,6.728082844760712,265.89609494087927,277.7552632912413,1,0,-19.0,19.0,0,0
uep015,4,3,4,SS,-19.0,19.0,2,2.05989177079704,1,5.569131751311244,277.7552632912413,288.3842868133496,1,0,-19.0,19.0,0,0
uep015,4,3,5,SS,-19.0,19.0,2,1.8836786485403072,1,5.174915252655806,288.3842868133496,298.4428807145457,1,0,-19.0,19.0,0,0
uep015,4,3,6,SS,-19.0,19.0,2,2.176539868437019,1,5.027819170131932,298.4428807145457,308.64723975311466,1,0,-19.0,19.0,0,0
uep015,4,3,7,SS,-19.0,19.0,2,1.6353326389002854,1,5.306882176609401,308.64723975311466,318.5894545686244,1,0,-19.0,19.0,0,0
uep015,4,3,8,SS,-19.0,19.0,2,2.7779540872865613,1,5.183578764920986,318.5894545686244,329.5509874208319,1,0,-19.0,19.0,0,0
uep015,4,3,9,SS,-19.0,19.0,2,2.419950121291046,1,5.929122909830583,329.5509874208319,340.90006045195355,1,0,-19.0,19.0,0,0
uep015,4,3,10,SS,-19.0,19.0,2,2.8767901328591505,1,6.5350565337897715,340.90006045195355,353.31190711860245,1,0,-19.0,19.0,0,0
