subjectId,runId,blockId,trialId,condition,leftAnswer,rightAnswer,choiceDuration,isiDuration,feedbackDuration,itiDuration,stimOnset,itiOffset,leftColor,rightColor,mu1,mu2,sd1,sd2
uep050,1,4,1,SR,-2.0,-10.0,2,1.5530157979098866,1,5.358488798371029,365.02430496642705,374.93580956270796,2,4,-2.0,-15.0,0,4.0
uep050,1,4,2,SR,-2.0,-11.0,2,2.748300028517798,1,6.501330319922669,374.93580956270796,387.1854399111484,2,4,-2.0,-15.0,0,4.0
uep050,1,4,3,SR,-2.0,-5.0,2,2.047086174563942,1,6.894267212627532,387.1854399111484,399.1267932983399,2,4,-2.0,-15.0,0,4.0
uep050,1,4,4,SR,-2.0,-16.0,2,1.5833978570109113,1,5.377855033615434,399.1267932983399,409.0880461889663,2,4,-2.0,-15.0,0,4.0
uep050,1,4,5,SR,-2.0,-9.0,2,1.3050027801319344,1,6.580542165552315,409.0880461889663,419.9735911346505,2,4,-2.0,-15.0,0,4.0
uep050,1,4,6,SR,-2.0,-16.0,2,1.4602571945629776,1,6.3612542012840425,419.9735911346505,430.79510253049756,2,4,-2.0,-15.0,0,4.0
uep050,1,4,7,SR,-2.0,-12.0,2,2.33515443977597,1,6.1934174835112925,430.79510253049756,442.3236744537848,2,4,-2.0,-15.0,0,4.0
uep050,1,4,8,SR,-2.0,-22.0,2,2.2840274300721117,1,5.4736526254161575,442.3236744537848,453.08135450927307,2,4,-2.0,-15.0,0,4.0
uep050,1,4,9,SR,-2.0,-11.0,2,1.1472199948186572,1,5.541041174015322,453.08135450927307,462.7696156781071,2,4,-2.0,-15.0,0,4.0
uep050,1,4,10,SR,-2.0,-14.0,2,2.4276107415790147,1,5.802773580313947,462.7696156781071,474.00000000000006,2,4,-2.0,-15.0,0,4.0
