subjectId,runId,blockId,trialId,condition,leftAnswer,rightAnswer,choiceDuration,isiDuration,feedbackDuration,itiDuration,stimOnset,itiOffset,leftColor,rightColor,mu1,mu2,sd1,sd2
uep031,2,4,1,SS,-6.0,-3.0,2,2.771485860417176,1,6.071999636727239,360.0882737639034,371.9317592610478,1,6,-6.0,-3.0,0,0
uep031,2,4,2,SS,-6.0,-3.0,2,1.8116102183618874,1,6.2330169360720244,371.9317592610478,382.97638641548167,1,6,-6.0,-3.0,0,0
uep031,2,4,3,SS,-6.0,-3.0,2,1.579897575868945,1,5.773468062713341,382.97638641548167,393.32975205406393,1,6,-6.0,-3.0,0,0
uep031,2,4,4,SS,-6.0,-3.0,2,1.9753815178419711,1,6.6285856827883975,393.32975205406393,404.9337192546943,1,6,-6.0,-3.0,0,0
uep031,2,4,5,SS,-6.0,-3.0,2,2.8664522864647197,1,5.355455915506792,404.9337192546943,416.15562745666585,1,6,-6.0,-3.0,0,0
uep031,2,4,6,SS,-6.0,-3.0,2,2.916653942250479,1,6.463704460207712,416.15562745666585,428.5359858591241,1,6,-6.0,-3.0,0,0
uep031,2,4,7,SS,-6.0,-3.0,2,2.670239944088215,1,5.169635327348017,428.5359858591241,439.37586113056034,1,6,-6.0,-3.0,0,0
uep031,2,4,8,SS,-6.0,-3.0,2,1.3123594123514568,1,6.640744383038536,439.37586113056034,450.3289649259503,1,6,-6.0,-3.0,0,0
uep031,2,4,9,SS,-6.0,-3.0,2,2.6652454146306575,1,6.84128836996718,450.3289649259503,462.8354987105481,1,6,-6.0,-3.0,0,0
uep031,2,4,10,SS,-6.0,-3.0,2,2.0441496693018197,1,6.120351620150034,462.8354987105481,473.99999999999994,1,6,-6.0,-3.0,0,0
