subjectId,runId,blockId,trialId,condition,leftAnswer,rightAnswer,choiceDuration,isiDuration,feedbackDuration,itiDuration,stimOnset,itiOffset,leftColor,rightColor,mu1,mu2,sd1,sd2
uep023,7,2,1,SR,-3.0,6.0,2,1.292394717576598,1,5.984446268789076,131.64833217722952,141.9251731635952,5,4,-3.0,9.0,0,4.0
uep023,7,2,2,SR,-3.0,15.0,2,2.9941929975375756,1,5.139743227348676,141.9251731635952,153.05910938848143,5,4,-3.0,9.0,0,4.0
uep023,7,2,3,SR,-3.0,10.0,2,2.8536772221177378,1,6.089414780579857,153.05910938848143,165.00220139117903,5,4,-3.0,9.0,0,4.0
uep023,7,2,4,SR,-3.0,4.0,2,2.2335824994549585,1,5.338380308461309,165.00220139117903,175.5741641990953,5,4,-3.0,9.0,0,4.0
uep023,7,2,5,SR,-3.0,7.0,2,1.2707564472935788,1,6.725044655548324,175.5741641990953,186.5699653019372,5,4,-3.0,9.0,0,4.0
uep023,7,2,6,SR,-3.0,12.0,2,2.5269992606922664,1,7.124761497313247,186.5699653019372,199.2217260599427,5,4,-3.0,9.0,0,4.0
uep023,7,2,7,SR,-3.0,7.0,2,2.169759654660668,1,5.739034902064378,199.2217260599427,210.13052061666778,5,4,-3.0,9.0,0,4.0
uep023,7,2,8,SR,-3.0,5.0,2,1.4953269250529808,1,6.073780255896651,210.13052061666778,220.6996277976174,5,4,-3.0,9.0,0,4.0
uep023,7,2,9,SR,-3.0,8.0,2,1.3621116766344883,1,6.220200829101143,220.6996277976174,231.28194030335305,5,4,-3.0,9.0,0,4.0
uep023,7,2,10,SR,-3.0,11.0,2,1.3288384950467413,1,6.366945666168933,231.28194030335305,241.97772446456872,5,4,-3.0,9.0,0,4.0
