subjectId,runId,blockId,trialId,condition,leftAnswer,rightAnswer,choiceDuration,isiDuration,feedbackDuration,itiDuration,stimOnset,itiOffset,leftColor,rightColor,mu1,mu2,sd1,sd2
uep013,6,4,1,SR,-0.0,-4.0,2,2.686222926884692,1,5.8454996176499225,364.6153863215169,376.1471088660515,5,2,-0.0,-6.0,0,4.0
uep013,6,4,2,SR,-0.0,0.0,2,2.3650421394607117,1,6.355659875543481,376.1471088660515,387.8678108810557,5,2,-0.0,-6.0,0,4.0
uep013,6,4,3,SR,-0.0,-3.0,2,1.2318558472923742,1,6.3146088604594794,387.8678108810557,398.4142755888075,5,2,-0.0,-6.0,0,4.0
uep013,6,4,4,SR,-0.0,-6.0,2,1.1035009755488554,1,5.185333201827,398.4142755888075,407.7031097661834,5,2,-0.0,-6.0,0,4.0
uep013,6,4,5,SR,-0.0,-3.0,2,1.6064733320841205,1,6.812069389400201,407.7031097661834,419.12165248766775,5,2,-0.0,-6.0,0,4.0
uep013,6,4,6,SR,-0.0,-3.0,2,1.0005754443617016,1,5.452927234543633,419.12165248766775,428.57515516657304,5,2,-0.0,-6.0,0,4.0
uep013,6,4,7,SR,-0.0,-4.0,2,2.222364110720387,1,6.724579068034779,428.57515516657304,440.5220983453282,5,2,-0.0,-6.0,0,4.0
uep013,6,4,8,SR,-0.0,-1.0,2,2.4408275488324334,1,6.024275854596623,440.5220983453282,451.98720174875723,5,2,-0.0,-6.0,0,4.0
uep013,6,4,9,SR,-0.0,-4.0,2,1.2304301231198749,1,6.133728485048586,451.98720174875723,462.35136035692574,5,2,-0.0,-6.0,0,4.0
uep013,6,4,10,SR,-0.0,-7.0,2,2.604297734789928,1,6.04434190828431,462.35136035692574,474.0,5,2,-0.0,-6.0,0,4.0
