subjectId,runId,blockId,trialId,condition,leftAnswer,rightAnswer,choiceDuration,isiDuration,feedbackDuration,itiDuration,stimOnset,itiOffset,leftColor,rightColor,mu1,mu2,sd1,sd2
uep005,6,4,1,RR,-4.0,11.0,2,2.6951061614589253,1,5.734881046532586,364.8139863460568,376.2439735540483,3,4,0.0,9.0,4.0,4.0
uep005,6,4,2,RR,-0.0,11.0,2,1.8285789994735078,1,6.225630163503286,376.2439735540483,387.2981827170251,3,4,0.0,9.0,4.0,4.0
uep005,6,4,3,RR,1.0,11.0,2,2.785893219787307,1,6.362933711111542,387.2981827170251,399.44700964792395,3,4,0.0,9.0,4.0,4.0
uep005,6,4,4,RR,0.0,10.0,2,2.258262627089667,1,6.0215052486132254,399.44700964792395,410.7267775236268,3,4,0.0,9.0,4.0,4.0
uep005,6,4,5,RR,0.0,11.0,2,1.1225687486290687,1,5.71191913009722,410.7267775236268,420.5612654023531,3,4,0.0,9.0,4.0,4.0
uep005,6,4,6,RR,-0.0,17.0,2,2.1537866052600254,1,5.8803728883905295,420.5612654023531,431.5954248960037,3,4,0.0,9.0,4.0,4.0
uep005,6,4,7,RR,-3.0,13.0,2,1.2834278582909535,1,5.290686046596231,431.5954248960037,441.1695388008909,3,4,0.0,9.0,4.0,4.0
uep005,6,4,8,RR,1.0,4.0,2,1.6261266034300617,1,5.317885378711163,441.1695388008909,451.1135507830321,3,4,0.0,9.0,4.0,4.0
uep005,6,4,9,RR,-2.0,10.0,2,1.6185458116158469,1,6.6006671804732955,451.1135507830321,462.33276377512124,3,4,0.0,9.0,4.0,4.0
uep005,6,4,10,RR,1.0,8.0,2,1.9162514032674574,1,6.7509848216113,462.33276377512124,474.0,3,4,0.0,9.0,4.0,4.0
