subjectId,runId,blockId,trialId,condition,leftAnswer,rightAnswer,choiceDuration,isiDuration,feedbackDuration,itiDuration,stimOnset,itiOffset,leftColor,rightColor,mu1,mu2,sd1,sd2
uep020,5,2,1,SR,-10.0,4.0,2,2.491008858034739,1,5.122017307743692,130.94788692521513,141.56091309099358,4,3,-10.0,3.0,0,4.0
uep020,5,2,2,SR,-10.0,8.0,2,1.886474390802917,1,5.125097621723596,141.56091309099358,151.5724851035201,4,3,-10.0,3.0,0,4.0
uep020,5,2,3,SR,-10.0,6.0,2,1.2146699443767828,1,5.7750641941786025,151.5724851035201,161.5622192420755,4,3,-10.0,3.0,0,4.0
uep020,5,2,4,SR,-10.0,6.0,2,2.5718923846523816,1,6.071472621576969,161.5622192420755,173.20558424830486,4,3,-10.0,3.0,0,4.0
uep020,5,2,5,SR,-10.0,0.0,2,1.5558753194354737,1,5.5374863548057265,173.20558424830486,183.29894592254607,4,3,-10.0,3.0,0,4.0
uep020,5,2,6,SR,-10.0,9.0,2,2.60887207085177,1,6.672184847166433,183.29894592254607,195.58000284056425,4,3,-10.0,3.0,0,4.0
uep020,5,2,7,SR,-10.0,-1.0,2,2.342890187460144,1,5.4586180552890475,195.58000284056425,206.38151108331343,4,3,-10.0,3.0,0,4.0
uep020,5,2,8,SR,-10.0,4.0,2,1.2414343937283325,1,5.994104159166191,206.38151108331343,216.61704963620795,4,3,-10.0,3.0,0,4.0
uep020,5,2,9,SR,-10.0,1.0,2,1.4272812225964375,1,6.73389166551841,216.61704963620795,227.77822252432279,4,3,-10.0,3.0,0,4.0
uep020,5,2,10,SR,-10.0,1.0,2,2.4502341830682064,1,6.410863545437175,227.77822252432279,239.63932025282816,4,3,-10.0,3.0,0,4.0
