subjectId,runId,blockId,trialId,condition,leftAnswer,rightAnswer,choiceDuration,isiDuration,feedbackDuration,itiDuration,stimOnset,itiOffset,leftColor,rightColor,mu1,mu2,sd1,sd2
uep018,2,4,1,SS,1.0,22.0,2,1.2061561642939975,1,5.16720521531613,367.7133718510239,377.086733230634,4,5,1.0,22.0,0,0
uep018,2,4,2,SS,1.0,22.0,2,1.4972603564107578,1,6.991289328704154,377.086733230634,388.57528291574897,4,5,1.0,22.0,0,0
uep018,2,4,3,SS,1.0,22.0,2,2.230882346557864,1,5.037580686886437,388.57528291574897,398.84374594919325,4,5,1.0,22.0,0,0
uep018,2,4,4,SS,1.0,22.0,2,2.313987969339902,1,5.255384767234778,398.84374594919325,409.4131186857679,4,5,1.0,22.0,0,0
uep018,2,4,5,SS,1.0,22.0,2,2.585703240484346,1,6.005368441179767,409.4131186857679,421.00419036743205,4,5,1.0,22.0,0,0
uep018,2,4,6,SS,1.0,22.0,2,1.4334972495940665,1,5.029336238267159,421.00419036743205,430.46702385529323,4,5,1.0,22.0,0,0
uep018,2,4,7,SS,1.0,22.0,2,1.0670735784537442,1,6.540608832502832,430.46702385529323,441.0747062662498,4,5,1.0,22.0,0,0
uep018,2,4,8,SS,1.0,22.0,2,2.233579541669913,1,6.084915674765989,441.0747062662498,452.3932014826857,4,5,1.0,22.0,0,0
uep018,2,4,9,SS,1.0,22.0,2,2.2274902660069116,1,5.309928675845175,452.3932014826857,462.9306204245378,4,5,1.0,22.0,0,0
uep018,2,4,10,SS,1.0,22.0,2,2.451418936050287,1,5.617960639411912,462.9306204245378,474.0,4,5,1.0,22.0,0,0
