subjectId,runId,blockId,trialId,condition,leftAnswer,rightAnswer,choiceDuration,isiDuration,feedbackDuration,itiDuration,stimOnset,itiOffset,leftColor,rightColor,mu1,mu2,sd1,sd2
uep026,8,1,1,RS,-16.0,-12.0,2,2.2565765176379022,1,6.4286172707245965,16,27.6851937883625,6,7,-16.0,-12.0,4.0,0
uep026,8,1,2,RS,-20.0,-12.0,2,2.3982511450722903,1,5.935803889675365,27.6851937883625,39.01924882311015,6,7,-16.0,-12.0,4.0,0
uep026,8,1,3,RS,-23.0,-12.0,2,1.6740495192011418,1,4.938007306956058,39.01924882311015,48.631305649267354,6,7,-16.0,-12.0,4.0,0
uep026,8,1,4,RS,-15.0,-12.0,2,1.3092848533064891,1,5.867490014550712,48.631305649267354,58.80808051712455,6,7,-16.0,-12.0,4.0,0
uep026,8,1,5,RS,-11.0,-12.0,2,1.9362693965398017,1,6.318402774985353,58.80808051712455,70.06275268864971,6,7,-16.0,-12.0,4.0,0
uep026,8,1,6,RS,-12.0,-12.0,2,1.5060085935535528,1,6.6317869406449885,70.06275268864971,81.20054822284825,6,7,-16.0,-12.0,4.0,0
uep026,8,1,7,RS,-22.0,-12.0,2,1.614232820455992,1,6.198073115469135,81.20054822284825,92.01285415877338,6,7,-16.0,-12.0,4.0,0
uep026,8,1,8,RS,-19.0,-12.0,2,2.878962254148773,1,5.485230839129299,92.01285415877338,103.37704725205145,6,7,-16.0,-12.0,4.0,0
uep026,8,1,9,RS,-13.0,-12.0,2,1.3802449750912618,1,5.922422909586245,103.37704725205145,113.67971513672896,6,7,-16.0,-12.0,4.0,0
uep026,8,1,10,RS,-14.0,-12.0,2,2.0358656794619767,1,5.049824462007112,113.67971513672896,123.76540527819805,6,7,-16.0,-12.0,4.0,0
