subjectId,runId,blockId,trialId,condition,leftAnswer,rightAnswer,choiceDuration,isiDuration,feedbackDuration,itiDuration,stimOnset,itiOffset,leftColor,rightColor,mu1,mu2,sd1,sd2
uep055,7,2,1,SS,-3.0,4.0,2,3.026714473029388,1,6.471549353525276,134.14065647757522,146.6389203041299,6,1,-3.0,4.0,0,0
uep055,7,2,2,SS,-3.0,4.0,2,2.02507477567881,1,5.6069433255673,146.6389203041299,157.270938405376,6,1,-3.0,4.0,0,0
uep055,7,2,3,SS,-3.0,4.0,2,1.9106209282482847,1,6.841632917653682,157.270938405376,169.02319225127795,6,1,-3.0,4.0,0,0
uep055,7,2,4,SS,-3.0,4.0,2,2.075431091407039,1,5.4090354254632,169.02319225127795,179.5076587681482,6,1,-3.0,4.0,0,0
uep055,7,2,5,SS,-3.0,4.0,2,1.7522914815739914,1,5.156214963671684,179.5076587681482,189.41616521339387,6,1,-3.0,4.0,0,0
uep055,7,2,6,SS,-3.0,4.0,2,2.1881123562676175,1,5.685903535365686,189.41616521339387,200.2901811050272,6,1,-3.0,4.0,0,0
uep055,7,2,7,SS,-3.0,4.0,2,1.2456522762407063,1,6.541009915961497,200.2901811050272,211.0768432972294,6,1,-3.0,4.0,0,0
uep055,7,2,8,SS,-3.0,4.0,2,2.224989891352828,1,5.736786708450974,211.0768432972294,222.03861989703321,6,1,-3.0,4.0,0,0
uep055,7,2,9,SS,-3.0,4.0,2,1.051962858565767,1,5.297726802579208,222.03861989703321,231.38830955817818,6,1,-3.0,4.0,0,0
uep055,7,2,10,SS,-3.0,4.0,2,2.2244418122345198,1,5.277036689816495,231.38830955817818,241.8897880602292,6,1,-3.0,4.0,0,0
