subjectId,runId,blockId,trialId,condition,leftAnswer,rightAnswer,choiceDuration,isiDuration,feedbackDuration,itiDuration,stimOnset,itiOffset,leftColor,rightColor,mu1,mu2,sd1,sd2
uep037,2,3,1,RS,-2.0,-18.0,2,1.1696550162826844,1,6.227233833892013,248.5938167701406,258.9907056203153,5,1,-1.0,-18.0,4.0,0
uep037,2,3,2,RS,3.0,-18.0,2,2.4646766430714493,1,6.961748670967599,258.9907056203153,271.41713093435436,5,1,-1.0,-18.0,4.0,0
uep037,2,3,3,RS,4.0,-18.0,2,1.0577945275174998,1,5.692935262139877,271.41713093435436,281.16786072401175,5,1,-1.0,-18.0,4.0,0
uep037,2,3,4,RS,0.0,-18.0,2,2.7303768822165053,1,6.113620418885256,281.16786072401175,293.0118580251135,5,1,-1.0,-18.0,4.0,0
uep037,2,3,5,RS,-2.0,-18.0,2,2.97963593545403,1,6.7261093798289915,293.0118580251135,305.7176033403965,5,1,-1.0,-18.0,4.0,0
uep037,2,3,6,RS,-1.0,-18.0,2,2.7182186774810955,1,5.1652082248481115,305.7176033403965,316.60103024272576,5,1,-1.0,-18.0,4.0,0
uep037,2,3,7,RS,-4.0,-18.0,2,1.9919555777468119,1,5.703480029352432,316.60103024272576,327.296465849825,5,1,-1.0,-18.0,4.0,0
uep037,2,3,8,RS,-8.0,-18.0,2,1.61797785920903,1,6.081650784562448,327.296465849825,337.99609449359644,5,1,-1.0,-18.0,4.0,0
uep037,2,3,9,RS,8.0,-18.0,2,1.6544758024892616,1,6.140755706711072,337.99609449359644,348.7913260027968,5,1,-1.0,-18.0,4.0,0
uep037,2,3,10,RS,0.0,-18.0,2,1.9909866963231087,1,5.634915066026949,348.7913260027968,359.41722776514683,5,1,-1.0,-18.0,4.0,0
