subjectId,runId,blockId,trialId,condition,leftAnswer,rightAnswer,choiceDuration,isiDuration,feedbackDuration,itiDuration,stimOnset,itiOffset,leftColor,rightColor,mu1,mu2,sd1,sd2
uep057,1,1,1,SR,12.0,-11.0,2,2.0739265119767416,1,6.422472194447993,16,27.496398706424735,7,3,12.0,-13.0,0,4.0
uep057,1,1,2,SR,12.0,-20.0,2,1.5378396685387241,1,5.3677532796928835,27.496398706424735,37.40199165465634,7,3,12.0,-13.0,0,4.0
uep057,1,1,3,SR,12.0,-17.0,2,1.5563710968350488,1,6.143040157172271,37.40199165465634,48.101402908663665,7,3,12.0,-13.0,0,4.0
uep057,1,1,4,SR,12.0,-20.0,2,1.3812747225132367,1,6.035470714470495,48.101402908663665,58.518148345647404,7,3,12.0,-13.0,0,4.0
uep057,1,1,5,SR,12.0,-9.0,2,2.3534462689954765,1,6.7283894458806035,58.518148345647404,70.59998406052348,7,3,12.0,-13.0,0,4.0
uep057,1,1,6,SR,12.0,-15.0,2,1.8992100975460955,1,6.649995664788716,70.59998406052348,82.14918982285829,7,3,12.0,-13.0,0,4.0
uep057,1,1,7,SR,12.0,-13.0,2,2.6677489247369985,1,6.097784796149153,82.14918982285829,93.91472354374444,7,3,12.0,-13.0,0,4.0
uep057,1,1,8,SR,12.0,-10.0,2,1.0058421576043242,1,6.0267847046134975,93.91472354374444,103.94735040596225,7,3,12.0,-13.0,0,4.0
uep057,1,1,9,SR,12.0,-16.0,2,1.7045730960547765,1,6.002263790375635,103.94735040596225,114.65418729239266,7,3,12.0,-13.0,0,4.0
uep057,1,1,10,SR,12.0,-10.0,2,1.3039008483505459,1,5.442821087634556,114.65418729239266,124.40090922837777,7,3,12.0,-13.0,0,4.0
