subjectId,runId,blockId,trialId,condition,leftAnswer,rightAnswer,choiceDuration,isiDuration,feedbackDuration,itiDuration,stimOnset,itiOffset,leftColor,rightColor,mu1,mu2,sd1,sd2
uep009,4,2,1,SR,-12.0,-2.0,2,1.319595653962195,1,6.425662086542181,133.24940898559288,143.99466672609725,0,6,-12.0,-4.0,0,4.0
uep009,4,2,2,SR,-12.0,-4.0,2,1.5474431991718411,1,6.500661075362373,143.99466672609725,155.0427710006315,0,6,-12.0,-4.0,0,4.0
uep009,4,2,3,SR,-12.0,2.0,2,2.5768329208170053,1,5.425076334376996,155.0427710006315,166.04468025582548,0,6,-12.0,-4.0,0,4.0
uep009,4,2,4,SR,-12.0,2.0,2,1.2938637034599652,1,5.69411631345615,166.04468025582548,176.03266027274162,0,6,-12.0,-4.0,0,4.0
uep009,4,2,5,SR,-12.0,-4.0,2,1.098272268015609,1,6.724531554820537,176.03266027274162,186.8554640955778,0,6,-12.0,-4.0,0,4.0
uep009,4,2,6,SR,-12.0,-3.0,2,2.3415207099192803,1,5.051653258012821,186.8554640955778,197.2486380635099,0,6,-12.0,-4.0,0,4.0
uep009,4,2,7,SR,-12.0,-4.0,2,1.6855142358596051,1,6.83496488241491,197.2486380635099,208.76911718178442,0,6,-12.0,-4.0,0,4.0
uep009,4,2,8,SR,-12.0,4.0,2,1.9343324084938276,1,5.817909696415445,208.76911718178442,219.5213592866937,0,6,-12.0,-4.0,0,4.0
uep009,4,2,9,SR,-12.0,-7.0,2,2.934613199916055,1,6.133604145957709,219.5213592866937,231.58957663256746,0,6,-12.0,-4.0,0,4.0
uep009,4,2,10,SR,-12.0,-7.0,2,2.6208332693562593,1,5.187950225618256,231.58957663256746,242.398360127542,0,6,-12.0,-4.0,0,4.0
