subjectId,runId,blockId,trialId,condition,leftAnswer,rightAnswer,choiceDuration,isiDuration,feedbackDuration,itiDuration,stimOnset,itiOffset,leftColor,rightColor,mu1,mu2,sd1,sd2
uep000,5,2,1,RS,10.0,2.0,2,1.3826712252588922,1,5.90354634865843,130.91124765990276,141.19746523382008,2,3,7.0,2.0,4.0,0
uep000,5,2,2,RS,10.0,2.0,2,1.1027875767088355,1,6.917173554529635,141.19746523382008,152.21742636505854,2,3,7.0,2.0,4.0,0
uep000,5,2,3,RS,6.0,2.0,2,1.770466222107358,1,5.9657826867887485,152.21742636505854,162.95367527395464,2,3,7.0,2.0,4.0,0
uep000,5,2,4,RS,5.0,2.0,2,1.6238348192568997,1,5.685270846816652,162.95367527395464,173.2627809400282,2,3,7.0,2.0,4.0,0
uep000,5,2,5,RS,5.0,2.0,2,2.262793426664536,1,5.075695412273793,173.2627809400282,183.60126977896653,2,3,7.0,2.0,4.0,0
uep000,5,2,6,RS,8.0,2.0,2,1.9500375101419531,1,5.171695304153703,183.60126977896653,193.72300259326218,2,3,7.0,2.0,4.0,0
uep000,5,2,7,RS,9.0,2.0,2,2.0410299240624714,1,6.307309141412608,193.72300259326218,205.07134165873728,2,3,7.0,2.0,4.0,0
uep000,5,2,8,RS,4.0,2.0,2,1.3412714018785898,1,6.5609516989671715,205.07134165873728,215.97356475958304,2,3,7.0,2.0,4.0,0
uep000,5,2,9,RS,10.0,2.0,2,2.5595268914769966,1,5.246459533403642,215.97356475958304,226.77955118446368,2,3,7.0,2.0,4.0,0
uep000,5,2,10,RS,6.0,2.0,2,2.756704857789413,1,5.600617597004898,226.77955118446368,238.13687363925797,2,3,7.0,2.0,4.0,0
