subjectId,runId,blockId,trialId,condition,leftAnswer,rightAnswer,choiceDuration,isiDuration,feedbackDuration,itiDuration,stimOnset,itiOffset,leftColor,rightColor,mu1,mu2,sd1,sd2
uep017,8,1,1,RS,-8.0,4.0,2,2.448179899479899,1,5.2357698835137505,16,26.68394978299365,0,3,-15.0,4.0,4.0,0
uep017,8,1,2,RS,-13.0,4.0,2,2.1528132369537336,1,6.472769954187098,26.68394978299365,38.309532974134484,0,3,-15.0,4.0,4.0,0
uep017,8,1,3,RS,-4.0,4.0,2,2.4536085591780488,1,5.754512594512031,38.309532974134484,49.517654127824564,0,3,-15.0,4.0,4.0,0
uep017,8,1,4,RS,-15.0,4.0,2,2.9438637868233233,1,5.319574089121194,49.517654127824564,60.78109200376908,0,3,-15.0,4.0,4.0,0
uep017,8,1,5,RS,-18.0,4.0,2,1.339407112212346,1,5.6443440033703345,60.78109200376908,70.76484311935177,0,3,-15.0,4.0,4.0,0
uep017,8,1,6,RS,-13.0,4.0,2,2.714903928935601,1,5.76725736679467,70.76484311935177,82.24700441508203,0,3,-15.0,4.0,4.0,0
uep017,8,1,7,RS,-14.0,4.0,2,2.8309530393275666,1,5.6552207256975,82.24700441508203,93.7331781801071,0,3,-15.0,4.0,4.0,0
uep017,8,1,8,RS,-12.0,4.0,2,2.1748052260629316,1,6.4181624352806566,93.7331781801071,105.32614584145068,0,3,-15.0,4.0,4.0,0
uep017,8,1,9,RS,-12.0,4.0,2,1.5227348710154471,1,6.150277657971246,105.32614584145068,115.99915837043737,0,3,-15.0,4.0,4.0,0
uep017,8,1,10,RS,-14.0,4.0,2,2.3924515808175277,1,6.7457568310894995,115.99915837043737,128.1373667823444,0,3,-15.0,4.0,4.0,0
