subjectId,runId,blockId,trialId,condition,leftAnswer,rightAnswer,choiceDuration,isiDuration,feedbackDuration,itiDuration,stimOnset,itiOffset,leftColor,rightColor,mu1,mu2,sd1,sd2
uep043,6,2,1,RR,14.0,10.0,2,1.8092041669261278,1,5.975014885701842,133.35662435502567,144.14084340765365,5,1,9.0,11.0,4.0,4.0
uep043,6,2,2,RR,5.0,10.0,2,1.3208852475806179,1,5.135997310126879,144.14084340765365,153.59772596536112,5,1,9.0,11.0,4.0,4.0
uep043,6,2,3,RR,14.0,17.0,2,1.6235431075780107,1,5.39242326307779,153.59772596536112,163.61369233601692,5,1,9.0,11.0,4.0,4.0
uep043,6,2,4,RR,12.0,10.0,2,3.032207517099652,1,6.642319087848165,163.61369233601692,176.28821894096475,5,1,9.0,11.0,4.0,4.0
uep043,6,2,5,RR,5.0,9.0,2,1.1606430981211806,1,5.408326207967728,176.28821894096475,185.85718824705364,5,1,9.0,11.0,4.0,4.0
uep043,6,2,6,RR,10.0,10.0,2,1.4525177340458986,1,5.8316485762765575,185.85718824705364,196.1413545573761,5,1,9.0,11.0,4.0,4.0
uep043,6,2,7,RR,10.0,15.0,2,2.6598058832296205,1,5.659087637583276,196.1413545573761,207.46024807818898,5,1,9.0,11.0,4.0,4.0
uep043,6,2,8,RR,9.0,14.0,2,2.635556405356566,1,6.825717103114861,207.46024807818898,219.92152158666042,5,1,9.0,11.0,4.0,4.0
uep043,6,2,9,RR,4.0,11.0,2,1.403378212865336,1,6.299175946454946,219.92152158666042,230.6240757459807,5,1,9.0,11.0,4.0,4.0
uep043,6,2,10,RR,17.0,5.0,2,1.1151715297371083,1,6.72830048153529,230.6240757459807,241.46754775725307,5,1,9.0,11.0,4.0,4.0
