subjectId,runId,blockId,trialId,condition,leftAnswer,rightAnswer,choiceDuration,isiDuration,feedbackDuration,itiDuration,stimOnset,itiOffset,leftColor,rightColor,mu1,mu2,sd1,sd2
uep038,7,3,1,RR,-13.0,19.0,2,1.1737904669702464,1,5.383426841795538,251.5294839395632,261.08670124832895,6,5,-8.0,16.0,4.0,4.0
uep038,7,3,2,RR,-4.0,11.0,2,1.6295146437959416,1,5.238639443875164,261.08670124832895,270.95485533600004,6,5,-8.0,16.0,4.0,4.0
uep038,7,3,3,RR,-7.0,13.0,2,1.089864426253943,1,5.457675075809913,270.95485533600004,280.5023948380639,6,5,-8.0,16.0,4.0,4.0
uep038,7,3,4,RR,-9.0,20.0,2,1.6301612882817988,1,7.043682729793042,280.5023948380639,292.1762388561387,6,5,-8.0,16.0,4.0,4.0
uep038,7,3,5,RR,-4.0,19.0,2,1.3601470782623273,1,6.6848235809587315,292.1762388561387,303.22120951535976,6,5,-8.0,16.0,4.0,4.0
uep038,7,3,6,RR,-4.0,12.0,2,2.7418003328151546,1,5.897125956767449,303.22120951535976,314.8601358049424,6,5,-8.0,16.0,4.0,4.0
uep038,7,3,7,RR,-9.0,15.0,2,1.9732341704593883,1,5.246169846736716,314.8601358049424,325.0795398221385,6,5,-8.0,16.0,4.0,4.0
uep038,7,3,8,RR,-4.0,15.0,2,1.238823802542812,1,5.911428261810961,325.0795398221385,335.22979188649225,6,5,-8.0,16.0,4.0,4.0
uep038,7,3,9,RR,-5.0,13.0,2,2.0446479671892663,1,5.768808876513378,335.22979188649225,346.04324873019493,6,5,-8.0,16.0,4.0,4.0
uep038,7,3,10,RR,-4.0,16.0,2,2.9152829399940496,1,5.2388581299621935,346.04324873019493,357.19738980015114,6,5,-8.0,16.0,4.0,4.0
