subjectId,runId,blockId,trialId,condition,leftAnswer,rightAnswer,choiceDuration,isiDuration,feedbackDuration,itiDuration,stimOnset,itiOffset,leftColor,rightColor,mu1,mu2,sd1,sd2
uep035,2,1,1,RS,12.0,-2.0,2,2.384403423393479,1,6.036510503822768,16,27.420913927216247,2,3,12.0,-2.0,4.0,0
uep035,2,1,2,RS,10.0,-2.0,2,2.3456149433313453,1,6.797165030737746,27.420913927216247,39.56369390128533,2,3,12.0,-2.0,4.0,0
uep035,2,1,3,RS,10.0,-2.0,2,2.269539942429974,1,5.051463164606159,39.56369390128533,49.88469700832147,2,3,12.0,-2.0,4.0,0
uep035,2,1,4,RS,14.0,-2.0,2,2.8187961384589215,1,5.573767161401002,49.88469700832147,61.27726030818139,2,3,12.0,-2.0,4.0,0
uep035,2,1,5,RS,15.0,-2.0,2,1.4249577417013617,1,5.119791034380634,61.27726030818139,70.82200908426339,2,3,12.0,-2.0,4.0,0
uep035,2,1,6,RS,17.0,-2.0,2,1.3833786564320754,1,6.619578739697626,70.82200908426339,81.82496648039309,2,3,12.0,-2.0,4.0,0
uep035,2,1,7,RS,4.0,-2.0,2,2.537963516418908,1,6.925469965841036,81.82496648039309,94.28839996265303,2,3,12.0,-2.0,4.0,0
uep035,2,1,8,RS,15.0,-2.0,2,1.9665724911152411,1,5.582903881880177,94.28839996265303,104.83787633564845,2,3,12.0,-2.0,4.0,0
uep035,2,1,9,RS,15.0,-2.0,2,1.8301927727013845,1,5.40826094912479,104.83787633564845,115.07633005747462,2,3,12.0,-2.0,4.0,0
uep035,2,1,10,RS,12.0,-2.0,2,1.5086449936405797,1,5.698528456357561,115.07633005747462,125.28350350747276,2,3,12.0,-2.0,4.0,0
