subjectId,runId,blockId,trialId,condition,leftAnswer,rightAnswer,choiceDuration,isiDuration,feedbackDuration,itiDuration,stimOnset,itiOffset,leftColor,rightColor,mu1,mu2,sd1,sd2
uep031,4,1,1,SR,11.0,-15.0,2,2.535300330757869,1,6.283712103431196,16,27.819012434189066,1,3,11.0,-10.0,0,4.0
uep031,4,1,2,SR,11.0,-12.0,2,2.339421831151569,1,6.373323971211827,27.819012434189066,39.53175823655246,1,3,11.0,-10.0,0,4.0
uep031,4,1,3,SR,11.0,-13.0,2,1.7921011554021071,1,6.516548958260166,39.53175823655246,50.84040835021474,1,3,11.0,-10.0,0,4.0
uep031,4,1,4,SR,11.0,-14.0,2,2.772188299314678,1,5.037691350833147,50.84040835021474,61.650288000362565,1,3,11.0,-10.0,0,4.0
uep031,4,1,5,SR,11.0,-9.0,2,2.068266882030336,1,6.265829036070768,61.650288000362565,72.98438391846366,1,3,11.0,-10.0,0,4.0
uep031,4,1,6,SR,11.0,-13.0,2,2.597447726920971,1,5.559269498169881,72.98438391846366,84.14110114355452,1,3,11.0,-10.0,0,4.0
uep031,4,1,7,SR,11.0,-10.0,2,2.748511173366064,1,5.94213326620459,84.14110114355452,95.83174558312518,1,3,11.0,-10.0,0,4.0
uep031,4,1,8,SR,11.0,-9.0,2,2.856082420152132,1,5.869319113950908,95.83174558312518,107.55714711722823,1,3,11.0,-10.0,0,4.0
uep031,4,1,9,SR,11.0,-17.0,2,1.1219313631982775,1,5.679335372994783,107.55714711722823,117.35841385342128,1,3,11.0,-10.0,0,4.0
uep031,4,1,10,SR,11.0,-10.0,2,1.5149991661335824,1,5.405122280677456,117.35841385342128,127.27853530023232,1,3,11.0,-10.0,0,4.0
