subjectId,runId,blockId,trialId,condition,leftAnswer,rightAnswer,choiceDuration,isiDuration,feedbackDuration,itiDuration,stimOnset,itiOffset,leftColor,rightColor,mu1,mu2,sd1,sd2
uep012,3,2,1,RS,-1.0,-0.0,2,2.1362827001692386,1,4.997902408273,130.12691072285014,140.26109583129238,7,4,-4.0,-0.0,4.0,0
uep012,3,2,2,RS,-11.0,-0.0,2,2.7690925192197895,1,6.626734263447904,140.26109583129238,152.65692261396006,7,4,-4.0,-0.0,4.0,0
uep012,3,2,3,RS,-5.0,-0.0,2,1.6242184821287755,1,4.9585987645816365,152.65692261396006,162.23973986067048,7,4,-4.0,-0.0,4.0,0
uep012,3,2,4,RS,-2.0,-0.0,2,1.812393411261159,1,5.874670658794692,162.23973986067048,172.92680393072632,7,4,-4.0,-0.0,4.0,0
uep012,3,2,5,RS,3.0,-0.0,2,1.2539663598895132,1,6.055906860347406,172.92680393072632,183.23667715096326,7,4,-4.0,-0.0,4.0,0
uep012,3,2,6,RS,-11.0,-0.0,2,2.8589673326913316,1,5.774483828722282,183.23667715096326,194.87012831237686,7,4,-4.0,-0.0,4.0,0
uep012,3,2,7,RS,-2.0,-0.0,2,2.7338759042949565,1,6.426124822898491,194.87012831237686,207.0301290395703,7,4,-4.0,-0.0,4.0,0
uep012,3,2,8,RS,-3.0,-0.0,2,2.833608428354577,1,6.420698704135611,207.0301290395703,219.2844361720605,7,4,-4.0,-0.0,4.0,0
uep012,3,2,9,RS,-2.0,-0.0,2,2.3690020562257983,1,5.86064481212287,219.2844361720605,230.5140830404092,7,4,-4.0,-0.0,4.0,0
uep012,3,2,10,RS,-4.0,-0.0,2,1.427169381566731,1,5.297931809298115,230.5140830404092,240.23918423127404,7,4,-4.0,-0.0,4.0,0
