subjectId,runId,blockId,trialId,condition,leftAnswer,rightAnswer,choiceDuration,isiDuration,feedbackDuration,itiDuration,stimOnset,itiOffset,leftColor,rightColor,mu1,mu2,sd1,sd2
uep019,8,1,1,RS,16.0,-26.0,2,1.8925908331894021,1,6.835883955138255,16,27.728474788327656,4,5,9.0,-26.0,4.0,0
uep019,8,1,2,RS,11.0,-26.0,2,2.0997777126674437,1,6.44742219106566,27.728474788327656,39.27567469206076,4,5,9.0,-26.0,4.0,0
uep019,8,1,3,RS,7.0,-26.0,2,1.1856481524585056,1,6.219177274620187,39.27567469206076,49.68050011913945,4,5,9.0,-26.0,4.0,0
uep019,8,1,4,RS,8.0,-26.0,2,1.076732945441811,1,6.7599919148021215,49.68050011913945,60.517224979383386,4,5,9.0,-26.0,4.0,0
uep019,8,1,5,RS,6.0,-26.0,2,1.7788136815017406,1,6.750329514509973,60.517224979383386,72.0463681753951,4,5,9.0,-26.0,4.0,0
uep019,8,1,6,RS,10.0,-26.0,2,2.3499832571532777,1,6.845167150395845,72.0463681753951,84.24151858294422,4,5,9.0,-26.0,4.0,0
uep019,8,1,7,RS,4.0,-26.0,2,1.206533194064371,1,5.249897908632682,84.24151858294422,93.69794968564128,4,5,9.0,-26.0,4.0,0
uep019,8,1,8,RS,10.0,-26.0,2,1.157718541799584,1,6.472716335975935,93.69794968564128,104.32838456341679,4,5,9.0,-26.0,4.0,0
uep019,8,1,9,RS,15.0,-26.0,2,2.8055120047898563,1,6.932015324308586,104.32838456341679,117.06591189251523,4,5,9.0,-26.0,4.0,0
uep019,8,1,10,RS,16.0,-26.0,2,1.7203407748242985,1,5.11379692637809,117.06591189251523,126.90004959371761,4,5,9.0,-26.0,4.0,0
