subjectId,runId,blockId,trialId,condition,leftAnswer,rightAnswer,choiceDuration,isiDuration,feedbackDuration,itiDuration,stimOnset,itiOffset,leftColor,rightColor,mu1,mu2,sd1,sd2
uep058,2,3,1,SR,10.0,13.0,2,2.1302951132037653,1,6.775100801628426,244.84209423455306,256.74749014938527,0,3,10.0,14.0,0,4.0
uep058,2,3,2,SR,10.0,14.0,2,1.8245629802691112,1,4.931624140265788,256.74749014938527,266.50367726992016,0,3,10.0,14.0,0,4.0
uep058,2,3,3,SR,10.0,13.0,2,1.2712852404456767,1,6.090528890404897,266.50367726992016,276.8654914007707,0,3,10.0,14.0,0,4.0
uep058,2,3,4,SR,10.0,13.0,2,1.9592836650977836,1,6.85979431322316,276.8654914007707,288.6845693790916,0,3,10.0,14.0,0,4.0
uep058,2,3,5,SR,10.0,7.0,2,2.447700614770292,1,5.71795320967246,288.6845693790916,299.85022320353437,0,3,10.0,14.0,0,4.0
uep058,2,3,6,SR,10.0,6.0,2,1.120657562897168,1,6.431312744260243,299.85022320353437,310.4021935106918,0,3,10.0,14.0,0,4.0
uep058,2,3,7,SR,10.0,15.0,2,2.3401985510755487,1,6.769055888906308,310.4021935106918,322.51144795067364,0,3,10.0,14.0,0,4.0
uep058,2,3,8,SR,10.0,12.0,2,1.1457667344700804,1,6.473901874251131,322.51144795067364,333.13111655939485,0,3,10.0,14.0,0,4.0
uep058,2,3,9,SR,10.0,10.0,2,2.0273076101304937,1,6.4342207875936985,333.13111655939485,344.59264495711903,0,3,10.0,14.0,0,4.0
uep058,2,3,10,SR,10.0,5.0,2,2.906992203697087,1,5.598530888985023,344.59264495711903,356.09816804980113,0,3,10.0,14.0,0,4.0
