subjectId,runId,blockId,trialId,condition,leftAnswer,rightAnswer,choiceDuration,isiDuration,feedbackDuration,itiDuration,stimOnset,itiOffset,leftColor,rightColor,mu1,mu2,sd1,sd2
uep060,3,4,1,SS,-21.0,-3.0,2,2.2821531747188617,1,6.3509052846675225,362.3264829056443,373.9595413650307,2,3,-21.0,-3.0,0,0
uep060,3,4,2,SS,-21.0,-3.0,2,2.9415386000843498,1,4.990054245428534,373.9595413650307,384.8911342105436,2,3,-21.0,-3.0,0,0
uep060,3,4,3,SS,-21.0,-3.0,2,2.1367300768478983,1,5.82788482570129,384.8911342105436,395.8557491130928,2,3,-21.0,-3.0,0,0
uep060,3,4,4,SS,-21.0,-3.0,2,1.7069826749458827,1,5.94552311491299,395.8557491130928,406.5082549029517,2,3,-21.0,-3.0,0,0
uep060,3,4,5,SS,-21.0,-3.0,2,2.0595055352118523,1,5.991342983611115,406.5082549029517,417.55910342177464,2,3,-21.0,-3.0,0,0
uep060,3,4,6,SS,-21.0,-3.0,2,2.2359223389103686,1,6.778606750301479,417.55910342177464,429.5736325109865,2,3,-21.0,-3.0,0,0
uep060,3,4,7,SS,-21.0,-3.0,2,2.715805880627761,1,6.200537436435935,429.5736325109865,441.4899758280502,2,3,-21.0,-3.0,0,0
uep060,3,4,8,SS,-21.0,-3.0,2,1.4148946590708409,1,6.86647275409262,441.4899758280502,452.7713432412137,2,3,-21.0,-3.0,0,0
uep060,3,4,9,SS,-21.0,-3.0,2,2.3024450996262855,1,5.680630112302249,452.7713432412137,463.75441845314225,2,3,-21.0,-3.0,0,0
uep060,3,4,10,SS,-21.0,-3.0,2,1.9212691997718647,1,5.324312347086069,463.75441845314225,474.00000000000017,2,3,-21.0,-3.0,0,0
