subjectId,runId,blockId,trialId,condition,leftAnswer,rightAnswer,choiceDuration,isiDuration,feedbackDuration,itiDuration,stimOnset,itiOffset,leftColor,rightColor,mu1,mu2,sd1,sd2
uep011,5,2,1,RR,-4.0,-24.0,2,2.576092703780933,1,6.782590273024449,131.74111837182411,144.0998013486295,2,6,-3.0,-23.0,4.0,4.0
uep011,5,2,2,RR,-8.0,-20.0,2,1.0069380387385394,1,5.7352198187672645,144.0998013486295,153.84195920613533,2,6,-3.0,-23.0,4.0,4.0
uep011,5,2,3,RR,-4.0,-20.0,2,2.294107265931751,1,5.113861546673091,153.84195920613533,164.24992801874018,2,6,-3.0,-23.0,4.0,4.0
uep011,5,2,4,RR,-13.0,-26.0,2,2.581114827669377,1,5.911716564179382,164.24992801874018,175.74275941058895,2,6,-3.0,-23.0,4.0,4.0
uep011,5,2,5,RR,1.0,-31.0,2,2.191739908287672,1,5.880133844620471,175.74275941058895,186.8146331634971,2,6,-3.0,-23.0,4.0,4.0
uep011,5,2,6,RR,-1.0,-26.0,2,1.9616284669519868,1,6.463572435215925,186.8146331634971,198.239834065665,2,6,-3.0,-23.0,4.0,4.0
uep011,5,2,7,RR,1.0,-21.0,2,1.4269766329244722,1,5.3505153378714665,198.239834065665,208.01732603646093,2,6,-3.0,-23.0,4.0,4.0
uep011,5,2,8,RR,-6.0,-18.0,2,1.0642914239822097,1,6.472010865788655,208.01732603646093,218.5536283262318,2,6,-3.0,-23.0,4.0,4.0
uep011,5,2,9,RR,3.0,-24.0,2,1.08343790974357,1,6.686314184384876,218.5536283262318,229.32338042036025,2,6,-3.0,-23.0,4.0,4.0
uep011,5,2,10,RR,-3.0,-29.0,2,1.4815381460484907,1,5.480755689248382,229.32338042036025,239.2856742556571,2,6,-3.0,-23.0,4.0,4.0
