subjectId,runId,blockId,trialId,condition,leftAnswer,rightAnswer,choiceDuration,isiDuration,feedbackDuration,itiDuration,stimOnset,itiOffset,leftColor,rightColor,mu1,mu2,sd1,sd2
uep005,7,4,1,RR,-4.0,8.0,2,1.9581592395631855,1,6.562554425636673,361.95539572177177,373.47610938697164,6,3,-3.0,6.0,4.0,4.0
uep005,7,4,2,RR,0.0,4.0,2,1.226381188937296,1,5.906378539959838,373.47610938697164,383.6088691158688,6,3,-3.0,6.0,4.0,4.0
uep005,7,4,3,RR,-9.0,-2.0,2,2.293596200726485,1,5.974145207683625,383.6088691158688,394.87661052427893,6,3,-3.0,6.0,4.0,4.0
uep005,7,4,4,RR,-2.0,9.0,2,1.4195699633533883,1,6.325575950884693,394.87661052427893,405.621756438517,6,3,-3.0,6.0,4.0,4.0
uep005,7,4,5,RR,-6.0,8.0,2,3.002159962815071,1,6.581112812858231,405.621756438517,418.20502921419035,6,3,-3.0,6.0,4.0,4.0
uep005,7,4,6,RR,-2.0,7.0,2,1.848433578770583,1,7.050205807305629,418.20502921419035,430.1036686002666,6,3,-3.0,6.0,4.0,4.0
uep005,7,4,7,RR,1.0,7.0,2,2.631863796540041,1,5.588647457669986,430.1036686002666,441.3241798544766,6,3,-3.0,6.0,4.0,4.0
uep005,7,4,8,RR,-3.0,8.0,2,1.9141017079871743,1,5.104594159002026,441.3241798544766,451.3428757214658,6,3,-3.0,6.0,4.0,4.0
uep005,7,4,9,RR,-5.0,-1.0,2,1.8032934224542414,1,5.739104544977296,451.3428757214658,461.88527368889737,6,3,-3.0,6.0,4.0,4.0
uep005,7,4,10,RR,5.0,6.0,2,2.4474769052770853,1,6.667249405825645,461.88527368889737,474.0000000000001,6,3,-3.0,6.0,4.0,4.0
