subjectId,runId,blockId,trialId,condition,leftAnswer,rightAnswer,choiceDuration,isiDuration,feedbackDuration,itiDuration,stimOnset,itiOffset,leftColor,rightColor,mu1,mu2,sd1,sd2
uep000,7,4,1,SS,-12.0,-12.0,2,2.771269642219503,1,6.047658777054401,361.67890014037647,373.4978285596504,6,7,-12.0,-12.0,0,0
uep000,7,4,2,SS,-12.0,-12.0,2,2.0209472357093468,1,6.605947958720128,373.4978285596504,385.12472375407987,6,7,-12.0,-12.0,0,0
uep000,7,4,3,SS,-12.0,-12.0,2,2.107048046202546,1,5.336505799875331,385.12472375407987,395.5682776001577,6,7,-12.0,-12.0,0,0
uep000,7,4,4,SS,-12.0,-12.0,2,2.5523272699418693,1,6.57585432891373,395.5682776001577,407.69645919901336,6,7,-12.0,-12.0,0,0
uep000,7,4,5,SS,-12.0,-12.0,2,1.43188895714321,1,5.903292874457765,407.69645919901336,418.0316410306143,6,7,-12.0,-12.0,0,0
uep000,7,4,6,SS,-12.0,-12.0,2,1.7665633315495894,1,6.729154443116088,418.0316410306143,429.52735880528,6,7,-12.0,-12.0,0,0
uep000,7,4,7,SS,-12.0,-12.0,2,2.454651747181454,1,5.515671189851557,429.52735880528,440.49768174231303,6,7,-12.0,-12.0,0,0
uep000,7,4,8,SS,-12.0,-12.0,2,1.8667829923209744,1,6.701729318907407,440.49768174231303,452.0661940535414,6,7,-12.0,-12.0,0,0
uep000,7,4,9,SS,-12.0,-12.0,2,1.5582303216238023,1,6.000030913428796,452.0661940535414,462.624455288594,6,7,-12.0,-12.0,0,0
uep000,7,4,10,SS,-12.0,-12.0,2,1.4722117695935353,1,6.903332941812354,462.624455288594,473.9999999999999,6,7,-12.0,-12.0,0,0
