subjectId,runId,blockId,trialId,condition,leftAnswer,rightAnswer,choiceDuration,isiDuration,feedbackDuration,itiDuration,stimOnset,itiOffset,leftColor,rightColor,mu1,mu2,sd1,sd2
uep011,7,2,1,SS,-0.0,6.0,2,2.2164047197134105,1,5.259642511381977,130.40430597507157,140.88035320616694,5,4,-0.0,6.0,0,0
uep011,7,2,2,SS,-0.0,6.0,2,2.4738052041150413,1,6.5216418215984335,140.88035320616694,152.87580023188042,5,4,-0.0,6.0,0,0
uep011,7,2,3,SS,-0.0,6.0,2,1.9311843189877553,1,6.047241124704886,152.87580023188042,163.85422567557308,5,4,-0.0,6.0,0,0
uep011,7,2,4,SS,-0.0,6.0,2,2.969353634434168,1,5.817913083184599,163.85422567557308,175.64149239319184,5,4,-0.0,6.0,0,0
uep011,7,2,5,SS,-0.0,6.0,2,1.3458212432785546,1,4.980553852491392,175.64149239319184,184.9678674889618,5,4,-0.0,6.0,0,0
uep011,7,2,6,SS,-0.0,6.0,2,2.7432433772161176,1,6.3750960145099755,184.9678674889618,197.08620688068788,5,4,-0.0,6.0,0,0
uep011,7,2,7,SS,-0.0,6.0,2,2.3775823448822218,1,5.8726383557664805,197.08620688068788,208.33642758133658,5,4,-0.0,6.0,0,0
uep011,7,2,8,SS,-0.0,6.0,2,2.5758634756260235,1,5.273591985736232,208.33642758133658,219.18588304269883,5,4,-0.0,6.0,0,0
uep011,7,2,9,SS,-0.0,6.0,2,2.644217907115853,1,5.585774344230246,219.18588304269883,230.41587529404495,5,4,-0.0,6.0,0,0
uep011,7,2,10,SS,-0.0,6.0,2,2.9648885259587088,1,6.03595722428929,230.41587529404495,242.41672104429296,5,4,-0.0,6.0,0,0
