subjectId,runId,blockId,trialId,condition,leftAnswer,rightAnswer,choiceDuration,isiDuration,feedbackDuration,itiDuration,stimOnset,itiOffset,leftColor,rightColor,mu1,mu2,sd1,sd2
uep044,5,1,1,RS,6.0,-9.0,2,1.2263301043202381,1,5.424502998773542,16,25.650833103093778,6,1,2.0,-9.0,4.0,0
uep044,5,1,2,RS,-2.0,-9.0,2,1.5297316661185483,1,5.443213207515901,25.650833103093778,35.62377797672823,6,1,2.0,-9.0,4.0,0
uep044,5,1,3,RS,0.0,-9.0,2,1.5921471684426156,1,6.9010290515935155,35.62377797672823,47.11695419676436,6,1,2.0,-9.0,4.0,0
uep044,5,1,4,RS,-2.0,-9.0,2,1.9208055968489537,1,5.39108619522031,47.11695419676436,57.42884598883362,6,1,2.0,-9.0,4.0,0
uep044,5,1,5,RS,6.0,-9.0,2,1.5218523651084461,1,6.567557512290596,57.42884598883362,68.51825586623266,6,1,2.0,-9.0,4.0,0
uep044,5,1,6,RS,-2.0,-9.0,2,2.5934267426112965,1,5.522433156406883,68.51825586623266,79.63411576525084,6,1,2.0,-9.0,4.0,0
uep044,5,1,7,RS,4.0,-9.0,2,1.7572248591008266,1,6.733948627034529,79.63411576525084,91.12528925138619,6,1,2.0,-9.0,4.0,0
uep044,5,1,8,RS,6.0,-9.0,2,2.2812466898606494,1,6.699598800022937,91.12528925138619,103.10613474126978,6,1,2.0,-9.0,4.0,0
uep044,5,1,9,RS,-1.0,-9.0,2,1.9270111078556589,1,6.83739359639753,103.10613474126978,114.87053944552298,6,1,2.0,-9.0,4.0,0
uep044,5,1,10,RS,3.0,-9.0,2,1.454031265116398,1,5.901680993266188,114.87053944552298,125.22625170390556,6,1,2.0,-9.0,4.0,0
