subjectId,runId,blockId,trialId,condition,leftAnswer,rightAnswer,choiceDuration,isiDuration,feedbackDuration,itiDuration,stimOnset,itiOffset,leftColor,rightColor,mu1,mu2,sd1,sd2
uep046,2,3,1,SS,2.0,-18.0,2,1.0674492165194316,1,6.631653547848783,250.6630828615061,261.3621856258743,5,6,2.0,-18.0,0,0
uep046,2,3,2,SS,2.0,-18.0,2,2.58828509834901,1,5.51844730136061,261.3621856258743,272.4689180255839,5,6,2.0,-18.0,0,0
uep046,2,3,3,SS,2.0,-18.0,2,1.3124549098038962,1,6.371028335507683,272.4689180255839,283.15240127089544,5,6,2.0,-18.0,0,0
uep046,2,3,4,SS,2.0,-18.0,2,2.0765875107349245,1,6.770732537004796,283.15240127089544,294.9997213186352,5,6,2.0,-18.0,0,0
uep046,2,3,5,SS,2.0,-18.0,2,1.9216576628359823,1,5.922227858661383,294.9997213186352,305.8436068401325,5,6,2.0,-18.0,0,0
uep046,2,3,6,SS,2.0,-18.0,2,1.343985292933645,1,6.694713754914308,305.8436068401325,316.88230588798046,5,6,2.0,-18.0,0,0
uep046,2,3,7,SS,2.0,-18.0,2,1.4589240795657605,1,5.740992324950076,316.88230588798046,327.0822222924963,5,6,2.0,-18.0,0,0
uep046,2,3,8,SS,2.0,-18.0,2,1.3593652572264063,1,5.366137661962527,327.0822222924963,336.8077252116852,5,6,2.0,-18.0,0,0
uep046,2,3,9,SS,2.0,-18.0,2,2.682713392566935,1,5.0667135033030695,336.8077252116852,347.55715210755517,5,6,2.0,-18.0,0,0
uep046,2,3,10,SS,2.0,-18.0,2,2.2475776795518594,1,5.3712817797255115,347.55715210755517,358.1760115668325,5,6,2.0,-18.0,0,0
