subjectId,runId,blockId,trialId,condition,leftAnswer,rightAnswer,choiceDuration,isiDuration,feedbackDuration,itiDuration,stimOnset,itiOffset,leftColor,rightColor,mu1,mu2,sd1,sd2
uep003,6,3,1,SS,12.0,4.0,2,1.4090413251360008,1,6.615259017439233,244.79024833549093,255.81454867806616,6,1,12.0,4.0,0,0
uep003,6,3,2,SS,12.0,4.0,2,1.566010041119346,1,5.4742208886500485,255.81454867806616,265.85477960783555,6,1,12.0,4.0,0,0
uep003,6,3,3,SS,12.0,4.0,2,1.030741971663334,1,5.760193953795499,265.85477960783555,275.64571553329444,6,1,12.0,4.0,0,0
uep003,6,3,4,SS,12.0,4.0,2,1.8900180042380703,1,6.093042482763683,275.64571553329444,286.6287760202962,6,1,12.0,4.0,0,0
uep003,6,3,5,SS,12.0,4.0,2,1.0259549006542892,1,5.173452227168308,286.6287760202962,295.8281831481188,6,1,12.0,4.0,0,0
uep003,6,3,6,SS,12.0,4.0,2,1.0073255292800316,1,6.03200585540908,295.8281831481188,305.8675145328079,6,1,12.0,4.0,0,0
uep003,6,3,7,SS,12.0,4.0,2,2.5152329045366004,1,5.512140869254782,305.8675145328079,316.8948883065993,6,1,12.0,4.0,0,0
uep003,6,3,8,SS,12.0,4.0,2,2.597180257057044,1,5.46572274037686,316.8948883065993,327.9577913040332,6,1,12.0,4.0,0,0
uep003,6,3,9,SS,12.0,4.0,2,2.9104651750422863,1,6.7504121906535675,327.9577913040332,340.61866866972906,6,1,12.0,4.0,0,0
uep003,6,3,10,SS,12.0,4.0,2,2.8913079557492667,1,6.771750915938593,340.61866866972906,353.2817275414169,6,1,12.0,4.0,0,0
