subjectId,runId,blockId,trialId,condition,leftAnswer,rightAnswer,choiceDuration,isiDuration,feedbackDuration,itiDuration,stimOnset,itiOffset,leftColor,rightColor,mu1,mu2,sd1,sd2
uep031,2,2,1,RS,16.0,-0.0,2,1.0089576484676228,1,6.23147814538378,129.15547483281847,139.3959106266699,2,0,12.0,-0.0,4.0,0
uep031,2,2,2,RS,14.0,-0.0,2,1.1491730781901384,1,5.215438354317295,139.3959106266699,148.7605220591773,2,0,12.0,-0.0,4.0,0
uep031,2,2,3,RS,8.0,-0.0,2,2.4202266211359578,1,6.308207459609874,148.7605220591773,160.48895613992312,2,0,12.0,-0.0,4.0,0
uep031,2,2,4,RS,5.0,-0.0,2,1.1145476947828619,1,5.305262816085829,160.48895613992312,169.9087666507918,2,0,12.0,-0.0,4.0,0
uep031,2,2,5,RS,12.0,-0.0,2,1.3580694410426306,1,5.631988089277148,169.9087666507918,179.89882418111156,2,0,12.0,-0.0,4.0,0
uep031,2,2,6,RS,11.0,-0.0,2,2.8253351131093956,1,6.4323840546860005,179.89882418111156,192.15654334890695,2,0,12.0,-0.0,4.0,0
uep031,2,2,7,RS,17.0,-0.0,2,1.5530801852388758,1,5.527474371783437,192.15654334890695,202.23709790592926,2,0,12.0,-0.0,4.0,0
uep031,2,2,8,RS,8.0,-0.0,2,2.301779183549046,1,5.0962249941668825,202.23709790592926,212.6351020836452,2,0,12.0,-0.0,4.0,0
uep031,2,2,9,RS,0.0,-0.0,2,2.9124366120047465,1,5.900232828931871,212.6351020836452,224.4477715245818,2,0,12.0,-0.0,4.0,0
uep031,2,2,10,RS,12.0,-0.0,2,2.0526283605581512,1,5.924122809277277,224.4477715245818,235.42452269441722,2,0,12.0,-0.0,4.0,0
