subjectId,runId,blockId,trialId,condition,leftAnswer,rightAnswer,choiceDuration,isiDuration,feedbackDuration,itiDuration,stimOnset,itiOffset,leftColor,rightColor,mu1,mu2,sd1,sd2
uep036,7,3,1,SS,-2.0,13.0,2,1.8660048805962202,1,6.450897675214873,247.7723033779683,259.0892059337794,2,0,-2.0,13.0,0,0
uep036,7,3,2,SS,-2.0,13.0,2,1.7138840955101675,1,6.393395064204838,259.0892059337794,270.1964850934944,2,0,-2.0,13.0,0,0
uep036,7,3,3,SS,-2.0,13.0,2,1.1143971667105672,1,6.585340052505048,270.1964850934944,280.89622231271,2,0,-2.0,13.0,0,0
uep036,7,3,4,SS,-2.0,13.0,2,1.657264756692655,1,5.227700559479796,280.89622231271,290.78118762888244,2,0,-2.0,13.0,0,0
uep036,7,3,5,SS,-2.0,13.0,2,1.5780550354514515,1,5.781356004331427,290.78118762888244,301.1405986686653,2,0,-2.0,13.0,0,0
uep036,7,3,6,SS,-2.0,13.0,2,1.6415793654756448,1,5.434840410385518,301.1405986686653,311.21701844452645,2,0,-2.0,13.0,0,0
uep036,7,3,7,SS,-2.0,13.0,2,2.3181156959708145,1,6.979526387064064,311.21701844452645,323.5146605275613,2,0,-2.0,13.0,0,0
uep036,7,3,8,SS,-2.0,13.0,2,2.461994345072647,1,5.286305032051202,323.5146605275613,334.26295990468515,2,0,-2.0,13.0,0,0
uep036,7,3,9,SS,-2.0,13.0,2,2.2926175001463434,1,6.74099259766139,334.26295990468515,346.29657000249284,2,0,-2.0,13.0,0,0
uep036,7,3,10,SS,-2.0,13.0,2,2.932014940606442,1,6.057739027049745,346.29657000249284,358.28632397014906,2,0,-2.0,13.0,0,0
