subjectId,runId,blockId,trialId,condition,leftAnswer,rightAnswer,choiceDuration,isiDuration,feedbackDuration,itiDuration,stimOnset,itiOffset,leftColor,rightColor,mu1,mu2,sd1,sd2
uep032,5,2,1,SS,-1.0,15.0,2,1.3829253699423867,1,6.629893512425378,131.69798746207448,142.71080634444226,3,7,-1.0,15.0,0,0
uep032,5,2,2,SS,-1.0,15.0,2,2.8459734549720173,1,5.226680429735713,142.71080634444226,153.78346022915,3,7,-1.0,15.0,0,0
uep032,5,2,3,SS,-1.0,15.0,2,2.2870857367104236,1,5.349035116268353,153.78346022915,164.41958108212876,3,7,-1.0,15.0,0,0
uep032,5,2,4,SS,-1.0,15.0,2,1.6976434364775694,1,5.5596769752255435,164.41958108212876,174.67690149383188,3,7,-1.0,15.0,0,0
uep032,5,2,5,SS,-1.0,15.0,2,2.682383853891838,1,7.104536475343566,174.67690149383188,187.4638218230673,3,7,-1.0,15.0,0,0
uep032,5,2,6,SS,-1.0,15.0,2,1.6744668641464646,1,5.385347262360206,187.4638218230673,197.52363594957396,3,7,-1.0,15.0,0,0
uep032,5,2,7,SS,-1.0,15.0,2,1.1087588292180561,1,5.599401662146012,197.52363594957396,207.23179644093804,3,7,-1.0,15.0,0,0
uep032,5,2,8,SS,-1.0,15.0,2,1.7624420995780348,1,5.5605466622758355,207.23179644093804,217.55478520279192,3,7,-1.0,15.0,0,0
uep032,5,2,9,SS,-1.0,15.0,2,1.0546625170798316,1,5.191803232268938,217.55478520279192,226.8012509521407,3,7,-1.0,15.0,0,0
uep032,5,2,10,SS,-1.0,15.0,2,2.4578465086695322,1,6.979245118661173,226.8012509521407,239.23834257947138,3,7,-1.0,15.0,0,0
