subjectId,runId,blockId,trialId,condition,leftAnswer,rightAnswer,choiceDuration,isiDuration,feedbackDuration,itiDuration,stimOnset,itiOffset,leftColor,rightColor,mu1,mu2,sd1,sd2
uep058,1,4,1,RS,7.0,4.0,2,2.789964151880828,1,5.100303895663174,366.61358500648873,377.50385305403273,1,5,7.0,4.0,4.0,0
uep058,1,4,2,RS,13.0,4.0,2,1.8364705485281176,1,5.131526829695452,377.50385305403273,387.4718504322563,1,5,7.0,4.0,4.0,0
uep058,1,4,3,RS,7.0,4.0,2,0.996374899416236,1,6.139644642791071,387.4718504322563,397.60786997446365,1,5,7.0,4.0,4.0,0
uep058,1,4,4,RS,10.0,4.0,2,1.5537269471486659,1,5.379208871562879,397.60786997446365,407.5408057931752,1,5,7.0,4.0,4.0,0
uep058,1,4,5,RS,12.0,4.0,2,1.9030054842759982,1,5.911581625561419,407.5408057931752,418.3553929030126,1,5,7.0,4.0,4.0,0
uep058,1,4,6,RS,4.0,4.0,2,1.2167440564604983,1,6.730964135611008,418.3553929030126,429.3031010950841,1,5,7.0,4.0,4.0,0
uep058,1,4,7,RS,6.0,4.0,2,1.9325556706744098,1,5.464912389060883,429.3031010950841,439.7005691548194,1,5,7.0,4.0,4.0,0
uep058,1,4,8,RS,5.0,4.0,2,2.599343320005092,1,6.080333841762567,439.7005691548194,451.3802463165871,1,5,7.0,4.0,4.0,0
uep058,1,4,9,RS,4.0,4.0,2,1.7311016546728724,1,6.11628272356106,451.3802463165871,462.2276306948211,1,5,7.0,4.0,4.0,0
uep058,1,4,10,RS,7.0,4.0,2,2.8985163914466594,1,5.873852913732397,462.2276306948211,474.0000000000001,1,5,7.0,4.0,4.0,0
