subjectId,runId,blockId,trialId,condition,leftAnswer,rightAnswer,choiceDuration,isiDuration,feedbackDuration,itiDuration,stimOnset,itiOffset,leftColor,rightColor,mu1,mu2,sd1,sd2
uep021,4,2,1,RR,15.0,5.0,2,1.9024175449748373,1,7.059302509047116,134.90763962790516,146.8693596819271,1,6,11.0,3.0,4.0,4.0
uep021,4,2,2,RR,9.0,3.0,2,1.7342738417559909,1,6.835343810099539,146.8693596819271,158.43897733378265,1,6,11.0,3.0,4.0,4.0
uep021,4,2,3,RR,22.0,-6.0,2,1.9069135032852143,1,5.258823863911775,158.43897733378265,168.60471470097963,1,6,11.0,3.0,4.0,4.0
uep021,4,2,4,RR,15.0,-8.0,2,1.200470316383783,1,6.100991261528304,168.60471470097963,178.9061762788917,1,6,11.0,3.0,4.0,4.0
uep021,4,2,5,RR,20.0,-1.0,2,1.8642710828241684,1,6.053524013635987,178.9061762788917,189.82397137535185,1,6,11.0,3.0,4.0,4.0
uep021,4,2,6,RR,12.0,10.0,2,2.378973095029275,1,6.957883279625368,189.82397137535185,202.1608277500065,1,6,11.0,3.0,4.0,4.0
uep021,4,2,7,RR,7.0,-2.0,2,2.4841405976350424,1,7.0449909534342785,202.1608277500065,214.68995930107582,1,6,11.0,3.0,4.0,4.0
uep021,4,2,8,RR,7.0,0.0,2,1.7037890218927443,1,6.534689448627197,214.68995930107582,225.92843777159575,1,6,11.0,3.0,4.0,4.0
uep021,4,2,9,RR,9.0,-2.0,2,1.5697246588794993,1,5.560277528938188,225.92843777159575,236.05843995941345,1,6,11.0,3.0,4.0,4.0
uep021,4,2,10,RR,13.0,8.0,2,2.747615523757719,1,5.622135891330104,236.05843995941345,247.4281913745013,1,6,11.0,3.0,4.0,4.0
