subjectId,runId,blockId,trialId,condition,leftAnswer,rightAnswer,choiceDuration,isiDuration,feedbackDuration,itiDuration,stimOnset,itiOffset,leftColor,rightColor,mu1,mu2,sd1,sd2
uep056,8,3,1,SS,5.0,-5.0,2,1.834327719400201,1,5.533499199859214,243.09742264793977,253.46524956719918,2,0,5.0,-5.0,0,0
uep056,8,3,2,SS,5.0,-5.0,2,2.9476303698457382,1,6.252246190291263,253.46524956719918,265.6651261273362,2,0,5.0,-5.0,0,0
uep056,8,3,3,SS,5.0,-5.0,2,1.4512002491732885,1,6.500705167522386,265.6651261273362,276.6170315440318,2,0,5.0,-5.0,0,0
uep056,8,3,4,SS,5.0,-5.0,2,1.417902812357971,1,6.084498632803953,276.6170315440318,287.11943298919374,2,0,5.0,-5.0,0,0
uep056,8,3,5,SS,5.0,-5.0,2,2.4465700445813985,1,6.390953658542317,287.11943298919374,298.9569566923175,2,0,5.0,-5.0,0,0
uep056,8,3,6,SS,5.0,-5.0,2,2.483960509529315,1,5.376281951801007,298.9569566923175,309.8171991536478,2,0,5.0,-5.0,0,0
uep056,8,3,7,SS,5.0,-5.0,2,1.4658722546415865,1,6.211145701903283,309.8171991536478,320.4942171101926,2,0,5.0,-5.0,0,0
uep056,8,3,8,SS,5.0,-5.0,2,2.2938196973929204,1,6.761320646941322,320.4942171101926,332.54935745452684,2,0,5.0,-5.0,0,0
uep056,8,3,9,SS,5.0,-5.0,2,1.38807592114544,1,6.429079249301658,332.54935745452684,343.36651262497395,2,0,5.0,-5.0,0,0
uep056,8,3,10,SS,5.0,-5.0,2,2.911153318616114,1,6.643959435559131,343.36651262497395,355.9216253791492,2,0,5.0,-5.0,0,0
