subjectId,runId,blockId,trialId,condition,leftAnswer,rightAnswer,choiceDuration,isiDuration,feedbackDuration,itiDuration,stimOnset,itiOffset,leftColor,rightColor,mu1,mu2,sd1,sd2
uep059,1,4,1,RR,19.0,-13.0,2,1.4182546609055005,1,5.418363308321286,365.96200360165807,375.79862157088485,0,5,15.0,-16.0,4.0,4.0
uep059,1,4,2,RR,15.0,-16.0,2,1.427397729239553,1,5.444426094683456,375.79862157088485,385.67044539480787,0,5,15.0,-16.0,4.0,4.0
uep059,1,4,3,RR,19.0,-14.0,2,1.4433806877034747,1,5.530041035158524,385.67044539480787,395.6438671176699,0,5,15.0,-16.0,4.0,4.0
uep059,1,4,4,RR,17.0,-11.0,2,1.6678782009053248,1,7.036160927483992,395.6438671176699,407.3479062460592,0,5,15.0,-16.0,4.0,4.0
uep059,1,4,5,RR,23.0,-19.0,2,2.758059655264928,1,5.302054605847549,407.3479062460592,418.40802050717167,0,5,15.0,-16.0,4.0,4.0
uep059,1,4,6,RR,15.0,-14.0,2,1.5537456385516726,1,6.6014387281787625,418.40802050717167,429.5632048739021,0,5,15.0,-16.0,4.0,4.0
uep059,1,4,7,RR,9.0,-22.0,2,1.885063528046334,1,5.576384373096177,429.5632048739021,440.0246527750446,0,5,15.0,-16.0,4.0,4.0
uep059,1,4,8,RR,21.0,-17.0,2,1.76491282218417,1,6.963727109729171,440.0246527750446,451.75329270695795,0,5,15.0,-16.0,4.0,4.0
uep059,1,4,9,RR,7.0,-19.0,2,2.516828115909282,1,5.536345670521823,451.75329270695795,462.80646649338905,0,5,15.0,-16.0,4.0,4.0
uep059,1,4,10,RR,8.0,-22.0,2,2.513309760359267,1,5.680223746251698,462.80646649338905,474.0,0,5,15.0,-16.0,4.0,4.0
