subjectId,runId,blockId,trialId,condition,leftAnswer,rightAnswer,choiceDuration,isiDuration,feedbackDuration,itiDuration,stimOnset,itiOffset,leftColor,rightColor,mu1,mu2,sd1,sd2
uep005,2,4,1,SS,6.0,7.0,2,1.0484158368519347,1,5.071997426582731,366.8818155698673,376.00222883330196,5,0,6.0,7.0,0,0
uep005,2,4,2,SS,6.0,7.0,2,1.9160148796851066,1,5.82486346837136,376.00222883330196,386.7431071813584,5,0,6.0,7.0,0,0
uep005,2,4,3,SS,6.0,7.0,2,2.477540409815987,1,6.933807406127503,386.7431071813584,399.15445499730197,5,0,6.0,7.0,0,0
uep005,2,4,4,SS,6.0,7.0,2,1.2481772047077793,1,6.9788312201977645,399.15445499730197,410.3814634222075,5,0,6.0,7.0,0,0
uep005,2,4,5,SS,6.0,7.0,2,2.1204192513552984,1,5.640627043739106,410.3814634222075,421.14250971730195,5,0,6.0,7.0,0,0
uep005,2,4,6,SS,6.0,7.0,2,1.2555711375400422,1,5.135176632032416,421.14250971730195,430.5332574868744,5,0,6.0,7.0,0,0
uep005,2,4,7,SS,6.0,7.0,2,2.221667284772286,1,6.251824887011308,430.5332574868744,442.006749658658,5,0,6.0,7.0,0,0
uep005,2,4,8,SS,6.0,7.0,2,1.339442195379543,1,5.282493721037121,442.006749658658,451.62868557507466,5,0,6.0,7.0,0,0
uep005,2,4,9,SS,6.0,7.0,2,1.503793885065952,1,6.569099944022069,451.62868557507466,462.70157940416266,5,0,6.0,7.0,0,0
uep005,2,4,10,SS,6.0,7.0,2,2.2131641295717133,1,6.085256466265588,462.70157940416266,474.0,5,0,6.0,7.0,0,0
