subjectId,runId,blockId,trialId,condition,leftAnswer,rightAnswer,choiceDuration,isiDuration,feedbackDuration,itiDuration,stimOnset,itiOffset,leftColor,rightColor,mu1,mu2,sd1,sd2
uep053,5,1,1,RR,-11.0,0.0,2,2.4264144763550743,1,6.855108861998148,16,28.28152333835322,2,1,-8.0,-1.0,4.0,4.0
uep053,5,1,2,RR,-14.0,-2.0,2,2.555416786424862,1,6.710762869419648,28.28152333835322,40.54770299419773,2,1,-8.0,-1.0,4.0,4.0
uep053,5,1,3,RR,-11.0,-6.0,2,1.657892732772535,1,5.326398953548195,40.54770299419773,50.53199468051846,2,1,-8.0,-1.0,4.0,4.0
uep053,5,1,4,RR,-7.0,-1.0,2,2.4955082071875805,1,6.53421097261027,50.53199468051846,62.56171386031631,2,1,-8.0,-1.0,4.0,4.0
uep053,5,1,5,RR,-7.0,6.0,2,2.734147782460903,1,6.495817487090229,62.56171386031631,74.79167912986745,2,1,-8.0,-1.0,4.0,4.0
uep053,5,1,6,RR,-8.0,-6.0,2,2.4775801548277343,1,6.844886465103628,74.79167912986745,87.11414574979881,2,1,-8.0,-1.0,4.0,4.0
uep053,5,1,7,RR,-6.0,-3.0,2,1.469836529766522,1,6.3362178229399175,87.11414574979881,97.92020010250525,2,1,-8.0,-1.0,4.0,4.0
uep053,5,1,8,RR,-8.0,2.0,2,2.593672135821999,1,5.423099112675976,97.92020010250525,108.93697135100322,2,1,-8.0,-1.0,4.0,4.0
uep053,5,1,9,RR,-7.0,3.0,2,2.5862431053913104,1,6.728797477622679,108.93697135100322,121.2520119340172,2,1,-8.0,-1.0,4.0,4.0
uep053,5,1,10,RR,-5.0,0.0,2,1.7708246402561678,1,6.394801994677682,121.2520119340172,132.41763856895105,2,1,-8.0,-1.0,4.0,4.0
