subjectId,runId,blockId,trialId,condition,leftAnswer,rightAnswer,choiceDuration,isiDuration,feedbackDuration,itiDuration,stimOnset,itiOffset,leftColor,rightColor,mu1,mu2,sd1,sd2
uep038,3,3,1,SS,11.0,-9.0,2,1.8569637390267986,1,5.63695725514335,246.47801697283697,256.97193796700714,2,6,11.0,-9.0,0,0
uep038,3,3,2,SS,11.0,-9.0,2,2.2333780727075463,1,5.167590910895215,256.97193796700714,267.3729069506099,2,6,11.0,-9.0,0,0
uep038,3,3,3,SS,11.0,-9.0,2,2.518292008353925,1,6.051111887359657,267.3729069506099,278.94231084632344,2,6,11.0,-9.0,0,0
uep038,3,3,4,SS,11.0,-9.0,2,2.381389034697002,1,6.492155469704895,278.94231084632344,290.8158553507253,2,6,11.0,-9.0,0,0
uep038,3,3,5,SS,11.0,-9.0,2,2.4497645422056187,1,5.400948195630258,290.8158553507253,301.6665680885612,2,6,11.0,-9.0,0,0
uep038,3,3,6,SS,11.0,-9.0,2,1.7076615011054954,1,6.039833291479333,301.6665680885612,312.41406288114604,2,6,11.0,-9.0,0,0
uep038,3,3,7,SS,11.0,-9.0,2,1.9996853204832012,1,6.7525574124390415,312.41406288114604,324.1663056140683,2,6,11.0,-9.0,0,0
uep038,3,3,8,SS,11.0,-9.0,2,1.34548056595493,1,6.132810003372086,324.1663056140683,334.64459618339527,2,6,11.0,-9.0,0,0
uep038,3,3,9,SS,11.0,-9.0,2,2.784695771280826,1,5.893390755865948,334.64459618339527,346.32268271054204,2,6,11.0,-9.0,0,0
uep038,3,3,10,SS,11.0,-9.0,2,1.8854932521469476,1,5.171077774520403,346.32268271054204,356.3792537372094,2,6,11.0,-9.0,0,0
