subjectId,runId,blockId,trialId,condition,leftAnswer,rightAnswer,choiceDuration,isiDuration,feedbackDuration,itiDuration,stimOnset,itiOffset,leftColor,rightColor,mu1,mu2,sd1,sd2
uep015,7,2,1,RS,0.0,4.0,2,1.8836602269574598,1,6.3936114220690765,128.60084894962432,139.87812059865087,5,4,5.0,4.0,4.0,0
uep015,7,2,2,RS,4.0,4.0,2,1.0804096881547778,1,6.6833102854163,139.87812059865087,150.64184057222195,5,4,5.0,4.0,4.0,0
uep015,7,2,3,RS,-1.0,4.0,2,1.9858233793425053,1,6.799323964011685,150.64184057222195,162.42698791557612,5,4,5.0,4.0,4.0,0
uep015,7,2,4,RS,4.0,4.0,2,2.352689850553884,1,5.14703663127026,162.42698791557612,172.92671439740025,5,4,5.0,4.0,4.0,0
uep015,7,2,5,RS,3.0,4.0,2,2.206727463237366,1,5.325292537682404,172.92671439740025,183.45873439832002,5,4,5.0,4.0,4.0,0
uep015,7,2,6,RS,5.0,4.0,2,2.748098904254754,1,5.06244924082272,183.45873439832002,194.2692825433975,5,4,5.0,4.0,4.0,0
uep015,7,2,7,RS,5.0,4.0,2,2.1276726051585273,1,6.355348950839382,194.2692825433975,205.75230409939542,5,4,5.0,4.0,4.0,0
uep015,7,2,8,RS,12.0,4.0,2,1.335170150129931,1,5.822074108592666,205.75230409939542,215.909548358118,5,4,5.0,4.0,4.0,0
uep015,7,2,9,RS,5.0,4.0,2,2.901720150608504,1,6.1880196747790155,215.909548358118,227.9992881835055,5,4,5.0,4.0,4.0,0
uep015,7,2,10,RS,10.0,4.0,2,2.077697448179952,1,5.923984864732362,227.9992881835055,239.00097049641784,5,4,5.0,4.0,4.0,0
