subjectId,runId,blockId,trialId,condition,leftAnswer,rightAnswer,choiceDuration,isiDuration,feedbackDuration,itiDuration,stimOnset,itiOffset,leftColor,rightColor,mu1,mu2,sd1,sd2
uep041,2,2,1,RS,-9.0,1.0,2,1.1004849738687787,1,6.34706144327042,134.77540809628343,145.22295451342265,0,3,-6.0,1.0,4.0,0
uep041,2,2,2,RS,-10.0,1.0,2,1.2038416994077754,1,6.031855979063686,145.22295451342265,155.45865219189412,0,3,-6.0,1.0,4.0,0
uep041,2,2,3,RS,-8.0,1.0,2,1.6442984199937642,1,6.728791540744532,155.45865219189412,166.83174215263242,0,3,-6.0,1.0,4.0,0
uep041,2,2,4,RS,-10.0,1.0,2,2.4294078641958987,1,6.272877914814831,166.83174215263242,178.53402793164315,0,3,-6.0,1.0,4.0,0
uep041,2,2,5,RS,-5.0,1.0,2,2.646836611772926,1,6.883741756629021,178.53402793164315,191.0646063000451,0,3,-6.0,1.0,4.0,0
uep041,2,2,6,RS,-11.0,1.0,2,1.565551005326882,1,5.731520533118855,191.0646063000451,201.36167783849086,0,3,-6.0,1.0,4.0,0
uep041,2,2,7,RS,-10.0,1.0,2,1.8761962701352684,1,6.138047332035453,201.36167783849086,212.37592144066159,0,3,-6.0,1.0,4.0,0
uep041,2,2,8,RS,-12.0,1.0,2,2.8339037669266607,1,6.826456605273104,212.37592144066159,225.03628181286135,0,3,-6.0,1.0,4.0,0
uep041,2,2,9,RS,-3.0,1.0,2,2.116785744503393,1,5.39024359391841,225.03628181286135,235.54331115128315,0,3,-6.0,1.0,4.0,0
uep041,2,2,10,RS,-1.0,1.0,2,2.1526034687614417,1,6.3941487246308135,235.54331115128315,247.0900633446754,0,3,-6.0,1.0,4.0,0
