subjectId,runId,blockId,trialId,condition,leftAnswer,rightAnswer,choiceDuration,isiDuration,feedbackDuration,itiDuration,stimOnset,itiOffset,leftColor,rightColor,mu1,mu2,sd1,sd2
uep044,3,2,1,RR,-3.0,-8.0,2,2.68362444345123,1,6.133151262240782,134.6468988455936,146.4636745512856,3,1,-2.0,-12.0,4.0,4.0
uep044,3,2,2,RR,-7.0,-12.0,2,2.9484966495169034,1,5.199692152543024,146.4636745512856,157.61186335334554,3,1,-2.0,-12.0,4.0,4.0
uep044,3,2,3,RR,-2.0,-2.0,2,2.4532757288802487,1,5.254576373743687,157.61186335334554,168.31971545596946,3,1,-2.0,-12.0,4.0,4.0
uep044,3,2,4,RR,1.0,-13.0,2,1.938865681934594,1,6.745823719143551,168.31971545596946,180.0044048570476,3,1,-2.0,-12.0,4.0,4.0
uep044,3,2,5,RR,1.0,-8.0,2,1.8126431869039972,1,5.228138992178644,180.0044048570476,190.04518703613024,3,1,-2.0,-12.0,4.0,4.0
uep044,3,2,6,RR,4.0,-12.0,2,1.4969448833741252,1,5.58122254185521,190.04518703613024,200.12335446135955,3,1,-2.0,-12.0,4.0,4.0
uep044,3,2,7,RR,-6.0,-12.0,2,2.076188341159955,1,6.278581768179079,200.12335446135955,211.47812457069858,3,1,-2.0,-12.0,4.0,4.0
uep044,3,2,8,RR,0.0,-9.0,2,2.7472812330347787,1,5.346953045009699,211.47812457069858,222.57235884874308,3,1,-2.0,-12.0,4.0,4.0
uep044,3,2,9,RR,-0.0,-16.0,2,2.140651580241959,1,6.1321734389156735,222.57235884874308,233.84518386790072,3,1,-2.0,-12.0,4.0,4.0
uep044,3,2,10,RR,-4.0,-7.0,2,1.4798703123378503,1,5.913262844104481,233.84518386790072,244.23831702434305,3,1,-2.0,-12.0,4.0,4.0
