subjectId,runId,blockId,trialId,condition,leftAnswer,rightAnswer,choiceDuration,isiDuration,feedbackDuration,itiDuration,stimOnset,itiOffset,leftColor,rightColor,mu1,mu2,sd1,sd2
uep059,6,1,1,SS,13.0,9.0,2,2.209077516695205,1,5.695735128894679,16,26.904812645589885,4,6,13.0,9.0,0,0
uep059,6,1,2,SS,13.0,9.0,2,2.6239930027537874,1,6.08537551813861,26.904812645589885,38.61418116648229,4,6,13.0,9.0,0,0
uep059,6,1,3,SS,13.0,9.0,2,2.5202562729569498,1,5.859598109533226,38.61418116648229,49.99403554897246,4,6,13.0,9.0,0,0
uep059,6,1,4,SS,13.0,9.0,2,2.6339504501492383,1,6.659450997033769,49.99403554897246,62.28743699615546,4,6,13.0,9.0,0,0
uep059,6,1,5,SS,13.0,9.0,2,1.939856762680701,1,6.4738538872001525,62.28743699615546,73.70114764603632,4,6,13.0,9.0,0,0
uep059,6,1,6,SS,13.0,9.0,2,1.41681096291632,1,5.311274778255219,73.70114764603632,83.42923338720786,4,6,13.0,9.0,0,0
uep059,6,1,7,SS,13.0,9.0,2,2.4020316314988883,1,5.186430771254925,83.42923338720786,94.01769578996166,4,6,13.0,9.0,0,0
uep059,6,1,8,SS,13.0,9.0,2,2.604881370675219,1,5.47139438848016,94.01769578996166,105.09397154911704,4,6,13.0,9.0,0,0
uep059,6,1,9,SS,13.0,9.0,2,1.1042780349385792,1,5.134738519192995,105.09397154911704,114.33298810324861,4,6,13.0,9.0,0,0
uep059,6,1,10,SS,13.0,9.0,2,2.803323066284373,1,6.556997430527666,114.33298810324861,126.69330860006065,4,6,13.0,9.0,0,0
