subjectId,runId,blockId,trialId,condition,leftAnswer,rightAnswer,choiceDuration,isiDuration,feedbackDuration,itiDuration,stimOnset,itiOffset,leftColor,rightColor,mu1,mu2,sd1,sd2
uep034,6,4,1,RR,-8.0,-2.0,2,2.0979862056975525,1,5.809526502416357,362.1696002847707,373.0771129928846,6,3,-8.0,-5.0,4.0,4.0
uep034,6,4,2,RR,-8.0,-7.0,2,2.241511472317353,1,5.044065359310397,373.0771129928846,383.3626898245124,6,3,-8.0,-5.0,4.0,4.0
uep034,6,4,3,RR,-7.0,-2.0,2,2.872905948410084,1,6.515361401107461,383.3626898245124,395.75095717402996,6,3,-8.0,-5.0,4.0,4.0
uep034,6,4,4,RR,-10.0,-2.0,2,1.8678418590333918,1,6.814665954564672,395.75095717402996,407.433464987628,6,3,-8.0,-5.0,4.0,4.0
uep034,6,4,5,RR,5.0,-4.0,2,2.4010989906419833,1,5.768415403410143,407.433464987628,418.6029793816801,6,3,-8.0,-5.0,4.0,4.0
uep034,6,4,6,RR,-1.0,-2.0,2,1.4773188522700462,1,7.003962136257964,418.6029793816801,430.0842603702081,6,3,-8.0,-5.0,4.0,4.0
uep034,6,4,7,RR,-12.0,-6.0,2,2.031783513556886,1,6.103172864833988,430.0842603702081,441.21921674859897,6,3,-8.0,-5.0,4.0,4.0
uep034,6,4,8,RR,-2.0,-11.0,2,1.2890917236812767,1,5.523975593235381,441.21921674859897,451.0322840655156,6,3,-8.0,-5.0,4.0,4.0
uep034,6,4,9,RR,-14.0,-2.0,2,2.7973128782916437,1,6.968769374631607,451.0322840655156,463.79836631843887,6,3,-8.0,-5.0,4.0,4.0
uep034,6,4,10,RR,-16.0,-1.0,2,1.86284984525496,1,5.338783836306269,463.79836631843887,474.0000000000001,6,3,-8.0,-5.0,4.0,4.0
