subjectId,runId,blockId,trialId,condition,leftAnswer,rightAnswer,choiceDuration,isiDuration,feedbackDuration,itiDuration,stimOnset,itiOffset,leftColor,rightColor,mu1,mu2,sd1,sd2
uep003,8,2,1,RS,10.0,-2.0,2,1.7804321790848252,1,5.404094059622131,131.75473364234477,141.93925988105173,1,7,12.0,-2.0,4.0,0
uep003,8,2,2,RS,15.0,-2.0,2,1.7646965403899646,1,5.431520476137229,141.93925988105173,152.1354768975789,1,7,12.0,-2.0,4.0,0
uep003,8,2,3,RS,15.0,-2.0,2,2.6400542156208995,1,5.422720045909361,152.1354768975789,163.19825115910916,1,7,12.0,-2.0,4.0,0
uep003,8,2,4,RS,15.0,-2.0,2,2.0032572903137082,1,6.548809946755007,163.19825115910916,174.75031839617787,1,7,12.0,-2.0,4.0,0
uep003,8,2,5,RS,11.0,-2.0,2,2.2114181305224374,1,5.147413180019708,174.75031839617787,185.10914970672002,1,7,12.0,-2.0,4.0,0
uep003,8,2,6,RS,8.0,-2.0,2,1.2316292836393707,1,6.114288181526938,185.10914970672002,195.45506717188633,1,7,12.0,-2.0,4.0,0
uep003,8,2,7,RS,10.0,-2.0,2,2.70771140622431,1,6.829430498914118,195.45506717188633,207.99220907702477,1,7,12.0,-2.0,4.0,0
uep003,8,2,8,RS,9.0,-2.0,2,2.5190357989694814,1,5.975663811948896,207.99220907702477,219.48690868794313,1,7,12.0,-2.0,4.0,0
uep003,8,2,9,RS,4.0,-2.0,2,2.070185420895017,1,5.565174862747169,219.48690868794313,230.12226897158533,1,7,12.0,-2.0,4.0,0
uep003,8,2,10,RS,23.0,-2.0,2,2.9594071038918184,1,5.962037574269231,230.12226897158533,242.04371364974637,1,7,12.0,-2.0,4.0,0
