subjectId,runId,blockId,trialId,condition,leftAnswer,rightAnswer,choiceDuration,isiDuration,feedbackDuration,itiDuration,stimOnset,itiOffset,leftColor,rightColor,mu1,mu2,sd1,sd2
uep001,8,2,1,RR,12.0,-5.0,2,1.6515922880758118,1,6.649244687217688,128.1847648318045,139.485601807098,0,5,12.0,-6.0,4.0,4.0
uep001,8,2,2,RR,19.0,-6.0,2,2.6781322259701716,1,6.424337019188318,139.485601807098,151.58807105225648,0,5,12.0,-6.0,4.0,4.0
uep001,8,2,3,RR,19.0,-5.0,2,1.1414640693078317,1,5.962274821693479,151.58807105225648,161.6918099432578,0,5,12.0,-6.0,4.0,4.0
uep001,8,2,4,RR,10.0,-10.0,2,1.1866046607885408,1,6.83564640276189,161.6918099432578,172.7140610068082,0,5,12.0,-6.0,4.0,4.0
uep001,8,2,5,RR,12.0,2.0,2,2.304023199160156,1,6.363586339158006,172.7140610068082,184.38167054512638,0,5,12.0,-6.0,4.0,4.0
uep001,8,2,6,RR,12.0,-11.0,2,2.024249588683784,1,5.640447989207821,184.38167054512638,195.04636812301797,0,5,12.0,-6.0,4.0,4.0
uep001,8,2,7,RR,12.0,-7.0,2,2.73981093615378,1,6.375451124179598,195.04636812301797,207.16163018335135,0,5,12.0,-6.0,4.0,4.0
uep001,8,2,8,RR,4.0,-3.0,2,1.6104668726170825,1,6.163135472003893,207.16163018335135,217.93523252797232,0,5,12.0,-6.0,4.0,4.0
uep001,8,2,9,RR,9.0,-4.0,2,2.8612182452094146,1,6.030745954125401,217.93523252797232,229.82719672730713,0,5,12.0,-6.0,4.0,4.0
uep001,8,2,10,RR,12.0,-9.0,2,1.1860292742720118,1,6.381661051728058,229.82719672730713,240.3948870533072,0,5,12.0,-6.0,4.0,4.0
