subjectId,runId,blockId,trialId,condition,leftAnswer,rightAnswer,choiceDuration,isiDuration,feedbackDuration,itiDuration,stimOnset,itiOffset,leftColor,rightColor,mu1,mu2,sd1,sd2
uep019,1,2,1,SR,-20.0,3.0,2,1.575844628740255,1,5.655981653565109,133.6416173573838,143.87344363968916,5,3,-20.0,-2.0,0,4.0
uep019,1,2,2,SR,-20.0,-1.0,2,1.5620695166984773,1,5.350832607378978,143.87344363968916,153.7863457637666,5,3,-20.0,-2.0,0,4.0
uep019,1,2,3,SR,-20.0,-4.0,2,2.048789681919493,1,5.2292387831697305,153.7863457637666,164.06437422885583,5,3,-20.0,-2.0,0,4.0
uep019,1,2,4,SR,-20.0,-5.0,2,3.02310055975987,1,5.681875968324786,164.06437422885583,175.7693507569405,5,3,-20.0,-2.0,0,4.0
uep019,1,2,5,SR,-20.0,6.0,2,1.101253545151433,1,5.7894943695040215,175.7693507569405,185.66009867159593,5,3,-20.0,-2.0,0,4.0
uep019,1,2,6,SR,-20.0,-1.0,2,2.475690235758648,1,5.798959660169622,185.66009867159593,196.9347485675242,5,3,-20.0,-2.0,0,4.0
uep019,1,2,7,SR,-20.0,-5.0,2,1.0113601100170555,1,5.987464156213159,196.9347485675242,206.9335728337544,5,3,-20.0,-2.0,0,4.0
uep019,1,2,8,SR,-20.0,-11.0,2,1.8552954583882402,1,5.052000534736875,206.9335728337544,216.8408688268795,5,3,-20.0,-2.0,0,4.0
uep019,1,2,9,SR,-20.0,-2.0,2,2.60752661584481,1,6.515459826151813,216.8408688268795,228.96385526887613,5,3,-20.0,-2.0,0,4.0
uep019,1,2,10,SR,-20.0,-4.0,2,1.672714309027337,1,6.847852766950506,228.96385526887613,240.48442234485395,5,3,-20.0,-2.0,0,4.0
