subjectId,runId,blockId,trialId,condition,leftAnswer,rightAnswer,choiceDuration,isiDuration,feedbackDuration,itiDuration,stimOnset,itiOffset,leftColor,rightColor,mu1,mu2,sd1,sd2
uep052,1,1,1,RS,8.0,11.0,2,2.14746326945458,1,5.539407286831016,16,26.686870556285594,7,0,2.0,11.0,4.0,0
uep052,1,1,2,RS,-5.0,11.0,2,2.3774286824395463,1,5.1002004657556155,26.686870556285594,37.164499704480754,7,0,2.0,11.0,4.0,0
uep052,1,1,3,RS,4.0,11.0,2,1.1663085580190946,1,6.678378636839609,37.164499704480754,48.00918689933946,7,0,2.0,11.0,4.0,0
uep052,1,1,4,RS,1.0,11.0,2,1.7551936023464176,1,6.410766002488868,48.00918689933946,59.17514650417475,7,0,2.0,11.0,4.0,0
uep052,1,1,5,RS,1.0,11.0,2,2.254029225666012,1,5.42011103213249,59.17514650417475,69.84928676197325,7,0,2.0,11.0,4.0,0
uep052,1,1,6,RS,-6.0,11.0,2,1.6949380344918994,1,6.767152864685208,69.84928676197325,81.31137766115035,7,0,2.0,11.0,4.0,0
uep052,1,1,7,RS,2.0,11.0,2,1.3547330201844596,1,6.364080765015308,81.31137766115035,92.0301914463501,7,0,2.0,11.0,4.0,0
uep052,1,1,8,RS,3.0,11.0,2,2.4296723205405923,1,5.791500320916596,92.0301914463501,103.25136408780729,7,0,2.0,11.0,4.0,0
uep052,1,1,9,RS,-5.0,11.0,2,1.9314491051570175,1,6.201568074030514,103.25136408780729,114.38438126699482,7,0,2.0,11.0,4.0,0
uep052,1,1,10,RS,4.0,11.0,2,1.321760946381048,1,5.239393797563782,114.38438126699482,123.94553601093965,7,0,2.0,11.0,4.0,0
