subjectId,runId,blockId,trialId,condition,leftAnswer,rightAnswer,choiceDuration,isiDuration,feedbackDuration,itiDuration,stimOnset,itiOffset,leftColor,rightColor,mu1,mu2,sd1,sd2
uep016,7,4,1,RR,-0.0,4.0,2,2.4683595296070475,1,5.217582487399275,362.481860126816,373.1678021438223,6,0,-3.0,-3.0,4.0,4.0
uep016,7,4,2,RR,-1.0,-6.0,2,2.158881865267704,1,5.439672108768265,373.1678021438223,383.76635611785827,6,0,-3.0,-3.0,4.0,4.0
uep016,7,4,3,RR,-8.0,-4.0,2,2.4990265757993555,1,5.901907655561876,383.76635611785827,395.1672903492195,6,0,-3.0,-3.0,4.0,4.0
uep016,7,4,4,RR,-3.0,2.0,2,1.0812983976774582,1,5.528012476187135,395.1672903492195,404.7766012230841,6,0,-3.0,-3.0,4.0,4.0
uep016,7,4,5,RR,-6.0,-1.0,2,2.354286824210029,1,7.108552960023817,404.7766012230841,417.23944100731796,6,0,-3.0,-3.0,4.0,4.0
uep016,7,4,6,RR,-5.0,-3.0,2,1.12952825983338,1,6.808288040833739,417.23944100731796,428.1772573079851,6,0,-3.0,-3.0,4.0,4.0
uep016,7,4,7,RR,-5.0,-1.0,2,2.27492668988603,1,5.191041806026403,428.1772573079851,438.6432258038975,6,0,-3.0,-3.0,4.0,4.0
uep016,7,4,8,RR,-5.0,-1.0,2,2.1443063115969063,1,5.720844189816625,438.6432258038975,449.508376305311,6,0,-3.0,-3.0,4.0,4.0
uep016,7,4,9,RR,-8.0,-2.0,2,1.9321799439277307,1,6.4952602809050735,449.508376305311,460.9358165301438,6,0,-3.0,-3.0,4.0,4.0
uep016,7,4,10,RR,8.0,-7.0,2,3.0338140847279256,1,7.03036938512821,460.9358165301438,473.99999999999994,6,0,-3.0,-3.0,4.0,4.0
