subjectId,runId,blockId,trialId,condition,leftAnswer,rightAnswer,choiceDuration,isiDuration,feedbackDuration,itiDuration,stimOnset,itiOffset,leftColor,rightColor,mu1,mu2,sd1,sd2
uep037,1,3,1,SR,18.0,1.0,2,1.1200527605799329,1,5.855564157822116,248.16191903309232,258.1375359514944,1,0,18.0,-3.0,0,4.0
uep037,1,3,2,SR,18.0,-4.0,2,2.4838854583279524,1,6.873252108181106,258.1375359514944,270.4946735180034,1,0,18.0,-3.0,0,4.0
uep037,1,3,3,SR,18.0,-1.0,2,1.2567361721092214,1,7.003335741802922,270.4946735180034,281.7547454319156,1,0,18.0,-3.0,0,4.0
uep037,1,3,4,SR,18.0,5.0,2,1.327738493990188,1,6.057211942328201,281.7547454319156,292.13969586823396,1,0,18.0,-3.0,0,4.0
uep037,1,3,5,SR,18.0,-2.0,2,1.7282409828573573,1,5.115319301796422,292.13969586823396,301.98325615288775,1,0,18.0,-3.0,0,4.0
uep037,1,3,6,SR,18.0,-3.0,2,2.777597886542218,1,5.91379097847394,301.98325615288775,313.67464501790386,1,0,18.0,-3.0,0,4.0
uep037,1,3,7,SR,18.0,-6.0,2,1.5151405652125254,1,5.690674882967539,313.67464501790386,323.8804604660839,1,0,18.0,-3.0,0,4.0
uep037,1,3,8,SR,18.0,0.0,2,2.8766791489991954,1,6.794490552658336,323.8804604660839,336.5516301677414,1,0,18.0,-3.0,0,4.0
uep037,1,3,9,SR,18.0,-3.0,2,2.9837500148919496,1,6.864312145837041,336.5516301677414,349.3996923284704,1,0,18.0,-3.0,0,4.0
uep037,1,3,10,SR,18.0,5.0,2,2.218580030780267,1,6.016708957743549,349.3996923284704,360.63498131699424,1,0,18.0,-3.0,0,4.0
