subjectId,runId,blockId,trialId,condition,leftAnswer,rightAnswer,choiceDuration,isiDuration,feedbackDuration,itiDuration,stimOnset,itiOffset,leftColor,rightColor,mu1,mu2,sd1,sd2
uep002,3,1,1,RS,-1.0,7.0,2,2.390456194915996,1,5.596281709668936,16,26.98673790458493,1,4,-6.0,7.0,4.0,0
uep002,3,1,2,RS,-7.0,7.0,2,1.3867320865263595,1,5.562122179318412,26.98673790458493,36.9355921704297,1,4,-6.0,7.0,4.0,0
uep002,3,1,3,RS,-5.0,7.0,2,2.9311737933021966,1,6.75706521453557,36.9355921704297,49.623831178267466,1,4,-6.0,7.0,4.0,0
uep002,3,1,4,RS,-5.0,7.0,2,1.5023712585333249,1,5.699919096579362,49.623831178267466,59.82612153338015,1,4,-6.0,7.0,4.0,0
uep002,3,1,5,RS,-1.0,7.0,2,2.5373262662759357,1,5.507055889833379,59.82612153338015,70.87050368948947,1,4,-6.0,7.0,4.0,0
uep002,3,1,6,RS,-6.0,7.0,2,1.7424557488706351,1,5.122005775173092,70.87050368948947,80.7349652135332,1,4,-6.0,7.0,4.0,0
uep002,3,1,7,RS,-2.0,7.0,2,2.617938823946242,1,6.935866244136537,80.7349652135332,93.28877028161598,1,4,-6.0,7.0,4.0,0
uep002,3,1,8,RS,-4.0,7.0,2,2.403018527585584,1,6.237266335777445,93.28877028161598,104.92905514497902,1,4,-6.0,7.0,4.0,0
uep002,3,1,9,RS,-7.0,7.0,2,2.4488482705971033,1,6.316741919864765,104.92905514497902,116.69464533544088,1,4,-6.0,7.0,4.0,0
uep002,3,1,10,RS,1.0,7.0,2,1.9118741153765009,1,5.4452962234785165,116.69464533544088,127.05181567429591,1,4,-6.0,7.0,4.0,0
