subjectId,runId,blockId,trialId,condition,leftAnswer,rightAnswer,choiceDuration,isiDuration,feedbackDuration,itiDuration,stimOnset,itiOffset,leftColor,rightColor,mu1,mu2,sd1,sd2
uep004,3,1,1,RS,6.0,-0.0,2,2.9015079075258763,1,6.813440515778713,16,28.714948423304588,6,3,3.0,-0.0,4.0,0
uep004,3,1,2,RS,5.0,-0.0,2,1.6406105232211,1,5.425126270651818,28.714948423304588,38.780685217177506,6,3,3.0,-0.0,4.0,0
uep004,3,1,3,RS,9.0,-0.0,2,2.471834807602785,1,6.298934742520628,38.780685217177506,50.55145476730092,6,3,3.0,-0.0,4.0,0
uep004,3,1,4,RS,5.0,-0.0,2,1.4930216008789816,1,6.469361791584515,50.55145476730092,61.51383815976442,6,3,3.0,-0.0,4.0,0
uep004,3,1,5,RS,-3.0,-0.0,2,2.2610013188891256,1,6.132603860200636,61.51383815976442,72.90744333885418,6,3,3.0,-0.0,4.0,0
uep004,3,1,6,RS,4.0,-0.0,2,1.5802452371482745,1,5.925651517843934,72.90744333885418,83.41334009384639,6,3,3.0,-0.0,4.0,0
uep004,3,1,7,RS,8.0,-0.0,2,2.6967471060054113,1,6.521222344180534,83.41334009384639,95.63130954403233,6,3,3.0,-0.0,4.0,0
uep004,3,1,8,RS,-7.0,-0.0,2,2.45892928693399,1,5.784669136758352,95.63130954403233,106.87490796772468,6,3,3.0,-0.0,4.0,0
uep004,3,1,9,RS,9.0,-0.0,2,2.4919229930158604,1,6.4194713424061245,106.87490796772468,118.78630230314667,6,3,3.0,-0.0,4.0,0
uep004,3,1,10,RS,3.0,-0.0,2,2.8320316268470873,1,6.0295073718696,118.78630230314667,130.64784130186337,6,3,3.0,-0.0,4.0,0
