subjectId,runId,blockId,trialId,condition,leftAnswer,rightAnswer,choiceDuration,isiDuration,feedbackDuration,itiDuration,stimOnset,itiOffset,leftColor,rightColor,mu1,mu2,sd1,sd2
uep041,1,1,1,SS,-0.0,-6.0,2,2.79815943220368,1,5.030690347695936,16,26.828849779899613,6,2,-0.0,-6.0,0,0
uep041,1,1,2,SS,-0.0,-6.0,2,1.2915768644135897,1,5.249870070071798,26.828849779899613,36.370296714385,6,2,-0.0,-6.0,0,0
uep041,1,1,3,SS,-0.0,-6.0,2,2.4458754354414176,1,6.341164493551664,36.370296714385,48.15733664337808,6,2,-0.0,-6.0,0,0
uep041,1,1,4,SS,-0.0,-6.0,2,2.0490149343857613,1,4.853508215588249,48.15733664337808,58.05985979335209,6,2,-0.0,-6.0,0,0
uep041,1,1,5,SS,-0.0,-6.0,2,2.6001604481036615,1,6.670270869847254,58.05985979335209,70.33029111130301,6,2,-0.0,-6.0,0,0
uep041,1,1,6,SS,-0.0,-6.0,2,1.8710611080057509,1,5.054659947138786,70.33029111130301,80.25601216644755,6,2,-0.0,-6.0,0,0
uep041,1,1,7,SS,-0.0,-6.0,2,1.6884519240978775,1,4.9156055534954515,80.25601216644755,89.86006964404088,6,2,-0.0,-6.0,0,0
uep041,1,1,8,SS,-0.0,-6.0,2,1.59493177650347,1,6.207694086588131,89.86006964404088,100.66269550713248,6,2,-0.0,-6.0,0,0
uep041,1,1,9,SS,-0.0,-6.0,2,2.3965650024999614,1,6.5543882506060624,100.66269550713248,112.6136487602385,6,2,-0.0,-6.0,0,0
uep041,1,1,10,SS,-0.0,-6.0,2,1.0406012757916039,1,6.642875960344398,112.6136487602385,123.2971259963745,6,2,-0.0,-6.0,0,0
