subjectId,runId,blockId,trialId,condition,leftAnswer,rightAnswer,choiceDuration,isiDuration,feedbackDuration,itiDuration,stimOnset,itiOffset,leftColor,rightColor,mu1,mu2,sd1,sd2
uep022,1,4,1,SR,0.0,9.0,2,2.9884300373759074,1,6.594945844103236,359.70745471918747,372.2908306006666,6,4,0.0,11.0,0,4.0
uep022,1,4,2,SR,0.0,15.0,2,2.9706347654887875,1,5.457489060755333,372.2908306006666,383.7189544269107,6,4,0.0,11.0,0,4.0
uep022,1,4,3,SR,0.0,12.0,2,2.3422436649485987,1,6.180422237514792,383.7189544269107,395.24162032937414,6,4,0.0,11.0,0,4.0
uep022,1,4,4,SR,0.0,11.0,2,1.9291912947911816,1,7.093528525300797,395.24162032937414,407.2643401494661,6,4,0.0,11.0,0,4.0
uep022,1,4,5,SR,0.0,14.0,2,2.872210389230258,1,6.157468157999977,407.2643401494661,419.2940186966963,6,4,0.0,11.0,0,4.0
uep022,1,4,6,SR,0.0,12.0,2,2.4498971821030344,1,5.271569644412,419.2940186966963,430.01548552321134,6,4,0.0,11.0,0,4.0
uep022,1,4,7,SR,0.0,9.0,2,1.491901340984334,1,6.306686814771011,430.01548552321134,440.8140736789667,6,4,0.0,11.0,0,4.0
uep022,1,4,8,SR,0.0,11.0,2,1.7588575843743037,1,6.258273623023121,440.8140736789667,451.8312048863641,6,4,0.0,11.0,0,4.0
uep022,1,4,9,SR,0.0,11.0,2,2.895047176995817,1,6.949318891912745,451.8312048863641,464.6755709552727,6,4,0.0,11.0,0,4.0
uep022,1,4,10,SR,0.0,8.0,2,1.1391736100799448,1,5.1852554346474315,464.6755709552727,474.00000000000006,6,4,0.0,11.0,0,4.0
