subjectId,runId,blockId,trialId,condition,leftAnswer,rightAnswer,choiceDuration,isiDuration,feedbackDuration,itiDuration,stimOnset,itiOffset,leftColor,rightColor,mu1,mu2,sd1,sd2
uep002,8,3,1,RS,4.0,-2.0,2,1.2458607519600116,1,6.133566492540004,251.1983450601749,261.5777723046749,3,2,3.0,-2.0,4.0,0
uep002,8,3,2,RS,2.0,-2.0,2,1.8433837360712273,1,5.036186116924191,261.5777723046749,271.4573421576703,3,2,3.0,-2.0,4.0,0
uep002,8,3,3,RS,0.0,-2.0,2,1.4025006551789923,1,5.110436374545453,271.4573421576703,280.97027918739474,3,2,3.0,-2.0,4.0,0
uep002,8,3,4,RS,2.0,-2.0,2,1.3855250009531122,1,6.755439907287076,280.97027918739474,292.11124409563496,3,2,3.0,-2.0,4.0,0
uep002,8,3,5,RS,-1.0,-2.0,2,1.9201257071214513,1,6.226761361193829,292.11124409563496,303.2581311639502,3,2,3.0,-2.0,4.0,0
uep002,8,3,6,RS,-1.0,-2.0,2,1.7707078292161558,1,5.634777231967956,303.2581311639502,313.6636162251344,3,2,3.0,-2.0,4.0,0
uep002,8,3,7,RS,3.0,-2.0,2,2.6057734881883294,1,5.472970605477871,313.6636162251344,324.7423603188006,3,2,3.0,-2.0,4.0,0
uep002,8,3,8,RS,7.0,-2.0,2,2.2896843979629575,1,6.284346800556606,324.7423603188006,336.31639151732014,3,2,3.0,-2.0,4.0,0
uep002,8,3,9,RS,0.0,-2.0,2,1.4143117847539932,1,6.561080935952386,336.31639151732014,347.2917842380265,3,2,3.0,-2.0,4.0,0
uep002,8,3,10,RS,1.0,-2.0,2,2.303197488472667,1,5.2325367148359385,347.2917842380265,357.8275184413351,3,2,3.0,-2.0,4.0,0
