subjectId,runId,blockId,trialId,condition,leftAnswer,rightAnswer,choiceDuration,isiDuration,feedbackDuration,itiDuration,stimOnset,itiOffset,leftColor,rightColor,mu1,mu2,sd1,sd2
uep032,8,4,1,RS,-2.0,-19.0,2,2.981775714194634,1,5.663375947619566,361.8115350108835,373.4566866726977,7,0,-3.0,-19.0,4.0,0
uep032,8,4,2,RS,-4.0,-19.0,2,2.8715636794562225,1,5.971202017789048,373.4566866726977,385.29945236994297,7,0,-3.0,-19.0,4.0,0
uep032,8,4,3,RS,-10.0,-19.0,2,1.8460572728708229,1,7.016540458376614,385.29945236994297,397.1620501011904,7,0,-3.0,-19.0,4.0,0
uep032,8,4,4,RS,-3.0,-19.0,2,2.937311822234132,1,6.875601343620467,397.1620501011904,409.974963267045,7,0,-3.0,-19.0,4.0,0
uep032,8,4,5,RS,-0.0,-19.0,2,1.0771925425911364,1,5.189169077540326,409.974963267045,419.24132488717646,7,0,-3.0,-19.0,4.0,0
uep032,8,4,6,RS,-5.0,-19.0,2,2.769350769809624,1,6.912792093342762,419.24132488717646,431.9234677503289,7,0,-3.0,-19.0,4.0,0
uep032,8,4,7,RS,-1.0,-19.0,2,2.541047332939276,1,5.34620198906822,431.9234677503289,442.8107170723364,7,0,-3.0,-19.0,4.0,0
uep032,8,4,8,RS,-3.0,-19.0,2,1.3516442681470036,1,5.14230862181124,442.8107170723364,452.30466996229467,7,0,-3.0,-19.0,4.0,0
uep032,8,4,9,RS,-2.0,-19.0,2,1.7732987909583147,1,5.958601520987834,452.30466996229467,463.03657027424083,7,0,-3.0,-19.0,4.0,0
uep032,8,4,10,RS,-1.0,-19.0,2,1.541908076252985,1,6.421521649506218,463.03657027424083,474.0,7,0,-3.0,-19.0,4.0,0
