subjectId,runId,blockId,trialId,condition,leftAnswer,rightAnswer,choiceDuration,isiDuration,feedbackDuration,itiDuration,stimOnset,itiOffset,leftColor,rightColor,mu1,mu2,sd1,sd2
uep017,7,2,1,RR,-2.0,-13.0,2,1.2598733626601972,1,6.840140660307008,131.9042813845806,143.0042954075478,0,3,3.0,-9.0,4.0,4.0
uep017,7,2,2,RR,7.0,-13.0,2,2.5007742109342237,1,6.667950358972914,143.0042954075478,155.17301997745494,0,3,3.0,-9.0,4.0,4.0
uep017,7,2,3,RR,4.0,-9.0,2,2.387967584002007,1,5.570968736258579,155.17301997745494,166.13195629771553,0,3,3.0,-9.0,4.0,4.0
uep017,7,2,4,RR,3.0,-14.0,2,2.1835157092885713,1,5.567402179122286,166.13195629771553,176.8828741861264,0,3,3.0,-9.0,4.0,4.0
uep017,7,2,5,RR,4.0,-6.0,2,1.7557716855050547,1,6.601790373213871,176.8828741861264,188.24043624484534,0,3,3.0,-9.0,4.0,4.0
uep017,7,2,6,RR,-1.0,-11.0,2,1.394631232607895,1,6.116778639681822,188.24043624484534,198.75184611713507,0,3,3.0,-9.0,4.0,4.0
uep017,7,2,7,RR,4.0,-9.0,2,2.3520232213472694,1,6.739122167487704,198.75184611713507,210.84299150597005,0,3,3.0,-9.0,4.0,4.0
uep017,7,2,8,RR,3.0,-7.0,2,1.3324280816400782,1,7.117674306174723,210.84299150597005,222.29309389378486,0,3,3.0,-9.0,4.0,4.0
uep017,7,2,9,RR,-1.0,-13.0,2,2.1816139775768066,1,6.642298266415496,222.29309389378486,234.11700613777717,0,3,3.0,-9.0,4.0,4.0
uep017,7,2,10,RR,1.0,-4.0,2,1.9414407495140449,1,5.338183222298497,234.11700613777717,244.3966301095897,0,3,3.0,-9.0,4.0,4.0
