subjectId,runId,blockId,trialId,condition,leftAnswer,rightAnswer,choiceDuration,isiDuration,feedbackDuration,itiDuration,stimOnset,itiOffset,leftColor,rightColor,mu1,mu2,sd1,sd2
uep030,2,1,1,SS,-2.0,1.0,2,2.4550638763830803,1,5.686490464111487,16,27.141554340494565,1,4,-2.0,1.0,0,0
uep030,2,1,2,SS,-2.0,1.0,2,2.4343407262743275,1,5.412971886984993,27.141554340494565,37.988866953753885,1,4,-2.0,1.0,0,0
uep030,2,1,3,SS,-2.0,1.0,2,1.7621634227273741,1,6.570317830311848,37.988866953753885,49.32134820679311,1,4,-2.0,1.0,0,0
uep030,2,1,4,SS,-2.0,1.0,2,1.9355935267132578,1,6.132867139786701,49.32134820679311,60.38980887329307,1,4,-2.0,1.0,0,0
uep030,2,1,5,SS,-2.0,1.0,2,1.489934766826385,1,4.9932859963073835,60.38980887329307,69.87302963642684,1,4,-2.0,1.0,0,0
uep030,2,1,6,SS,-2.0,1.0,2,1.4503541547051466,1,6.674134101847959,69.87302963642684,80.99751789297994,1,4,-2.0,1.0,0,0
uep030,2,1,7,SS,-2.0,1.0,2,2.857883766870653,1,4.98611285470367,80.99751789297994,91.84151451455426,1,4,-2.0,1.0,0,0
uep030,2,1,8,SS,-2.0,1.0,2,1.6840065290933435,1,5.935083941752938,91.84151451455426,102.46060498540054,1,4,-2.0,1.0,0,0
uep030,2,1,9,SS,-2.0,1.0,2,2.7470091426204517,1,6.583313113388124,102.46060498540054,114.79092724140912,1,4,-2.0,1.0,0,0
uep030,2,1,10,SS,-2.0,1.0,2,2.0249815498850667,1,6.11537622393269,114.79092724140912,125.93128501522688,1,4,-2.0,1.0,0,0
