subjectId,runId,blockId,trialId,condition,leftAnswer,rightAnswer,choiceDuration,isiDuration,feedbackDuration,itiDuration,stimOnset,itiOffset,leftColor,rightColor,mu1,mu2,sd1,sd2
uep027,8,3,1,SS,-4.0,-1.0,2,2.644845697274792,1,5.488963665829485,248.01728860718683,259.1510979702911,5,7,-4.0,-1.0,0,0
uep027,8,3,2,SS,-4.0,-1.0,2,1.4665619257686744,1,5.695375270332697,259.1510979702911,269.3130351663925,5,7,-4.0,-1.0,0,0
uep027,8,3,3,SS,-4.0,-1.0,2,1.191882758181257,1,5.514193189942604,269.3130351663925,279.01911111451636,5,7,-4.0,-1.0,0,0
uep027,8,3,4,SS,-4.0,-1.0,2,2.3804789105602286,1,5.931913398146479,279.01911111451636,290.33150342322307,5,7,-4.0,-1.0,0,0
uep027,8,3,5,SS,-4.0,-1.0,2,1.2843898603091708,1,5.363204677658452,290.33150342322307,299.9790979611907,5,7,-4.0,-1.0,0,0
uep027,8,3,6,SS,-4.0,-1.0,2,1.4963720881023055,1,5.0689156096400465,299.9790979611907,309.54438565893304,5,7,-4.0,-1.0,0,0
uep027,8,3,7,SS,-4.0,-1.0,2,1.6099862916174905,1,6.233705280901326,309.54438565893304,320.38807723145186,5,7,-4.0,-1.0,0,0
uep027,8,3,8,SS,-4.0,-1.0,2,2.904068434924189,1,5.365628062411771,320.38807723145186,331.6577737287878,5,7,-4.0,-1.0,0,0
uep027,8,3,9,SS,-4.0,-1.0,2,2.6406738982635356,1,5.479669875293281,331.6577737287878,342.77811750234457,5,7,-4.0,-1.0,0,0
uep027,8,3,10,SS,-4.0,-1.0,2,2.5583391991080795,1,6.268731658351879,342.77811750234457,354.6051883598046,5,7,-4.0,-1.0,0,0
