subjectId,runId,blockId,trialId,condition,leftAnswer,rightAnswer,choiceDuration,isiDuration,feedbackDuration,itiDuration,stimOnset,itiOffset,leftColor,rightColor,mu1,mu2,sd1,sd2
uep003,2,1,1,RS,4.0,-2.0,2,1.1009071102599093,1,5.91859816577951,16,26.01950527603942,2,1,5.0,-2.0,4.0,0
uep003,2,1,2,RS,5.0,-2.0,2,2.3289339382184058,1,6.107674162578131,26.01950527603942,37.45611337683596,2,1,5.0,-2.0,4.0,0
uep003,2,1,3,RS,1.0,-2.0,2,2.3134501376225183,1,5.9240017395176245,37.45611337683596,48.693565253976104,2,1,5.0,-2.0,4.0,0
uep003,2,1,4,RS,9.0,-2.0,2,2.257463220502775,1,5.636105655170248,48.693565253976104,59.58713412964913,2,1,5.0,-2.0,4.0,0
uep003,2,1,5,RS,2.0,-2.0,2,2.361531770762448,1,6.728784058740093,59.58713412964913,71.67744995915167,2,1,5.0,-2.0,4.0,0
uep003,2,1,6,RS,7.0,-2.0,2,2.0035225481865924,1,5.095741949767352,71.67744995915167,81.77671445710563,2,1,5.0,-2.0,4.0,0
uep003,2,1,7,RS,10.0,-2.0,2,1.5120895952194904,1,6.735284104734529,81.77671445710563,93.02408815705965,2,1,5.0,-2.0,4.0,0
uep003,2,1,8,RS,13.0,-2.0,2,2.7609767150656266,1,5.492998267973212,93.02408815705965,104.27806314009848,2,1,5.0,-2.0,4.0,0
uep003,2,1,9,RS,2.0,-2.0,2,2.604707257856661,1,6.5356161476719,104.27806314009848,116.41838654562704,2,1,5.0,-2.0,4.0,0
uep003,2,1,10,RS,3.0,-2.0,2,2.0700531858746434,1,5.817648394101672,116.41838654562704,127.30608812560335,2,1,5.0,-2.0,4.0,0
