subjectId,runId,blockId,trialId,condition,leftAnswer,rightAnswer,choiceDuration,isiDuration,feedbackDuration,itiDuration,stimOnset,itiOffset,leftColor,rightColor,mu1,mu2,sd1,sd2
uep000,2,2,1,SR,-0.0,1.0,2,1.7463926548824429,1,6.721385220990411,132.7317543462236,144.19953222209645,3,5,-0.0,-1.0,0,4.0
uep000,2,2,2,SR,-0.0,0.0,2,2.108933263893878,1,6.615394796900459,144.19953222209645,155.9238602828908,3,5,-0.0,-1.0,0,4.0
uep000,2,2,3,SR,-0.0,0.0,2,2.3927238008496157,1,5.859431909155447,155.9238602828908,167.17601599289583,3,5,-0.0,-1.0,0,4.0
uep000,2,2,4,SR,-0.0,-3.0,2,2.2022443268397915,1,5.896090539026363,167.17601599289583,178.274350858762,3,5,-0.0,-1.0,0,4.0
uep000,2,2,5,SR,-0.0,-3.0,2,1.548162058155505,1,6.463996941900045,178.274350858762,189.28650985881754,3,5,-0.0,-1.0,0,4.0
uep000,2,2,6,SR,-0.0,-2.0,2,1.4493480014688502,1,5.691688870184602,189.28650985881754,199.427546730471,3,5,-0.0,-1.0,0,4.0
uep000,2,2,7,SR,-0.0,-5.0,2,2.779447014610275,1,5.2860075999027725,199.427546730471,210.49300134498404,3,5,-0.0,-1.0,0,4.0
uep000,2,2,8,SR,-0.0,-9.0,2,1.7309434953589447,1,5.672325421131063,210.49300134498404,220.89627026147406,3,5,-0.0,-1.0,0,4.0
uep000,2,2,9,SR,-0.0,-0.0,2,2.221484291136499,1,7.003174825449282,220.89627026147406,233.12092937805986,3,5,-0.0,-1.0,0,4.0
uep000,2,2,10,SR,-0.0,-4.0,2,1.720692139364477,1,5.615691442351827,233.12092937805986,243.45731295977615,3,5,-0.0,-1.0,0,4.0
