subjectId,runId,blockId,trialId,condition,leftAnswer,rightAnswer,choiceDuration,isiDuration,feedbackDuration,itiDuration,stimOnset,itiOffset,leftColor,rightColor,mu1,mu2,sd1,sd2
uep039,8,3,1,RS,10.0,-24.0,2,2.3000139688841332,1,5.436816384297477,247.18699503790714,257.92382539108877,2,3,6.0,-24.0,4.0,0
uep039,8,3,2,RS,8.0,-24.0,2,1.822537195951687,1,5.47663105637827,257.92382539108877,268.2229936434187,2,3,6.0,-24.0,4.0,0
uep039,8,3,3,RS,15.0,-24.0,2,2.675087228186999,1,6.854152756526467,268.2229936434187,280.75223362813216,2,3,6.0,-24.0,4.0,0
uep039,8,3,4,RS,2.0,-24.0,2,1.3341162122023131,1,6.368635227767087,280.75223362813216,291.45498506810156,2,3,6.0,-24.0,4.0,0
uep039,8,3,5,RS,15.0,-24.0,2,2.584776757547415,1,5.869868717074518,291.45498506810156,302.90963054272345,2,3,6.0,-24.0,4.0,0
uep039,8,3,6,RS,4.0,-24.0,2,2.7594484091716756,1,7.025382862989583,302.90963054272345,315.69446181488473,2,3,6.0,-24.0,4.0,0
uep039,8,3,7,RS,4.0,-24.0,2,2.211046108111026,1,6.122815516652541,315.69446181488473,327.0283234396483,2,3,6.0,-24.0,4.0,0
uep039,8,3,8,RS,6.0,-24.0,2,1.720695118539259,1,5.720830460167773,327.0283234396483,337.4698490183553,2,3,6.0,-24.0,4.0,0
uep039,8,3,9,RS,-4.0,-24.0,2,2.950554641758522,1,5.392714486446922,337.4698490183553,348.8131181465608,2,3,6.0,-24.0,4.0,0
uep039,8,3,10,RS,7.0,-24.0,2,1.44239933076602,1,6.795884442748539,348.8131181465608,360.05140192007536,2,3,6.0,-24.0,4.0,0
