subjectId,runId,blockId,trialId,condition,leftAnswer,rightAnswer,choiceDuration,isiDuration,feedbackDuration,itiDuration,stimOnset,itiOffset,leftColor,rightColor,mu1,mu2,sd1,sd2
uep013,4,2,1,SR,-2.0,9.0,2,1.5690803409349006,1,5.4761287889076655,129.77980652049416,139.82501565033672,6,7,-2.0,0.0,0,4.0
uep013,4,2,2,SR,-2.0,-3.0,2,2.6112564432911203,1,5.410121109029542,139.82501565033672,150.8463932026574,6,7,-2.0,0.0,0,4.0
uep013,4,2,3,SR,-2.0,-5.0,2,2.664847999087909,1,6.76212990308381,150.8463932026574,163.2733711048291,6,7,-2.0,0.0,0,4.0
uep013,4,2,4,SR,-2.0,1.0,2,1.6031534094510729,1,6.613308910051807,163.2733711048291,174.48983342433198,6,7,-2.0,0.0,0,4.0
uep013,4,2,5,SR,-2.0,6.0,2,2.229408880062304,1,6.431342907427157,174.48983342433198,186.15058521182144,6,7,-2.0,0.0,0,4.0
uep013,4,2,6,SR,-2.0,1.0,2,1.2901698496277973,1,6.642475360111863,186.15058521182144,197.0832304215611,6,7,-2.0,0.0,0,4.0
uep013,4,2,7,SR,-2.0,-2.0,2,2.7118053828781727,1,5.046975412542254,197.0832304215611,207.84201121698152,6,7,-2.0,0.0,0,4.0
uep013,4,2,8,SR,-2.0,5.0,2,1.101829307620397,1,5.977365846897148,207.84201121698152,217.92120637149907,6,7,-2.0,0.0,0,4.0
uep013,4,2,9,SR,-2.0,-1.0,2,1.572380450044979,1,6.297385726426035,217.92120637149907,228.79097254797009,6,7,-2.0,0.0,0,4.0
uep013,4,2,10,SR,-2.0,0.0,2,1.4998652167525077,1,6.881461773089627,228.79097254797009,240.17229953781222,6,7,-2.0,0.0,0,4.0
