subjectId,runId,blockId,trialId,condition,leftAnswer,rightAnswer,choiceDuration,isiDuration,feedbackDuration,itiDuration,stimOnset,itiOffset,leftColor,rightColor,mu1,mu2,sd1,sd2
uep058,3,2,1,SS,-13.0,-4.0,2,1.044316220583199,1,5.397892620618121,136.0599130569234,145.5021218981247,5,7,-13.0,-4.0,0,0
uep058,3,2,2,SS,-13.0,-4.0,2,1.9214098496256073,1,6.578830259108208,145.5021218981247,157.0023620068585,5,7,-13.0,-4.0,0,0
uep058,3,2,3,SS,-13.0,-4.0,2,2.561871544808717,1,4.994007632853143,157.0023620068585,167.55824118452037,5,7,-13.0,-4.0,0,0
uep058,3,2,4,SS,-13.0,-4.0,2,1.143180827567051,1,6.580015486445024,167.55824118452037,178.28143749853245,5,7,-13.0,-4.0,0,0
uep058,3,2,5,SS,-13.0,-4.0,2,2.050872397225086,1,6.081530695400193,178.28143749853245,189.41384059115774,5,7,-13.0,-4.0,0,0
uep058,3,2,6,SS,-13.0,-4.0,2,2.0066611520770885,1,5.884402238320177,189.41384059115774,200.30490398155501,5,7,-13.0,-4.0,0,0
uep058,3,2,7,SS,-13.0,-4.0,2,2.890956962973016,1,5.458699453822434,200.30490398155501,211.65456039835047,5,7,-13.0,-4.0,0,0
uep058,3,2,8,SS,-13.0,-4.0,2,2.5370018846274096,1,6.256399190279205,211.65456039835047,223.4479614732571,5,7,-13.0,-4.0,0,0
uep058,3,2,9,SS,-13.0,-4.0,2,0.986769533698238,1,6.122826103126018,223.4479614732571,233.55755711008135,5,7,-13.0,-4.0,0,0
uep058,3,2,10,SS,-13.0,-4.0,2,2.856313448324078,1,5.9475100507957235,233.55755711008135,245.36138060920115,5,7,-13.0,-4.0,0,0
