subjectId,runId,blockId,trialId,condition,leftAnswer,rightAnswer,choiceDuration,isiDuration,feedbackDuration,itiDuration,stimOnset,itiOffset,leftColor,rightColor,mu1,mu2,sd1,sd2
uep022,8,2,1,SR,-5.0,-14.0,2,2.2839282736461235,1,6.959652013146944,130.28112020825515,142.52470049504822,6,0,-5.0,-15.0,0,4.0
uep022,8,2,2,SR,-5.0,-17.0,2,2.019386857661787,1,5.237057723172995,142.52470049504822,152.78114507588302,6,0,-5.0,-15.0,0,4.0
uep022,8,2,3,SR,-5.0,-13.0,2,2.8740581353549453,1,5.488314142634813,152.78114507588302,164.14351735387277,6,0,-5.0,-15.0,0,4.0
uep022,8,2,4,SR,-5.0,-9.0,2,2.1515685302581486,1,6.832330771381967,164.14351735387277,176.1274166555129,6,0,-5.0,-15.0,0,4.0
uep022,8,2,5,SR,-5.0,-13.0,2,1.6173385389894102,1,6.614114379339673,176.1274166555129,187.35886957384196,6,0,-5.0,-15.0,0,4.0
uep022,8,2,6,SR,-5.0,-15.0,2,2.375301591733809,1,5.177676046536211,187.35886957384196,197.91184721211198,6,0,-5.0,-15.0,0,4.0
uep022,8,2,7,SR,-5.0,-16.0,2,1.8231440768226215,1,6.6239320426230694,197.91184721211198,209.35892333155766,6,0,-5.0,-15.0,0,4.0
uep022,8,2,8,SR,-5.0,-17.0,2,1.8579502246371231,1,6.706752683993585,209.35892333155766,220.92362624018838,6,0,-5.0,-15.0,0,4.0
uep022,8,2,9,SR,-5.0,-18.0,2,1.4658573476118157,1,6.589125741079363,220.92362624018838,231.97860932887954,6,0,-5.0,-15.0,0,4.0
uep022,8,2,10,SR,-5.0,-19.0,2,2.2030790262876874,1,6.784256457259607,231.97860932887954,243.96594481242684,6,0,-5.0,-15.0,0,4.0
