subjectId,runId,blockId,trialId,condition,leftAnswer,rightAnswer,choiceDuration,isiDuration,feedbackDuration,itiDuration,stimOnset,itiOffset,leftColor,rightColor,mu1,mu2,sd1,sd2
uep027,5,1,1,SS,-23.0,3.0,2,2.0740831246344023,1,6.302404679815223,16,27.376487804449624,1,0,-23.0,3.0,0,0
uep027,5,1,2,SS,-23.0,3.0,2,1.7322167061306346,1,6.328227035787614,27.376487804449624,38.43693154636787,1,0,-23.0,3.0,0,0
uep027,5,1,3,SS,-23.0,3.0,2,1.2925625029939374,1,5.453686481772582,38.43693154636787,48.1831805311344,1,0,-23.0,3.0,0,0
uep027,5,1,4,SS,-23.0,3.0,2,2.68423933094615,1,6.7084635544863085,48.1831805311344,60.57588341656685,1,0,-23.0,3.0,0,0
uep027,5,1,5,SS,-23.0,3.0,2,1.4489466735429195,1,6.328854044763301,60.57588341656685,71.35368413487308,1,0,-23.0,3.0,0,0
uep027,5,1,6,SS,-23.0,3.0,2,2.0877303255201394,1,5.843084858927412,71.35368413487308,82.28449931932063,1,0,-23.0,3.0,0,0
uep027,5,1,7,SS,-23.0,3.0,2,2.277420202369109,1,6.2919929782784925,82.28449931932063,93.85391249996823,1,0,-23.0,3.0,0,0
uep027,5,1,8,SS,-23.0,3.0,2,1.238084653841736,1,6.850315105755453,93.85391249996823,104.94231225956543,1,0,-23.0,3.0,0,0
uep027,5,1,9,SS,-23.0,3.0,2,2.679468268157135,1,5.143964466477274,104.94231225956543,115.76574499419984,1,0,-23.0,3.0,0,0
uep027,5,1,10,SS,-23.0,3.0,2,1.5165358906067432,1,6.091562422925071,115.76574499419984,126.37384330773165,1,0,-23.0,3.0,0,0
