subjectId,runId,blockId,trialId,condition,leftAnswer,rightAnswer,choiceDuration,isiDuration,feedbackDuration,itiDuration,stimOnset,itiOffset,leftColor,rightColor,mu1,mu2,sd1,sd2
uep029,1,1,1,SR,16.0,1.0,2,1.1190730757122047,1,5.726909671058436,16,25.84598274677064,2,0,16.0,2.0,0,4.0
uep029,1,1,2,SR,16.0,-1.0,2,2.537238098579274,1,5.722886133926462,25.84598274677064,37.106106979276376,2,0,16.0,2.0,0,4.0
uep029,1,1,3,SR,16.0,8.0,2,2.1722964327395085,1,5.678407217003566,37.106106979276376,47.95681062901945,2,0,16.0,2.0,0,4.0
uep029,1,1,4,SR,16.0,3.0,2,1.4166077935193815,1,6.7515725773727375,47.95681062901945,59.124990999911574,2,0,16.0,2.0,0,4.0
uep029,1,1,5,SR,16.0,2.0,2,2.780741873557072,1,5.862372689602377,59.124990999911574,70.76810556307103,2,0,16.0,2.0,0,4.0
uep029,1,1,6,SR,16.0,3.0,2,2.0773438715097794,1,5.719167450409814,70.76810556307103,81.56461688499063,2,0,16.0,2.0,0,4.0
uep029,1,1,7,SR,16.0,5.0,2,2.0920408246929476,1,6.276050167618697,81.56461688499063,92.93270787730226,2,0,16.0,2.0,0,4.0
uep029,1,1,8,SR,16.0,1.0,2,1.5955416801454556,1,6.663035601819298,92.93270787730226,104.19128515926703,2,0,16.0,2.0,0,4.0
uep029,1,1,9,SR,16.0,3.0,2,1.444451153580885,1,5.575450965488234,104.19128515926703,114.21118727833614,2,0,16.0,2.0,0,4.0
uep029,1,1,10,SR,16.0,-4.0,2,2.4537570170383094,1,6.060434378337348,114.21118727833614,125.7253786737118,2,0,16.0,2.0,0,4.0
