subjectId,runId,blockId,trialId,condition,leftAnswer,rightAnswer,choiceDuration,isiDuration,feedbackDuration,itiDuration,stimOnset,itiOffset,leftColor,rightColor,mu1,mu2,sd1,sd2
uep047,6,2,1,SR,-2.0,23.0,2,1.31933131611055,1,6.479526297808939,137.4471594918331,148.2460171057526,1,6,-2.0,22.0,0,4.0
uep047,6,2,2,SR,-2.0,20.0,2,2.62625257853696,1,7.041918538135936,148.2460171057526,160.9141882224255,1,6,-2.0,22.0,0,4.0
uep047,6,2,3,SR,-2.0,23.0,2,1.4982222759174426,1,5.190207274929545,160.9141882224255,170.6026177732725,1,6,-2.0,22.0,0,4.0
uep047,6,2,4,SR,-2.0,25.0,2,2.6585661689154656,1,5.2000827157742355,170.6026177732725,181.4612666579622,1,6,-2.0,22.0,0,4.0
uep047,6,2,5,SR,-2.0,18.0,2,2.9909942215809147,1,5.886223100370611,181.4612666579622,193.33848397991372,1,6,-2.0,22.0,0,4.0
uep047,6,2,6,SR,-2.0,24.0,2,2.8300104153227656,1,5.434209069015032,193.33848397991372,204.6027034642515,1,6,-2.0,22.0,0,4.0
uep047,6,2,7,SR,-2.0,16.0,2,2.8529938640799144,1,6.033909224086273,204.6027034642515,216.48960655241768,1,6,-2.0,22.0,0,4.0
uep047,6,2,8,SR,-2.0,22.0,2,2.036518872957127,1,5.4517521825874455,216.48960655241768,226.97787760796226,1,6,-2.0,22.0,0,4.0
uep047,6,2,9,SR,-2.0,15.0,2,2.0657505818241284,1,6.731097281136149,226.97787760796226,238.77472547092253,1,6,-2.0,22.0,0,4.0
uep047,6,2,10,SR,-2.0,29.0,2,1.0757471711825866,1,6.869165862393161,238.77472547092253,249.7196385044983,1,6,-2.0,22.0,0,4.0
