subjectId,runId,blockId,trialId,condition,leftAnswer,rightAnswer,choiceDuration,isiDuration,feedbackDuration,itiDuration,stimOnset,itiOffset,leftColor,rightColor,mu1,mu2,sd1,sd2
uep053,2,3,1,RS,18.0,5.0,2,1.5716317683423895,1,6.169159837511307,250.01686010472972,260.75765171058345,3,5,16.0,5.0,4.0,0
uep053,2,3,2,RS,14.0,5.0,2,2.707758398225216,1,5.076014383295637,260.75765171058345,271.5414244921043,3,5,16.0,5.0,4.0,0
uep053,2,3,3,RS,19.0,5.0,2,1.9670453328771156,1,5.061617506336135,271.5414244921043,281.5700873313175,3,5,16.0,5.0,4.0,0
uep053,2,3,4,RS,17.0,5.0,2,2.0292373747052013,1,6.266680756948697,281.5700873313175,292.8660054629714,3,5,16.0,5.0,4.0,0
uep053,2,3,5,RS,19.0,5.0,2,2.735471000488947,1,5.0511282873689085,292.8660054629714,303.6526047508292,3,5,16.0,5.0,4.0,0
uep053,2,3,6,RS,17.0,5.0,2,2.3873333000269725,1,5.242471514630404,303.6526047508292,314.28240956548655,3,5,16.0,5.0,4.0,0
uep053,2,3,7,RS,15.0,5.0,2,1.17322298996676,1,6.493153049255591,314.28240956548655,324.94878560470886,3,5,16.0,5.0,4.0,0
uep053,2,3,8,RS,19.0,5.0,2,2.033460354419556,1,6.09092151275415,324.94878560470886,336.0731674718826,3,5,16.0,5.0,4.0,0
uep053,2,3,9,RS,14.0,5.0,2,1.9215455183404127,1,6.16899921297961,336.0731674718826,347.1637122032026,3,5,16.0,5.0,4.0,0
uep053,2,3,10,RS,12.0,5.0,2,2.8782290641601116,1,5.670681266670349,347.1637122032026,358.712622534033,3,5,16.0,5.0,4.0,0
