subjectId,runId,blockId,trialId,condition,leftAnswer,rightAnswer,choiceDuration,isiDuration,feedbackDuration,itiDuration,stimOnset,itiOffset,leftColor,rightColor,mu1,mu2,sd1,sd2
uep035,5,4,1,SR,-3.0,14.0,2,1.7214102425675155,1,5.607899647252534,360.8231460934996,371.1524559833196,2,3,-3.0,10.0,0,4.0
uep035,5,4,2,SR,-3.0,12.0,2,2.5904262320608957,1,6.228332777809939,371.1524559833196,382.9712149931905,2,3,-3.0,10.0,0,4.0
uep035,5,4,3,SR,-3.0,6.0,2,1.3117717541986176,1,6.054382996309546,382.9712149931905,393.3373697436986,2,3,-3.0,10.0,0,4.0
uep035,5,4,4,SR,-3.0,7.0,2,2.978587927645108,1,5.3653394277684745,393.3373697436986,404.68129709911216,2,3,-3.0,10.0,0,4.0
uep035,5,4,5,SR,-3.0,8.0,2,2.1384029952685424,1,6.143467222236542,404.68129709911216,415.9631673166173,2,3,-3.0,10.0,0,4.0
uep035,5,4,6,SR,-3.0,13.0,2,1.2184077598330345,1,6.000196287113763,415.9631673166173,426.18177136356405,2,3,-3.0,10.0,0,4.0
uep035,5,4,7,SR,-3.0,10.0,2,2.987664490078287,1,7.055266094725454,426.18177136356405,439.22470194836774,2,3,-3.0,10.0,0,4.0
uep035,5,4,8,SR,-3.0,2.0,2,2.3488630698597417,1,5.973961377789796,439.22470194836774,450.5475263960173,2,3,-3.0,10.0,0,4.0
uep035,5,4,9,SR,-3.0,16.0,2,2.519151907515206,1,6.423122870357131,450.5475263960173,462.48980117388965,2,3,-3.0,10.0,0,4.0
uep035,5,4,10,SR,-3.0,4.0,2,1.9152516109082751,1,6.594947215202009,462.48980117388965,473.99999999999994,2,3,-3.0,10.0,0,4.0
