subjectId,runId,blockId,trialId,condition,leftAnswer,rightAnswer,choiceDuration,isiDuration,feedbackDuration,itiDuration,stimOnset,itiOffset,leftColor,rightColor,mu1,mu2,sd1,sd2
uep015,6,3,1,RR,12.0,-8.0,2,2.9889622565209644,1,5.559733864429287,243.4735666982502,255.02226281920048,1,0,8.0,-1.0,4.0,4.0
uep015,6,3,2,RR,7.0,2.0,2,2.840780896112619,1,5.334967205704182,255.02226281920048,266.19801092101727,1,0,8.0,-1.0,4.0,4.0
uep015,6,3,3,RR,8.0,-3.0,2,2.9773365139527113,1,5.8900891032560105,266.19801092101727,278.065436538226,1,0,8.0,-1.0,4.0,4.0
uep015,6,3,4,RR,11.0,-9.0,2,2.0566937321168983,1,5.3849014900578345,278.065436538226,288.5070317604007,1,0,8.0,-1.0,4.0,4.0
uep015,6,3,5,RR,9.0,0.0,2,1.2937790388646737,1,6.6694255476475055,288.5070317604007,299.4702363469129,1,0,8.0,-1.0,4.0,4.0
uep015,6,3,6,RR,11.0,-1.0,2,1.3516337086746217,1,6.537234574452928,299.4702363469129,310.35910463004046,1,0,8.0,-1.0,4.0,4.0
uep015,6,3,7,RR,9.0,-0.0,2,2.2565098771246177,1,6.503521627872222,310.35910463004046,322.1191361350373,1,0,8.0,-1.0,4.0,4.0
uep015,6,3,8,RR,10.0,-10.0,2,1.4891700506515608,1,6.427649668549049,322.1191361350373,333.03595585423795,1,0,8.0,-1.0,4.0,4.0
uep015,6,3,9,RR,10.0,4.0,2,1.4720632895706869,1,5.353285651191952,333.03595585423795,342.8613047950006,1,0,8.0,-1.0,4.0,4.0
uep015,6,3,10,RR,7.0,0.0,2,2.7380424647975294,1,6.244502863985541,342.8613047950006,354.8438501237836,1,0,8.0,-1.0,4.0,4.0
