subjectId,runId,blockId,trialId,condition,leftAnswer,rightAnswer,choiceDuration,isiDuration,feedbackDuration,itiDuration,stimOnset,itiOffset,leftColor,rightColor,mu1,mu2,sd1,sd2
uep007,5,2,1,RS,0.0,-8.0,2,2.485401429727217,1,5.268353249800903,130.58700063341553,141.34075531294363,5,0,-1.0,-8.0,4.0,0
uep007,5,2,2,RS,-6.0,-8.0,2,1.8528273920900185,1,6.72749292898092,141.34075531294363,152.92107563401456,5,0,-1.0,-8.0,4.0,0
uep007,5,2,3,RS,2.0,-8.0,2,1.9585343739007794,1,6.57680231888993,152.92107563401456,164.45641232680526,5,0,-1.0,-8.0,4.0,0
uep007,5,2,4,RS,0.0,-8.0,2,2.4621342169169957,1,6.266997682340186,164.45641232680526,176.18554422606246,5,0,-1.0,-8.0,4.0,0
uep007,5,2,5,RS,-5.0,-8.0,2,2.715612350515478,1,6.233314063550286,176.18554422606246,188.13447064012823,5,0,-1.0,-8.0,4.0,0
uep007,5,2,6,RS,3.0,-8.0,2,1.5795661334573594,1,5.904980831949519,188.13447064012823,198.6190176055351,5,0,-1.0,-8.0,4.0,0
uep007,5,2,7,RS,2.0,-8.0,2,1.760379498394031,1,5.990788061222782,198.6190176055351,209.37018516515192,5,0,-1.0,-8.0,4.0,0
uep007,5,2,8,RS,3.0,-8.0,2,2.2992101072921183,1,5.515607080580496,209.37018516515192,220.18500235302454,5,0,-1.0,-8.0,4.0,0
uep007,5,2,9,RS,-4.0,-8.0,2,1.4221691883859418,1,5.647607195460602,220.18500235302454,230.2547787368711,5,0,-1.0,-8.0,4.0,0
uep007,5,2,10,RS,6.0,-8.0,2,1.9124840407708732,1,5.305999572599792,230.2547787368711,240.47326235024175,5,0,-1.0,-8.0,4.0,0
