subjectId,runId,blockId,trialId,condition,leftAnswer,rightAnswer,choiceDuration,isiDuration,feedbackDuration,itiDuration,stimOnset,itiOffset,leftColor,rightColor,mu1,mu2,sd1,sd2
uep015,4,4,1,RS,-3.0,5.0,2,2.6733180701990364,1,5.949975092664247,359.31190711860245,370.93520028146577,6,3,-0.0,5.0,4.0,0
uep015,4,4,2,RS,0.0,5.0,2,2.918817218833199,1,5.471790321864813,370.93520028146577,382.3258078221638,6,3,-0.0,5.0,4.0,0
uep015,4,4,3,RS,-2.0,5.0,2,2.4693100836894595,1,6.342630644837598,382.3258078221638,394.13774855069084,6,3,-0.0,5.0,4.0,0
uep015,4,4,4,RS,4.0,5.0,2,2.494286502161055,1,6.439057881287585,394.13774855069084,406.0710929341395,6,3,-0.0,5.0,4.0,0
uep015,4,4,5,RS,-6.0,5.0,2,2.7660407289391675,1,5.550655915995519,406.0710929341395,417.38778957907414,6,3,-0.0,5.0,4.0,0
uep015,4,4,6,RS,2.0,5.0,2,2.6286498192906653,1,5.136992781778215,417.38778957907414,428.153432180143,6,3,-0.0,5.0,4.0,0
uep015,4,4,7,RS,-1.0,5.0,2,2.5008953448017914,1,6.244899645309846,428.153432180143,439.8992271702546,6,3,-0.0,5.0,4.0,0
uep015,4,4,8,RS,3.0,5.0,2,1.5475434884303583,1,6.421137187866752,439.8992271702546,450.8679078465517,6,3,-0.0,5.0,4.0,0
uep015,4,4,9,RS,1.0,5.0,2,2.0934901023669794,1,6.762235719509589,450.8679078465517,462.72363366842825,6,3,-0.0,5.0,4.0,0
uep015,4,4,10,RS,-4.0,5.0,2,1.5602444667204267,1,6.71612186485123,462.72363366842825,473.9999999999999,6,3,-0.0,5.0,4.0,0
