subjectId,runId,blockId,trialId,condition,leftAnswer,rightAnswer,choiceDuration,isiDuration,feedbackDuration,itiDuration,stimOnset,itiOffset,leftColor,rightColor,mu1,mu2,sd1,sd2
uep051,8,3,1,RS,-22.0,-6.0,2,1.3247113278844942,1,6.960200646969398,248.20098839350305,259.48590036835697,2,1,-16.0,-6.0,4.0,0
uep051,8,3,2,RS,-11.0,-6.0,2,1.2605264524974116,1,6.796895485652495,259.48590036835697,270.54332230650687,2,1,-16.0,-6.0,4.0,0
uep051,8,3,3,RS,-12.0,-6.0,2,1.5433295472399877,1,6.822641576577639,270.54332230650687,281.9092934303245,2,1,-16.0,-6.0,4.0,0
uep051,8,3,4,RS,-20.0,-6.0,2,1.968521990713592,1,5.703678725943399,281.9092934303245,292.5814941469815,2,1,-16.0,-6.0,4.0,0
uep051,8,3,5,RS,-17.0,-6.0,2,1.568582204103465,1,5.509820597395481,292.5814941469815,302.6598969484805,2,1,-16.0,-6.0,4.0,0
uep051,8,3,6,RS,-14.0,-6.0,2,1.5622917716282994,1,5.865138143418701,302.6598969484805,313.08732686352744,2,1,-16.0,-6.0,4.0,0
uep051,8,3,7,RS,-18.0,-6.0,2,1.1076020192654663,1,5.659826121027565,313.08732686352744,322.85475500382046,2,1,-16.0,-6.0,4.0,0
uep051,8,3,8,RS,-21.0,-6.0,2,1.9990045303906558,1,6.505523383673986,322.85475500382046,334.3592829178851,2,1,-16.0,-6.0,4.0,0
uep051,8,3,9,RS,-21.0,-6.0,2,1.8017419223883213,1,6.327052925966299,334.3592829178851,345.4880777662397,2,1,-16.0,-6.0,4.0,0
uep051,8,3,10,RS,-16.0,-6.0,2,1.8150539305022917,1,6.73511735431078,345.4880777662397,357.0382490510528,2,1,-16.0,-6.0,4.0,0
