subjectId,runId,blockId,trialId,condition,leftAnswer,rightAnswer,choiceDuration,isiDuration,feedbackDuration,itiDuration,stimOnset,itiOffset,leftColor,rightColor,mu1,mu2,sd1,sd2
uep005,3,4,1,RS,-5.0,1.0,2,1.1462092177914096,1,6.612030306775247,360.1021819594197,370.86042148398633,5,2,-1.0,1.0,4.0,0
uep005,3,4,2,RS,6.0,1.0,2,2.421337928188038,1,5.147190120521042,370.86042148398633,381.4289495326954,5,2,-1.0,1.0,4.0,0
uep005,3,4,3,RS,-3.0,1.0,2,2.8327545483963874,1,6.150489884008601,381.4289495326954,393.4121939651004,5,2,-1.0,1.0,4.0,0
uep005,3,4,4,RS,-3.0,1.0,2,1.929053532785839,1,5.524776893749552,393.4121939651004,403.8660243916358,5,2,-1.0,1.0,4.0,0
uep005,3,4,5,RS,0.0,1.0,2,2.529188564468391,1,6.60305460696414,403.8660243916358,415.9982675630683,5,2,-1.0,1.0,4.0,0
uep005,3,4,6,RS,0.0,1.0,2,2.4984186524813503,1,5.378270812408973,415.9982675630683,426.8749570279586,5,2,-1.0,1.0,4.0,0
uep005,3,4,7,RS,-4.0,1.0,2,2.419930403387089,1,6.449251640384574,426.8749570279586,438.7441390717303,5,2,-1.0,1.0,4.0,0
uep005,3,4,8,RS,-10.0,1.0,2,2.8607398281328003,1,5.7625182673909014,438.7441390717303,450.36739716725396,5,2,-1.0,1.0,4.0,0
uep005,3,4,9,RS,6.0,1.0,2,2.412067643631105,1,5.692364555280164,450.36739716725396,461.47182936616525,5,2,-1.0,1.0,4.0,0
uep005,3,4,10,RS,4.0,1.0,2,2.8494444408895903,1,6.6787261929452795,461.47182936616525,474.00000000000017,5,2,-1.0,1.0,4.0,0
