subjectId,runId,blockId,trialId,condition,leftAnswer,rightAnswer,choiceDuration,isiDuration,feedbackDuration,itiDuration,stimOnset,itiOffset,leftColor,rightColor,mu1,mu2,sd1,sd2
uep048,7,1,1,SS,6.0,-4.0,2,1.5411076779638317,1,6.2171987837711,16,26.758306461734932,0,6,6.0,-4.0,0,0
uep048,7,1,2,SS,6.0,-4.0,2,2.815915118892423,1,6.5066963146552705,26.758306461734932,39.080917895282624,0,6,6.0,-4.0,0,0
uep048,7,1,3,SS,6.0,-4.0,2,1.2558848444934558,1,5.203783945897794,39.080917895282624,48.54058668567388,0,6,6.0,-4.0,0,0
uep048,7,1,4,SS,6.0,-4.0,2,1.3772505764983538,1,5.359489634788084,48.54058668567388,58.27732689696032,0,6,6.0,-4.0,0,0
uep048,7,1,5,SS,6.0,-4.0,2,2.4915599093843253,1,5.484074529183178,58.27732689696032,69.25296133552783,0,6,6.0,-4.0,0,0
uep048,7,1,6,SS,6.0,-4.0,2,3.046469840140023,1,6.323174430192316,69.25296133552783,81.62260560586016,0,6,6.0,-4.0,0,0
uep048,7,1,7,SS,6.0,-4.0,2,2.1610554312444643,1,5.8212859631343274,81.62260560586016,92.60494700023895,0,6,6.0,-4.0,0,0
uep048,7,1,8,SS,6.0,-4.0,2,1.2699822307674786,1,5.686994625784885,92.60494700023895,102.56192385679132,0,6,6.0,-4.0,0,0
uep048,7,1,9,SS,6.0,-4.0,2,2.8337371007012844,1,5.274263705609452,102.56192385679132,113.66992466310207,0,6,6.0,-4.0,0,0
uep048,7,1,10,SS,6.0,-4.0,2,1.330386350940794,1,6.211083982656631,113.66992466310207,124.2113949966995,0,6,6.0,-4.0,0,0
