subjectId,runId,blockId,trialId,condition,leftAnswer,rightAnswer,choiceDuration,isiDuration,feedbackDuration,itiDuration,stimOnset,itiOffset,leftColor,rightColor,mu1,mu2,sd1,sd2
uep035,4,2,1,RR,-13.0,16.0,2,1.2858405952491845,1,5.426849917026513,135.77009650561794,145.48278701789366,5,1,-9.0,14.0,4.0,4.0
uep035,4,2,2,RR,-6.0,20.0,2,1.4798612533322277,1,5.9764401263990585,145.48278701789366,155.93908839762494,5,1,-9.0,14.0,4.0,4.0
uep035,4,2,3,RR,-9.0,9.0,2,2.0729199051570557,1,5.539466911012838,155.93908839762494,166.55147521379484,5,1,-9.0,14.0,4.0,4.0
uep035,4,2,4,RR,-11.0,15.0,2,2.568024066378586,1,6.811710699602339,166.55147521379484,178.9312099797758,5,1,-9.0,14.0,4.0,4.0
uep035,4,2,5,RR,-12.0,16.0,2,1.8329891624278845,1,5.4603894904420205,178.9312099797758,189.2245886326457,5,1,-9.0,14.0,4.0,4.0
uep035,4,2,6,RR,-11.0,18.0,2,1.9945477321645224,1,6.945962059446975,189.2245886326457,201.1650984242572,5,1,-9.0,14.0,4.0,4.0
uep035,4,2,7,RR,-9.0,12.0,2,2.352402871557889,1,6.04648858528862,201.1650984242572,212.5639898811037,5,1,-9.0,14.0,4.0,4.0
uep035,4,2,8,RR,-7.0,7.0,2,2.0417649797780095,1,5.482187559292559,212.5639898811037,223.08794242017427,5,1,-9.0,14.0,4.0,4.0
uep035,4,2,9,RR,-14.0,13.0,2,1.749619971258745,1,5.768336362331436,223.08794242017427,233.60589875376445,5,1,-9.0,14.0,4.0,4.0
uep035,4,2,10,RR,-7.0,14.0,2,1.4781556706556265,1,5.155145483751363,233.60589875376445,243.23919990817146,5,1,-9.0,14.0,4.0,4.0
