subjectId,runId,blockId,trialId,condition,leftAnswer,rightAnswer,choiceDuration,isiDuration,feedbackDuration,itiDuration,stimOnset,itiOffset,leftColor,rightColor,mu1,mu2,sd1,sd2
uep025,6,2,1,SR,-2.0,17.0,2,2.0978970534363937,1,5.131767871812968,130.21491077962904,140.4445757048784,7,2,-2.0,14.0,0,4.0
uep025,6,2,2,SR,-2.0,9.0,2,2.9600304524482564,1,5.414061293666782,140.4445757048784,151.81866745099342,7,2,-2.0,14.0,0,4.0
uep025,6,2,3,SR,-2.0,11.0,2,1.3548509882257593,1,6.058948836929955,151.81866745099342,162.23246727614912,7,2,-2.0,14.0,0,4.0
uep025,6,2,4,SR,-2.0,15.0,2,1.130406993332898,1,6.79543403737439,162.23246727614912,173.1583083068564,7,2,-2.0,14.0,0,4.0
uep025,6,2,5,SR,-2.0,20.0,2,1.8914396282336923,1,5.950270637959139,173.1583083068564,184.00001857304923,7,2,-2.0,14.0,0,4.0
uep025,6,2,6,SR,-2.0,7.0,2,2.6108235083942124,1,6.587805382097108,184.00001857304923,196.19864746354057,7,2,-2.0,14.0,0,4.0
uep025,6,2,7,SR,-2.0,7.0,2,2.2939648548382356,1,5.716841074457354,196.19864746354057,207.20945339283617,7,2,-2.0,14.0,0,4.0
uep025,6,2,8,SR,-2.0,12.0,2,2.292197045997386,1,5.634677882844437,207.20945339283617,218.136328321678,7,2,-2.0,14.0,0,4.0
uep025,6,2,9,SR,-2.0,16.0,2,2.0842748550256185,1,6.7202203802474845,218.136328321678,229.94082355695113,7,2,-2.0,14.0,0,4.0
uep025,6,2,10,SR,-2.0,19.0,2,2.1371788409786063,1,6.272097141276424,229.94082355695113,241.35009953920616,7,2,-2.0,14.0,0,4.0
