subjectId,runId,blockId,trialId,condition,leftAnswer,rightAnswer,choiceDuration,isiDuration,feedbackDuration,itiDuration,stimOnset,itiOffset,leftColor,rightColor,mu1,mu2,sd1,sd2
uep033,8,4,1,SS,2.0,-3.0,2,2.8352526611960545,1,5.877600758604255,365.9785326822811,377.6913861020815,5,3,2.0,-3.0,0,0
uep033,8,4,2,SS,2.0,-3.0,2,1.0261570623037197,1,5.875028289475879,377.6913861020815,387.59257145386107,5,3,2.0,-3.0,0,0
uep033,8,4,3,SS,2.0,-3.0,2,1.4647329194597007,1,5.158479700626858,387.59257145386107,397.21578407394765,5,3,2.0,-3.0,0,0
uep033,8,4,4,SS,2.0,-3.0,2,1.358888070556239,1,5.2426150531062925,397.21578407394765,406.8172871976102,5,3,2.0,-3.0,0,0
uep033,8,4,5,SS,2.0,-3.0,2,1.0267950056302284,1,5.932764092131353,406.8172871976102,416.7768462953718,5,3,2.0,-3.0,0,0
uep033,8,4,6,SS,2.0,-3.0,2,2.3517536681530085,1,6.849795785645651,416.7768462953718,428.97839574917043,5,3,2.0,-3.0,0,0
uep033,8,4,7,SS,2.0,-3.0,2,1.3968956506325354,1,6.169678191192004,428.97839574917043,439.544969590995,5,3,2.0,-3.0,0,0
uep033,8,4,8,SS,2.0,-3.0,2,2.2505081547230326,1,5.285538619423835,439.544969590995,450.08101636514186,5,3,2.0,-3.0,0,0
uep033,8,4,9,SS,2.0,-3.0,2,3.000712229602489,1,6.831438620547267,450.08101636514186,462.9131672152916,5,3,2.0,-3.0,0,0
uep033,8,4,10,SS,2.0,-3.0,2,1.1334210862008696,1,6.953411698507653,462.9131672152916,474.0000000000001,5,3,2.0,-3.0,0,0
