subjectId,runId,blockId,trialId,condition,leftAnswer,rightAnswer,choiceDuration,isiDuration,feedbackDuration,itiDuration,stimOnset,itiOffset,leftColor,rightColor,mu1,mu2,sd1,sd2
uep030,4,1,1,SS,2.0,-8.0,2,2.349061338906415,1,6.565852492192288,16,27.914913831098705,4,0,2.0,-8.0,0,0
uep030,4,1,2,SS,2.0,-8.0,2,1.8068236279205347,1,5.266394406851914,27.914913831098705,37.98813186587115,4,0,2.0,-8.0,0,0
uep030,4,1,3,SS,2.0,-8.0,2,2.6063350868703896,1,4.995567426030554,37.98813186587115,48.590034378772096,4,0,2.0,-8.0,0,0
uep030,4,1,4,SS,2.0,-8.0,2,2.6981753726332136,1,6.721672869328195,48.590034378772096,61.00988262073351,4,0,2.0,-8.0,0,0
uep030,4,1,5,SS,2.0,-8.0,2,1.7704832168966032,1,6.1919121071631364,61.00988262073351,71.97227794479325,4,0,2.0,-8.0,0,0
uep030,4,1,6,SS,2.0,-8.0,2,1.3362886870387194,1,6.051101499856697,71.97227794479325,82.35966813168866,4,0,2.0,-8.0,0,0
uep030,4,1,7,SS,2.0,-8.0,2,1.3559978064667866,1,6.8474141929073316,82.35966813168866,93.56308013106279,4,0,2.0,-8.0,0,0
uep030,4,1,8,SS,2.0,-8.0,2,1.3290623612833834,1,5.448610336741863,93.56308013106279,103.34075282908803,4,0,2.0,-8.0,0,0
uep030,4,1,9,SS,2.0,-8.0,2,1.8367149195370904,1,6.717184575973754,103.34075282908803,114.89465232459887,4,0,2.0,-8.0,0,0
uep030,4,1,10,SS,2.0,-8.0,2,2.4712325979720133,1,5.291546318264969,114.89465232459887,125.65743124083585,4,0,2.0,-8.0,0,0
