subjectId,runId,blockId,trialId,condition,leftAnswer,rightAnswer,choiceDuration,isiDuration,feedbackDuration,itiDuration,stimOnset,itiOffset,leftColor,rightColor,mu1,mu2,sd1,sd2
uep001,2,2,1,SS,4.0,4.0,2,1.2559794105460278,1,5.8799085566866935,129.84760386954864,139.98349183678135,3,0,4.0,4.0,0,0
uep001,2,2,2,SS,4.0,4.0,2,2.5284478461000712,1,4.94248165439429,139.98349183678135,150.45442133727573,3,0,4.0,4.0,0,0
uep001,2,2,3,SS,4.0,4.0,2,1.9328227191632532,1,5.228579429922465,150.45442133727573,160.61582348636145,3,0,4.0,4.0,0,0
uep001,2,2,4,SS,4.0,4.0,2,2.815549774557128,1,5.183526266720668,160.61582348636145,171.61489952763924,3,0,4.0,4.0,0,0
uep001,2,2,5,SS,4.0,4.0,2,1.2776320081785435,1,6.856757561189757,171.61489952763924,182.74928909700756,3,0,4.0,4.0,0,0
uep001,2,2,6,SS,4.0,4.0,2,2.2207926297281597,1,6.529015842375196,182.74928909700756,194.49909756911092,3,0,4.0,4.0,0,0
uep001,2,2,7,SS,4.0,4.0,2,1.2568962062683156,1,5.269933951237363,194.49909756911092,204.0259277266166,3,0,4.0,4.0,0,0
uep001,2,2,8,SS,4.0,4.0,2,1.8930199402513648,1,6.914407643577469,204.0259277266166,215.83335531044546,3,0,4.0,4.0,0,0
uep001,2,2,9,SS,4.0,4.0,2,1.6431165120325384,1,5.191142931658136,215.83335531044546,225.66761475413614,3,0,4.0,4.0,0,0
uep001,2,2,10,SS,4.0,4.0,2,2.323652400489599,1,5.204424746800932,225.66761475413614,236.19569190142667,3,0,4.0,4.0,0,0
