subjectId,runId,blockId,trialId,condition,leftAnswer,rightAnswer,choiceDuration,isiDuration,feedbackDuration,itiDuration,stimOnset,itiOffset,leftColor,rightColor,mu1,mu2,sd1,sd2
uep047,5,1,1,RS,-6.0,10.0,2,1.6346205665461893,1,6.417776074280415,16,27.052396640826604,5,6,-10.0,10.0,4.0,0
uep047,5,1,2,RS,-7.0,10.0,2,1.3332897571241364,1,5.269112996226648,27.052396640826604,36.65479939417739,5,6,-10.0,10.0,4.0,0
uep047,5,1,3,RS,-12.0,10.0,2,1.8524713668251465,1,5.654887927201351,36.65479939417739,47.16215868820389,5,6,-10.0,10.0,4.0,0
uep047,5,1,4,RS,-9.0,10.0,2,1.8353351799543975,1,6.483773162171095,47.16215868820389,58.481267030329384,5,6,-10.0,10.0,4.0,0
uep047,5,1,5,RS,-12.0,10.0,2,1.2345973928490186,1,5.686954120812176,58.481267030329384,68.40281854399058,5,6,-10.0,10.0,4.0,0
uep047,5,1,6,RS,-12.0,10.0,2,1.93978851017131,1,5.694811732507914,68.40281854399058,79.0374187866698,5,6,-10.0,10.0,4.0,0
uep047,5,1,7,RS,-14.0,10.0,2,1.7493319924448074,1,5.771490004531423,79.0374187866698,89.55824078364604,5,6,-10.0,10.0,4.0,0
uep047,5,1,8,RS,-12.0,10.0,2,2.0462209807128153,1,5.292318124358585,89.55824078364604,99.89677988871745,5,6,-10.0,10.0,4.0,0
uep047,5,1,9,RS,-11.0,10.0,2,1.9679234790360487,1,5.614729551833263,99.89677988871745,110.47943291958676,5,6,-10.0,10.0,4.0,0
uep047,5,1,10,RS,-10.0,10.0,2,2.5717228306605913,1,5.485476800884345,110.47943291958676,121.53663255113169,5,6,-10.0,10.0,4.0,0
