subjectId,runId,blockId,trialId,condition,leftAnswer,rightAnswer,choiceDuration,isiDuration,feedbackDuration,itiDuration,stimOnset,itiOffset,leftColor,rightColor,mu1,mu2,sd1,sd2
uep060,6,3,1,SR,-11.0,2.0,2,1.0447332562905434,1,6.840578004689381,246.32278721811332,257.2080984790933,7,4,-11.0,-1.0,0,4.0
uep060,6,3,2,SR,-11.0,-1.0,2,2.318223225980367,1,5.05588197371168,257.2080984790933,267.58220367878533,7,4,-11.0,-1.0,0,4.0
uep060,6,3,3,SR,-11.0,3.0,2,2.2059152025565183,1,5.693756547319653,267.58220367878533,278.4818754286615,7,4,-11.0,-1.0,0,4.0
uep060,6,3,4,SR,-11.0,-0.0,2,1.1736345607559113,1,6.775720058894902,278.4818754286615,289.4312300483123,7,4,-11.0,-1.0,0,4.0
uep060,6,3,5,SR,-11.0,-1.0,2,1.146526308191484,1,5.8839986124951436,289.4312300483123,299.4617549689989,7,4,-11.0,-1.0,0,4.0
uep060,6,3,6,SR,-11.0,-2.0,2,2.166264445471172,1,5.237585797863852,299.4617549689989,309.86560521233395,7,4,-11.0,-1.0,0,4.0
uep060,6,3,7,SR,-11.0,-3.0,2,2.9752767297408824,1,5.865484242320765,309.86560521233395,321.70636618439556,7,4,-11.0,-1.0,0,4.0
uep060,6,3,8,SR,-11.0,-1.0,2,2.768135453337923,1,5.7887927885918735,321.70636618439556,333.2632944263254,7,4,-11.0,-1.0,0,4.0
uep060,6,3,9,SR,-11.0,1.0,2,2.546174744764924,1,5.287095529978139,333.2632944263254,344.0965647010685,7,4,-11.0,-1.0,0,4.0
uep060,6,3,10,SR,-11.0,-0.0,2,2.5388555952047493,1,6.019501471162469,344.0965647010685,355.65492176743567,7,4,-11.0,-1.0,0,4.0
