subjectId,runId,blockId,trialId,condition,leftAnswer,rightAnswer,choiceDuration,isiDuration,feedbackDuration,itiDuration,stimOnset,itiOffset,leftColor,rightColor,mu1,mu2,sd1,sd2
uep003,7,1,1,RR,-18.0,-18.0,2,1.8304927327864393,1,5.890286523560933,16,26.72077925634737,1,2,-15.0,-14.0,4.0,4.0
uep003,7,1,2,RR,-15.0,-17.0,2,1.405155643053758,1,6.816031503572171,26.72077925634737,37.9419664029733,1,2,-15.0,-14.0,4.0,4.0
uep003,7,1,3,RR,-14.0,-19.0,2,1.3011552597084088,1,5.333805352771267,37.9419664029733,47.57692701545297,1,2,-15.0,-14.0,4.0,4.0
uep003,7,1,4,RR,-19.0,-22.0,2,1.0137184154607588,1,6.463934465462748,47.57692701545297,58.05457989637648,1,2,-15.0,-14.0,4.0,4.0
uep003,7,1,5,RR,-10.0,-8.0,2,1.0670927635360872,1,5.756365959159868,58.05457989637648,67.87803861907244,1,2,-15.0,-14.0,4.0,4.0
uep003,7,1,6,RR,-8.0,-11.0,2,1.145072574548261,1,5.269871083053226,67.87803861907244,77.29298227667394,1,2,-15.0,-14.0,4.0,4.0
uep003,7,1,7,RR,-23.0,-11.0,2,1.1911550069313008,1,7.0300359541071895,77.29298227667394,88.51417323771243,1,2,-15.0,-14.0,4.0,4.0
uep003,7,1,8,RR,-14.0,-16.0,2,1.5677250793507114,1,6.101446928912858,88.51417323771243,99.183345245976,1,2,-15.0,-14.0,4.0,4.0
uep003,7,1,9,RR,-13.0,-12.0,2,1.6536798317237158,1,6.684621728804329,99.183345245976,110.52164680650405,1,2,-15.0,-14.0,4.0,4.0
uep003,7,1,10,RR,-12.0,-12.0,2,1.3829574507282942,1,5.151444807786928,110.52164680650405,120.05604906501928,1,2,-15.0,-14.0,4.0,4.0
