subjectId,runId,blockId,trialId,condition,leftAnswer,rightAnswer,choiceDuration,isiDuration,feedbackDuration,itiDuration,stimOnset,itiOffset,leftColor,rightColor,mu1,mu2,sd1,sd2
uep006,3,1,1,RS,2.0,-13.0,2,1.6944190097217366,1,6.9036299588585415,16,27.59804896858028,4,1,-1.0,-13.0,4.0,0
uep006,3,1,2,RS,8.0,-13.0,2,1.4740225232828763,1,5.254734064605164,27.59804896858028,37.32680555646832,4,1,-1.0,-13.0,4.0,0
uep006,3,1,3,RS,-1.0,-13.0,2,2.245461036805441,1,5.957522294573479,37.32680555646832,48.529788887847246,4,1,-1.0,-13.0,4.0,0
uep006,3,1,4,RS,-2.0,-13.0,2,1.9901074611385527,1,5.155284070811778,48.529788887847246,58.67518041979757,4,1,-1.0,-13.0,4.0,0
uep006,3,1,5,RS,-2.0,-13.0,2,1.7441302690189262,1,5.1754761172292145,58.67518041979757,68.5947868060457,4,1,-1.0,-13.0,4.0,0
uep006,3,1,6,RS,2.0,-13.0,2,1.0877100474473562,1,5.145166758003133,68.5947868060457,77.82766361149619,4,1,-1.0,-13.0,4.0,0
uep006,3,1,7,RS,-7.0,-13.0,2,2.511032136986317,1,5.979263236498831,77.82766361149619,89.31795898498135,4,1,-1.0,-13.0,4.0,0
uep006,3,1,8,RS,4.0,-13.0,2,1.959248964198385,1,6.4585454068199235,89.31795898498135,100.73575335599965,4,1,-1.0,-13.0,4.0,0
uep006,3,1,9,RS,-2.0,-13.0,2,1.4963045147327456,1,5.734903895517117,100.73575335599965,110.96696176624951,4,1,-1.0,-13.0,4.0,0
uep006,3,1,10,RS,-2.0,-13.0,2,2.9371364233277393,1,6.267790889097887,110.96696176624951,123.17188907867514,4,1,-1.0,-13.0,4.0,0
