subjectId,runId,blockId,trialId,condition,leftAnswer,rightAnswer,choiceDuration,isiDuration,feedbackDuration,itiDuration,stimOnset,itiOffset,leftColor,rightColor,mu1,mu2,sd1,sd2
uep059,7,4,1,SS,1.0,-10.0,2,2.8050725799921215,1,6.341383298454666,357.83722368297987,369.98367956142664,1,6,1.0,-10.0,0,0
uep059,7,4,2,SS,1.0,-10.0,2,2.0005247799908634,1,5.8907995026290925,369.98367956142664,380.8750038440466,1,6,1.0,-10.0,0,0
uep059,7,4,3,SS,1.0,-10.0,2,2.6977390240362804,1,6.752608123208134,380.8750038440466,393.325350991291,1,6,1.0,-10.0,0,0
uep059,7,4,4,SS,1.0,-10.0,2,2.7582424435767647,1,6.33990185087736,393.325350991291,405.4234952857451,1,6,1.0,-10.0,0,0
uep059,7,4,5,SS,1.0,-10.0,2,2.8586325455290655,1,6.156618695171153,405.4234952857451,417.43874652644536,1,6,1.0,-10.0,0,0
uep059,7,4,6,SS,1.0,-10.0,2,2.181214256371104,1,6.773218687979181,417.43874652644536,429.39317947079564,1,6,1.0,-10.0,0,0
uep059,7,4,7,SS,1.0,-10.0,2,2.7260428219402124,1,6.896693565614065,429.39317947079564,442.0159158583499,1,6,1.0,-10.0,0,0
uep059,7,4,8,SS,1.0,-10.0,2,1.4074430095263848,1,5.054095591085205,442.0159158583499,451.4774544589615,1,6,1.0,-10.0,0,0
uep059,7,4,9,SS,1.0,-10.0,2,1.7092721553098067,1,6.835517444207287,451.4774544589615,463.02224405847863,1,6,1.0,-10.0,0,0
uep059,7,4,10,SS,1.0,-10.0,2,2.085206924023136,1,5.89254901749835,463.02224405847863,474.0000000000001,1,6,1.0,-10.0,0,0
