subjectId,runId,blockId,trialId,condition,leftAnswer,rightAnswer,choiceDuration,isiDuration,feedbackDuration,itiDuration,stimOnset,itiOffset,leftColor,rightColor,mu1,mu2,sd1,sd2
uep008,7,3,1,SR,4.0,-19.0,2,2.239345375215561,1,5.287772850305795,248.73766815800948,259.2647863835308,7,0,4.0,-16.0,0,4.0
uep008,7,3,2,SR,4.0,-6.0,2,1.1562376103464336,1,6.082538390824429,259.2647863835308,269.50356238470164,7,0,4.0,-16.0,0,4.0
uep008,7,3,3,SR,4.0,-22.0,2,2.2854073743620793,1,6.299306452648955,269.50356238470164,281.0882762117127,7,0,4.0,-16.0,0,4.0
uep008,7,3,4,SR,4.0,-11.0,2,2.0233697768253576,1,6.613145421341671,281.0882762117127,292.72479140987974,7,0,4.0,-16.0,0,4.0
uep008,7,3,5,SR,4.0,-12.0,2,2.924773393036346,1,6.979260667534032,292.72479140987974,305.6288254704501,7,0,4.0,-16.0,0,4.0
uep008,7,3,6,SR,4.0,-14.0,2,1.1608389153423189,1,5.119676086846798,305.6288254704501,314.90934047263926,7,0,4.0,-16.0,0,4.0
uep008,7,3,7,SR,4.0,-18.0,2,1.55994651231128,1,6.653297693754785,314.90934047263926,326.1225846787053,7,0,4.0,-16.0,0,4.0
uep008,7,3,8,SR,4.0,-12.0,2,1.2749612044969487,1,6.632446809530156,326.1225846787053,337.02999269273243,7,0,4.0,-16.0,0,4.0
uep008,7,3,9,SR,4.0,-15.0,2,1.0297123316545975,1,6.711878780269639,337.02999269273243,347.77158380465664,7,0,4.0,-16.0,0,4.0
uep008,7,3,10,SR,4.0,-16.0,2,2.666077682460934,1,5.957196969027765,347.77158380465664,359.39485845614536,7,0,4.0,-16.0,0,4.0
