subjectId,runId,blockId,trialId,condition,leftAnswer,rightAnswer,choiceDuration,isiDuration,feedbackDuration,itiDuration,stimOnset,itiOffset,leftColor,rightColor,mu1,mu2,sd1,sd2
uep009,2,1,1,RS,21.0,4.0,2,1.0759413849722042,1,5.76391254422811,16,25.839853929200313,2,6,11.0,4.0,4.0,0
uep009,2,1,2,RS,15.0,4.0,2,2.6260867735326725,1,4.8571225042260275,25.839853929200313,36.32306320695901,2,6,11.0,4.0,4.0,0
uep009,2,1,3,RS,11.0,4.0,2,2.6796712449429108,1,5.856399219779142,36.32306320695901,47.859133671681064,2,6,11.0,4.0,4.0,0
uep009,2,1,4,RS,9.0,4.0,2,1.8130411251139633,1,5.658467209393469,47.859133671681064,58.3306420061885,2,6,11.0,4.0,4.0,0
uep009,2,1,5,RS,9.0,4.0,2,1.9474452167023237,1,6.383298848796781,58.3306420061885,69.6613860716876,2,6,11.0,4.0,4.0,0
uep009,2,1,6,RS,18.0,4.0,2,2.7723649460491555,1,5.424753803187839,69.6613860716876,80.8585048209246,2,6,11.0,4.0,4.0,0
uep009,2,1,7,RS,11.0,4.0,2,2.4543070348872447,1,6.220864352888304,80.8585048209246,92.53367620870014,2,6,11.0,4.0,4.0,0
uep009,2,1,8,RS,9.0,4.0,2,2.219151771156624,1,6.592358915274797,92.53367620870014,104.34518689513156,2,6,11.0,4.0,4.0,0
uep009,2,1,9,RS,16.0,4.0,2,2.658011961835476,1,5.217136025164061,104.34518689513156,115.2203348821311,2,6,11.0,4.0,4.0,0
uep009,2,1,10,RS,12.0,4.0,2,1.314264621701625,1,5.436127834446482,115.2203348821311,124.9707273382792,2,6,11.0,4.0,4.0,0
