subjectId,runId,blockId,trialId,condition,leftAnswer,rightAnswer,choiceDuration,isiDuration,feedbackDuration,itiDuration,stimOnset,itiOffset,leftColor,rightColor,mu1,mu2,sd1,sd2
uep020,8,2,1,RR,9.0,0.0,2,2.7907234702602937,1,6.37333971887038,128.105712148281,140.26977533741166,3,0,16.0,-1.0,4.0,4.0
uep020,8,2,2,RR,14.0,-5.0,2,1.4955968100150479,1,5.785312316808591,140.26977533741166,150.5506844642353,3,0,16.0,-1.0,4.0,4.0
uep020,8,2,3,RR,19.0,-2.0,2,2.7040806004302986,1,6.935968061493503,150.5506844642353,163.1907331261591,3,0,16.0,-1.0,4.0,4.0
uep020,8,2,4,RR,18.0,3.0,2,1.9913021644155713,1,6.665150892186812,163.1907331261591,174.84718618276148,3,0,16.0,-1.0,4.0,4.0
uep020,8,2,5,RR,14.0,2.0,2,2.191271417073967,1,5.026347849557818,174.84718618276148,185.06480544939328,3,0,16.0,-1.0,4.0,4.0
uep020,8,2,6,RR,19.0,1.0,2,1.0692015242890853,1,5.81383014257356,185.06480544939328,194.94783711625593,3,0,16.0,-1.0,4.0,4.0
uep020,8,2,7,RR,16.0,-4.0,2,2.885071510373219,1,5.872748713265299,194.94783711625593,206.70565733989446,3,0,16.0,-1.0,4.0,4.0
uep020,8,2,8,RR,22.0,1.0,2,2.2943607905832986,1,5.937866564486936,206.70565733989446,217.9378846949647,3,0,16.0,-1.0,4.0,4.0
uep020,8,2,9,RR,8.0,3.0,2,2.624042339620782,1,6.701786492911841,217.9378846949647,230.26371352749734,3,0,16.0,-1.0,4.0,4.0
uep020,8,2,10,RR,21.0,4.0,2,1.681104990849297,1,6.444143154637129,230.26371352749734,241.38896167298375,3,0,16.0,-1.0,4.0,4.0
