subjectId,runId,blockId,trialId,condition,leftAnswer,rightAnswer,choiceDuration,isiDuration,feedbackDuration,itiDuration,stimOnset,itiOffset,leftColor,rightColor,mu1,mu2,sd1,sd2
uep040,6,2,1,SR,-12.0,12.0,2,2.115055479619926,1,5.717065382782765,134.94923806050733,145.78135892291004,1,3,-12.0,12.0,0,4.0
uep040,6,2,2,SR,-12.0,8.0,2,2.612614145061494,1,6.816941382794324,145.78135892291004,158.21091445076584,1,3,-12.0,12.0,0,4.0
uep040,6,2,3,SR,-12.0,17.0,2,2.629163917594737,1,6.066667886171426,158.21091445076584,169.90674625453198,1,3,-12.0,12.0,0,4.0
uep040,6,2,4,SR,-12.0,11.0,2,1.623039436640634,1,6.190841870021168,169.90674625453198,180.72062756119377,1,3,-12.0,12.0,0,4.0
uep040,6,2,5,SR,-12.0,10.0,2,2.7055450340244653,1,5.479181141847527,180.72062756119377,191.90535373706575,1,3,-12.0,12.0,0,4.0
uep040,6,2,6,SR,-12.0,14.0,2,1.8075060853291143,1,6.244904382838936,191.90535373706575,202.95776420523381,1,3,-12.0,12.0,0,4.0
uep040,6,2,7,SR,-12.0,8.0,2,2.228730297619318,1,5.210482610026208,202.95776420523381,213.39697711287934,1,3,-12.0,12.0,0,4.0
uep040,6,2,8,SR,-12.0,7.0,2,2.4878993296754714,1,6.331110924680075,213.39697711287934,225.21598736723487,1,3,-12.0,12.0,0,4.0
uep040,6,2,9,SR,-12.0,15.0,2,2.1520885141452677,1,5.961295312893802,225.21598736723487,236.32937119427396,1,3,-12.0,12.0,0,4.0
uep040,6,2,10,SR,-12.0,7.0,2,2.7857914410702773,1,5.563372073627781,236.32937119427396,247.67853470897202,1,3,-12.0,12.0,0,4.0
