subjectId,runId,blockId,trialId,condition,leftAnswer,rightAnswer,choiceDuration,isiDuration,feedbackDuration,itiDuration,stimOnset,itiOffset,leftColor,rightColor,mu1,mu2,sd1,sd2
uep004,5,1,1,RR,-5.0,-6.0,2,2.629918139538716,1,6.104398256470353,16,27.73431639600907,3,1,-8.0,-6.0,4.0,4.0
uep004,5,1,2,RR,-11.0,-9.0,2,1.8360425013874986,1,6.49898740036127,27.73431639600907,39.069346297757846,3,1,-8.0,-6.0,4.0,4.0
uep004,5,1,3,RR,-12.0,-3.0,2,2.736468056035584,1,5.617197577635471,39.069346297757846,50.4230119314289,3,1,-8.0,-6.0,4.0,4.0
uep004,5,1,4,RR,-15.0,-11.0,2,2.9481716415404366,1,6.227233925195558,50.4230119314289,62.59841749816489,3,1,-8.0,-6.0,4.0,4.0
uep004,5,1,5,RR,-11.0,-2.0,2,2.284286081199799,1,5.620021215951079,62.59841749816489,73.50272479531577,3,1,-8.0,-6.0,4.0,4.0
uep004,5,1,6,RR,-6.0,-13.0,2,1.7627054219116898,1,6.390947123553852,73.50272479531577,84.65637734078132,3,1,-8.0,-6.0,4.0,4.0
uep004,5,1,7,RR,-12.0,-7.0,2,2.8982968071532036,1,6.314237348792182,84.65637734078132,96.8689114967267,3,1,-8.0,-6.0,4.0,4.0
uep004,5,1,8,RR,-15.0,-9.0,2,2.061035256077903,1,6.771587233849848,96.8689114967267,108.70153398665444,3,1,-8.0,-6.0,4.0,4.0
uep004,5,1,9,RR,-6.0,-2.0,2,2.870197731516543,1,6.642275250917445,108.70153398665444,121.21400696908843,3,1,-8.0,-6.0,4.0,4.0
uep004,5,1,10,RR,-6.0,-14.0,2,1.1669924416174489,1,6.582948062869655,121.21400696908843,131.96394747357553,3,1,-8.0,-6.0,4.0,4.0
