subjectId,runId,blockId,trialId,condition,leftAnswer,rightAnswer,choiceDuration,isiDuration,feedbackDuration,itiDuration,stimOnset,itiOffset,leftColor,rightColor,mu1,mu2,sd1,sd2
uep022,2,4,1,SR,-18.0,11.0,2,2.6189857792868256,1,5.098656100759712,366.1442931530784,376.86193503312495,5,2,-18.0,11.0,0,4.0
uep022,2,4,2,SR,-18.0,13.0,2,2.281389820930227,1,5.101795846972303,376.86193503312495,387.2451207010275,5,2,-18.0,11.0,0,4.0
uep022,2,4,3,SR,-18.0,7.0,2,1.4036848637171524,1,5.120145465212607,387.2451207010275,396.76895102995724,5,2,-18.0,11.0,0,4.0
uep022,2,4,4,SR,-18.0,11.0,2,1.4263497315320897,1,6.32248107488119,396.76895102995724,407.5177818363705,5,2,-18.0,11.0,0,4.0
uep022,2,4,5,SR,-18.0,14.0,2,2.2926361389072345,1,6.303429617012191,407.5177818363705,419.1138475922899,5,2,-18.0,11.0,0,4.0
uep022,2,4,6,SR,-18.0,13.0,2,1.4400409056170247,1,6.213843434044687,419.1138475922899,429.76773193195163,5,2,-18.0,11.0,0,4.0
uep022,2,4,7,SR,-18.0,11.0,2,2.8892658775459688,1,6.413819558852533,429.76773193195163,442.07081736835016,5,2,-18.0,11.0,0,4.0
uep022,2,4,8,SR,-18.0,5.0,2,2.0453467174319755,1,6.219305301203868,442.07081736835016,453.335469386986,5,2,-18.0,11.0,0,4.0
uep022,2,4,9,SR,-18.0,9.0,2,1.279566596091287,1,5.828901111311972,453.335469386986,463.44393709438924,5,2,-18.0,11.0,0,4.0
uep022,2,4,10,SR,-18.0,11.0,2,1.3429829421679211,1,6.213079963442739,463.44393709438924,473.9999999999999,5,2,-18.0,11.0,0,4.0
