subjectId,runId,blockId,trialId,condition,leftAnswer,rightAnswer,choiceDuration,isiDuration,feedbackDuration,itiDuration,stimOnset,itiOffset,leftColor,rightColor,mu1,mu2,sd1,sd2
uep033,8,3,1,RS,3.0,3.0,2,1.4007745727689698,1,6.086594192579106,250.42960422633658,260.91697299168464,0,7,7.0,3.0,4.0,0
uep033,8,3,2,RS,9.0,3.0,2,1.4187152470447093,1,6.440731117794109,260.91697299168464,271.77641935652343,0,7,7.0,3.0,4.0,0
uep033,8,3,3,RS,2.0,3.0,2,1.2904575348633567,1,5.554440435099157,271.77641935652343,281.62131732648595,0,7,7.0,3.0,4.0,0
uep033,8,3,4,RS,6.0,3.0,2,1.3055993583957066,1,5.813632947580663,281.62131732648595,291.7405496324623,0,7,7.0,3.0,4.0,0
uep033,8,3,5,RS,2.0,3.0,2,2.6369983579915943,1,6.949488357302816,291.7405496324623,304.32703634775675,0,7,7.0,3.0,4.0,0
uep033,8,3,6,RS,8.0,3.0,2,2.7123351924693995,1,6.9955711290567475,304.32703634775675,317.03494266928294,0,7,7.0,3.0,4.0,0
uep033,8,3,7,RS,10.0,3.0,2,2.3687306737044236,1,5.450739078421273,317.03494266928294,327.85441242140865,0,7,7.0,3.0,4.0,0
uep033,8,3,8,RS,3.0,3.0,2,1.8411707897129725,1,6.15856222147685,327.85441242140865,338.8541454325985,0,7,7.0,3.0,4.0,0
uep033,8,3,9,RS,4.0,3.0,2,1.4385540964025492,1,6.056669961436135,338.8541454325985,349.34936949043714,0,7,7.0,3.0,4.0,0
uep033,8,3,10,RS,5.0,3.0,2,2.353147341683085,1,5.276015850160896,349.34936949043714,359.9785326822811,0,7,7.0,3.0,4.0,0
