subjectId,runId,blockId,trialId,condition,leftAnswer,rightAnswer,choiceDuration,isiDuration,feedbackDuration,itiDuration,stimOnset,itiOffset,leftColor,rightColor,mu1,mu2,sd1,sd2
uep051,8,1,1,RR,-6.0,-17.0,2,2.405401990766413,1,6.2777961300392695,16,27.683198120805685,6,0,-6.0,-14.0,4.0,4.0
uep051,8,1,2,RR,-6.0,-10.0,2,2.3174625634310195,1,5.925465664540992,27.683198120805685,38.9261263487777,6,0,-6.0,-14.0,4.0,4.0
uep051,8,1,3,RR,-6.0,-14.0,2,1.9389197691455882,1,5.260096799536952,38.9261263487777,49.12514291746024,6,0,-6.0,-14.0,4.0,4.0
uep051,8,1,4,RR,-1.0,-5.0,2,2.0366039390141504,1,5.838098422710686,49.12514291746024,59.999845279185074,6,0,-6.0,-14.0,4.0,4.0
uep051,8,1,5,RR,-5.0,-8.0,2,2.569209082488394,1,6.224763510694913,59.999845279185074,71.79381787236838,6,0,-6.0,-14.0,4.0,4.0
uep051,8,1,6,RR,-4.0,-20.0,2,1.884574489624695,1,5.138749336414646,71.79381787236838,81.81714169840772,6,0,-6.0,-14.0,4.0,4.0
uep051,8,1,7,RR,-7.0,-11.0,2,1.8965342188303722,1,5.562140212756366,81.81714169840772,92.27581612999445,6,0,-6.0,-14.0,4.0,4.0
uep051,8,1,8,RR,-11.0,-18.0,2,2.2695950518401995,1,6.316175692371164,92.27581612999445,103.86158687420581,6,0,-6.0,-14.0,4.0,4.0
uep051,8,1,9,RR,-10.0,-9.0,2,1.8496166971213408,1,5.320110044138597,103.86158687420581,114.03131361546575,6,0,-6.0,-14.0,4.0,4.0
uep051,8,1,10,RR,-4.0,-7.0,2,2.6969080512162087,1,5.1978483317078386,114.03131361546575,124.9260699983898,6,0,-6.0,-14.0,4.0,4.0
