subjectId,runId,blockId,trialId,condition,leftAnswer,rightAnswer,choiceDuration,isiDuration,feedbackDuration,itiDuration,stimOnset,itiOffset,leftColor,rightColor,mu1,mu2,sd1,sd2
uep060,3,2,1,SR,8.0,11.0,2,1.4140176637425335,1,5.9574473413659526,130.22643121908325,140.59789622419174,7,5,8.0,22.0,0,4.0
uep060,3,2,2,SR,8.0,21.0,2,1.7373458432506315,1,5.829404577537118,140.59789622419174,151.16464664497948,7,5,8.0,22.0,0,4.0
uep060,3,2,3,SR,8.0,29.0,2,1.1979227704516842,1,5.2726341370522265,151.16464664497948,160.6352035524834,7,5,8.0,22.0,0,4.0
uep060,3,2,4,SR,8.0,26.0,2,2.042379121346234,1,5.241987010781271,160.6352035524834,170.9195696846109,7,5,8.0,22.0,0,4.0
uep060,3,2,5,SR,8.0,22.0,2,2.0107713586481992,1,5.593916922397001,170.9195696846109,181.5242579656561,7,5,8.0,22.0,0,4.0
uep060,3,2,6,SR,8.0,17.0,2,2.7083571863541125,1,6.2191540927202835,181.5242579656561,193.45176924473049,7,5,8.0,22.0,0,4.0
uep060,3,2,7,SR,8.0,24.0,2,2.038032469029151,1,4.959794581140607,193.45176924473049,203.44959629490026,7,5,8.0,22.0,0,4.0
uep060,3,2,8,SR,8.0,24.0,2,2.5001185067472895,1,5.0171233531362756,203.44959629490026,213.96683815478383,7,5,8.0,22.0,0,4.0
uep060,3,2,9,SR,8.0,19.0,2,2.68776882250117,1,5.868744723719988,213.96683815478383,225.523351701005,7,5,8.0,22.0,0,4.0
uep060,3,2,10,SR,8.0,22.0,2,2.34009837854823,1,6.872272820110656,225.523351701005,237.73572289966387,7,5,8.0,22.0,0,4.0
