subjectId,runId,blockId,trialId,condition,leftAnswer,rightAnswer,choiceDuration,isiDuration,feedbackDuration,itiDuration,stimOnset,itiOffset,leftColor,rightColor,mu1,mu2,sd1,sd2
uep012,2,4,1,SR,-4.0,3.0,2,2.275616151854054,1,6.303799515649833,360.82308836191044,372.40250402941433,2,3,-4.0,6.0,0,4.0
uep012,2,4,2,SR,-4.0,11.0,2,1.0421364950469791,1,6.972755715728924,372.40250402941433,383.4173962401902,2,3,-4.0,6.0,0,4.0
uep012,2,4,3,SR,-4.0,8.0,2,2.5443122350244605,1,6.854737478485542,383.4173962401902,395.8164459537002,2,3,-4.0,6.0,0,4.0
uep012,2,4,4,SR,-4.0,1.0,2,1.8205966083827552,1,6.864735246580099,395.8164459537002,407.50177780866306,2,3,-4.0,6.0,0,4.0
uep012,2,4,5,SR,-4.0,5.0,2,1.3616777648777871,1,5.172445160112175,407.50177780866306,417.035900733653,2,3,-4.0,6.0,0,4.0
uep012,2,4,6,SR,-4.0,-1.0,2,2.8137959621969766,1,5.426352737041444,417.035900733653,428.27604943289145,2,3,-4.0,6.0,0,4.0
uep012,2,4,7,SR,-4.0,5.0,2,1.5136660213306825,1,5.840644673914011,428.27604943289145,438.63036012813615,2,3,-4.0,6.0,0,4.0
uep012,2,4,8,SR,-4.0,12.0,2,1.9013086910365584,1,6.769640053285498,438.63036012813615,450.3013088724582,2,3,-4.0,6.0,0,4.0
uep012,2,4,9,SR,-4.0,6.0,2,2.986654221113039,1,5.510179556591256,450.3013088724582,461.7981426501625,2,3,-4.0,6.0,0,4.0
uep012,2,4,10,SR,-4.0,10.0,2,2.9918997585261353,1,6.2099575913114275,461.7981426501625,474.00000000000006,2,3,-4.0,6.0,0,4.0
