subjectId,runId,blockId,trialId,condition,leftAnswer,rightAnswer,choiceDuration,isiDuration,feedbackDuration,itiDuration,stimOnset,itiOffset,leftColor,rightColor,mu1,mu2,sd1,sd2
uep014,2,1,1,RR,-8.0,-9.0,2,2.6487940878562584,1,6.53877614387163,16,28.18757023172789,4,6,-6.0,-14.0,4.0,4.0
uep014,2,1,2,RR,2.0,-22.0,2,1.1542048327863,1,5.869990105964444,28.18757023172789,38.21176517047863,4,6,-6.0,-14.0,4.0,4.0
uep014,2,1,3,RR,-9.0,-17.0,2,2.824958031539952,1,6.293184640087929,38.21176517047863,50.32990784210651,4,6,-6.0,-14.0,4.0,4.0
uep014,2,1,4,RR,-11.0,-9.0,2,1.138300070491446,1,5.808858507013364,50.32990784210651,60.277066419611316,4,6,-6.0,-14.0,4.0,4.0
uep014,2,1,5,RR,-10.0,-17.0,2,2.6622288212965644,1,4.998350097427273,60.277066419611316,70.93764533833516,4,6,-6.0,-14.0,4.0,4.0
uep014,2,1,6,RR,-10.0,-9.0,2,2.799811349636219,1,6.422279294380595,70.93764533833516,83.15973598235198,4,6,-6.0,-14.0,4.0,4.0
uep014,2,1,7,RR,-10.0,-13.0,2,2.0861873503268913,1,6.700721887842677,83.15973598235198,94.94664522052155,4,6,-6.0,-14.0,4.0,4.0
uep014,2,1,8,RR,-9.0,-10.0,2,1.0128969124840035,1,5.607339545539329,94.94664522052155,104.56688167854489,4,6,-6.0,-14.0,4.0,4.0
uep014,2,1,9,RR,-6.0,-6.0,2,1.0956821472843772,1,5.7085459691737395,104.56688167854489,114.37110979500301,4,6,-6.0,-14.0,4.0,4.0
uep014,2,1,10,RR,-5.0,-22.0,2,2.863571919942341,1,5.757474187472123,114.37110979500301,125.99215590241748,4,6,-6.0,-14.0,4.0,4.0
