subjectId,runId,blockId,trialId,condition,leftAnswer,rightAnswer,choiceDuration,isiDuration,feedbackDuration,itiDuration,stimOnset,itiOffset,leftColor,rightColor,mu1,mu2,sd1,sd2
uep006,8,4,1,RR,2.0,7.0,2,2.950255422203392,1,6.285304474613035,362.01008476497526,374.2456446617917,4,0,-0.0,7.0,4.0,4.0
uep006,8,4,2,RR,3.0,13.0,2,2.098483906504171,1,6.7623409481964565,374.2456446617917,386.1064695164923,4,0,-0.0,7.0,4.0,4.0
uep006,8,4,3,RR,-6.0,7.0,2,2.7579810217445377,1,6.178469457705206,386.1064695164923,398.04291999594204,4,0,-0.0,7.0,4.0,4.0
uep006,8,4,4,RR,5.0,13.0,2,2.2578232526945583,1,6.542535502142725,398.04291999594204,409.8432787507793,4,0,-0.0,7.0,4.0,4.0
uep006,8,4,5,RR,-1.0,7.0,2,1.4639424928215878,1,6.1379988601392075,409.8432787507793,420.4452201037401,4,0,-0.0,7.0,4.0,4.0
uep006,8,4,6,RR,3.0,3.0,2,2.309244675672442,1,5.431883966275501,420.4452201037401,431.18634874568806,4,0,-0.0,7.0,4.0,4.0
uep006,8,4,7,RR,-7.0,10.0,2,1.9257846750110073,1,5.649783618349237,431.18634874568806,441.76191703904834,4,0,-0.0,7.0,4.0,4.0
uep006,8,4,8,RR,-2.0,3.0,2,2.6437093518474555,1,5.637680447943178,441.76191703904834,453.043306838839,4,0,-0.0,7.0,4.0,4.0
uep006,8,4,9,RR,3.0,6.0,2,1.000334485491814,1,6.677139279042735,453.043306838839,463.72078060337356,4,0,-0.0,7.0,4.0,4.0
uep006,8,4,10,RR,-1.0,6.0,2,1.5336620842156876,1,5.745557312410826,463.72078060337356,474.00000000000006,4,0,-0.0,7.0,4.0,4.0
