subjectId,runId,blockId,trialId,condition,leftAnswer,rightAnswer,choiceDuration,isiDuration,feedbackDuration,itiDuration,stimOnset,itiOffset,leftColor,rightColor,mu1,mu2,sd1,sd2
uep039,8,4,1,RR,-9.0,-13.0,2,1.3590020111905141,1,7.007443446215934,366.05140192007536,377.4178473774818,4,0,-15.0,-16.0,4.0,4.0
uep039,8,4,2,RR,-19.0,-21.0,2,1.8754905721912336,1,5.414045861428419,377.4178473774818,387.7073838111014,4,0,-15.0,-16.0,4.0,4.0
uep039,8,4,3,RR,-23.0,-17.0,2,2.434390568523641,1,5.068877493813443,387.7073838111014,398.2106518734385,4,0,-15.0,-16.0,4.0,4.0
uep039,8,4,4,RR,-15.0,-24.0,2,1.4719690045381635,1,5.742266051729828,398.2106518734385,408.4248869297065,4,0,-15.0,-16.0,4.0,4.0
uep039,8,4,5,RR,-19.0,-15.0,2,2.553693071974997,1,5.4177381680815095,408.4248869297065,419.39631816976294,4,0,-15.0,-16.0,4.0,4.0
uep039,8,4,6,RR,-22.0,-9.0,2,2.596590688175261,1,5.504451798021515,419.39631816976294,430.4973606559597,4,0,-15.0,-16.0,4.0,4.0
uep039,8,4,7,RR,-16.0,-12.0,2,2.746426542347735,1,5.07846301749189,430.4973606559597,441.3222502157994,4,0,-15.0,-16.0,4.0,4.0
uep039,8,4,8,RR,-16.0,-16.0,2,1.445949836928194,1,6.008821751451625,441.3222502157994,451.77702180417924,4,0,-15.0,-16.0,4.0,4.0
uep039,8,4,9,RR,-20.0,-9.0,2,1.8395069315422938,1,6.958179365083801,451.77702180417924,463.57470810080537,4,0,-15.0,-16.0,4.0,4.0
uep039,8,4,10,RR,-17.0,-26.0,2,1.6618315852961514,1,5.763460313898554,463.57470810080537,474.0000000000001,4,0,-15.0,-16.0,4.0,4.0
