subjectId,runId,blockId,trialId,condition,leftAnswer,rightAnswer,choiceDuration,isiDuration,feedbackDuration,itiDuration,stimOnset,itiOffset,leftColor,rightColor,mu1,mu2,sd1,sd2
uep018,7,4,1,RS,0.0,-24.0,2,1.6004613865935218,1,5.331400152479,361.25812118004256,371.18998271911505,0,7,1.0,-24.0,4.0,0
uep018,7,4,2,RS,-6.0,-24.0,2,1.7369426328942323,1,5.691820315042971,371.18998271911505,381.6187456670522,0,7,1.0,-24.0,4.0,0
uep018,7,4,3,RS,6.0,-24.0,2,1.6124456752548173,1,6.793253257277421,381.6187456670522,393.02444459958446,0,7,1.0,-24.0,4.0,0
uep018,7,4,4,RS,-3.0,-24.0,2,2.9561101784683226,1,6.574743587121118,393.02444459958446,405.55529836517394,0,7,1.0,-24.0,4.0,0
uep018,7,4,5,RS,3.0,-24.0,2,2.4700799372848588,1,5.528469501304376,405.55529836517394,416.5538478037632,0,7,1.0,-24.0,4.0,0
uep018,7,4,6,RS,-2.0,-24.0,2,1.4048719130127487,1,6.831904721062914,416.5538478037632,427.79062443783886,0,7,1.0,-24.0,4.0,0
uep018,7,4,7,RS,3.0,-24.0,2,2.8919310185673095,1,6.13495776333635,427.79062443783886,439.8175132197425,0,7,1.0,-24.0,4.0,0
uep018,7,4,8,RS,-4.0,-24.0,2,1.4390820330534828,1,6.771048357390271,439.8175132197425,451.02764361018626,0,7,1.0,-24.0,4.0,0
uep018,7,4,9,RS,-1.0,-24.0,2,2.892273019244765,1,5.076837668199995,451.02764361018626,461.996754297631,0,7,1.0,-24.0,4.0,0
uep018,7,4,10,RS,-4.0,-24.0,2,2.5635980827199085,1,6.439647619649158,461.996754297631,474.0000000000001,0,7,1.0,-24.0,4.0,0
