subjectId,runId,blockId,trialId,condition,leftAnswer,rightAnswer,choiceDuration,isiDuration,feedbackDuration,itiDuration,stimOnset,itiOffset,leftColor,rightColor,mu1,mu2,sd1,sd2
uep059,7,1,1,RS,8.0,15.0,2,1.4490734675391825,1,6.509788840865482,16,26.958862308404665,3,0,10.0,15.0,4.0,0
uep059,7,1,2,RS,2.0,15.0,2,1.4158800903524538,1,5.928280319669132,26.958862308404665,37.30302271842625,3,0,10.0,15.0,4.0,0
uep059,7,1,3,RS,9.0,15.0,2,2.767148827984995,1,5.173038985730055,37.30302271842625,48.2432105321413,3,0,10.0,15.0,4.0,0
uep059,7,1,4,RS,11.0,15.0,2,2.4842588187513677,1,5.450894657146654,48.2432105321413,59.17836400803932,3,0,10.0,15.0,4.0,0
uep059,7,1,5,RS,8.0,15.0,2,1.7434345782138598,1,5.9655133526508495,59.17836400803932,69.88731193890402,3,0,10.0,15.0,4.0,0
uep059,7,1,6,RS,6.0,15.0,2,2.3405904309431884,1,5.6789131140636835,69.88731193890402,80.9068154839109,3,0,10.0,15.0,4.0,0
uep059,7,1,7,RS,14.0,15.0,2,1.2028096896758893,1,6.9179622689150335,80.9068154839109,92.02758744250183,3,0,10.0,15.0,4.0,0
uep059,7,1,8,RS,8.0,15.0,2,1.8357700303835984,1,6.941465999354118,92.02758744250183,103.80482347223955,3,0,10.0,15.0,4.0,0
uep059,7,1,9,RS,11.0,15.0,2,1.2462999109197932,1,5.253196822738663,103.80482347223955,113.304320205898,3,0,10.0,15.0,4.0,0
uep059,7,1,10,RS,7.0,15.0,2,2.4442847370291263,1,5.022426334042014,113.304320205898,123.77103127696913,3,0,10.0,15.0,4.0,0
