subjectId,runId,blockId,trialId,condition,leftAnswer,rightAnswer,choiceDuration,isiDuration,feedbackDuration,itiDuration,stimOnset,itiOffset,leftColor,rightColor,mu1,mu2,sd1,sd2
uep051,1,1,1,RS,-8.0,6.0,2,2.424325369188151,1,6.290917454874292,16,27.715242824062443,7,2,4.0,6.0,4.0,0
uep051,1,1,2,RS,2.0,6.0,2,1.595864782020638,1,5.437643219522238,27.715242824062443,37.74875082560532,7,2,4.0,6.0,4.0,0
uep051,1,1,3,RS,4.0,6.0,2,1.3321595998376197,1,6.140849443334383,37.74875082560532,48.22175986877732,7,2,4.0,6.0,4.0,0
uep051,1,1,4,RS,9.0,6.0,2,2.1393863011778564,1,6.605030645986273,48.22175986877732,59.96617681594145,7,2,4.0,6.0,4.0,0
uep051,1,1,5,RS,1.0,6.0,2,1.7916277605456716,1,5.514236302207761,59.96617681594145,70.2720408786949,7,2,4.0,6.0,4.0,0
uep051,1,1,6,RS,1.0,6.0,2,2.928048906934734,1,5.168732933731022,70.2720408786949,81.36882271936065,7,2,4.0,6.0,4.0,0
uep051,1,1,7,RS,6.0,6.0,2,1.5987689865767387,1,5.296341231854463,81.36882271936065,91.26393293779185,7,2,4.0,6.0,4.0,0
uep051,1,1,8,RS,7.0,6.0,2,1.2412832378534167,1,6.306403132662737,91.26393293779185,101.81161930830801,7,2,4.0,6.0,4.0,0
uep051,1,1,9,RS,10.0,6.0,2,2.53378190769886,1,5.229605103098323,101.81161930830801,112.5750063191052,7,2,4.0,6.0,4.0,0
uep051,1,1,10,RS,0.0,6.0,2,2.87612542980363,1,6.7131080792892535,112.5750063191052,125.16423982819809,7,2,4.0,6.0,4.0,0
