subjectId,runId,blockId,trialId,condition,leftAnswer,rightAnswer,choiceDuration,isiDuration,feedbackDuration,itiDuration,stimOnset,itiOffset,leftColor,rightColor,mu1,mu2,sd1,sd2
uep034,5,1,1,SR,-3.0,19.0,2,1.2931066094424282,1,6.180337435037327,16,26.473444044479756,3,4,-3.0,18.0,0,4.0
uep034,5,1,2,SR,-3.0,16.0,2,2.8711731186405025,1,6.470362330055935,26.473444044479756,38.814979493176196,3,4,-3.0,18.0,0,4.0
uep034,5,1,3,SR,-3.0,23.0,2,1.4218762407082697,1,6.139482456230868,38.814979493176196,49.376338190115334,3,4,-3.0,18.0,0,4.0
uep034,5,1,4,SR,-3.0,17.0,2,1.8114456088949114,1,6.665310380453109,49.376338190115334,60.853094179463355,3,4,-3.0,18.0,0,4.0
uep034,5,1,5,SR,-3.0,12.0,2,1.4989172576647085,1,5.148097645034651,60.853094179463355,70.50010908216272,3,4,-3.0,18.0,0,4.0
uep034,5,1,6,SR,-3.0,19.0,2,1.0470989060987965,1,6.795344423266604,70.50010908216272,81.34255241152812,3,4,-3.0,18.0,0,4.0
uep034,5,1,7,SR,-3.0,17.0,2,2.879738762166068,1,6.157567661959415,81.34255241152812,93.37985883565361,3,4,-3.0,18.0,0,4.0
uep034,5,1,8,SR,-3.0,12.0,2,1.6729256302912427,1,5.567257595216742,93.37985883565361,103.6200420611616,3,4,-3.0,18.0,0,4.0
uep034,5,1,9,SR,-3.0,20.0,2,2.874789779194965,1,6.154672461339588,103.6200420611616,115.64950430169615,3,4,-3.0,18.0,0,4.0
uep034,5,1,10,SR,-3.0,21.0,2,2.4628187213569555,1,5.588541106518603,115.64950430169615,126.70086412957171,3,4,-3.0,18.0,0,4.0
