subjectId,runId,blockId,trialId,condition,leftAnswer,rightAnswer,choiceDuration,isiDuration,feedbackDuration,itiDuration,stimOnset,itiOffset,leftColor,rightColor,mu1,mu2,sd1,sd2
uep008,6,4,1,RR,-8.0,-2.0,2,1.2369213594134347,1,6.382829753455524,365.2532175470266,375.87296865989555,5,1,-10.0,-8.0,4.0,4.0
uep008,6,4,2,RR,-11.0,-10.0,2,2.8018023026106045,1,6.625156725110465,375.87296865989555,388.2999276876166,5,1,-10.0,-8.0,4.0,4.0
uep008,6,4,3,RR,-10.0,-5.0,2,1.363098583803195,1,5.655892828822872,388.2999276876166,398.3189191002427,5,1,-10.0,-8.0,4.0,4.0
uep008,6,4,4,RR,-14.0,-8.0,2,2.1613826356753147,1,6.122284703648468,398.3189191002427,409.60258643956644,5,1,-10.0,-8.0,4.0,4.0
uep008,6,4,5,RR,-14.0,-9.0,2,2.431308698218585,1,5.67766764479219,409.60258643956644,420.7115627825772,5,1,-10.0,-8.0,4.0,4.0
uep008,6,4,6,RR,-12.0,-9.0,2,2.800663670686528,1,6.416104657818207,420.7115627825772,432.9283311110819,5,1,-10.0,-8.0,4.0,4.0
uep008,6,4,7,RR,-14.0,-6.0,2,2.830034014654547,1,5.711339101940669,432.9283311110819,444.4697042276771,5,1,-10.0,-8.0,4.0,4.0
uep008,6,4,8,RR,-12.0,-13.0,2,1.4715399028354363,1,5.609657601850667,444.4697042276771,454.5509017323632,5,1,-10.0,-8.0,4.0,4.0
uep008,6,4,9,RR,-14.0,-7.0,2,1.3429901102267447,1,5.152019037468527,454.5509017323632,464.04591088005844,5,1,-10.0,-8.0,4.0,4.0
uep008,6,4,10,RR,-4.0,-11.0,2,1.5239022964582434,1,5.43018682348311,464.04591088005844,473.9999999999998,5,1,-10.0,-8.0,4.0,4.0
