subjectId,runId,blockId,trialId,condition,leftAnswer,rightAnswer,choiceDuration,isiDuration,feedbackDuration,itiDuration,stimOnset,itiOffset,leftColor,rightColor,mu1,mu2,sd1,sd2
uep020,3,1,1,RR,1.0,-2.0,2,2.1328894021329,1,5.347920539811504,16,26.480809941944404,2,3,-4.0,-4.0,4.0,4.0
uep020,3,1,2,RR,2.0,-1.0,2,2.3388061719590607,1,5.003506257728923,26.480809941944404,36.82312237163239,2,3,-4.0,-4.0,4.0,4.0
uep020,3,1,3,RR,-2.0,5.0,2,1.7915824114877463,1,6.879470335713825,36.82312237163239,48.49417511883396,2,3,-4.0,-4.0,4.0,4.0
uep020,3,1,4,RR,4.0,-1.0,2,1.6745458063387293,1,5.532514603260489,48.49417511883396,58.70123552843317,2,3,-4.0,-4.0,4.0,4.0
uep020,3,1,5,RR,5.0,-0.0,2,2.1169432173731364,1,5.897744217786942,58.70123552843317,69.71592296359324,2,3,-4.0,-4.0,4.0,4.0
uep020,3,1,6,RR,-6.0,-6.0,2,1.0090883942318958,1,6.488546973721339,69.71592296359324,80.21355833154648,2,3,-4.0,-4.0,4.0,4.0
uep020,3,1,7,RR,-4.0,-6.0,2,1.1887170674422032,1,5.5428217843622525,80.21355833154648,89.94509718335092,2,3,-4.0,-4.0,4.0,4.0
uep020,3,1,8,RR,2.0,-4.0,2,2.1342935853258562,1,5.161398096015676,89.94509718335092,100.24078886469245,2,3,-4.0,-4.0,4.0,4.0
uep020,3,1,9,RR,2.0,5.0,2,2.8848083460116682,1,6.318044521029103,100.24078886469245,112.44364173173322,2,3,-4.0,-4.0,4.0,4.0
uep020,3,1,10,RR,-9.0,-9.0,2,2.0120932815116066,1,6.564008077601143,112.44364173173322,124.01974309084598,2,3,-4.0,-4.0,4.0,4.0
