subjectId,runId,blockId,trialId,condition,leftAnswer,rightAnswer,choiceDuration,isiDuration,feedbackDuration,itiDuration,stimOnset,itiOffset,leftColor,rightColor,mu1,mu2,sd1,sd2
uep040,3,3,1,RR,7.0,25.0,2,2.166876397311461,1,5.911580783154778,250.11780336254594,261.19626054301216,2,4,-0.0,22.0,4.0,4.0
uep040,3,3,2,RR,2.0,21.0,2,1.942337083857081,1,5.3482049329160075,261.19626054301216,271.48680255978525,2,4,-0.0,22.0,4.0,4.0
uep040,3,3,3,RR,-5.0,23.0,2,1.1693771362326464,1,6.905961486235499,271.48680255978525,282.5621411822534,2,4,-0.0,22.0,4.0,4.0
uep040,3,3,4,RR,4.0,26.0,2,2.3561200013820915,1,5.153642796508292,282.5621411822534,293.07190398014376,2,4,-0.0,22.0,4.0,4.0
uep040,3,3,5,RR,5.0,26.0,2,2.269138188642704,1,5.11712752166104,293.07190398014376,303.4581696904475,2,4,-0.0,22.0,4.0,4.0
uep040,3,3,6,RR,-1.0,27.0,2,1.509649355368116,1,6.50773017385258,303.4581696904475,314.4755492196682,2,4,-0.0,22.0,4.0,4.0
uep040,3,3,7,RR,-2.0,17.0,2,1.8165732346896648,1,5.400358588542335,314.4755492196682,324.6924810429002,2,4,-0.0,22.0,4.0,4.0
uep040,3,3,8,RR,5.0,18.0,2,1.0624706438852893,1,5.142264877929101,324.6924810429002,333.8972165647146,2,4,-0.0,22.0,4.0,4.0
uep040,3,3,9,RR,7.0,20.0,2,1.2693203626886589,1,5.1061265565069585,333.8972165647146,343.2726634839102,2,4,-0.0,22.0,4.0,4.0
uep040,3,3,10,RR,-1.0,26.0,2,2.8047783316374058,1,6.089566271632348,343.2726634839102,355.16700808717997,2,4,-0.0,22.0,4.0,4.0
