subjectId,runId,blockId,trialId,condition,leftAnswer,rightAnswer,choiceDuration,isiDuration,feedbackDuration,itiDuration,stimOnset,itiOffset,leftColor,rightColor,mu1,mu2,sd1,sd2
uep001,6,4,1,RR,0.0,14.0,2,1.5858549014908891,1,5.551757401552675,365.50022667226233,375.6378389753059,1,0,3.0,15.0,4.0,4.0
uep001,6,4,2,RR,2.0,17.0,2,1.5416072550264823,1,5.847977738869919,375.6378389753059,386.0274239692023,1,0,3.0,15.0,4.0,4.0
uep001,6,4,3,RR,3.0,7.0,2,1.7861194289657156,1,5.1586242763784,386.0274239692023,395.9721676745464,1,0,3.0,15.0,4.0,4.0
uep001,6,4,4,RR,8.0,19.0,2,1.1709761699074783,1,6.33105572659655,395.9721676745464,406.47419957105046,1,0,3.0,15.0,4.0,4.0
uep001,6,4,5,RR,2.0,17.0,2,1.6101318394647353,1,6.963158121541521,406.47419957105046,418.0474895320567,1,0,3.0,15.0,4.0,4.0
uep001,6,4,6,RR,-1.0,16.0,2,1.8920822729603934,1,6.650696263477474,418.0474895320567,429.5902680684946,1,0,3.0,15.0,4.0,4.0
uep001,6,4,7,RR,1.0,16.0,2,1.6064774867893832,1,5.17911342206905,429.5902680684946,439.37585897735306,1,0,3.0,15.0,4.0,4.0
uep001,6,4,8,RR,5.0,11.0,2,1.8175858735954598,1,5.971688875400717,439.37585897735306,450.16513372634927,1,0,3.0,15.0,4.0,4.0
uep001,6,4,9,RR,2.0,13.0,2,2.535672859817361,1,6.822261668873831,450.16513372634927,462.5230682550404,1,0,3.0,15.0,4.0,4.0
uep001,6,4,10,RR,3.0,7.0,2,2.196177892359336,1,6.280753852600473,462.5230682550404,474.0000000000002,1,0,3.0,15.0,4.0,4.0
