subjectId,runId,blockId,trialId,condition,leftAnswer,rightAnswer,choiceDuration,isiDuration,feedbackDuration,itiDuration,stimOnset,itiOffset,leftColor,rightColor,mu1,mu2,sd1,sd2
uep016,1,1,1,SS,-9.0,-8.0,2,1.262184496202949,1,5.698191667221994,16,25.960376163424943,0,3,-9.0,-8.0,0,0
uep016,1,1,2,SS,-9.0,-8.0,2,1.5966334326485445,1,6.00421184143061,25.960376163424943,36.5612214375041,0,3,-9.0,-8.0,0,0
uep016,1,1,3,SS,-9.0,-8.0,2,1.307307650445608,1,5.81852634727185,36.5612214375041,46.68705543522156,0,3,-9.0,-8.0,0,0
uep016,1,1,4,SS,-9.0,-8.0,2,1.7931817661505107,1,6.6833330946163265,46.68705543522156,58.16357029598839,0,3,-9.0,-8.0,0,0
uep016,1,1,5,SS,-9.0,-8.0,2,2.7941434018961266,1,6.906209961668876,58.16357029598839,70.8639236595534,0,3,-9.0,-8.0,0,0
uep016,1,1,6,SS,-9.0,-8.0,2,2.9299450318828817,1,6.627606297748253,70.8639236595534,83.42147498918453,0,3,-9.0,-8.0,0,0
uep016,1,1,7,SS,-9.0,-8.0,2,1.7985725292965453,1,6.369772480181914,83.42147498918453,94.58981999866299,0,3,-9.0,-8.0,0,0
uep016,1,1,8,SS,-9.0,-8.0,2,2.3006813596054867,1,6.569604673040805,94.58981999866299,106.46010603130928,0,3,-9.0,-8.0,0,0
uep016,1,1,9,SS,-9.0,-8.0,2,1.7607814316638923,1,6.930274304439143,106.46010603130928,118.1511617674123,0,3,-9.0,-8.0,0,0
uep016,1,1,10,SS,-9.0,-8.0,2,2.7415531832314564,1,5.526653876952325,118.1511617674123,129.4193688275961,0,3,-9.0,-8.0,0,0
