subjectId,runId,blockId,trialId,condition,leftAnswer,rightAnswer,choiceDuration,isiDuration,feedbackDuration,itiDuration,stimOnset,itiOffset,leftColor,rightColor,mu1,mu2,sd1,sd2
uep003,8,4,1,SR,-13.0,2.0,2,1.519177748391582,1,5.663405483910735,362.29126096404053,372.47384419634284,0,6,-13.0,-2.0,0,4.0
uep003,8,4,2,SR,-13.0,1.0,2,1.1161661276969805,1,5.552704100010357,372.47384419634284,382.1427144240502,0,6,-13.0,-2.0,0,4.0
uep003,8,4,3,SR,-13.0,4.0,2,2.3803868900436367,1,6.523353895243418,382.1427144240502,394.04645520933724,0,6,-13.0,-2.0,0,4.0
uep003,8,4,4,SR,-13.0,-2.0,2,2.410113067310523,1,5.918239683886492,394.04645520933724,405.37480796053427,0,6,-13.0,-2.0,0,4.0
uep003,8,4,5,SR,-13.0,-6.0,2,1.6397610993258662,1,6.50619953615655,405.37480796053427,416.5207685960167,0,6,-13.0,-2.0,0,4.0
uep003,8,4,6,SR,-13.0,-1.0,2,2.4577229219271444,1,6.98141739897279,416.5207685960167,428.9599089169166,0,6,-13.0,-2.0,0,4.0
uep003,8,4,7,SR,-13.0,-0.0,2,1.6445018077826818,1,6.331083033249016,428.9599089169166,439.9354937579483,0,6,-13.0,-2.0,0,4.0
uep003,8,4,8,SR,-13.0,2.0,2,1.7417890831007878,1,5.928615866549205,439.9354937579483,450.60589870759827,0,6,-13.0,-2.0,0,4.0
uep003,8,4,9,SR,-13.0,-6.0,2,2.6747763833356855,1,5.5602235092913785,450.60589870759827,461.8408986002254,0,6,-13.0,-2.0,0,4.0
uep003,8,4,10,SR,-13.0,-3.0,2,2.1876644003240022,1,6.971436999450648,461.8408986002254,474.00000000000006,0,6,-13.0,-2.0,0,4.0
