subjectId,runId,blockId,trialId,condition,leftAnswer,rightAnswer,choiceDuration,isiDuration,feedbackDuration,itiDuration,stimOnset,itiOffset,leftColor,rightColor,mu1,mu2,sd1,sd2
uep001,4,2,1,RR,-5.0,1.0,2,1.0677979138695912,1,6.797254216619791,131.7297331460713,142.59478527656069,0,4,-6.0,-1.0,4.0,4.0
uep001,4,2,2,RR,-10.0,5.0,2,1.1186631562579032,1,5.669416687999874,142.59478527656069,152.38286512081845,0,4,-6.0,-1.0,4.0,4.0
uep001,4,2,3,RR,-3.0,7.0,2,2.5091557162083307,1,5.545339505366742,152.38286512081845,163.43736034239353,0,4,-6.0,-1.0,4.0,4.0
uep001,4,2,4,RR,-4.0,-2.0,2,0.9934225713359739,1,6.610445717873404,163.43736034239353,174.0412286316029,0,4,-6.0,-1.0,4.0,4.0
uep001,4,2,5,RR,-12.0,7.0,2,2.4060261922539072,1,6.805569147944007,174.0412286316029,186.2528239718008,0,4,-6.0,-1.0,4.0,4.0
uep001,4,2,6,RR,-1.0,6.0,2,2.8132181026679492,1,5.88739224397432,186.2528239718008,197.95343431844307,0,4,-6.0,-1.0,4.0,4.0
uep001,4,2,7,RR,-14.0,-3.0,2,2.051164158700866,1,5.929865387500771,197.95343431844307,208.9344638646447,0,4,-6.0,-1.0,4.0,4.0
uep001,4,2,8,RR,0.0,3.0,2,2.7162917137594333,1,6.639718280886429,208.9344638646447,221.29047385929056,0,4,-6.0,-1.0,4.0,4.0
uep001,4,2,9,RR,-3.0,-3.0,2,1.2199974774951647,1,5.457140083652195,221.29047385929056,230.96761142043792,0,4,-6.0,-1.0,4.0,4.0
uep001,4,2,10,RR,-5.0,4.0,2,2.0807047792810773,1,6.443898413966493,230.96761142043792,242.49221461368546,0,4,-6.0,-1.0,4.0,4.0
