subjectId,runId,blockId,trialId,condition,leftAnswer,rightAnswer,choiceDuration,isiDuration,feedbackDuration,itiDuration,stimOnset,itiOffset,leftColor,rightColor,mu1,mu2,sd1,sd2
uep013,7,4,1,SR,11.0,1.0,2,2.0255371730785674,1,6.641591903094052,362.38362607109997,374.0507551472726,3,6,11.0,-7.0,0,4.0
uep013,7,4,2,SR,11.0,-3.0,2,2.790716601469835,1,6.920220855105558,374.0507551472726,386.761692603848,3,6,11.0,-7.0,0,4.0
uep013,7,4,3,SR,11.0,-8.0,2,1.102195915199448,1,5.144892368617063,386.761692603848,396.0087808876645,3,6,11.0,-7.0,0,4.0
uep013,7,4,4,SR,11.0,-6.0,2,2.6133831365642464,1,5.1097982783650755,396.0087808876645,406.73196230259384,3,6,11.0,-7.0,0,4.0
uep013,7,4,5,SR,11.0,-5.0,2,1.6011736219370551,1,5.477897354845776,406.73196230259384,416.81103327937666,3,6,11.0,-7.0,0,4.0
uep013,7,4,6,SR,11.0,-17.0,2,1.3545476424082192,1,7.03946981904202,416.81103327937666,428.2050507408269,3,6,11.0,-7.0,0,4.0
uep013,7,4,7,SR,11.0,-5.0,2,2.23369683422154,1,6.968805671725593,428.2050507408269,440.407553246774,3,6,11.0,-7.0,0,4.0
uep013,7,4,8,SR,11.0,-2.0,2,1.4733869278346452,1,5.933768825418072,440.407553246774,450.81470900002677,3,6,11.0,-7.0,0,4.0
uep013,7,4,9,SR,11.0,-8.0,2,2.8456084851707004,1,6.783986195663612,450.81470900002677,463.4443036808611,3,6,11.0,-7.0,0,4.0
uep013,7,4,10,SR,11.0,1.0,2,2.073053146319895,1,5.482643172818991,463.4443036808611,474.0,3,6,11.0,-7.0,0,4.0
