subjectId,runId,blockId,trialId,condition,leftAnswer,rightAnswer,choiceDuration,isiDuration,feedbackDuration,itiDuration,stimOnset,itiOffset,leftColor,rightColor,mu1,mu2,sd1,sd2
uep032,6,1,1,RR,-0.0,16.0,2,1.087470253089683,1,5.821389097604561,16,25.908859350694243,6,4,-1.0,17.0,4.0,4.0
uep032,6,1,2,RR,2.0,21.0,2,2.3128566838900166,1,5.668704351308677,25.908859350694243,36.89042038589294,6,4,-1.0,17.0,4.0,4.0
uep032,6,1,3,RR,-2.0,16.0,2,2.4128211331025025,1,5.996262017768248,36.89042038589294,48.29950353676369,6,4,-1.0,17.0,4.0,4.0
uep032,6,1,4,RR,1.0,22.0,2,2.3854371700976644,1,5.7047069235101,48.29950353676369,59.389647630371456,6,4,-1.0,17.0,4.0,4.0
uep032,6,1,5,RR,-5.0,20.0,2,2.378061351678439,1,6.3947134533087135,59.389647630371456,71.16242243535861,6,4,-1.0,17.0,4.0,4.0
uep032,6,1,6,RR,3.0,13.0,2,1.5941021367334456,1,6.351930956268019,71.16242243535861,82.10845552836007,6,4,-1.0,17.0,4.0,4.0
uep032,6,1,7,RR,-5.0,18.0,2,2.2443087926874994,1,6.9145210376391635,82.10845552836007,94.26728535868673,6,4,-1.0,17.0,4.0,4.0
uep032,6,1,8,RR,1.0,16.0,2,2.52444013631635,1,5.5138396195077,94.26728535868673,105.30556511451078,6,4,-1.0,17.0,4.0,4.0
uep032,6,1,9,RR,-5.0,16.0,2,2.5366394991845445,1,6.18976959673198,105.30556511451078,117.03197421042731,6,4,-1.0,17.0,4.0,4.0
uep032,6,1,10,RR,-0.0,13.0,2,1.8671061107131064,1,6.757385563039019,117.03197421042731,128.65646588417943,6,4,-1.0,17.0,4.0,4.0
