subjectId,runId,blockId,trialId,condition,leftAnswer,rightAnswer,choiceDuration,isiDuration,feedbackDuration,itiDuration,stimOnset,itiOffset,leftColor,rightColor,mu1,mu2,sd1,sd2
uep045,7,2,1,SS,28.0,5.0,2,2.6562944537418702,1,6.875419513516947,133.57322952036247,146.1049434876213,0,4,28.0,5.0,0,0
uep045,7,2,2,SS,28.0,5.0,2,1.681341074861477,1,6.8332284709684235,146.1049434876213,157.61951303345123,0,4,28.0,5.0,0,0
uep045,7,2,3,SS,28.0,5.0,2,2.2167897364200284,1,4.983537515969192,157.61951303345123,167.81984028584046,0,4,28.0,5.0,0,0
uep045,7,2,4,SS,28.0,5.0,2,1.6990127611023456,1,6.907181389204706,167.81984028584046,179.42603443614752,0,4,28.0,5.0,0,0
uep045,7,2,5,SS,28.0,5.0,2,1.130291633861126,1,5.655599277459687,179.42603443614752,189.21192534746834,0,4,28.0,5.0,0,0
uep045,7,2,6,SS,28.0,5.0,2,2.33562127791043,1,6.656347933694352,189.21192534746834,201.20389455907312,0,4,28.0,5.0,0,0
uep045,7,2,7,SS,28.0,5.0,2,2.349079521175601,1,6.0881908257272634,201.20389455907312,212.64116490597598,0,4,28.0,5.0,0,0
uep045,7,2,8,SS,28.0,5.0,2,1.6674786993017194,1,6.387753218355189,212.64116490597598,223.69639682363288,0,4,28.0,5.0,0,0
uep045,7,2,9,SS,28.0,5.0,2,1.1103079574054286,1,5.664958926493538,223.69639682363288,233.47166370753186,0,4,28.0,5.0,0,0
uep045,7,2,10,SS,28.0,5.0,2,2.3033111736970464,1,6.510121666618256,233.47166370753186,245.28509654784716,0,4,28.0,5.0,0,0
