subjectId,runId,blockId,trialId,condition,leftAnswer,rightAnswer,choiceDuration,isiDuration,feedbackDuration,itiDuration,stimOnset,itiOffset,leftColor,rightColor,mu1,mu2,sd1,sd2
uep004,3,3,1,SR,5.0,-9.0,2,1.4076603454064711,1,6.251146816037583,250.53125444103327,261.19006160247733,0,4,5.0,-3.0,0,4.0
uep004,3,3,2,SR,5.0,-0.0,2,2.6060490254426534,1,5.6300784398227295,261.19006160247733,272.4261890677427,0,4,5.0,-3.0,0,4.0
uep004,3,3,3,SR,5.0,-3.0,2,1.8602071259350572,1,5.38915550188092,272.4261890677427,282.6755516955587,0,4,5.0,-3.0,0,4.0
uep004,3,3,4,SR,5.0,2.0,2,1.1310936776727294,1,6.303055306359919,282.6755516955587,293.1097006795913,0,4,5.0,-3.0,0,4.0
uep004,3,3,5,SR,5.0,6.0,2,1.9056592219166717,1,5.451583434142497,293.1097006795913,303.46694333565046,0,4,5.0,-3.0,0,4.0
uep004,3,3,6,SR,5.0,-1.0,2,1.790216104902913,1,6.281321728373383,303.46694333565046,314.53848116892675,0,4,5.0,-3.0,0,4.0
uep004,3,3,7,SR,5.0,2.0,2,2.219019738741756,1,5.534616297600101,314.53848116892675,325.2921172052686,0,4,5.0,-3.0,0,4.0
uep004,3,3,8,SR,5.0,2.0,2,2.2537400422015814,1,6.463083302798076,325.2921172052686,337.0089405502682,0,4,5.0,-3.0,0,4.0
uep004,3,3,9,SR,5.0,1.0,2,2.8091022493089417,1,5.415457402794728,337.0089405502682,348.2335002023719,0,4,5.0,-3.0,0,4.0
uep004,3,3,10,SR,5.0,-2.0,2,2.9824543074049936,1,6.033953044918878,348.2335002023719,360.24990755469577,0,4,5.0,-3.0,0,4.0
