subjectId,runId,blockId,trialId,condition,leftAnswer,rightAnswer,choiceDuration,isiDuration,feedbackDuration,itiDuration,stimOnset,itiOffset,leftColor,rightColor,mu1,mu2,sd1,sd2
uep006,4,2,1,RR,6.0,-6.0,2,1.4970687376508263,1,5.905940256126555,133.13118185390522,143.5341908476826,4,5,5.0,-8.0,4.0,4.0
uep006,4,2,2,RR,-1.0,-7.0,2,1.7665807118828933,1,6.659345829655555,143.5341908476826,154.96011738922104,4,5,5.0,-8.0,4.0,4.0
uep006,4,2,3,RR,5.0,-11.0,2,1.1570791847280675,1,7.161738613640512,154.96011738922104,166.27893518758964,4,5,5.0,-8.0,4.0,4.0
uep006,4,2,4,RR,6.0,-8.0,2,1.1711649232395793,1,6.532082919404214,166.27893518758964,176.98218303023344,4,5,5.0,-8.0,4.0,4.0
uep006,4,2,5,RR,1.0,-6.0,2,2.7519798777789743,1,5.293216594667876,176.98218303023344,188.0273795026803,4,5,5.0,-8.0,4.0,4.0
uep006,4,2,6,RR,7.0,-1.0,2,2.25286567161798,1,5.966930649740106,188.0273795026803,199.24717582403838,4,5,5.0,-8.0,4.0,4.0
uep006,4,2,7,RR,2.0,-5.0,2,1.8061902586297216,1,5.892866051266277,199.24717582403838,209.9462321339344,4,5,5.0,-8.0,4.0,4.0
uep006,4,2,8,RR,3.0,-12.0,2,2.477439706607283,1,6.801510859681227,209.9462321339344,222.2251827002229,4,5,5.0,-8.0,4.0,4.0
uep006,4,2,9,RR,2.0,-12.0,2,1.3369491057997844,1,6.51285154265218,222.2251827002229,233.07498334867486,4,5,5.0,-8.0,4.0,4.0
uep006,4,2,10,RR,-2.0,-8.0,2,2.582715825982348,1,5.435541044124801,233.07498334867486,244.093240218782,4,5,5.0,-8.0,4.0,4.0
