subjectId,runId,blockId,trialId,condition,leftAnswer,rightAnswer,choiceDuration,isiDuration,feedbackDuration,itiDuration,stimOnset,itiOffset,leftColor,rightColor,mu1,mu2,sd1,sd2
uep015,3,1,1,RR,9.0,-9.0,2,2.7786546879468985,1,5.608812347126306,16,27.387467035073204,3,7,4.0,-12.0,4.0,4.0
uep015,3,1,2,RR,5.0,-18.0,2,2.798716344989073,1,5.318561383308895,27.387467035073204,38.50474476337117,3,7,4.0,-12.0,4.0,4.0
uep015,3,1,3,RR,4.0,-8.0,2,1.5159121090778431,1,6.1759560727181,38.50474476337117,49.19661294516712,3,7,4.0,-12.0,4.0,4.0
uep015,3,1,4,RR,0.0,-7.0,2,1.612352742554882,1,6.932024304245636,49.19661294516712,60.74098999196764,3,7,4.0,-12.0,4.0,4.0
uep015,3,1,5,RR,4.0,-21.0,2,2.906016562820129,1,5.556520802805825,60.74098999196764,72.20352735759359,3,7,4.0,-12.0,4.0,4.0
uep015,3,1,6,RR,4.0,-10.0,2,1.3606651291008953,1,6.125070976919839,72.20352735759359,82.68926346361432,3,7,4.0,-12.0,4.0,4.0
uep015,3,1,7,RR,6.0,-7.0,2,2.2233102473463453,1,5.926777083429025,82.68926346361432,93.8393507943897,3,7,4.0,-12.0,4.0,4.0
uep015,3,1,8,RR,2.0,-8.0,2,1.0526868299720311,1,6.242983530150148,93.8393507943897,104.13502115451189,3,7,4.0,-12.0,4.0,4.0
uep015,3,1,9,RR,-0.0,-10.0,2,1.2619468622853385,1,6.930470773119418,104.13502115451189,115.32743878991666,3,7,4.0,-12.0,4.0,4.0
uep015,3,1,10,RR,5.0,-5.0,2,2.3295267813331537,1,5.884570723294814,115.32743878991666,126.54153629454463,3,7,4.0,-12.0,4.0,4.0
