subjectId,runId,blockId,trialId,condition,leftAnswer,rightAnswer,choiceDuration,isiDuration,feedbackDuration,itiDuration,stimOnset,itiOffset,leftColor,rightColor,mu1,mu2,sd1,sd2
uep004,2,4,1,SS,-3.0,1.0,2,2.733075094727232,1,5.523827690736265,362.55882667238313,373.8157294578466,4,5,-3.0,1.0,0,0
uep004,2,4,2,SS,-3.0,1.0,2,2.5906122495026227,1,5.221829347264534,373.8157294578466,384.62817105461374,4,5,-3.0,1.0,0,0
uep004,2,4,3,SS,-3.0,1.0,2,2.7110513849829836,1,6.434582706667824,384.62817105461374,396.7738051462645,4,5,-3.0,1.0,0,0
uep004,2,4,4,SS,-3.0,1.0,2,1.6275992800670869,1,5.531336423940013,396.7738051462645,406.9327408502716,4,5,-3.0,1.0,0,0
uep004,2,4,5,SS,-3.0,1.0,2,2.7826735996886662,1,6.530222009005839,406.9327408502716,419.24563645896615,4,5,-3.0,1.0,0,0
uep004,2,4,6,SS,-3.0,1.0,2,2.8241074855867967,1,4.972268028194396,419.24563645896615,430.04201197274733,4,5,-3.0,1.0,0,0
uep004,2,4,7,SS,-3.0,1.0,2,1.8688394189499205,1,6.440845311950735,430.04201197274733,441.351696703648,4,5,-3.0,1.0,0,0
uep004,2,4,8,SS,-3.0,1.0,2,2.7083652248707253,1,5.381121800541799,441.351696703648,452.44118372906047,4,5,-3.0,1.0,0,0
uep004,2,4,9,SS,-3.0,1.0,2,2.642416153149347,1,5.742466660635165,452.44118372906047,463.82606654284496,4,5,-3.0,1.0,0,0
uep004,2,4,10,SS,-3.0,1.0,2,1.2105319441158915,1,5.9634015130390345,463.82606654284496,473.9999999999999,4,5,-3.0,1.0,0,0
