subjectId,runId,blockId,trialId,condition,leftAnswer,rightAnswer,choiceDuration,isiDuration,feedbackDuration,itiDuration,stimOnset,itiOffset,leftColor,rightColor,mu1,mu2,sd1,sd2
uep033,8,2,1,SR,-12.0,-2.0,2,2.8715508106845,1,5.727421242181369,131.69084649997865,143.28981855284454,6,4,-12.0,2.0,0,4.0
uep033,8,2,2,SR,-12.0,2.0,2,2.6463353521213953,1,5.4864070923174095,143.28981855284454,154.42256099728334,6,4,-12.0,2.0,0,4.0
uep033,8,2,3,SR,-12.0,-4.0,2,2.398560831103334,1,6.837477474428422,154.42256099728334,166.6585993028151,6,4,-12.0,2.0,0,4.0
uep033,8,2,4,SR,-12.0,4.0,2,2.1105216265612605,1,6.269276301708747,166.6585993028151,178.0383972310851,6,4,-12.0,2.0,0,4.0
uep033,8,2,5,SR,-12.0,13.0,2,2.561000291324769,1,5.810395312861932,178.0383972310851,189.40979283527182,6,4,-12.0,2.0,0,4.0
uep033,8,2,6,SR,-12.0,4.0,2,3.0350417111293484,1,6.484408113294072,189.40979283527182,201.92924265969523,6,4,-12.0,2.0,0,4.0
uep033,8,2,7,SR,-12.0,7.0,2,2.180323468360682,1,5.07221163263439,201.92924265969523,212.1817777606903,6,4,-12.0,2.0,0,4.0
uep033,8,2,8,SR,-12.0,2.0,2,1.3291758271819951,1,6.569179615551513,212.1817777606903,223.0801332034238,6,4,-12.0,2.0,0,4.0
uep033,8,2,9,SR,-12.0,2.0,2,1.3882246446214372,1,5.962844782544342,223.0801332034238,233.43120263058958,6,4,-12.0,2.0,0,4.0
uep033,8,2,10,SR,-12.0,1.0,2,2.153467385497237,1,5.8449342102497726,233.43120263058958,244.42960422633658,6,4,-12.0,2.0,0,4.0
