subjectId,runId,blockId,trialId,condition,leftAnswer,rightAnswer,choiceDuration,isiDuration,feedbackDuration,itiDuration,stimOnset,itiOffset,leftColor,rightColor,mu1,mu2,sd1,sd2
uep002,4,2,1,SR,-3.0,-15.0,2,2.1297855670619996,1,6.274463990847034,130.37057798816852,141.77482754607755,1,5,-3.0,-20.0,0,4.0
uep002,4,2,2,SR,-3.0,-19.0,2,1.2864234529232934,1,6.952152334421383,141.77482754607755,153.01340333342222,1,5,-3.0,-20.0,0,4.0
uep002,4,2,3,SR,-3.0,-24.0,2,2.504721774604743,1,6.581598390326291,153.01340333342222,165.09972349835326,1,5,-3.0,-20.0,0,4.0
uep002,4,2,4,SR,-3.0,-19.0,2,2.8598579209833916,1,5.4730200673540645,165.09972349835326,176.43260148669071,1,5,-3.0,-20.0,0,4.0
uep002,4,2,5,SR,-3.0,-16.0,2,1.7546035463718848,1,5.916232924205471,176.43260148669071,187.10343795726808,1,5,-3.0,-20.0,0,4.0
uep002,4,2,6,SR,-3.0,-23.0,2,2.7672280777867515,1,5.482832745072501,187.10343795726808,198.35349878012732,1,5,-3.0,-20.0,0,4.0
uep002,4,2,7,SR,-3.0,-22.0,2,1.938082523726038,1,6.765225489507263,198.35349878012732,210.0568067933606,1,5,-3.0,-20.0,0,4.0
uep002,4,2,8,SR,-3.0,-18.0,2,2.3908719887173415,1,6.200127453922667,210.0568067933606,221.64780623600063,1,5,-3.0,-20.0,0,4.0
uep002,4,2,9,SR,-3.0,-16.0,2,2.271794097956961,1,5.508033137448137,221.64780623600063,232.42763347140573,1,5,-3.0,-20.0,0,4.0
uep002,4,2,10,SR,-3.0,-17.0,2,2.9995025400435456,1,5.952502009911939,232.42763347140573,244.37963802136122,1,5,-3.0,-20.0,0,4.0
