subjectId,runId,blockId,trialId,condition,leftAnswer,rightAnswer,choiceDuration,isiDuration,feedbackDuration,itiDuration,stimOnset,itiOffset,leftColor,rightColor,mu1,mu2,sd1,sd2
uep050,4,3,1,SS,27.0,-1.0,2,1.977809635879623,1,6.415101015259971,248.0637412836905,259.45665193483006,3,5,27.0,-1.0,0,0
uep050,4,3,2,SS,27.0,-1.0,2,1.0490092627813739,1,5.725000562866007,259.45665193483006,269.23066176047746,3,5,27.0,-1.0,0,0
uep050,4,3,3,SS,27.0,-1.0,2,1.0451611987946694,1,7.011954571124615,269.23066176047746,280.28777753039674,3,5,27.0,-1.0,0,0
uep050,4,3,4,SS,27.0,-1.0,2,1.1795943560034166,1,6.324489221455614,280.28777753039674,290.79186110785577,3,5,27.0,-1.0,0,0
uep050,4,3,5,SS,27.0,-1.0,2,2.318185357330406,1,6.577391035487318,290.79186110785577,302.68743750067347,3,5,27.0,-1.0,0,0
uep050,4,3,6,SS,27.0,-1.0,2,1.2164049979623375,1,5.5210361873153095,302.68743750067347,312.4248786859511,3,5,27.0,-1.0,0,0
uep050,4,3,7,SS,27.0,-1.0,2,1.1631590967293912,1,6.360199809482143,312.4248786859511,322.9482375921626,3,5,27.0,-1.0,0,0
uep050,4,3,8,SS,27.0,-1.0,2,2.4751377419995864,1,5.624124834593632,322.9482375921626,334.04750016875585,3,5,27.0,-1.0,0,0
uep050,4,3,9,SS,27.0,-1.0,2,1.21981148464469,1,5.665583711791226,334.04750016875585,343.93289536519177,3,5,27.0,-1.0,0,0
uep050,4,3,10,SS,27.0,-1.0,2,2.245339695924751,1,5.655136503113676,343.93289536519177,354.8333715642302,3,5,27.0,-1.0,0,0
