subjectId,runId,blockId,trialId,condition,leftAnswer,rightAnswer,choiceDuration,isiDuration,feedbackDuration,itiDuration,stimOnset,itiOffset,leftColor,rightColor,mu1,mu2,sd1,sd2
uep038,3,1,1,SR,13.0,-1.0,2,2.2724569384923687,1,5.222799341154982,16,26.49525627964735,0,1,13.0,0.0,0,4.0
uep038,3,1,2,SR,13.0,3.0,2,1.503370485268955,1,6.678485142313133,26.49525627964735,37.67711190722944,0,1,13.0,0.0,0,4.0
uep038,3,1,3,SR,13.0,-0.0,2,1.683224971887635,1,6.510360277134237,37.67711190722944,48.87069715625131,0,1,13.0,0.0,0,4.0
uep038,3,1,4,SR,13.0,1.0,2,1.868877230384953,1,5.716937659458188,48.87069715625131,59.45651204609445,0,1,13.0,0.0,0,4.0
uep038,3,1,5,SR,13.0,4.0,2,1.5560894911684877,1,7.077656931271483,59.45651204609445,71.09025846853442,0,1,13.0,0.0,0,4.0
uep038,3,1,6,SR,13.0,9.0,2,1.1736765108830922,1,6.205205037472188,71.09025846853442,81.4691400168897,0,1,13.0,0.0,0,4.0
uep038,3,1,7,SR,13.0,4.0,2,1.0554739796083845,1,5.44928521627926,81.4691400168897,90.97389921277734,0,1,13.0,0.0,0,4.0
uep038,3,1,8,SR,13.0,0.0,2,1.9564271938143474,1,6.373170401930493,90.97389921277734,102.30349680852218,0,1,13.0,0.0,0,4.0
uep038,3,1,9,SR,13.0,1.0,2,1.7902939810092988,1,6.5935826283942625,102.30349680852218,113.68737341792574,0,1,13.0,0.0,0,4.0
uep038,3,1,10,SR,13.0,-4.0,2,1.344673901906932,1,5.657624555773471,113.68737341792574,123.68967187560614,0,1,13.0,0.0,0,4.0
