subjectId,runId,blockId,trialId,condition,leftAnswer,rightAnswer,choiceDuration,isiDuration,feedbackDuration,itiDuration,stimOnset,itiOffset,leftColor,rightColor,mu1,mu2,sd1,sd2
uep007,7,4,1,SS,-8.0,16.0,2,2.316502325148922,1,5.464051790013147,362.3758776751661,373.1564317903282,7,2,-8.0,16.0,0,0
uep007,7,4,2,SS,-8.0,16.0,2,2.7961859924802224,1,5.12056193536225,373.1564317903282,384.0731797181707,7,2,-8.0,16.0,0,0
uep007,7,4,3,SS,-8.0,16.0,2,2.4562143701702808,1,5.61598516193336,384.0731797181707,395.14537925027435,7,2,-8.0,16.0,0,0
uep007,7,4,4,SS,-8.0,16.0,2,1.9572797597831175,1,6.8954400040583455,395.14537925027435,406.9980990141158,7,2,-8.0,16.0,0,0
uep007,7,4,5,SS,-8.0,16.0,2,2.833526232066439,1,6.155456292419827,406.9980990141158,418.98708153860207,7,2,-8.0,16.0,0,0
uep007,7,4,6,SS,-8.0,16.0,2,2.410506404395673,1,5.349951610489451,418.98708153860207,429.7475395534872,7,2,-8.0,16.0,0,0
uep007,7,4,7,SS,-8.0,16.0,2,1.6039519355040899,1,6.122521474719807,429.7475395534872,440.47401296371106,7,2,-8.0,16.0,0,0
uep007,7,4,8,SS,-8.0,16.0,2,1.9459007585839645,1,6.676451583822403,440.47401296371106,452.09636530611743,7,2,-8.0,16.0,0,0
uep007,7,4,9,SS,-8.0,16.0,2,2.530453013322226,1,6.107646317667536,452.09636530611743,463.73446463710724,7,2,-8.0,16.0,0,0
uep007,7,4,10,SS,-8.0,16.0,2,1.9799288841682356,1,5.28560647872456,463.73446463710724,474.00000000000006,7,2,-8.0,16.0,0,0
