subjectId,runId,blockId,trialId,condition,leftAnswer,rightAnswer,choiceDuration,isiDuration,feedbackDuration,itiDuration,stimOnset,itiOffset,leftColor,rightColor,mu1,mu2,sd1,sd2
uep004,3,4,1,SS,15.0,-0.0,2,1.7153387792991395,1,5.945626776081147,366.24990755469577,376.91087311007607,5,7,15.0,-0.0,0,0
uep004,3,4,2,SS,15.0,-0.0,2,2.7475785996786115,1,5.033144847501923,376.91087311007607,387.6915965572566,5,7,15.0,-0.0,0,0
uep004,3,4,3,SS,15.0,-0.0,2,1.8783053501139084,1,5.756912571507354,387.6915965572566,398.3268144788779,5,7,15.0,-0.0,0,0
uep004,3,4,4,SS,15.0,-0.0,2,1.9160974226611154,1,6.542420608124763,398.3268144788779,409.78533250966376,5,7,15.0,-0.0,0,0
uep004,3,4,5,SS,15.0,-0.0,2,2.7115345921695817,1,5.407875515396587,409.78533250966376,420.90474261722994,5,7,15.0,-0.0,0,0
uep004,3,4,6,SS,15.0,-0.0,2,1.5110670377840205,1,6.124551673199818,420.90474261722994,431.54036132821375,5,7,15.0,-0.0,0,0
uep004,3,4,7,SS,15.0,-0.0,2,1.6738623588305237,1,6.9119831768379365,431.54036132821375,443.12620686388226,5,7,15.0,-0.0,0,0
uep004,3,4,8,SS,15.0,-0.0,2,1.052056985547607,1,5.631715177820318,443.12620686388226,452.80997902725017,5,7,15.0,-0.0,0,0
uep004,3,4,9,SS,15.0,-0.0,2,2.14123002800656,1,5.020808289155783,452.80997902725017,462.9720173444125,5,7,15.0,-0.0,0,0
uep004,3,4,10,SS,15.0,-0.0,2,1.7957399547046111,1,6.232242700882889,462.9720173444125,474.0,5,7,15.0,-0.0,0,0
