subjectId,runId,blockId,trialId,condition,leftAnswer,rightAnswer,choiceDuration,isiDuration,feedbackDuration,itiDuration,stimOnset,itiOffset,leftColor,rightColor,mu1,mu2,sd1,sd2
uep039,4,2,1,RS,2.0,-16.0,2,1.8762020554443557,1,6.601698461894156,127.22943001568594,138.70733053302445,6,0,3.0,-16.0,4.0,0
uep039,4,2,2,RS,9.0,-16.0,2,2.947723418947005,1,6.199806525703607,138.70733053302445,150.85486047767503,6,0,3.0,-16.0,4.0,0
uep039,4,2,3,RS,3.0,-16.0,2,1.3224637308281466,1,5.033487640658563,150.85486047767503,160.21081184916173,6,0,3.0,-16.0,4.0,0
uep039,4,2,4,RS,-1.0,-16.0,2,1.818428398071956,1,5.842459031751264,160.21081184916173,170.87169927898495,6,0,3.0,-16.0,4.0,0
uep039,4,2,5,RS,3.0,-16.0,2,2.0360430346275895,1,5.099109857079948,170.87169927898495,181.0068521706925,6,0,3.0,-16.0,4.0,0
uep039,4,2,6,RS,2.0,-16.0,2,2.1241092376383026,1,6.489219158506259,181.0068521706925,192.62018056683706,6,0,3.0,-16.0,4.0,0
uep039,4,2,7,RS,4.0,-16.0,2,1.5147092380609573,1,6.832771310254885,192.62018056683706,203.9676611151529,6,0,3.0,-16.0,4.0,0
uep039,4,2,8,RS,7.0,-16.0,2,2.383505489285851,1,5.879213659084483,203.9676611151529,215.23038026352324,6,0,3.0,-16.0,4.0,0
uep039,4,2,9,RS,3.0,-16.0,2,1.9076725412274982,1,6.875253341192275,215.23038026352324,227.013306145943,6,0,3.0,-16.0,4.0,0
uep039,4,2,10,RS,6.0,-16.0,2,2.3775412260626583,1,5.657387015704566,227.013306145943,238.0482343877102,6,0,3.0,-16.0,4.0,0
