subjectId,runId,blockId,trialId,condition,leftAnswer,rightAnswer,choiceDuration,isiDuration,feedbackDuration,itiDuration,stimOnset,itiOffset,leftColor,rightColor,mu1,mu2,sd1,sd2
uep020,3,3,1,SS,-9.0,2.0,2,1.8255241460482763,1,6.182596645942,248.3797540682515,259.38787486024177,1,0,-9.0,2.0,0,0
uep020,3,3,2,SS,-9.0,2.0,2,2.7470988451591905,1,6.259228849686168,259.38787486024177,271.39420255508713,1,0,-9.0,2.0,0,0
uep020,3,3,3,SS,-9.0,2.0,2,2.4864468651299108,1,5.747436604029735,271.39420255508713,282.6280860242468,1,0,-9.0,2.0,0,0
uep020,3,3,4,SS,-9.0,2.0,2,1.4487376760427901,1,6.018644744346132,282.6280860242468,293.09546844463574,1,0,-9.0,2.0,0,0
uep020,3,3,5,SS,-9.0,2.0,2,1.1705753554028973,1,6.706995210598039,293.09546844463574,303.9730390106367,1,0,-9.0,2.0,0,0
uep020,3,3,6,SS,-9.0,2.0,2,2.4947173534257914,1,5.122086549075176,303.9730390106367,314.58984291313766,1,0,-9.0,2.0,0,0
uep020,3,3,7,SS,-9.0,2.0,2,1.923609113878116,1,6.957301920776719,314.58984291313766,326.4707539477925,1,0,-9.0,2.0,0,0
uep020,3,3,8,SS,-9.0,2.0,2,1.721785768940305,1,6.30827522812844,326.4707539477925,337.50081494486125,1,0,-9.0,2.0,0,0
uep020,3,3,9,SS,-9.0,2.0,2,1.3329592474577663,1,5.761146127538649,337.50081494486125,347.5949203198577,1,0,-9.0,2.0,0,0
uep020,3,3,10,SS,-9.0,2.0,2,1.1105804625223763,1,5.2864161762413255,347.5949203198577,356.9919169586214,1,0,-9.0,2.0,0,0
