subjectId,runId,blockId,trialId,condition,leftAnswer,rightAnswer,choiceDuration,isiDuration,feedbackDuration,itiDuration,stimOnset,itiOffset,leftColor,rightColor,mu1,mu2,sd1,sd2
uep017,7,4,1,SS,16.0,-3.0,2,2.8041470855553565,1,5.946374831142773,362.26424897927376,374.0147708959719,5,6,16.0,-3.0,0,0
uep017,7,4,2,SS,16.0,-3.0,2,1.0838555029386296,1,5.746964421513827,374.0147708959719,383.8455908204243,5,6,16.0,-3.0,0,0
uep017,7,4,3,SS,16.0,-3.0,2,2.1055501461839725,1,6.051799071363916,383.8455908204243,395.0029400379722,5,6,16.0,-3.0,0,0
uep017,7,4,4,SS,16.0,-3.0,2,2.2074772157165405,1,5.366918364678698,395.0029400379722,405.5773356183675,5,6,16.0,-3.0,0,0
uep017,7,4,5,SS,16.0,-3.0,2,2.076867011893845,1,5.878265105838427,405.5773356183675,416.53246773609976,5,6,16.0,-3.0,0,0
uep017,7,4,6,SS,16.0,-3.0,2,1.588034742614045,1,6.1021812257967545,416.53246773609976,427.2226837045106,5,6,16.0,-3.0,0,0
uep017,7,4,7,SS,16.0,-3.0,2,2.225260910285327,1,6.287611708718394,427.2226837045106,438.7355563235143,5,6,16.0,-3.0,0,0
uep017,7,4,8,SS,16.0,-3.0,2,1.7992213022642503,1,6.6057746007116975,438.7355563235143,450.14055222649023,5,6,16.0,-3.0,0,0
uep017,7,4,9,SS,16.0,-3.0,2,1.607049934402297,1,6.413582685470981,450.14055222649023,461.16118484636354,5,6,16.0,-3.0,0,0
uep017,7,4,10,SS,16.0,-3.0,2,2.8848772773861753,1,6.953937876250308,461.16118484636354,474.0,5,6,16.0,-3.0,0,0
