subjectId,runId,blockId,trialId,condition,leftAnswer,rightAnswer,choiceDuration,isiDuration,feedbackDuration,itiDuration,stimOnset,itiOffset,leftColor,rightColor,mu1,mu2,sd1,sd2
uep008,4,3,1,SS,5.0,3.0,2,1.175553879950555,1,6.573259744236987,245.55252212686494,256.3013357510525,0,7,5.0,3.0,0,0
uep008,4,3,2,SS,5.0,3.0,2,2.58510621476042,1,5.425641486808547,256.3013357510525,267.31208345262144,0,7,5.0,3.0,0,0
uep008,4,3,3,SS,5.0,3.0,2,2.871349716500107,1,6.365575867147449,267.31208345262144,279.549009036269,0,7,5.0,3.0,0,0
uep008,4,3,4,SS,5.0,3.0,2,1.0393187235940597,1,6.8047954373040875,279.549009036269,290.3931231971672,0,7,5.0,3.0,0,0
uep008,4,3,5,SS,5.0,3.0,2,1.1428740092997451,1,6.597728307096169,290.3931231971672,301.13372551356315,0,7,5.0,3.0,0,0
uep008,4,3,6,SS,5.0,3.0,2,2.6871140868079064,1,4.916749292406691,301.13372551356315,311.73758889277775,0,7,5.0,3.0,0,0
uep008,4,3,7,SS,5.0,3.0,2,2.862974008681584,1,6.274617103875929,311.73758889277775,323.87518000533527,0,7,5.0,3.0,0,0
uep008,4,3,8,SS,5.0,3.0,2,1.0699906635494834,1,5.477626303447711,323.87518000533527,333.4227969723325,0,7,5.0,3.0,0,0
uep008,4,3,9,SS,5.0,3.0,2,2.4304755225687686,1,6.8220310960126005,333.4227969723325,345.67530359091387,0,7,5.0,3.0,0,0
uep008,4,3,10,SS,5.0,3.0,2,2.8680268600414407,1,6.4229972650261455,345.67530359091387,357.96632771598144,0,7,5.0,3.0,0,0
