subjectId,runId,blockId,trialId,condition,leftAnswer,rightAnswer,choiceDuration,isiDuration,feedbackDuration,itiDuration,stimOnset,itiOffset,leftColor,rightColor,mu1,mu2,sd1,sd2
uep030,6,3,1,SR,-7.0,-0.0,2,2.856003339897289,1,5.186441293620393,249.5599705891433,260.60241522266097,1,4,-7.0,2.0,0,4.0
uep030,6,3,2,SR,-7.0,-1.0,2,2.1616950214489705,1,6.919348766837765,260.60241522266097,272.6834590109477,1,4,-7.0,2.0,0,4.0
uep030,6,3,3,SR,-7.0,1.0,2,1.4487635553437361,1,5.300136625008238,272.6834590109477,282.43235919129967,1,4,-7.0,2.0,0,4.0
uep030,6,3,4,SR,-7.0,0.0,2,1.0343848996975311,1,5.861446197667637,282.43235919129967,292.32819028866487,1,4,-7.0,2.0,0,4.0
uep030,6,3,5,SR,-7.0,-5.0,2,1.4406568980479935,1,6.781897189332081,292.32819028866487,303.550744376045,1,4,-7.0,2.0,0,4.0
uep030,6,3,6,SR,-7.0,2.0,2,1.351152530211227,1,5.63436977479339,303.550744376045,313.5362666810496,1,4,-7.0,2.0,0,4.0
uep030,6,3,7,SR,-7.0,3.0,2,2.0208078440549673,1,5.245175996326601,313.5362666810496,323.8022505214312,1,4,-7.0,2.0,0,4.0
uep030,6,3,8,SR,-7.0,3.0,2,2.0282890024795246,1,5.39618619939258,323.8022505214312,334.2267257233033,1,4,-7.0,2.0,0,4.0
uep030,6,3,9,SR,-7.0,-1.0,2,2.143643458696318,1,5.367232143497668,334.2267257233033,344.7376013254973,1,4,-7.0,2.0,0,4.0
uep030,6,3,10,SR,-7.0,8.0,2,1.0558831681002836,1,7.108925167634564,344.7376013254973,355.9024096612321,1,4,-7.0,2.0,0,4.0
