subjectId,runId,blockId,trialId,condition,leftAnswer,rightAnswer,choiceDuration,isiDuration,feedbackDuration,itiDuration,stimOnset,itiOffset,leftColor,rightColor,mu1,mu2,sd1,sd2
uep010,1,1,1,SR,-9.0,6.0,2,2.751265024549651,1,5.58814603224361,16,27.33941105679326,1,3,-9.0,3.0,0,4.0
uep010,1,1,2,SR,-9.0,1.0,2,2.038166339675754,1,5.966857203569511,27.33941105679326,38.344434600038525,1,3,-9.0,3.0,0,4.0
uep010,1,1,3,SR,-9.0,-7.0,2,1.2651993828207697,1,6.815030348376914,38.344434600038525,49.42466433123621,1,3,-9.0,3.0,0,4.0
uep010,1,1,4,SR,-9.0,8.0,2,1.961686883970172,1,6.568450369691361,49.42466433123621,60.954801584897744,1,3,-9.0,3.0,0,4.0
uep010,1,1,5,SR,-9.0,-7.0,2,1.4457858081594432,1,5.300961131113011,60.954801584897744,70.7015485241702,1,3,-9.0,3.0,0,4.0
uep010,1,1,6,SR,-9.0,3.0,2,3.064427733659197,1,5.888929947089711,70.7015485241702,82.65490620491911,1,3,-9.0,3.0,0,4.0
uep010,1,1,7,SR,-9.0,-3.0,2,3.1221858856603943,1,6.415072895482055,82.65490620491911,95.19216498606157,1,3,-9.0,3.0,0,4.0
uep010,1,1,8,SR,-9.0,6.0,2,1.152445433708352,1,7.241152197541736,95.19216498606157,106.58576261731166,1,3,-9.0,3.0,0,4.0
uep010,1,1,9,SR,-9.0,3.0,2,1.6307711116151598,1,6.7216531926462775,106.58576261731166,117.93818692157309,1,3,-9.0,3.0,0,4.0
uep010,1,1,10,SR,-9.0,-3.0,2,1.4605011596687054,1,6.990147561222782,117.93818692157309,129.38883564246458,1,3,-9.0,3.0,0,4.0
