subjectId,runId,blockId,trialId,condition,leftAnswer,rightAnswer,choiceDuration,isiDuration,feedbackDuration,itiDuration,stimOnset,itiOffset,leftColor,rightColor,mu1,mu2,sd1,sd2
uep058,8,2,1,SR,26.0,-14.0,2,1.7848350840486844,1,5.4291674771932215,129.3272696432294,139.54127220447134,6,3,26.0,-11.0,0,4.0
uep058,8,2,2,SR,26.0,-9.0,2,1.8385618884636445,1,6.720072788274814,139.54127220447134,151.09990688120982,6,3,26.0,-11.0,0,4.0
uep058,8,2,3,SR,26.0,-16.0,2,1.038652178728486,1,7.04715084641371,151.09990688120982,162.185709906352,6,3,26.0,-11.0,0,4.0
uep058,8,2,4,SR,26.0,-6.0,2,2.7390508494369357,1,6.525723368363343,162.185709906352,174.4504841241523,6,3,26.0,-11.0,0,4.0
uep058,8,2,5,SR,26.0,-16.0,2,1.1987938018191824,1,5.943178991505489,174.4504841241523,184.59245691747697,6,3,26.0,-11.0,0,4.0
uep058,8,2,6,SR,26.0,-13.0,2,1.142021358556242,1,6.050498748785938,184.59245691747697,194.78497702481914,6,3,26.0,-11.0,0,4.0
uep058,8,2,7,SR,26.0,-15.0,2,1.7376017232374172,1,7.028851543342508,194.78497702481914,206.55143029139907,6,3,26.0,-11.0,0,4.0
uep058,8,2,8,SR,26.0,-19.0,2,3.0011439239772577,1,5.8344488820355975,206.55143029139907,218.3870230974119,6,3,26.0,-11.0,0,4.0
uep058,8,2,9,SR,26.0,-8.0,2,2.9217409563982777,1,6.6927219730937395,218.3870230974119,231.00148602690393,6,3,26.0,-11.0,0,4.0
uep058,8,2,10,SR,26.0,-12.0,2,2.7940947868110437,1,5.0814008667593065,231.00148602690393,241.87698168047427,6,3,26.0,-11.0,0,4.0
