subjectId,runId,blockId,trialId,condition,leftAnswer,rightAnswer,choiceDuration,isiDuration,feedbackDuration,itiDuration,stimOnset,itiOffset,leftColor,rightColor,mu1,mu2,sd1,sd2
uep058,2,2,1,RR,23.0,-2.0,2,1.450530253175928,1,6.434503289387474,128.9365847738129,139.82161831637632,6,5,19.0,4.0,4.0,4.0
uep058,2,2,2,RR,19.0,-6.0,2,1.011897395759182,1,6.439584182011823,139.82161831637632,150.27309989414732,6,5,19.0,4.0,4.0,4.0
uep058,2,2,3,RR,15.0,8.0,2,1.1146710962805189,1,5.294011300201881,150.27309989414732,159.6817822906297,6,5,19.0,4.0,4.0,4.0
uep058,2,2,4,RR,19.0,3.0,2,1.740221545808581,1,5.803274017495931,159.6817822906297,170.22527785393424,6,5,19.0,4.0,4.0,4.0
uep058,2,2,5,RR,20.0,9.0,2,2.5988196545645517,1,5.702505451342749,170.22527785393424,181.52660295984154,6,5,19.0,4.0,4.0,4.0
uep058,2,2,6,RR,21.0,-1.0,2,1.1350924882441944,1,6.4223694427610205,181.52660295984154,192.08406489084675,6,5,19.0,4.0,4.0,4.0
uep058,2,2,7,RR,22.0,7.0,2,2.3474732777165146,1,5.558677903743672,192.08406489084675,202.99021607230694,6,5,19.0,4.0,4.0,4.0
uep058,2,2,8,RR,22.0,13.0,2,2.450474018436273,1,6.730252822231807,202.99021607230694,215.17094291297502,6,5,19.0,4.0,4.0,4.0
uep058,2,2,9,RR,21.0,9.0,2,2.7435456413047477,1,6.786743702694746,215.17094291297502,227.7012322569745,6,5,19.0,4.0,4.0,4.0
uep058,2,2,10,RR,26.0,4.0,2,1.6395153929341835,1,6.5013465846443905,227.7012322569745,238.84209423455306,6,5,19.0,4.0,4.0,4.0
