subjectId,runId,blockId,trialId,condition,leftAnswer,rightAnswer,choiceDuration,isiDuration,feedbackDuration,itiDuration,stimOnset,itiOffset,leftColor,rightColor,mu1,mu2,sd1,sd2
uep055,4,3,1,SR,-8.0,-12.0,2,2.5360236096448365,1,6.724799022301622,244.09002213884276,256.3508447707892,3,1,-8.0,-8.0,0,4.0
uep055,4,3,2,SR,-8.0,-11.0,2,2.1972613598126753,1,6.527061046593624,256.3508447707892,268.0751671771955,3,1,-8.0,-8.0,0,4.0
uep055,4,3,3,SR,-8.0,-3.0,2,1.0085266032233395,1,5.644341604390937,268.0751671771955,277.7280353848098,3,1,-8.0,-8.0,0,4.0
uep055,4,3,4,SR,-8.0,-4.0,2,2.7270327106590986,1,6.635338705884642,277.7280353848098,290.09040680135354,3,1,-8.0,-8.0,0,4.0
uep055,4,3,5,SR,-8.0,-12.0,2,2.019943985025639,1,5.890577849869678,290.09040680135354,301.00092863624883,3,1,-8.0,-8.0,0,4.0
uep055,4,3,6,SR,-8.0,-11.0,2,2.876900719988964,1,4.953781158451767,301.00092863624883,311.83161051468954,3,1,-8.0,-8.0,0,4.0
uep055,4,3,7,SR,-8.0,-4.0,2,2.206782073499392,1,6.177449737504878,311.83161051468954,323.2158423256938,3,1,-8.0,-8.0,0,4.0
uep055,4,3,8,SR,-8.0,-12.0,2,2.358644263532085,1,5.462947899852871,323.2158423256938,334.03743448907875,3,1,-8.0,-8.0,0,4.0
uep055,4,3,9,SR,-8.0,-3.0,2,2.350998374026565,1,6.381930397478166,334.03743448907875,345.7703632605835,3,1,-8.0,-8.0,0,4.0
uep055,4,3,10,SR,-8.0,-5.0,2,2.6680532699480213,1,5.624643742647106,345.7703632605835,357.0630602731786,3,1,-8.0,-8.0,0,4.0
