subjectId,runId,blockId,trialId,condition,leftAnswer,rightAnswer,choiceDuration,isiDuration,feedbackDuration,itiDuration,stimOnset,itiOffset,leftColor,rightColor,mu1,mu2,sd1,sd2
uep006,5,1,1,SR,-14.0,-4.0,2,1.9729305854645838,1,6.014817019480681,16,26.987747604945266,1,3,-14.0,-3.0,0,4.0
uep006,5,1,2,SR,-14.0,-7.0,2,2.342464730812514,1,6.006350254541376,26.987747604945266,38.33656259029915,1,3,-14.0,-3.0,0,4.0
uep006,5,1,3,SR,-14.0,-6.0,2,1.7828670038151324,1,5.925979169822891,38.33656259029915,49.045408763937175,1,3,-14.0,-3.0,0,4.0
uep006,5,1,4,SR,-14.0,-12.0,2,1.8469105796308194,1,6.878492819878753,49.045408763937175,60.77081216344675,1,3,-14.0,-3.0,0,4.0
uep006,5,1,5,SR,-14.0,-2.0,2,1.5544811892870152,1,6.488052739813382,60.77081216344675,71.81334609254715,1,3,-14.0,-3.0,0,4.0
uep006,5,1,6,SR,-14.0,-1.0,2,1.5388890817306906,1,6.253512698522619,71.81334609254715,82.60574787280045,1,3,-14.0,-3.0,0,4.0
uep006,5,1,7,SR,-14.0,-4.0,2,2.9291428956534786,1,5.153681862700093,82.60574787280045,93.68857263115403,1,3,-14.0,-3.0,0,4.0
uep006,5,1,8,SR,-14.0,4.0,2,2.639922738596277,1,6.168242140577947,93.68857263115403,105.49673751032826,1,3,-14.0,-3.0,0,4.0
uep006,5,1,9,SR,-14.0,-5.0,2,1.946306884178015,1,5.007883594158262,105.49673751032826,115.45092798866453,1,3,-14.0,-3.0,0,4.0
uep006,5,1,10,SR,-14.0,3.0,2,2.817581335197746,1,6.68575886911495,115.45092798866453,127.95426819297722,1,3,-14.0,-3.0,0,4.0
