subjectId,runId,blockId,trialId,condition,leftAnswer,rightAnswer,choiceDuration,isiDuration,feedbackDuration,itiDuration,stimOnset,itiOffset,leftColor,rightColor,mu1,mu2,sd1,sd2
uep008,6,1,1,SS,20.0,11.0,2,2.8534520872534204,1,5.280903950836157,16,27.134356038089578,0,7,20.0,11.0,0,0
uep008,6,1,2,SS,20.0,11.0,2,1.3536221884575426,1,5.221504101841193,27.134356038089578,36.70948232838831,0,7,20.0,11.0,0,0
uep008,6,1,3,SS,20.0,11.0,2,1.284892388210486,1,6.691596890800531,36.70948232838831,47.68597160739933,0,7,20.0,11.0,0,0
uep008,6,1,4,SS,20.0,11.0,2,2.112581403770685,1,6.209267955479598,47.68597160739933,59.00782096664961,0,7,20.0,11.0,0,0
uep008,6,1,5,SS,20.0,11.0,2,1.5689113596733735,1,5.91817426696325,59.00782096664961,69.49490659328623,0,7,20.0,11.0,0,0
uep008,6,1,6,SS,20.0,11.0,2,2.4023112442522936,1,5.972918295005303,69.49490659328623,80.87013613254382,0,7,20.0,11.0,0,0
uep008,6,1,7,SS,20.0,11.0,2,2.9486279850002877,1,5.5809623442804694,80.87013613254382,92.39972646182457,0,7,20.0,11.0,0,0
uep008,6,1,8,SS,20.0,11.0,2,2.468959930727191,1,5.306449646854303,92.39972646182457,103.17513603940607,0,7,20.0,11.0,0,0
uep008,6,1,9,SS,20.0,11.0,2,1.2156524126694062,1,6.282838282620681,103.17513603940607,113.67362673469614,0,7,20.0,11.0,0,0
uep008,6,1,10,SS,20.0,11.0,2,3.0308053547823257,1,6.645925212102082,113.67362673469614,126.35035730158056,0,7,20.0,11.0,0,0
