subjectId,runId,blockId,trialId,condition,leftAnswer,rightAnswer,choiceDuration,isiDuration,feedbackDuration,itiDuration,stimOnset,itiOffset,leftColor,rightColor,mu1,mu2,sd1,sd2
uep041,1,4,1,RR,9.0,-15.0,2,2.673416777425631,1,6.132784340786826,362.7298711273071,374.53607224551956,4,1,8.0,-7.0,4.0,4.0
uep041,1,4,2,RR,7.0,-5.0,2,1.3205986231902835,1,6.270542108298443,374.53607224551956,385.1272129770083,4,1,8.0,-7.0,4.0,4.0
uep041,1,4,3,RR,7.0,-6.0,2,2.096611951117874,1,6.696202431546833,385.1272129770083,396.92002735967304,4,1,8.0,-7.0,4.0,4.0
uep041,1,4,4,RR,8.0,-17.0,2,2.4481331834267888,1,5.57643998582481,396.92002735967304,407.94460052892464,4,1,8.0,-7.0,4.0,4.0
uep041,1,4,5,RR,3.0,-4.0,2,2.4610955119741997,1,6.598714822383584,407.94460052892464,420.0044108632824,4,1,8.0,-7.0,4.0,4.0
uep041,1,4,6,RR,-4.0,-1.0,2,2.171247289615248,1,5.330903504814737,420.0044108632824,430.5065616577123,4,1,8.0,-7.0,4.0,4.0
uep041,1,4,7,RR,7.0,-8.0,2,2.6758950547166807,1,5.646038092188493,430.5065616577123,441.82849480461755,4,1,8.0,-7.0,4.0,4.0
uep041,1,4,8,RR,11.0,-7.0,2,2.0418166084034204,1,5.41505501814332,441.82849480461755,452.2853664311643,4,1,8.0,-7.0,4.0,4.0
uep041,1,4,9,RR,5.0,-8.0,2,1.5946916061548975,1,4.987139537330664,452.2853664311643,461.8671975746499,4,1,8.0,-7.0,4.0,4.0
uep041,1,4,10,RR,14.0,-9.0,2,2.730554981326273,1,6.402247444024004,461.8671975746499,474.00000000000017,4,1,8.0,-7.0,4.0,4.0
