subjectId,runId,blockId,trialId,condition,leftAnswer,rightAnswer,choiceDuration,isiDuration,feedbackDuration,itiDuration,stimOnset,itiOffset,leftColor,rightColor,mu1,mu2,sd1,sd2
uep036,2,3,1,SS,14.0,6.0,2,2.077288043016897,1,6.6716542277298965,246.87802658041738,258.6269688511642,2,5,14.0,6.0,0,0
uep036,2,3,2,SS,14.0,6.0,2,1.3869089393558578,1,6.918848753101197,258.6269688511642,269.93272654362124,2,5,14.0,6.0,0,0
uep036,2,3,3,SS,14.0,6.0,2,1.12011552933264,1,5.915671080540274,269.93272654362124,279.96851315349414,2,5,14.0,6.0,0,0
uep036,2,3,4,SS,14.0,6.0,2,1.6883855411338262,1,5.739784467737898,279.96851315349414,290.39668316236583,2,5,14.0,6.0,0,0
uep036,2,3,5,SS,14.0,6.0,2,2.4637614823266354,1,6.537833335008891,290.39668316236583,302.39827797970133,2,5,14.0,6.0,0,0
uep036,2,3,6,SS,14.0,6.0,2,1.8890153928737665,1,5.474390999575687,302.39827797970133,312.7616843721508,2,5,14.0,6.0,0,0
uep036,2,3,7,SS,14.0,6.0,2,2.1852221216329255,1,5.482324698279724,312.7616843721508,323.42923119206347,2,5,14.0,6.0,0,0
uep036,2,3,8,SS,14.0,6.0,2,2.1664120256334622,1,5.6640661168909565,323.42923119206347,334.2597093345879,2,5,14.0,6.0,0,0
uep036,2,3,9,SS,14.0,6.0,2,1.9290635334360244,1,5.473400108606861,334.2597093345879,344.6621729766308,2,5,14.0,6.0,0,0
uep036,2,3,10,SS,14.0,6.0,2,2.0613439748186764,1,6.538792740859435,344.6621729766308,356.2623096923089,2,5,14.0,6.0,0,0
