subjectId,runId,blockId,trialId,condition,leftAnswer,rightAnswer,choiceDuration,isiDuration,feedbackDuration,itiDuration,stimOnset,itiOffset,leftColor,rightColor,mu1,mu2,sd1,sd2
uep047,1,3,1,SR,4.0,6.0,2,2.5583415393050744,1,6.13126514889824,245.90718625104523,257.59679293924853,1,3,4.0,2.0,0,4.0
uep047,1,3,2,SR,4.0,9.0,2,1.9580365592605806,1,6.667521508525638,257.59679293924853,269.2223510070347,1,3,4.0,2.0,0,4.0
uep047,1,3,3,SR,4.0,0.0,2,1.39166987640953,1,5.10086800526317,269.2223510070347,278.71488888870743,1,3,4.0,2.0,0,4.0
uep047,1,3,4,SR,4.0,9.0,2,2.521327120330596,1,6.541534879456763,278.71488888870743,290.7777508884948,1,3,4.0,2.0,0,4.0
uep047,1,3,5,SR,4.0,-1.0,2,2.1611221818940862,1,5.848391673740306,290.7777508884948,301.7872647441292,1,3,4.0,2.0,0,4.0
uep047,1,3,6,SR,4.0,10.0,2,1.51411680338669,1,5.958145998599295,301.7872647441292,312.2595275461152,1,3,4.0,2.0,0,4.0
uep047,1,3,7,SR,4.0,-1.0,2,1.0230121300430672,1,6.123002312104572,312.2595275461152,322.4055419882628,1,3,4.0,2.0,0,4.0
uep047,1,3,8,SR,4.0,3.0,2,2.561976994565465,1,6.94749439823053,322.4055419882628,334.91501338105877,1,3,4.0,2.0,0,4.0
uep047,1,3,9,SR,4.0,-2.0,2,1.84782766448517,1,5.2258467829932895,334.91501338105877,344.98868782853725,1,3,4.0,2.0,0,4.0
uep047,1,3,10,SR,4.0,7.0,2,2.3774316355604617,1,6.635642040322363,344.98868782853725,357.0017615044201,1,3,4.0,2.0,0,4.0
