subjectId,runId,blockId,trialId,condition,leftAnswer,rightAnswer,choiceDuration,isiDuration,feedbackDuration,itiDuration,stimOnset,itiOffset,leftColor,rightColor,mu1,mu2,sd1,sd2
uep030,6,1,1,RS,-6.0,8.0,2,1.4998127194713018,1,5.393223612352701,16,25.893036331824,3,7,-1.0,8.0,4.0,0
uep030,6,1,2,RS,-3.0,8.0,2,2.911179661435698,1,5.392886706870115,25.893036331824,37.19710270012981,3,7,-1.0,8.0,4.0,0
uep030,6,1,3,RS,5.0,8.0,2,2.1827681417005937,1,5.873897649984185,37.19710270012981,48.25376849181459,3,7,-1.0,8.0,4.0,0
uep030,6,1,4,RS,-0.0,8.0,2,2.265589027837409,1,5.6065752390619945,48.25376849181459,59.125932758713994,3,7,-1.0,8.0,4.0,0
uep030,6,1,5,RS,-7.0,8.0,2,2.237684592612562,1,5.40292087066183,59.125932758713994,69.76653822198838,3,7,-1.0,8.0,4.0,0
uep030,6,1,6,RS,5.0,8.0,2,1.3880331125998926,1,6.569061070342991,69.76653822198838,80.72363240493128,3,7,-1.0,8.0,4.0,0
uep030,6,1,7,RS,-0.0,8.0,2,2.2688096533521502,1,6.269457928057765,80.72363240493128,92.26189998634119,3,7,-1.0,8.0,4.0,0
uep030,6,1,8,RS,-1.0,8.0,2,2.102126161215227,1,5.9719863257816534,92.26189998634119,103.33601247333807,3,7,-1.0,8.0,4.0,0
uep030,6,1,9,RS,6.0,8.0,2,1.188711031999968,1,6.055066299138866,103.33601247333807,113.57978980447692,3,7,-1.0,8.0,4.0,0
uep030,6,1,10,RS,-1.0,8.0,2,2.02961078878649,1,5.971415562521939,113.57978980447692,124.58081615578534,3,7,-1.0,8.0,4.0,0
