subjectId,runId,blockId,trialId,condition,leftAnswer,rightAnswer,choiceDuration,isiDuration,feedbackDuration,itiDuration,stimOnset,itiOffset,leftColor,rightColor,mu1,mu2,sd1,sd2
uep029,2,4,1,SR,14.0,-2.0,2,2.85371121970246,1,6.341411218870164,363.3554597602147,375.55058219878737,0,3,14.0,-5.0,0,4.0
uep029,2,4,2,SR,14.0,-11.0,2,1.8562992717994944,1,5.535620190276413,375.55058219878737,385.9425016608633,0,3,14.0,-5.0,0,4.0
uep029,2,4,3,SR,14.0,-4.0,2,2.9457558328386355,1,5.590681221331047,385.9425016608633,397.478938715033,0,3,14.0,-5.0,0,4.0
uep029,2,4,4,SR,14.0,-3.0,2,1.3699401648604417,1,6.064623707168995,397.478938715033,407.91350258706245,0,3,14.0,-5.0,0,4.0
uep029,2,4,5,SR,14.0,-4.0,2,2.6213277363983827,1,6.564056417365951,407.91350258706245,420.0988867408268,0,3,14.0,-5.0,0,4.0
uep029,2,4,6,SR,14.0,-10.0,2,2.4625090619144365,1,5.445417233728506,420.0988867408268,431.00681303646974,0,3,14.0,-5.0,0,4.0
uep029,2,4,7,SR,14.0,-2.0,2,1.3436304326789241,1,6.318769234753871,431.00681303646974,441.66921270390253,0,3,14.0,-5.0,0,4.0
uep029,2,4,8,SR,14.0,-6.0,2,2.7965265041802896,1,5.298458549335872,441.66921270390253,452.7641977574187,0,3,14.0,-5.0,0,4.0
uep029,2,4,9,SR,14.0,3.0,2,2.0229523410261976,1,5.461559401617589,452.7641977574187,463.2487095000625,0,3,14.0,-5.0,0,4.0
uep029,2,4,10,SR,14.0,-1.0,2,2.3433635264825137,1,5.407926973455119,463.2487095000625,474.0000000000001,0,3,14.0,-5.0,0,4.0
