subjectId,runId,blockId,trialId,condition,leftAnswer,rightAnswer,choiceDuration,isiDuration,feedbackDuration,itiDuration,stimOnset,itiOffset,leftColor,rightColor,mu1,mu2,sd1,sd2
uep014,7,3,1,RS,-23.0,-0.0,2,1.794167694545705,1,5.345694895416589,255.05347792006094,265.19334051002323,3,1,-19.0,-0.0,4.0,0
uep014,7,3,2,RS,-18.0,-0.0,2,1.688434532702758,1,4.892759696204745,265.19334051002323,274.77453473893075,3,1,-19.0,-0.0,4.0,0
uep014,7,3,3,RS,-21.0,-0.0,2,1.7963387341183004,1,4.994381893668017,274.77453473893075,284.56525536671705,3,1,-19.0,-0.0,4.0,0
uep014,7,3,4,RS,-10.0,-0.0,2,2.6245465682890607,1,5.369117985510574,284.56525536671705,295.5589199205167,3,1,-19.0,-0.0,4.0,0
uep014,7,3,5,RS,-22.0,-0.0,2,1.61032052465832,1,6.279924586040927,295.5589199205167,306.44916503121595,3,1,-19.0,-0.0,4.0,0
uep014,7,3,6,RS,-23.0,-0.0,2,0.9779304469694055,1,6.743014328808368,306.44916503121595,317.17010980699376,3,1,-19.0,-0.0,4.0,0
uep014,7,3,7,RS,-22.0,-0.0,2,2.1420471560658307,1,5.172184859849432,317.17010980699376,327.484341822909,3,1,-19.0,-0.0,4.0,0
uep014,7,3,8,RS,-16.0,-0.0,2,2.818159564548082,1,6.1878256921924155,327.484341822909,339.4903270796495,3,1,-19.0,-0.0,4.0,0
uep014,7,3,9,RS,-21.0,-0.0,2,2.064664628735252,1,6.614430987612931,339.4903270796495,351.1694226959977,3,1,-19.0,-0.0,4.0,0
uep014,7,3,10,RS,-19.0,-0.0,2,2.8216452620185084,1,6.681822533967903,351.1694226959977,363.67289049198416,3,1,-19.0,-0.0,4.0,0
