subjectId,runId,blockId,trialId,condition,leftAnswer,rightAnswer,choiceDuration,isiDuration,feedbackDuration,itiDuration,stimOnset,itiOffset,leftColor,rightColor,mu1,mu2,sd1,sd2
uep058,7,1,1,RS,14.0,2.0,2,1.5301267101383342,1,5.439052333487745,16,25.969179043626077,0,2,9.0,2.0,4.0,0
uep058,7,1,2,RS,11.0,2.0,2,2.698971361663244,1,6.726389653506598,25.969179043626077,38.39454005879592,0,2,9.0,2.0,4.0,0
uep058,7,1,3,RS,10.0,2.0,2,2.9241824727255668,1,6.264638532815488,38.39454005879592,50.58336106433698,0,2,9.0,2.0,4.0,0
uep058,7,1,4,RS,7.0,2.0,2,2.59145993512802,1,6.488536850729813,50.58336106433698,62.663357850194814,0,2,9.0,2.0,4.0,0
uep058,7,1,5,RS,12.0,2.0,2,1.6256416128273612,1,6.383446009146311,62.663357850194814,73.67244547216849,0,2,9.0,2.0,4.0,0
uep058,7,1,6,RS,2.0,2.0,2,1.6160707255084157,1,5.385377193897645,73.67244547216849,83.67389339157455,0,2,9.0,2.0,4.0,0
uep058,7,1,7,RS,14.0,2.0,2,1.2065587883385345,1,6.738822269066001,83.67389339157455,94.6192744489791,0,2,9.0,2.0,4.0,0
uep058,7,1,8,RS,9.0,2.0,2,1.8301881321839117,1,5.169710605756809,94.6192744489791,104.61917318691981,0,2,9.0,2.0,4.0,0
uep058,7,1,9,RS,4.0,2.0,2,1.2180952663773634,1,5.320268861012545,104.61917318691981,114.15753731430972,0,2,9.0,2.0,4.0,0
uep058,7,1,10,RS,7.0,2.0,2,0.9981413850835138,1,5.726520121160571,114.15753731430972,123.88219882055381,0,2,9.0,2.0,4.0,0
