subjectId,runId,blockId,trialId,condition,leftAnswer,rightAnswer,choiceDuration,isiDuration,feedbackDuration,itiDuration,stimOnset,itiOffset,leftColor,rightColor,mu1,mu2,sd1,sd2
uep027,2,2,1,SS,8.0,-11.0,2,2.8232555829114316,1,5.066547825689132,131.831227174645,142.72103058324555,7,1,8.0,-11.0,0,0
uep027,2,2,2,SS,8.0,-11.0,2,2.5931600600468516,1,5.813261514096173,142.72103058324555,154.12745215738857,7,1,8.0,-11.0,0,0
uep027,2,2,3,SS,8.0,-11.0,2,1.7458647373927996,1,6.5717349822380955,154.12745215738857,165.44505187701947,7,1,8.0,-11.0,0,0
uep027,2,2,4,SS,8.0,-11.0,2,2.793779579874649,1,5.108792080622045,165.44505187701947,176.34762353751614,7,1,8.0,-11.0,0,0
uep027,2,2,5,SS,8.0,-11.0,2,3.0317481770154555,1,6.279242047876609,176.34762353751614,188.6586137624082,7,1,8.0,-11.0,0,0
uep027,2,2,6,SS,8.0,-11.0,2,2.2685231343801315,1,6.193770259449491,188.6586137624082,200.12090715623782,7,1,8.0,-11.0,0,0
uep027,2,2,7,SS,8.0,-11.0,2,2.531521806120248,1,5.110947024056851,200.12090715623782,210.76337598641493,7,1,8.0,-11.0,0,0
uep027,2,2,8,SS,8.0,-11.0,2,1.5949481979639752,1,5.214062737376013,210.76337598641493,220.57238692175494,7,1,8.0,-11.0,0,0
uep027,2,2,9,SS,8.0,-11.0,2,1.9230448217641463,1,6.780658012542445,220.57238692175494,232.2760897560615,7,1,8.0,-11.0,0,0
uep027,2,2,10,SS,8.0,-11.0,2,1.3212791477814378,1,6.114405497139603,232.2760897560615,242.71177440098256,7,1,8.0,-11.0,0,0
