subjectId,runId,blockId,trialId,condition,leftAnswer,rightAnswer,choiceDuration,isiDuration,feedbackDuration,itiDuration,stimOnset,itiOffset,leftColor,rightColor,mu1,mu2,sd1,sd2
uep049,3,4,1,RR,-13.0,-7.0,2,2.2113054940849146,1,5.207926136436936,367.30518336435716,377.724414994879,6,3,-5.0,-13.0,4.0,4.0
uep049,3,4,2,RR,-5.0,-11.0,2,0.9782248888580736,1,5.898000337854435,377.724414994879,387.6006402215915,6,3,-5.0,-13.0,4.0,4.0
uep049,3,4,3,RR,-6.0,-10.0,2,2.017068988865152,1,5.002387234702554,387.6006402215915,397.6200964451592,6,3,-5.0,-13.0,4.0,4.0
uep049,3,4,4,RR,-1.0,-10.0,2,2.726894177841655,1,5.186943666314415,397.6200964451592,408.53393428931525,6,3,-5.0,-13.0,4.0,4.0
uep049,3,4,5,RR,-11.0,-8.0,2,2.4490889832995597,1,6.577723594660799,408.53393428931525,420.5607468672756,6,3,-5.0,-13.0,4.0,4.0
uep049,3,4,6,RR,-18.0,-16.0,2,2.900176221073533,1,5.955433406379856,420.5607468672756,432.41635649472903,6,3,-5.0,-13.0,4.0,4.0
uep049,3,4,7,RR,-8.0,-15.0,2,1.4472677615658132,1,5.0102702361945,432.41635649472903,441.87389449248934,6,3,-5.0,-13.0,4.0,4.0
uep049,3,4,8,RR,-1.0,-13.0,2,1.2797872562860646,1,6.127268979769752,441.87389449248934,452.2809507285451,6,3,-5.0,-13.0,4.0,4.0
uep049,3,4,9,RR,-4.0,-11.0,2,2.8684149750826355,1,5.006936259868202,452.2809507285451,463.156301963496,6,3,-5.0,-13.0,4.0,4.0
uep049,3,4,10,RR,-6.0,-11.0,2,1.6952126475588054,1,6.148485388945,463.156301963496,473.99999999999983,6,3,-5.0,-13.0,4.0,4.0
