subjectId,runId,blockId,trialId,condition,leftAnswer,rightAnswer,choiceDuration,isiDuration,feedbackDuration,itiDuration,stimOnset,itiOffset,leftColor,rightColor,mu1,mu2,sd1,sd2
uep034,1,2,1,SS,1.0,3.0,2,2.612691760453992,1,6.056478630171304,132.39883557949562,144.06800597012094,6,7,1.0,3.0,0,0
uep034,1,2,2,SS,1.0,3.0,2,2.7772081886571436,1,6.06937695832731,144.06800597012094,155.91459111710537,6,7,1.0,3.0,0,0
uep034,1,2,3,SS,1.0,3.0,2,2.419033186992779,1,6.396286021664422,155.91459111710537,167.72991032576257,6,7,1.0,3.0,0,0
uep034,1,2,4,SS,1.0,3.0,2,2.2208208565543894,1,6.713902061126365,167.72991032576257,179.66463324344332,6,7,1.0,3.0,0,0
uep034,1,2,5,SS,1.0,3.0,2,1.8081450576938536,1,5.271448277943979,179.66463324344332,189.74422657908116,6,7,1.0,3.0,0,0
uep034,1,2,6,SS,1.0,3.0,2,2.149294355436635,1,6.551120621760499,189.74422657908116,201.4446415562783,6,7,1.0,3.0,0,0
uep034,1,2,7,SS,1.0,3.0,2,2.5169503553996435,1,6.57752017271462,201.4446415562783,213.53911208439257,6,7,1.0,3.0,0,0
uep034,1,2,8,SS,1.0,3.0,2,2.4594502626333155,1,6.8733423969738565,213.53911208439257,225.87190474399975,6,7,1.0,3.0,0,0
uep034,1,2,9,SS,1.0,3.0,2,1.0534185071104272,1,5.488906469772677,225.87190474399975,235.41422972088284,6,7,1.0,3.0,0,0
uep034,1,2,10,SS,1.0,3.0,2,1.1185770381238276,1,6.672331318670603,235.41422972088284,246.20513807767728,6,7,1.0,3.0,0,0
