subjectId,runId,blockId,trialId,condition,leftAnswer,rightAnswer,choiceDuration,isiDuration,feedbackDuration,itiDuration,stimOnset,itiOffset,leftColor,rightColor,mu1,mu2,sd1,sd2
uep033,2,3,1,RS,-6.0,-5.0,2,2.4899246586083135,1,5.76130924072334,244.18802237442117,255.43925627375282,0,1,2.0,-5.0,4.0,0
uep033,2,3,2,RS,5.0,-5.0,2,2.1260591530155706,1,5.570480165448297,255.43925627375282,266.13579559221665,0,1,2.0,-5.0,4.0,0
uep033,2,3,3,RS,1.0,-5.0,2,2.8203862186683892,1,5.959828624313887,266.13579559221665,277.9160104351989,0,1,2.0,-5.0,4.0,0
uep033,2,3,4,RS,2.0,-5.0,2,2.951564003801329,1,6.303036358204827,277.9160104351989,290.1706107972051,0,1,2.0,-5.0,4.0,0
uep033,2,3,5,RS,-0.0,-5.0,2,1.118239288377301,1,5.159653679443367,290.1706107972051,299.44850376502575,0,1,2.0,-5.0,4.0,0
uep033,2,3,6,RS,1.0,-5.0,2,1.750891740649191,1,5.414349075304699,299.44850376502575,309.61374458097964,0,1,2.0,-5.0,4.0,0
uep033,2,3,7,RS,-5.0,-5.0,2,2.010381997434007,1,6.1631292502307495,309.61374458097964,320.7872558286444,0,1,2.0,-5.0,4.0,0
uep033,2,3,8,RS,2.0,-5.0,2,2.050750385162059,1,5.646880683641861,320.7872558286444,331.48488689744835,0,1,2.0,-5.0,4.0,0
uep033,2,3,9,RS,4.0,-5.0,2,2.839713005831321,1,6.339330196740147,331.48488689744835,343.6639301000198,0,1,2.0,-5.0,4.0,0
uep033,2,3,10,RS,-3.0,-5.0,2,2.3570421496636724,1,5.204197268519906,343.6639301000198,354.2251695182034,0,1,2.0,-5.0,4.0,0
