subjectId,runId,blockId,trialId,condition,leftAnswer,rightAnswer,choiceDuration,isiDuration,feedbackDuration,itiDuration,stimOnset,itiOffset,leftColor,rightColor,mu1,mu2,sd1,sd2
uep051,1,4,1,SS,1.0,-7.0,2,1.2499610294648251,1,5.2390927541814305,364.0596686394863,373.5487224231326,6,5,1.0,-7.0,0,0
uep051,1,4,2,SS,1.0,-7.0,2,2.4841154283117373,1,6.637547944936862,373.5487224231326,385.67038579638114,6,5,1.0,-7.0,0,0
uep051,1,4,3,SS,1.0,-7.0,2,2.180353643448542,1,5.775872740137166,385.67038579638114,396.62661217996686,6,5,1.0,-7.0,0,0
uep051,1,4,4,SS,1.0,-7.0,2,1.1947592532417683,1,5.8917609989801285,396.62661217996686,406.7131324321888,6,5,1.0,-7.0,0,0
uep051,1,4,5,SS,1.0,-7.0,2,2.9138347559020814,1,6.794022654571546,406.7131324321888,419.42098984266244,6,5,1.0,-7.0,0,0
uep051,1,4,6,SS,1.0,-7.0,2,2.168182162820102,1,4.976293223744264,419.42098984266244,429.5654652292268,6,5,1.0,-7.0,0,0
uep051,1,4,7,SS,1.0,-7.0,2,0.9969506974975265,1,5.855243731676779,429.5654652292268,439.41765965840113,6,5,1.0,-7.0,0,0
uep051,1,4,8,SS,1.0,-7.0,2,2.3018462606586105,1,6.618334705348472,439.41765965840113,451.3378406244082,6,5,1.0,-7.0,0,0
uep051,1,4,9,SS,1.0,-7.0,2,2.054521332697877,1,6.432929549186465,451.3378406244082,462.82529150629256,6,5,1.0,-7.0,0,0
uep051,1,4,10,SS,1.0,-7.0,2,1.625789885321606,1,6.548918608385882,462.82529150629256,474.0,6,5,1.0,-7.0,0,0
