subjectId,runId,blockId,trialId,condition,leftAnswer,rightAnswer,choiceDuration,isiDuration,feedbackDuration,itiDuration,stimOnset,itiOffset,leftColor,rightColor,mu1,mu2,sd1,sd2
uep020,1,3,1,SS,1.0,0.0,2,1.0940251600151047,1,5.895931981307974,247.97116797536725,257.9611251166903,6,4,1.0,0.0,0,0
uep020,1,3,2,SS,1.0,0.0,2,1.7549683491422077,1,6.4677275744081015,257.9611251166903,269.1838210402406,6,4,1.0,0.0,0,0
uep020,1,3,3,SS,1.0,0.0,2,1.810283885172534,1,6.554366752468729,269.1838210402406,280.5484716778819,6,4,1.0,0.0,0,0
uep020,1,3,4,SS,1.0,0.0,2,2.555191326461617,1,6.950176425111552,280.5484716778819,293.0538394294551,6,4,1.0,0.0,0,0
uep020,1,3,5,SS,1.0,0.0,2,2.9545655436271483,1,5.305897114925733,293.0538394294551,304.314302088008,6,4,1.0,0.0,0,0
uep020,1,3,6,SS,1.0,0.0,2,2.2802716465055606,1,6.236603521797974,304.314302088008,315.83117725631155,6,4,1.0,0.0,0,0
uep020,1,3,7,SS,1.0,0.0,2,1.432243494665225,1,5.417100338346291,315.83117725631155,325.68052108932307,6,4,1.0,0.0,0,0
uep020,1,3,8,SS,1.0,0.0,2,1.1185645966179167,1,6.865508148991368,325.68052108932307,336.66459383493236,6,4,1.0,0.0,0,0
uep020,1,3,9,SS,1.0,0.0,2,1.1528597090595274,1,5.448885099719266,336.66459383493236,346.2663386437112,6,4,1.0,0.0,0,0
uep020,1,3,10,SS,1.0,0.0,2,2.488258706463118,1,6.312168374249113,346.2663386437112,358.0667657244234,6,4,1.0,0.0,0,0
