subjectId,runId,blockId,trialId,condition,leftAnswer,rightAnswer,choiceDuration,isiDuration,feedbackDuration,itiDuration,stimOnset,itiOffset,leftColor,rightColor,mu1,mu2,sd1,sd2
uep051,3,1,1,SR,-16.0,-14.0,2,1.3729697744234937,1,5.2546750366262795,16,25.627644811049777,3,5,-16.0,-15.0,0,4.0
uep051,3,1,2,SR,-16.0,-20.0,2,2.2803589862646927,1,6.591499399568001,25.627644811049777,37.49950319688247,3,5,-16.0,-15.0,0,4.0
uep051,3,1,3,SR,-16.0,-12.0,2,1.6726189673982363,1,6.300690633085323,37.49950319688247,48.47281279736603,3,5,-16.0,-15.0,0,4.0
uep051,3,1,4,SR,-16.0,-18.0,2,1.2886341354045099,1,5.556446758409145,48.47281279736603,58.317893691179684,3,5,-16.0,-15.0,0,4.0
uep051,3,1,5,SR,-16.0,-9.0,2,2.3008544855268265,1,6.577463482757138,58.317893691179684,70.19621165946364,3,5,-16.0,-15.0,0,4.0
uep051,3,1,6,SR,-16.0,-11.0,2,1.9356448520579623,1,6.43847517650845,70.19621165946364,81.57033168803005,3,5,-16.0,-15.0,0,4.0
uep051,3,1,7,SR,-16.0,-10.0,2,1.5542875600789419,1,5.481333507810683,81.57033168803005,91.60595275591969,3,5,-16.0,-15.0,0,4.0
uep051,3,1,8,SR,-16.0,-14.0,2,1.5529540954388024,1,5.735919584303267,91.60595275591969,101.89482643566176,3,5,-16.0,-15.0,0,4.0
uep051,3,1,9,SR,-16.0,-12.0,2,2.021969637830281,1,5.70599310344294,101.89482643566176,112.62278917693497,3,5,-16.0,-15.0,0,4.0
uep051,3,1,10,SR,-16.0,-15.0,2,2.1543933231362633,1,6.388290108048072,112.62278917693497,124.1654726081193,3,5,-16.0,-15.0,0,4.0
