subjectId,runId,blockId,trialId,condition,leftAnswer,rightAnswer,choiceDuration,isiDuration,feedbackDuration,itiDuration,stimOnset,itiOffset,leftColor,rightColor,mu1,mu2,sd1,sd2
uep056,7,4,1,SR,7.0,26.0,2,2.378090002009693,1,6.900708055387248,360.96569257170415,373.2444906291011,0,5,7.0,17.0,0,4.0
uep056,7,4,2,SR,7.0,16.0,2,1.625372449306409,1,5.925408782165067,373.2444906291011,383.79527186057254,0,5,7.0,17.0,0,4.0
uep056,7,4,3,SR,7.0,20.0,2,2.39933291730223,1,5.320652764178782,383.79527186057254,394.5152575420535,0,5,7.0,17.0,0,4.0
uep056,7,4,4,SR,7.0,15.0,2,1.1316179247293248,1,6.193964331854431,394.5152575420535,404.84083979863726,0,5,7.0,17.0,0,4.0
uep056,7,4,5,SR,7.0,9.0,2,2.6205962967253673,1,5.429734857935565,404.84083979863726,415.8911709532982,0,5,7.0,17.0,0,4.0
uep056,7,4,6,SR,7.0,20.0,2,3.0123700694138273,1,6.069180517990971,415.8911709532982,427.97272154070293,0,5,7.0,17.0,0,4.0
uep056,7,4,7,SR,7.0,21.0,2,1.6306921107734078,1,5.759306123691843,427.97272154070293,438.36271977516816,0,5,7.0,17.0,0,4.0
uep056,7,4,8,SR,7.0,18.0,2,1.3123414533678703,1,6.149603466433602,438.36271977516816,448.8246646949696,0,5,7.0,17.0,0,4.0
uep056,7,4,9,SR,7.0,18.0,2,2.9746073447792147,1,7.054857169949343,448.8246646949696,461.85412920969816,0,5,7.0,17.0,0,4.0
uep056,7,4,10,SR,7.0,10.0,2,2.4004243596558457,1,6.74544643064576,461.85412920969816,473.9999999999998,0,5,7.0,17.0,0,4.0
