subjectId,runId,blockId,trialId,condition,leftAnswer,rightAnswer,choiceDuration,isiDuration,feedbackDuration,itiDuration,stimOnset,itiOffset,leftColor,rightColor,mu1,mu2,sd1,sd2
uep056,5,1,1,RS,-7.0,8.0,2,2.8576990199987597,1,6.117807725221785,16,27.975506745220542,0,4,-10.0,8.0,4.0,0
uep056,5,1,2,RS,-8.0,8.0,2,1.2188650758432977,1,5.585921422310479,27.975506745220542,37.78029324337432,0,4,-10.0,8.0,4.0,0
uep056,5,1,3,RS,-13.0,8.0,2,2.684934484108427,1,6.804523316827135,37.78029324337432,50.26975104430988,0,4,-10.0,8.0,4.0,0
uep056,5,1,4,RS,-8.0,8.0,2,1.070828783891076,1,6.343532536198656,50.26975104430988,60.68411236439961,0,4,-10.0,8.0,4.0,0
uep056,5,1,5,RS,-11.0,8.0,2,1.3530227027428452,1,6.3485368442587555,60.68411236439961,71.38567191140122,0,4,-10.0,8.0,4.0,0
uep056,5,1,6,RS,-8.0,8.0,2,1.0320781070919078,1,6.6059047183277135,71.38567191140122,82.02365473682083,0,4,-10.0,8.0,4.0,0
uep056,5,1,7,RS,-12.0,8.0,2,1.5265070896035586,1,5.563488211829334,82.02365473682083,92.11365003825372,0,4,-10.0,8.0,4.0,0
uep056,5,1,8,RS,-15.0,8.0,2,1.1398258368399925,1,6.141911223591417,92.11365003825372,102.39538709868513,0,4,-10.0,8.0,4.0,0
uep056,5,1,9,RS,-9.0,8.0,2,2.163567565684217,1,6.529982779871597,102.39538709868513,114.08893744424095,0,4,-10.0,8.0,4.0,0
uep056,5,1,10,RS,-13.0,8.0,2,2.9574044692687447,1,6.701736739579983,114.08893744424095,126.74807865308968,0,4,-10.0,8.0,4.0,0
