subjectId,runId,blockId,trialId,condition,leftAnswer,rightAnswer,choiceDuration,isiDuration,feedbackDuration,itiDuration,stimOnset,itiOffset,leftColor,rightColor,mu1,mu2,sd1,sd2
uep043,2,3,1,SR,1.0,21.0,2,1.2442010273762112,1,6.250514824885339,246.660398444434,257.15511429669556,5,6,1.0,18.0,0,4.0
uep043,2,3,2,SR,1.0,18.0,2,2.84871733242389,1,6.13834019870117,257.15511429669556,269.1421718278206,5,6,1.0,18.0,0,4.0
uep043,2,3,3,SR,1.0,17.0,2,1.1561808277889216,1,6.190067256896389,269.1421718278206,279.48841991250595,5,6,1.0,18.0,0,4.0
uep043,2,3,4,SR,1.0,15.0,2,2.6768825848065707,1,6.0704213717989175,279.48841991250595,291.23572386911144,5,6,1.0,18.0,0,4.0
uep043,2,3,5,SR,1.0,21.0,2,1.1404081777174406,1,5.572185886401856,291.23572386911144,300.9483179332308,5,6,1.0,18.0,0,4.0
uep043,2,3,6,SR,1.0,22.0,2,2.4324847207727247,1,5.33585647772287,300.9483179332308,311.7166591317264,5,6,1.0,18.0,0,4.0
uep043,2,3,7,SR,1.0,15.0,2,1.1150890963183624,1,5.097197408966643,311.7166591317264,320.92894563701134,5,6,1.0,18.0,0,4.0
uep043,2,3,8,SR,1.0,14.0,2,2.009285230839065,1,6.644849768569039,320.92894563701134,332.5830806364194,5,6,1.0,18.0,0,4.0
uep043,2,3,9,SR,1.0,16.0,2,2.8743477483139332,1,5.377219341611794,332.5830806364194,343.83464772634517,5,6,1.0,18.0,0,4.0
uep043,2,3,10,SR,1.0,17.0,2,2.4418933485949164,1,5.375056543731842,343.83464772634517,354.65159761867193,5,6,1.0,18.0,0,4.0
