subjectId,runId,blockId,trialId,condition,leftAnswer,rightAnswer,choiceDuration,isiDuration,feedbackDuration,itiDuration,stimOnset,itiOffset,leftColor,rightColor,mu1,mu2,sd1,sd2
uep031,7,2,1,RS,12.0,-4.0,2,2.940663969735406,1,5.4180678313299095,135.0375911790618,146.3963229801271,3,4,9.0,-4.0,4.0,0
uep031,7,2,2,RS,9.0,-4.0,2,2.0059155424669357,1,5.893378035941697,146.3963229801271,157.29561655853576,3,4,9.0,-4.0,4.0,0
uep031,7,2,3,RS,5.0,-4.0,2,1.276353232429853,1,5.723922345014529,157.29561655853576,167.29589213598013,3,4,9.0,-4.0,4.0,0
uep031,7,2,4,RS,9.0,-4.0,2,2.0026522076935738,1,6.15713553556178,167.29589213598013,178.4556798792355,3,4,9.0,-4.0,4.0,0
uep031,7,2,5,RS,13.0,-4.0,2,1.568555329270193,1,5.490366874469393,178.4556798792355,188.5146020829751,3,4,9.0,-4.0,4.0,0
uep031,7,2,6,RS,6.0,-4.0,2,2.73443631967741,1,6.303488139799296,188.5146020829751,200.5525265424518,3,4,9.0,-4.0,4.0,0
uep031,7,2,7,RS,9.0,-4.0,2,2.844736545673436,1,5.413155096862586,200.5525265424518,211.81041818498784,3,4,9.0,-4.0,4.0,0
uep031,7,2,8,RS,4.0,-4.0,2,1.4625683565693701,1,6.07214323669576,211.81041818498784,222.34512977825295,3,4,9.0,-4.0,4.0,0
uep031,7,2,9,RS,6.0,-4.0,2,1.4409956406608004,1,6.312476568016787,222.34512977825295,233.09860198693053,3,4,9.0,-4.0,4.0,0
uep031,7,2,10,RS,12.0,-4.0,2,1.953075314326974,1,6.136324665491096,233.09860198693053,244.1880019667486,3,4,9.0,-4.0,4.0,0
