subjectId,runId,blockId,trialId,condition,leftAnswer,rightAnswer,choiceDuration,isiDuration,feedbackDuration,itiDuration,stimOnset,itiOffset,leftColor,rightColor,mu1,mu2,sd1,sd2
uep019,4,2,1,SS,3.0,6.0,2,2.653434045119945,1,5.85449275565243,128.54424170272358,140.05216850349598,5,4,3.0,6.0,0,0
uep019,4,2,2,SS,3.0,6.0,2,2.388164800567612,1,5.58021149698394,140.05216850349598,151.02054480104752,5,4,3.0,6.0,0,0
uep019,4,2,3,SS,3.0,6.0,2,1.9817699818980783,1,5.597919424704668,151.02054480104752,161.60023420765026,5,4,3.0,6.0,0,0
uep019,4,2,4,SS,3.0,6.0,2,1.098911465157519,1,5.952118168926313,161.60023420765026,171.6512638417341,5,4,3.0,6.0,0,0
uep019,4,2,5,SS,3.0,6.0,2,2.6220234979719574,1,5.906857280575496,171.6512638417341,183.18014462028157,5,4,3.0,6.0,0,0
uep019,4,2,6,SS,3.0,6.0,2,1.8444624671796623,1,6.740092522753142,183.18014462028157,194.76469961021436,5,4,3.0,6.0,0,0
uep019,4,2,7,SS,3.0,6.0,2,2.2933644170349483,1,5.204135595171044,194.76469961021436,205.26219962242035,5,4,3.0,6.0,0,0
uep019,4,2,8,SS,3.0,6.0,2,1.6894947521130923,1,6.049645978587945,205.26219962242035,216.00134035312138,5,4,3.0,6.0,0,0
uep019,4,2,9,SS,3.0,6.0,2,2.721938814139469,1,5.93606619566796,216.00134035312138,227.6593453629288,5,4,3.0,6.0,0,0
uep019,4,2,10,SS,3.0,6.0,2,1.8868625790685172,1,6.447227721765514,227.6593453629288,238.99343566376282,5,4,3.0,6.0,0,0
