subjectId,runId,blockId,trialId,condition,leftAnswer,rightAnswer,choiceDuration,isiDuration,feedbackDuration,itiDuration,stimOnset,itiOffset,leftColor,rightColor,mu1,mu2,sd1,sd2
uep018,8,3,1,RR,-1.0,-26.0,2,1.1802734632479834,1,5.795900959566369,249.01098733095225,258.9871617537666,3,0,4.0,-18.0,4.0,4.0
uep018,8,3,2,RR,-2.0,-20.0,2,1.7046423196551552,1,5.875415006774265,258.9871617537666,269.567219080196,3,0,4.0,-18.0,4.0,4.0
uep018,8,3,3,RR,5.0,-27.0,2,1.2610494454895904,1,6.781865709046423,269.567219080196,280.6101342347321,3,0,4.0,-18.0,4.0,4.0
uep018,8,3,4,RR,-2.0,-14.0,2,1.1809645690929798,1,7.031911481926508,280.6101342347321,291.82301028575154,3,0,4.0,-18.0,4.0,4.0
uep018,8,3,5,RR,7.0,-21.0,2,2.1340812908103293,1,6.112020398955117,291.82301028575154,303.069111975517,3,0,4.0,-18.0,4.0,4.0
uep018,8,3,6,RR,5.0,-15.0,2,2.658709424022309,1,6.959524868206008,303.069111975517,315.68734626774534,3,0,4.0,-18.0,4.0,4.0
uep018,8,3,7,RR,2.0,-17.0,2,2.2793473585700497,1,5.795073471388479,315.68734626774534,326.7617670977039,3,0,4.0,-18.0,4.0,4.0
uep018,8,3,8,RR,7.0,-16.0,2,1.2244001977380148,1,6.584632786297437,326.7617670977039,337.5708000817394,3,0,4.0,-18.0,4.0,4.0
uep018,8,3,9,RR,2.0,-13.0,2,3.018566013496975,1,5.79721675882165,337.5708000817394,349.386582854058,3,0,4.0,-18.0,4.0,4.0
uep018,8,3,10,RR,9.0,-10.0,2,1.1786497414607653,1,5.84047164240644,349.386582854058,359.40570423792525,3,0,4.0,-18.0,4.0,4.0
