subjectId,runId,blockId,trialId,condition,leftAnswer,rightAnswer,choiceDuration,isiDuration,feedbackDuration,itiDuration,stimOnset,itiOffset,leftColor,rightColor,mu1,mu2,sd1,sd2
uep000,5,3,1,SS,-3.0,8.0,2,2.3239320980179796,1,5.787198968117996,244.13687363925797,255.24800470539395,1,0,-3.0,8.0,0,0
uep000,5,3,2,SS,-3.0,8.0,2,2.130700581112953,1,5.690230849750258,255.24800470539395,266.06893613625715,1,0,-3.0,8.0,0,0
uep000,5,3,3,SS,-3.0,8.0,2,1.1401387539104149,1,7.0170102959093,266.06893613625715,277.2260851860769,1,0,-3.0,8.0,0,0
uep000,5,3,4,SS,-3.0,8.0,2,1.8506816155281045,1,6.538668514496264,277.2260851860769,288.61543531610124,1,0,-3.0,8.0,0,0
uep000,5,3,5,SS,-3.0,8.0,2,2.7528613290726898,1,5.249195061959185,288.61543531610124,299.6174917071331,1,0,-3.0,8.0,0,0
uep000,5,3,6,SS,-3.0,8.0,2,2.148971609432448,1,5.047977455799009,299.6174917071331,309.8144407723646,1,0,-3.0,8.0,0,0
uep000,5,3,7,SS,-3.0,8.0,2,2.258313035262634,1,5.570472283900158,309.8144407723646,320.64322609152737,1,0,-3.0,8.0,0,0
uep000,5,3,8,SS,-3.0,8.0,2,2.718929515257908,1,6.72002331203183,320.64322609152737,333.08217891881714,1,0,-3.0,8.0,0,0
uep000,5,3,9,SS,-3.0,8.0,2,2.43249544970413,1,6.00343602955277,333.08217891881714,344.518110398074,1,0,-3.0,8.0,0,0
uep000,5,3,10,SS,-3.0,8.0,2,2.7204206787065086,1,6.7168260004061775,344.518110398074,356.95535707718665,1,0,-3.0,8.0,0,0
