subjectId,runId,blockId,trialId,condition,leftAnswer,rightAnswer,choiceDuration,isiDuration,feedbackDuration,itiDuration,stimOnset,itiOffset,leftColor,rightColor,mu1,mu2,sd1,sd2
uep046,6,4,1,SR,10.0,-8.0,2,1.0940562185018068,1,5.571271213820806,361.079568303232,370.7448957355546,6,4,10.0,-10.0,0,4.0
uep046,6,4,2,SR,10.0,-11.0,2,2.8604174919192933,1,6.348472416305415,370.7448957355546,382.9537856437793,6,4,10.0,-10.0,0,4.0
uep046,6,4,3,SR,10.0,-13.0,2,1.444154460863353,1,6.202867702294881,382.9537856437793,393.60080780693755,6,4,10.0,-10.0,0,4.0
uep046,6,4,4,SR,10.0,-17.0,2,1.125313540970933,1,6.391104130190317,393.60080780693755,404.1172254780988,6,4,10.0,-10.0,0,4.0
uep046,6,4,5,SR,10.0,1.0,2,2.5848492137842216,1,6.314856973229851,404.1172254780988,416.01693166511285,6,4,10.0,-10.0,0,4.0
uep046,6,4,6,SR,10.0,-5.0,2,3.018284027585809,1,5.897002779487434,416.01693166511285,427.9322184721861,6,4,10.0,-10.0,0,4.0
uep046,6,4,7,SR,10.0,-9.0,2,2.6856057387844205,1,6.343044046045702,427.9322184721861,439.9608682570162,6,4,10.0,-10.0,0,4.0
uep046,6,4,8,SR,10.0,-15.0,2,2.594472001863741,1,6.721442424309938,439.9608682570162,452.2767826831899,6,4,10.0,-10.0,0,4.0
uep046,6,4,9,SR,10.0,-21.0,2,2.400447159408902,1,5.385875462139223,452.2767826831899,463.063105304738,6,4,10.0,-10.0,0,4.0
uep046,6,4,10,SR,10.0,-11.0,2,2.3140506491066435,1,5.622844046155143,463.063105304738,473.9999999999998,6,4,10.0,-10.0,0,4.0
