subjectId,runId,blockId,trialId,condition,leftAnswer,rightAnswer,choiceDuration,isiDuration,feedbackDuration,itiDuration,stimOnset,itiOffset,leftColor,rightColor,mu1,mu2,sd1,sd2
uep031,6,1,1,RR,2.0,-22.0,2,1.9842903169379817,1,6.239104288854943,16,27.223394605792926,2,6,2.0,-22.0,4.0,4.0
uep031,6,1,2,RR,0.0,-23.0,2,2.1515357934083723,1,6.525102618823362,27.223394605792926,38.90003301802466,2,6,2.0,-22.0,4.0,4.0
uep031,6,1,3,RR,-3.0,-23.0,2,1.5666783536027251,1,5.499179876011129,38.90003301802466,48.96589124763851,2,6,2.0,-22.0,4.0,4.0
uep031,6,1,4,RR,3.0,-13.0,2,1.3619283045406483,1,6.043461891390375,48.96589124763851,59.37128144356953,2,6,2.0,-22.0,4.0,4.0
uep031,6,1,5,RR,-5.0,-23.0,2,1.7646786946746107,1,5.48722699845066,59.37128144356953,69.62318713669481,2,6,2.0,-22.0,4.0,4.0
uep031,6,1,6,RR,1.0,-21.0,2,2.1670687725286464,1,6.792183461738255,69.62318713669481,81.58243937096172,2,6,2.0,-22.0,4.0,4.0
uep031,6,1,7,RR,-3.0,-19.0,2,1.8885640981254148,1,5.649639574429309,81.58243937096172,92.12064304351645,2,6,2.0,-22.0,4.0,4.0
uep031,6,1,8,RR,7.0,-24.0,2,1.9574692726087992,1,5.422815137503357,92.12064304351645,102.50092745362862,2,6,2.0,-22.0,4.0,4.0
uep031,6,1,9,RR,2.0,-21.0,2,2.750054825294951,1,6.574469374506417,102.50092745362862,114.82545165343,2,6,2.0,-22.0,4.0,4.0
uep031,6,1,10,RR,3.0,-23.0,2,1.6112938006800122,1,5.968464312869929,114.82545165343,125.40520976697994,2,6,2.0,-22.0,4.0,4.0
