subjectId,runId,blockId,trialId,condition,leftAnswer,rightAnswer,choiceDuration,isiDuration,feedbackDuration,itiDuration,stimOnset,itiOffset,leftColor,rightColor,mu1,mu2,sd1,sd2
uep028,6,2,1,SS,-5.0,-27.0,2,2.1083968741533665,1,6.920650573393579,134.43262130470933,146.46166875225626,0,5,-5.0,-27.0,0,0
uep028,6,2,2,SS,-5.0,-27.0,2,1.5897687651825452,1,6.699426783718926,146.46166875225626,157.75086430115775,0,5,-5.0,-27.0,0,0
uep028,6,2,3,SS,-5.0,-27.0,2,1.0530947507719637,1,5.94296204210063,157.75086430115775,167.74692109403034,0,5,-5.0,-27.0,0,0
uep028,6,2,4,SS,-5.0,-27.0,2,1.046810444400444,1,5.339021345647363,167.74692109403034,177.13275288407814,0,5,-5.0,-27.0,0,0
uep028,6,2,5,SS,-5.0,-27.0,2,1.0902424063876472,1,7.001219090972925,177.13275288407814,188.22421438143874,0,5,-5.0,-27.0,0,0
uep028,6,2,6,SS,-5.0,-27.0,2,1.311202704817059,1,6.675890469632492,188.22421438143874,199.21130755588828,0,5,-5.0,-27.0,0,0
uep028,6,2,7,SS,-5.0,-27.0,2,2.9622943160389927,1,6.542858593935541,199.21130755588828,211.7164604658628,0,5,-5.0,-27.0,0,0
uep028,6,2,8,SS,-5.0,-27.0,2,1.2573928363871292,1,5.160165532691388,211.7164604658628,221.13401883494134,0,5,-5.0,-27.0,0,0
uep028,6,2,9,SS,-5.0,-27.0,2,1.080391439903633,1,5.204076000395073,221.13401883494134,230.41848627524004,0,5,-5.0,-27.0,0,0
uep028,6,2,10,SS,-5.0,-27.0,2,2.3436262849837037,1,5.195718177458818,230.41848627524004,240.95783073768257,0,5,-5.0,-27.0,0,0
