subjectId,runId,blockId,trialId,condition,leftAnswer,rightAnswer,choiceDuration,isiDuration,feedbackDuration,itiDuration,stimOnset,itiOffset,leftColor,rightColor,mu1,mu2,sd1,sd2
uep051,2,2,1,SS,-1.0,3.0,2,2.4190167085572036,1,7.060600689262667,128.63642452812894,141.1160419259488,3,6,-1.0,3.0,0,0
uep051,2,2,2,SS,-1.0,3.0,2,2.229436855412528,1,5.7679977458706695,141.1160419259488,152.113476527232,3,6,-1.0,3.0,0,0
uep051,2,2,3,SS,-1.0,3.0,2,2.9759730956763475,1,6.464626716070621,152.113476527232,164.55407633897897,3,6,-1.0,3.0,0,0
uep051,2,2,4,SS,-1.0,3.0,2,2.723229959855951,1,6.8530387961101535,164.55407633897897,177.13034509494508,3,6,-1.0,3.0,0,0
uep051,2,2,5,SS,-1.0,3.0,2,2.4654454169086857,1,6.742533880257523,177.13034509494508,189.3383243921113,3,6,-1.0,3.0,0,0
uep051,2,2,6,SS,-1.0,3.0,2,2.02939977363569,1,6.516258933412245,189.3383243921113,200.88398309915925,3,6,-1.0,3.0,0,0
uep051,2,2,7,SS,-1.0,3.0,2,1.9814067595236273,1,6.65064918164636,200.88398309915925,212.51603904032925,3,6,-1.0,3.0,0,0
uep051,2,2,8,SS,-1.0,3.0,2,2.1456912526029663,1,5.459648088242205,212.51603904032925,223.12137838117442,3,6,-1.0,3.0,0,0
uep051,2,2,9,SS,-1.0,3.0,2,2.54218860043689,1,7.084347533175367,223.12137838117442,235.7479145147867,3,6,-1.0,3.0,0,0
uep051,2,2,10,SS,-1.0,3.0,2,1.5456088565817097,1,5.856854233237224,235.7479145147867,246.1503776046056,3,6,-1.0,3.0,0,0
