subjectId,runId,blockId,trialId,condition,leftAnswer,rightAnswer,choiceDuration,isiDuration,feedbackDuration,itiDuration,stimOnset,itiOffset,leftColor,rightColor,mu1,mu2,sd1,sd2
uep019,4,1,1,RR,4.0,3.0,2,1.4793319672475345,1,5.27155000947639,16,25.750881976723925,1,3,8.0,1.0,4.0,4.0
uep019,4,1,2,RR,5.0,-3.0,2,1.0588606603837614,1,6.279198469840295,25.750881976723925,36.08894110694798,1,3,8.0,1.0,4.0,4.0
uep019,4,1,3,RR,10.0,-1.0,2,2.028906368965792,1,6.504204993869006,36.08894110694798,47.62205246978277,1,3,8.0,1.0,4.0,4.0
uep019,4,1,4,RR,9.0,2.0,2,1.273852932549569,1,5.876589004456788,47.62205246978277,57.77249440678913,1,3,8.0,1.0,4.0,4.0
uep019,4,1,5,RR,9.0,2.0,2,2.6624558535440803,1,5.370698114449681,57.77249440678913,68.80564837478289,1,3,8.0,1.0,4.0,4.0
uep019,4,1,6,RR,3.0,-4.0,2,2.777861084030343,1,6.6375334318035755,68.80564837478289,81.22104289061681,1,3,8.0,1.0,4.0,4.0
uep019,4,1,7,RR,3.0,2.0,2,1.0905908560021804,1,5.26003583109203,81.22104289061681,90.57166957771102,1,3,8.0,1.0,4.0,4.0
uep019,4,1,8,RR,11.0,3.0,2,2.0388135044174627,1,5.286571311905385,90.57166957771102,100.89705439403387,1,3,8.0,1.0,4.0,4.0
uep019,4,1,9,RR,6.0,-2.0,2,2.3001310964232435,1,5.95829107364729,100.89705439403387,112.1554765641044,1,3,8.0,1.0,4.0,4.0
uep019,4,1,10,RR,13.0,-1.0,2,1.102238130120277,1,6.286527008498885,112.1554765641044,122.54424170272357,1,3,8.0,1.0,4.0,4.0
