subjectId,runId,blockId,trialId,condition,leftAnswer,rightAnswer,choiceDuration,isiDuration,feedbackDuration,itiDuration,stimOnset,itiOffset,leftColor,rightColor,mu1,mu2,sd1,sd2
uep059,5,2,1,SS,-14.0,19.0,2,2.665394478239614,1,6.364820693204822,129.65607311510863,141.68628828655307,5,2,-14.0,19.0,0,0
uep059,5,2,2,SS,-14.0,19.0,2,1.8083458283464542,1,6.371666241513743,141.68628828655307,152.86630035641326,5,2,-14.0,19.0,0,0
uep059,5,2,3,SS,-14.0,19.0,2,2.081781207091212,1,6.0947446337125335,152.86630035641326,164.042826197217,5,2,-14.0,19.0,0,0
uep059,5,2,4,SS,-14.0,19.0,2,1.9674371014405503,1,5.510689321369448,164.042826197217,174.520952620027,5,2,-14.0,19.0,0,0
uep059,5,2,5,SS,-14.0,19.0,2,1.537259310906601,1,6.694057395473479,174.520952620027,185.7522693264071,5,2,-14.0,19.0,0,0
uep059,5,2,6,SS,-14.0,19.0,2,1.6813588743685264,1,5.503898877218897,185.7522693264071,195.9375270779945,5,2,-14.0,19.0,0,0
uep059,5,2,7,SS,-14.0,19.0,2,2.1829449076477045,1,5.546529127108783,195.9375270779945,206.667001112751,5,2,-14.0,19.0,0,0
uep059,5,2,8,SS,-14.0,19.0,2,2.54033804537334,1,6.671040907117702,206.667001112751,218.87838006524206,5,2,-14.0,19.0,0,0
uep059,5,2,9,SS,-14.0,19.0,2,2.737292920684457,1,5.795876047807487,218.87838006524206,230.41154903373402,5,2,-14.0,19.0,0,0
uep059,5,2,10,SS,-14.0,19.0,2,1.4322912413018802,1,6.656578796454605,230.41154903373402,241.50041907149048,5,2,-14.0,19.0,0,0
