subjectId,runId,blockId,trialId,condition,leftAnswer,rightAnswer,choiceDuration,isiDuration,feedbackDuration,itiDuration,stimOnset,itiOffset,leftColor,rightColor,mu1,mu2,sd1,sd2
uep002,7,1,1,SR,10.0,-9.0,2,2.2755482295951506,1,5.42034088743422,16,26.695889117029374,7,3,10.0,-5.0,0,4.0
uep002,7,1,2,SR,10.0,-5.0,2,1.5077682566822994,1,5.790890807452542,26.695889117029374,36.99454818116422,7,3,10.0,-5.0,0,4.0
uep002,7,1,3,SR,10.0,-4.0,2,2.845545243879644,1,6.657021622715277,36.99454818116422,49.49711504775914,7,3,10.0,-5.0,0,4.0
uep002,7,1,4,SR,10.0,-5.0,2,1.0077097107717385,1,5.858867215428173,49.49711504775914,59.36369197395905,7,3,10.0,-5.0,0,4.0
uep002,7,1,5,SR,10.0,-8.0,2,2.6995550139438222,1,6.113092601494263,59.36369197395905,71.17633958939713,7,3,10.0,-5.0,0,4.0
uep002,7,1,6,SR,10.0,-3.0,2,2.7385588734118764,1,5.75231879304035,71.17633958939713,82.66721725584935,7,3,10.0,-5.0,0,4.0
uep002,7,1,7,SR,10.0,-4.0,2,1.8015674684870895,1,6.790714356837981,82.66721725584935,94.25949908117443,7,3,10.0,-5.0,0,4.0
uep002,7,1,8,SR,10.0,-5.0,2,1.1688285450092355,1,5.89310787514235,94.25949908117443,104.32143550132601,7,3,10.0,-5.0,0,4.0
uep002,7,1,9,SR,10.0,-3.0,2,2.5905678893403765,1,6.283554897675011,104.32143550132601,116.1955582883414,7,3,10.0,-5.0,0,4.0
uep002,7,1,10,SR,10.0,-6.0,2,1.509273554575342,1,6.8498326044412305,116.1955582883414,127.55466444735798,7,3,10.0,-5.0,0,4.0
