subjectId,runId,blockId,trialId,condition,leftAnswer,rightAnswer,choiceDuration,isiDuration,feedbackDuration,itiDuration,stimOnset,itiOffset,leftColor,rightColor,mu1,mu2,sd1,sd2
uep019,4,4,1,SR,-12.0,10.0,2,2.0509757919706115,1,5.779369643565945,360.3185817161265,371.14892715166303,2,6,-12.0,7.0,0,4.0
uep019,4,4,2,SR,-12.0,-2.0,2,2.9723738479268715,1,6.07725320369644,371.14892715166303,383.19855420328633,2,6,-12.0,7.0,0,4.0
uep019,4,4,3,SR,-12.0,4.0,2,2.163792601354747,1,5.1115076942237865,383.19855420328633,393.4738544988649,2,6,-12.0,7.0,0,4.0
uep019,4,4,4,SR,-12.0,-0.0,2,2.9786433531448506,1,6.968155308795823,393.4738544988649,406.42065316080556,2,6,-12.0,7.0,0,4.0
uep019,4,4,5,SR,-12.0,10.0,2,2.647649563015642,1,5.641125365151833,406.42065316080556,417.709428088973,2,6,-12.0,7.0,0,4.0
uep019,4,4,6,SR,-12.0,6.0,2,2.98036612112527,1,5.324207973620485,417.709428088973,429.0140021837188,2,6,-12.0,7.0,0,4.0
uep019,4,4,7,SR,-12.0,8.0,2,1.3415357278657913,1,5.596092064485162,429.0140021837188,438.95162997606974,2,6,-12.0,7.0,0,4.0
uep019,4,4,8,SR,-12.0,2.0,2,2.710847254746299,1,6.62147231652029,438.95162997606974,451.2839495473363,2,6,-12.0,7.0,0,4.0
uep019,4,4,9,SR,-12.0,14.0,2,2.5383831499266023,1,5.0455445851897185,451.2839495473363,461.86787728245264,2,6,-12.0,7.0,0,4.0
uep019,4,4,10,SR,-12.0,2.0,2,2.416034421092302,1,6.716088296455,461.86787728245264,473.99999999999994,2,6,-12.0,7.0,0,4.0
