subjectId,runId,blockId,trialId,condition,leftAnswer,rightAnswer,choiceDuration,isiDuration,feedbackDuration,itiDuration,stimOnset,itiOffset,leftColor,rightColor,mu1,mu2,sd1,sd2
uep005,7,3,1,SS,-13.0,3.0,2,1.0688958795287256,1,5.865704276967801,247.0331650278814,256.9677651843779,4,7,-13.0,3.0,0,0
uep005,7,3,2,SS,-13.0,3.0,2,1.266286191082002,1,5.611950858750357,256.9677651843779,266.84600223421023,4,7,-13.0,3.0,0,0
uep005,7,3,3,SS,-13.0,3.0,2,2.6853243998702303,1,6.356275313548215,266.84600223421023,278.8876019476287,4,7,-13.0,3.0,0,0
uep005,7,3,4,SS,-13.0,3.0,2,2.6999265292977905,1,6.17823184261537,278.8876019476287,290.76576031954187,4,7,-13.0,3.0,0,0
uep005,7,3,5,SS,-13.0,3.0,2,3.0180964537180395,1,5.423853438187899,290.76576031954187,302.2077102114478,4,7,-13.0,3.0,0,0
uep005,7,3,6,SS,-13.0,3.0,2,1.3055666525865957,1,5.722476108717395,302.2077102114478,312.2357529727518,4,7,-13.0,3.0,0,0
uep005,7,3,7,SS,-13.0,3.0,2,2.585803777993582,1,5.7367044156041755,312.2357529727518,323.55826116634955,4,7,-13.0,3.0,0,0
uep005,7,3,8,SS,-13.0,3.0,2,1.0658586572362976,1,5.464654066366869,323.55826116634955,333.0887738899527,4,7,-13.0,3.0,0,0
uep005,7,3,9,SS,-13.0,3.0,2,1.1094108025073737,1,6.78888863382507,333.0887738899527,343.98707332628516,4,7,-13.0,3.0,0,0
uep005,7,3,10,SS,-13.0,3.0,2,2.1197894117614946,1,6.848532983725126,343.98707332628516,355.95539572177177,4,7,-13.0,3.0,0,0
