subjectId,runId,blockId,trialId,condition,leftAnswer,rightAnswer,choiceDuration,isiDuration,feedbackDuration,itiDuration,stimOnset,itiOffset,leftColor,rightColor,mu1,mu2,sd1,sd2
uep018,3,1,1,SR,-1.0,0.0,2,1.7275516468178105,1,6.201963151380383,16,26.929514798198195,0,3,-1.0,1.0,0,4.0
uep018,3,1,2,SR,-1.0,-5.0,2,1.439070053426615,1,5.754225941573363,26.929514798198195,37.12281079319817,0,3,-1.0,1.0,0,4.0
uep018,3,1,3,SR,-1.0,6.0,2,1.3905181855541644,1,5.485421400535821,37.12281079319817,46.998750379288154,0,3,-1.0,1.0,0,4.0
uep018,3,1,4,SR,-1.0,-1.0,2,2.45932152148777,1,6.263916971991232,46.998750379288154,58.721988872767156,0,3,-1.0,1.0,0,4.0
uep018,3,1,5,SR,-1.0,-6.0,2,1.0721550119865917,1,5.86875742920519,58.721988872767156,68.66290131395894,0,3,-1.0,1.0,0,4.0
uep018,3,1,6,SR,-1.0,2.0,2,2.021543104851282,1,6.458669838987053,68.66290131395894,80.14311425779727,0,3,-1.0,1.0,0,4.0
uep018,3,1,7,SR,-1.0,-6.0,2,2.666015753274833,1,6.196261947581279,80.14311425779727,92.00539195865338,0,3,-1.0,1.0,0,4.0
uep018,3,1,8,SR,-1.0,0.0,2,1.0104752648769888,1,6.714412161194523,92.00539195865338,102.73027938472488,0,3,-1.0,1.0,0,4.0
uep018,3,1,9,SR,-1.0,0.0,2,2.1352647401271314,1,6.37290222458906,102.73027938472488,114.23844634944106,0,3,-1.0,1.0,0,4.0
uep018,3,1,10,SR,-1.0,0.0,2,1.4093406766416425,1,5.1507236268805325,114.23844634944106,123.79851065296324,0,3,-1.0,1.0,0,4.0
