subjectId,runId,blockId,trialId,condition,leftAnswer,rightAnswer,choiceDuration,isiDuration,feedbackDuration,itiDuration,stimOnset,itiOffset,leftColor,rightColor,mu1,mu2,sd1,sd2
uep058,7,2,1,SR,16.0,8.0,2,1.951141951388536,1,5.465880934676947,129.8821988205538,140.2992217066193,3,4,16.0,5.0,0,4.0
uep058,7,2,2,SR,16.0,5.0,2,2.0132046985482894,1,6.017766583126472,140.2992217066193,151.33019298829407,3,4,16.0,5.0,0,4.0
uep058,7,2,3,SR,16.0,-2.0,2,2.9262298571947194,1,5.895946426636323,151.33019298829407,163.15236927212513,3,4,16.0,5.0,0,4.0
uep058,7,2,4,SR,16.0,2.0,2,1.9727187550188918,1,5.28607950200974,163.15236927212513,173.41116752915374,3,4,16.0,5.0,0,4.0
uep058,7,2,5,SR,16.0,2.0,2,1.4276844916220301,1,6.350909447320882,173.41116752915374,184.18976146809663,3,4,16.0,5.0,0,4.0
uep058,7,2,6,SR,16.0,9.0,2,2.8042574443294424,1,5.0369799965360516,184.18976146809663,195.03099890896212,3,4,16.0,5.0,0,4.0
uep058,7,2,7,SR,16.0,-0.0,2,1.134294301578008,1,6.669842794564144,195.03099890896212,205.83513600510426,3,4,16.0,5.0,0,4.0
uep058,7,2,8,SR,16.0,0.0,2,1.499962830693304,1,5.053498254984698,205.83513600510426,215.38859709078227,3,4,16.0,5.0,0,4.0
uep058,7,2,9,SR,16.0,8.0,2,2.331778897878207,1,5.746686235938522,215.38859709078227,226.46706222459898,3,4,16.0,5.0,0,4.0
uep058,7,2,10,SR,16.0,7.0,2,2.378728329007792,1,6.200073248869279,226.46706222459898,238.04586380247605,3,4,16.0,5.0,0,4.0
