subjectId,runId,blockId,trialId,condition,leftAnswer,rightAnswer,choiceDuration,isiDuration,feedbackDuration,itiDuration,stimOnset,itiOffset,leftColor,rightColor,mu1,mu2,sd1,sd2
uep038,2,4,1,SR,12.0,13.0,2,1.1521155320809229,1,6.457549166151379,362.1295306417252,372.73919533995746,0,7,12.0,16.0,0,4.0
uep038,2,4,2,SR,12.0,13.0,2,2.7642007465542866,1,6.040224933809448,372.73919533995746,384.5436210203212,0,7,12.0,16.0,0,4.0
uep038,2,4,3,SR,12.0,19.0,2,2.793707327374764,1,5.997241975131797,384.5436210203212,396.33457032282774,0,7,12.0,16.0,0,4.0
uep038,2,4,4,SR,12.0,18.0,2,1.6459833791535392,1,6.440161424693058,396.33457032282774,407.42071512667434,0,7,12.0,16.0,0,4.0
uep038,2,4,5,SR,12.0,17.0,2,2.384098880908796,1,6.6348437471188735,407.42071512667434,419.439657754702,0,7,12.0,16.0,0,4.0
uep038,2,4,6,SR,12.0,21.0,2,1.7304488726883092,1,4.987608441451603,419.439657754702,429.1577150688419,0,7,12.0,16.0,0,4.0
uep038,2,4,7,SR,12.0,15.0,2,2.7393484182269754,1,6.472116846202462,429.1577150688419,441.3691803332714,0,7,12.0,16.0,0,4.0
uep038,2,4,8,SR,12.0,22.0,2,2.58808772268806,1,6.646639766257675,441.3691803332714,453.60390782221714,0,7,12.0,16.0,0,4.0
uep038,2,4,9,SR,12.0,19.0,2,2.0991568722163514,1,5.40215684066765,453.60390782221714,464.1052215351011,0,7,12.0,16.0,0,4.0
uep038,2,4,10,SR,12.0,9.0,2,1.2068799448412022,1,5.687898520057725,464.1052215351011,474.00000000000006,0,7,12.0,16.0,0,4.0
