subjectId,runId,blockId,trialId,condition,leftAnswer,rightAnswer,choiceDuration,isiDuration,feedbackDuration,itiDuration,stimOnset,itiOffset,leftColor,rightColor,mu1,mu2,sd1,sd2
uep024,2,3,1,SR,0.0,-4.0,2,1.4328418744754818,1,6.1941488318554585,246.0033129506303,256.63030365696125,2,3,0.0,-8.0,0,4.0
uep024,2,3,2,SR,0.0,-9.0,2,2.064964722786109,1,6.459639587634877,256.63030365696125,268.1549079673822,2,3,0.0,-8.0,0,4.0
uep024,2,3,3,SR,0.0,-10.0,2,2.6999334214880326,1,5.6628535782292015,268.1549079673822,279.51769496709943,2,3,0.0,-8.0,0,4.0
uep024,2,3,4,SR,0.0,-8.0,2,1.263459476785335,1,6.048353774272749,279.51769496709943,289.8295082181575,2,3,0.0,-8.0,0,4.0
uep024,2,3,5,SR,0.0,-4.0,2,1.5749285297873064,1,6.414282808002996,289.8295082181575,300.81871955594784,2,3,0.0,-8.0,0,4.0
uep024,2,3,6,SR,0.0,-7.0,2,2.0699411385597637,1,6.885975328404058,300.81871955594784,312.7746360229117,2,3,0.0,-8.0,0,4.0
uep024,2,3,7,SR,0.0,-11.0,2,1.71646018045836,1,6.982558632174014,312.7746360229117,324.47365483554404,2,3,0.0,-8.0,0,4.0
uep024,2,3,8,SR,0.0,-3.0,2,2.652338493147109,1,6.229336842155597,324.47365483554404,336.35533017084674,2,3,0.0,-8.0,0,4.0
uep024,2,3,9,SR,0.0,-6.0,2,2.635795191636835,1,6.463419906734641,336.35533017084674,348.4545452692182,2,3,0.0,-8.0,0,4.0
uep024,2,3,10,SR,0.0,-11.0,2,2.0082330747782793,1,5.623818338926235,348.4545452692182,359.08659668292273,2,3,0.0,-8.0,0,4.0
