subjectId,runId,blockId,trialId,condition,leftAnswer,rightAnswer,choiceDuration,isiDuration,feedbackDuration,itiDuration,stimOnset,itiOffset,leftColor,rightColor,mu1,mu2,sd1,sd2
uep058,8,1,1,SS,-11.0,-0.0,2,1.1381693123054597,1,6.747607101791091,16,26.88577641409655,7,4,-11.0,-0.0,0,0
uep058,8,1,2,SS,-11.0,-0.0,2,1.0371725568453167,1,5.688455424033928,26.88577641409655,36.61140439497579,7,4,-11.0,-0.0,0,0
uep058,8,1,3,SS,-11.0,-0.0,2,1.9605530224122578,1,5.2258830370529505,36.61140439497579,46.797840454441,7,4,-11.0,-0.0,0,0
uep058,8,1,4,SS,-11.0,-0.0,2,1.0862917880642116,1,5.915195720257415,46.797840454441,56.799327962762625,7,4,-11.0,-0.0,0,0
uep058,8,1,5,SS,-11.0,-0.0,2,2.8289923617123685,1,5.383751352112677,56.799327962762625,68.01207167658767,7,4,-11.0,-0.0,0,0
uep058,8,1,6,SS,-11.0,-0.0,2,2.102092847484395,1,6.134269301570125,68.01207167658767,79.2484338256422,7,4,-11.0,-0.0,0,0
uep058,8,1,7,SS,-11.0,-0.0,2,1.383083193049639,1,6.176453991508044,79.2484338256422,89.80797101019988,7,4,-11.0,-0.0,0,0
uep058,8,1,8,SS,-11.0,-0.0,2,2.2963199254901,1,5.452537832033342,89.80797101019988,100.55682876772332,7,4,-11.0,-0.0,0,0
uep058,8,1,9,SS,-11.0,-0.0,2,2.814298881725648,1,5.204431833854874,100.55682876772332,111.57555948330383,7,4,-11.0,-0.0,0,0
uep058,8,1,10,SS,-11.0,-0.0,2,2.8331309073176287,1,5.918579252607962,111.57555948330383,123.32726964322941,7,4,-11.0,-0.0,0,0
