subjectId,runId,blockId,trialId,condition,leftAnswer,rightAnswer,choiceDuration,isiDuration,feedbackDuration,itiDuration,stimOnset,itiOffset,leftColor,rightColor,mu1,mu2,sd1,sd2
uep033,4,2,1,RS,8.0,-1.0,2,2.660458827985509,1,6.5815092369510895,129.89966155913754,142.14162962407414,5,0,3.0,-1.0,4.0,0
uep033,4,2,2,RS,4.0,-1.0,2,2.3764933238352883,1,6.212174045159836,142.14162962407414,153.73029699306926,5,0,3.0,-1.0,4.0,0
uep033,4,2,3,RS,7.0,-1.0,2,1.016535436461239,1,5.835582099946942,153.73029699306926,163.58241452947743,5,0,3.0,-1.0,4.0,0
uep033,4,2,4,RS,2.0,-1.0,2,1.2359238060158149,1,5.811257436643746,163.58241452947743,173.629595772137,5,0,3.0,-1.0,4.0,0
uep033,4,2,5,RS,8.0,-1.0,2,2.5386795485610563,1,5.962642008473188,173.629595772137,185.13091732917124,5,0,3.0,-1.0,4.0,0
uep033,4,2,6,RS,6.0,-1.0,2,1.65686882420053,1,5.979917034409779,185.13091732917124,195.76770318778154,5,0,3.0,-1.0,4.0,0
uep033,4,2,7,RS,0.0,-1.0,2,1.3589285297828528,1,6.455312833252455,195.76770318778154,206.58194455081684,5,0,3.0,-1.0,4.0,0
uep033,4,2,8,RS,8.0,-1.0,2,2.7644497943238817,1,6.057552945689392,206.58194455081684,218.40394729083013,5,0,3.0,-1.0,4.0,0
uep033,4,2,9,RS,7.0,-1.0,2,2.1047515257702227,1,6.4446390367741335,218.40394729083013,229.95333785337448,5,0,3.0,-1.0,4.0,0
uep033,4,2,10,RS,0.0,-1.0,2,2.813303566006292,1,6.806289826233322,229.95333785337448,242.5729312456141,5,0,3.0,-1.0,4.0,0
