subjectId,runId,blockId,trialId,condition,leftAnswer,rightAnswer,choiceDuration,isiDuration,feedbackDuration,itiDuration,stimOnset,itiOffset,leftColor,rightColor,mu1,mu2,sd1,sd2
uep023,3,3,1,RR,-19.0,5.0,2,1.8435510384046128,1,5.9725717843918895,250.4182663917773,261.2343892145738,0,1,-15.0,6.0,4.0,4.0
uep023,3,3,2,RR,-15.0,3.0,2,1.7965237847398812,1,5.362751647937646,261.2343892145738,271.39366464725134,0,1,-15.0,6.0,4.0,4.0
uep023,3,3,3,RR,-21.0,6.0,2,2.5371750780169,1,6.044274804323241,271.39366464725134,282.9751145295915,0,1,-15.0,6.0,4.0,4.0
uep023,3,3,4,RR,-16.0,5.0,2,2.130682366873269,1,6.651376615196408,282.9751145295915,294.75717351166116,0,1,-15.0,6.0,4.0,4.0
uep023,3,3,5,RR,-20.0,11.0,2,2.5802507331162254,1,6.876465408145727,294.75717351166116,307.2138896529231,0,1,-15.0,6.0,4.0,4.0
uep023,3,3,6,RR,-12.0,7.0,2,1.8501567857893184,1,5.181105361160177,307.2138896529231,317.2451517998726,0,1,-15.0,6.0,4.0,4.0
uep023,3,3,7,RR,-13.0,13.0,2,1.9236282477487814,1,5.876263485425141,317.2451517998726,328.0450435330465,0,1,-15.0,6.0,4.0,4.0
uep023,3,3,8,RR,-14.0,2.0,2,2.4659708178594646,1,6.801010320804251,328.0450435330465,340.3120246717102,0,1,-15.0,6.0,4.0,4.0
uep023,3,3,9,RR,-11.0,9.0,2,2.8408096215271246,1,5.815145131108896,340.3120246717102,351.96797942434625,0,1,-15.0,6.0,4.0,4.0
uep023,3,3,10,RR,-15.0,4.0,2,1.5790059448187426,1,6.094692303443221,351.96797942434625,362.6416776726082,0,1,-15.0,6.0,4.0,4.0
