subjectId,runId,blockId,trialId,condition,leftAnswer,rightAnswer,choiceDuration,isiDuration,feedbackDuration,itiDuration,stimOnset,itiOffset,leftColor,rightColor,mu1,mu2,sd1,sd2
uep049,4,4,1,SS,-7.0,4.0,2,1.8685745132593197,1,5.7016580587922645,365.5706653086465,376.14089788069805,7,6,-7.0,4.0,0,0
uep049,4,4,2,SS,-7.0,4.0,2,1.9430340406612403,1,5.079126103978295,376.14089788069805,386.1630580253376,7,6,-7.0,4.0,0,0
uep049,4,4,3,SS,-7.0,4.0,2,1.554548427120711,1,5.323696260070333,386.1630580253376,396.04130271252865,7,6,-7.0,4.0,0,0
uep049,4,4,4,SS,-7.0,4.0,2,1.8943539541621326,1,6.44729983990684,396.04130271252865,407.3829565065976,7,6,-7.0,4.0,0,0
uep049,4,4,5,SS,-7.0,4.0,2,2.492348558735407,1,6.087954011102494,407.3829565065976,418.9632590764355,7,6,-7.0,4.0,0,0
uep049,4,4,6,SS,-7.0,4.0,2,1.844503693027258,1,5.148782568053687,418.9632590764355,428.95654533751645,7,6,-7.0,4.0,0,0
uep049,4,4,7,SS,-7.0,4.0,2,2.9098928438369245,1,5.844171166433781,428.95654533751645,440.71060934778717,7,6,-7.0,4.0,0,0
uep049,4,4,8,SS,-7.0,4.0,2,1.9212577730295535,1,6.216333737964583,440.71060934778717,451.8482008587813,7,6,-7.0,4.0,0,0
uep049,4,4,9,SS,-7.0,4.0,2,2.6895526671183054,1,6.832768516598149,451.8482008587813,464.3705220424977,7,6,-7.0,4.0,0,0
uep049,4,4,10,SS,-7.0,4.0,2,1.4512287503987111,1,5.178249207103482,464.3705220424977,473.9999999999999,7,6,-7.0,4.0,0,0
