subjectId,runId,blockId,trialId,condition,leftAnswer,rightAnswer,choiceDuration,isiDuration,feedbackDuration,itiDuration,stimOnset,itiOffset,leftColor,rightColor,mu1,mu2,sd1,sd2
uep044,3,1,1,SR,8.0,8.0,2,3.002656619297406,1,6.277788229738117,16,28.280444849035522,4,5,8.0,11.0,0,4.0
uep044,3,1,2,SR,8.0,11.0,2,1.3189320947818204,1,6.995447420103246,28.280444849035522,39.594824363920594,4,5,8.0,11.0,0,4.0
uep044,3,1,3,SR,8.0,8.0,2,2.7067693393687433,1,6.766168544117296,39.594824363920594,52.067762247406634,4,5,8.0,11.0,0,4.0
uep044,3,1,4,SR,8.0,6.0,2,1.2093951980295945,1,6.59634039081248,52.067762247406634,62.87349783624871,4,5,8.0,11.0,0,4.0
uep044,3,1,5,SR,8.0,10.0,2,2.2919138129415706,1,5.83799144333233,62.87349783624871,74.0034030925226,4,5,8.0,11.0,0,4.0
uep044,3,1,6,SR,8.0,8.0,2,2.8852742842298262,1,5.4357998077049094,74.0034030925226,85.32447718445734,4,5,8.0,11.0,0,4.0
uep044,3,1,7,SR,8.0,10.0,2,2.341702324430961,1,6.578863060209245,85.32447718445734,97.24504256909754,4,5,8.0,11.0,0,4.0
uep044,3,1,8,SR,8.0,11.0,2,1.5141436372862174,1,5.619340873579648,97.24504256909754,107.3785270799634,4,5,8.0,11.0,0,4.0
uep044,3,1,9,SR,8.0,4.0,2,1.1712124586337929,1,5.6800192113912376,107.3785270799634,117.22975874998843,4,5,8.0,11.0,0,4.0
uep044,3,1,10,SR,8.0,8.0,2,1.3803840778912775,1,7.036756017713878,117.22975874998843,128.6468988455936,4,5,8.0,11.0,0,4.0
