subjectId,runId,blockId,trialId,condition,leftAnswer,rightAnswer,choiceDuration,isiDuration,feedbackDuration,itiDuration,stimOnset,itiOffset,leftColor,rightColor,mu1,mu2,sd1,sd2
uep029,4,1,1,SS,-12.0,-7.0,2,2.1345516893773584,1,5.905026573085161,16,27.03957826246252,2,0,-12.0,-7.0,0,0
uep029,4,1,2,SS,-12.0,-7.0,2,2.8547850927408938,1,5.0855648176580015,27.03957826246252,37.97992817286141,2,0,-12.0,-7.0,0,0
uep029,4,1,3,SS,-12.0,-7.0,2,2.4472328764400375,1,5.713625539688349,37.97992817286141,49.140786588989805,2,0,-12.0,-7.0,0,0
uep029,4,1,4,SS,-12.0,-7.0,2,2.5519053557229627,1,6.108697711539342,49.140786588989805,60.80138965625211,2,0,-12.0,-7.0,0,0
uep029,4,1,5,SS,-12.0,-7.0,2,1.3139694083432227,1,5.037601975443069,60.80138965625211,70.1529610400384,2,0,-12.0,-7.0,0,0
uep029,4,1,6,SS,-12.0,-7.0,2,2.2976268309795236,1,5.82823823484977,70.1529610400384,81.2788261058677,2,0,-12.0,-7.0,0,0
uep029,4,1,7,SS,-12.0,-7.0,2,1.5144548577236272,1,6.399113200332057,81.2788261058677,92.19239416392337,2,0,-12.0,-7.0,0,0
uep029,4,1,8,SS,-12.0,-7.0,2,1.5877430246415778,1,5.333065440997824,92.19239416392337,102.11320262956278,2,0,-12.0,-7.0,0,0
uep029,4,1,9,SS,-12.0,-7.0,2,2.930406998440001,1,5.4922414282705905,102.11320262956278,113.53585105627337,2,0,-12.0,-7.0,0,0
uep029,4,1,10,SS,-12.0,-7.0,2,2.3091859771489616,1,5.5257431551385086,113.53585105627337,124.37078018856084,2,0,-12.0,-7.0,0,0
