subjectId,runId,blockId,trialId,condition,leftAnswer,rightAnswer,choiceDuration,isiDuration,feedbackDuration,itiDuration,stimOnset,itiOffset,leftColor,rightColor,mu1,mu2,sd1,sd2
uep059,6,3,1,SR,-3.0,4.0,2,1.9444957337149682,1,5.487141283980572,247.5936537508481,258.02529076854364,0,2,-3.0,1.0,0,4.0
uep059,6,3,2,SR,-3.0,-3.0,2,1.0154801077308129,1,6.556183907249025,258.02529076854364,268.5969547835235,0,2,-3.0,1.0,0,4.0
uep059,6,3,3,SR,-3.0,-1.0,2,2.4589167647423524,1,5.628826985842716,268.5969547835235,279.6846985341085,0,2,-3.0,1.0,0,4.0
uep059,6,3,4,SR,-3.0,-7.0,2,1.85677207139396,1,6.877919959054977,279.6846985341085,291.41939056455743,0,2,-3.0,1.0,0,4.0
uep059,6,3,5,SR,-3.0,-2.0,2,2.920503982085278,1,6.636273416803245,291.41939056455743,303.97616796344596,0,2,-3.0,1.0,0,4.0
uep059,6,3,6,SR,-3.0,-1.0,2,1.9426131156441984,1,5.479806225864815,303.97616796344596,314.39858730495496,0,2,-3.0,1.0,0,4.0
uep059,6,3,7,SR,-3.0,2.0,2,1.9759001897775126,1,5.481825236426227,314.39858730495496,324.8563127311587,0,2,-3.0,1.0,0,4.0
uep059,6,3,8,SR,-3.0,-6.0,2,1.0862542153111514,1,5.278867048230067,324.8563127311587,334.2214339946999,0,2,-3.0,1.0,0,4.0
uep059,6,3,9,SR,-3.0,-1.0,2,2.011160374950033,1,6.57170240105385,334.2214339946999,345.8042967707038,0,2,-3.0,1.0,0,4.0
uep059,6,3,10,SR,-3.0,2.0,2,1.8100739108723063,1,6.882395078471647,345.8042967707038,357.4967657600477,0,2,-3.0,1.0,0,4.0
