subjectId,runId,blockId,trialId,condition,leftAnswer,rightAnswer,choiceDuration,isiDuration,feedbackDuration,itiDuration,stimOnset,itiOffset,leftColor,rightColor,mu1,mu2,sd1,sd2
uep051,4,3,1,SR,1.0,2.0,2,2.757401635078198,1,6.394551543078731,248.93524198235127,261.0871951605082,4,7,1.0,11.0,0,4.0
uep051,4,3,2,SR,1.0,9.0,2,2.6587779050106572,1,5.375987517340566,261.0871951605082,272.1219605828594,4,7,1.0,11.0,0,4.0
uep051,4,3,3,SR,1.0,13.0,2,2.126739245810575,1,6.551169471097459,272.1219605828594,283.79986929976747,4,7,1.0,11.0,0,4.0
uep051,4,3,4,SR,1.0,11.0,2,1.2523196244405848,1,6.07551473845252,283.79986929976747,294.12770366266056,4,7,1.0,11.0,0,4.0
uep051,4,3,5,SR,1.0,10.0,2,0.9928551768047141,1,5.871324183168683,294.12770366266056,303.99188302263394,4,7,1.0,11.0,0,4.0
uep051,4,3,6,SR,1.0,11.0,2,2.3637157895978613,1,5.006616233948011,303.99188302263394,314.3622150461798,4,7,1.0,11.0,0,4.0
uep051,4,3,7,SR,1.0,11.0,2,1.9796308249591341,1,5.198569119703922,314.3622150461798,324.54041499084286,4,7,1.0,11.0,0,4.0
uep051,4,3,8,SR,1.0,8.0,2,1.8739816257025983,1,5.983929497403688,324.54041499084286,335.3983261139491,4,7,1.0,11.0,0,4.0
uep051,4,3,9,SR,1.0,8.0,2,2.2100111016048163,1,6.894580470887637,335.3983261139491,347.5029176864416,4,7,1.0,11.0,0,4.0
uep051,4,3,10,SR,1.0,6.0,2,2.877920393161208,1,5.550271463063552,347.5029176864416,358.9311095426664,4,7,1.0,11.0,0,4.0
