subjectId,runId,blockId,trialId,condition,leftAnswer,rightAnswer,choiceDuration,isiDuration,feedbackDuration,itiDuration,stimOnset,itiOffset,leftColor,rightColor,mu1,mu2,sd1,sd2
uep044,2,4,1,RS,24.0,-12.0,2,1.1865897518550614,1,5.504042846786826,359.907953958399,369.5985865570409,5,4,20.0,-12.0,4.0,0
uep044,2,4,2,RS,20.0,-12.0,2,2.087860748231205,1,5.868897374096973,369.5985865570409,380.55534467936906,5,4,20.0,-12.0,4.0,0
uep044,2,4,3,RS,21.0,-12.0,2,2.174077838217577,1,5.582882404678163,380.55534467936906,391.3123049222648,5,4,20.0,-12.0,4.0,0
uep044,2,4,4,RS,15.0,-12.0,2,2.6271862941736113,1,5.740767206539078,391.3123049222648,402.6802584229775,5,4,20.0,-12.0,4.0,0
uep044,2,4,5,RS,16.0,-12.0,2,1.2261198624630938,1,6.901691286036787,402.6802584229775,413.8080695714774,5,4,20.0,-12.0,4.0,0
uep044,2,4,6,RS,22.0,-12.0,2,2.8248891019457174,1,7.011346810179904,413.8080695714774,426.64430548360303,5,4,20.0,-12.0,4.0,0
uep044,2,4,7,RS,12.0,-12.0,2,2.39164722424283,1,5.413527969153311,426.64430548360303,437.4494806769992,5,4,20.0,-12.0,4.0,0
uep044,2,4,8,RS,14.0,-12.0,2,2.9371034325632093,1,6.004585160913769,437.4494806769992,449.3911692704762,5,4,20.0,-12.0,4.0,0
uep044,2,4,9,RS,12.0,-12.0,2,2.476067288545132,1,7.015972851486115,449.3911692704762,461.8832094105075,5,4,20.0,-12.0,4.0,0
uep044,2,4,10,RS,11.0,-12.0,2,1.959816692518302,1,7.1569738969743595,461.8832094105075,474.00000000000017,5,4,20.0,-12.0,4.0,0
