subjectId,runId,blockId,trialId,condition,leftAnswer,rightAnswer,choiceDuration,isiDuration,feedbackDuration,itiDuration,stimOnset,itiOffset,leftColor,rightColor,mu1,mu2,sd1,sd2
uep022,5,4,1,RS,-6.0,10.0,2,2.0279067947624143,1,5.945725160412789,359.55240286272215,370.52603481789737,2,7,-9.0,10.0,4.0,0
uep022,5,4,2,RS,-16.0,10.0,2,2.770632873207366,1,6.782236090119603,370.52603481789737,383.07890378122437,2,7,-9.0,10.0,4.0,0
uep022,5,4,3,RS,-13.0,10.0,2,1.6199815485311757,1,6.634947756905792,383.07890378122437,394.33383308666134,2,7,-9.0,10.0,4.0,0
uep022,5,4,4,RS,-12.0,10.0,2,1.1403246586123779,1,5.47892736063333,394.33383308666134,403.95308510590706,2,7,-9.0,10.0,4.0,0
uep022,5,4,5,RS,-11.0,10.0,2,2.733216870052139,1,6.175889249092028,403.95308510590706,415.8621912250513,2,7,-9.0,10.0,4.0,0
uep022,5,4,6,RS,-11.0,10.0,2,2.6124808631431353,1,6.305410811875551,415.8621912250513,427.78008290007,2,7,-9.0,10.0,4.0,0
uep022,5,4,7,RS,-8.0,10.0,2,1.4232631691217204,1,6.792923515196353,427.78008290007,438.9962695843881,2,7,-9.0,10.0,4.0,0
uep022,5,4,8,RS,-13.0,10.0,2,2.0022354107883853,1,6.546682180076214,438.9962695843881,450.5451871752527,2,7,-9.0,10.0,4.0,0
uep022,5,4,9,RS,-7.0,10.0,2,2.5459619238299798,1,5.795119745741439,450.5451871752527,461.8862688448241,2,7,-9.0,10.0,4.0,0
uep022,5,4,10,RS,-14.0,10.0,2,2.8373184040318553,1,6.2764127511442735,461.8862688448241,474.0000000000002,2,7,-9.0,10.0,4.0,0
