subjectId,runId,blockId,trialId,condition,leftAnswer,rightAnswer,choiceDuration,isiDuration,feedbackDuration,itiDuration,stimOnset,itiOffset,leftColor,rightColor,mu1,mu2,sd1,sd2
uep054,4,4,1,SR,6.0,-11.0,2,1.352038115732752,1,6.488214109250617,364.40815729413424,375.2484095191176,1,7,6.0,-10.0,0,4.0
uep054,4,4,2,SR,6.0,-3.0,2,2.8611173057174706,1,6.88985702871666,375.2484095191176,387.99938385355176,1,7,6.0,-10.0,0,4.0
uep054,4,4,3,SR,6.0,-14.0,2,1.4914754493354658,1,5.257096909540037,387.99938385355176,397.74795621242725,1,7,6.0,-10.0,0,4.0
uep054,4,4,4,SR,6.0,-10.0,2,1.8089712702651732,1,5.825350543117768,397.74795621242725,408.3822780258102,1,7,6.0,-10.0,0,4.0
uep054,4,4,5,SR,6.0,-9.0,2,1.4530006074160162,1,5.205232066663254,408.3822780258102,418.04051069988947,1,7,6.0,-10.0,0,4.0
uep054,4,4,6,SR,6.0,-13.0,2,2.3306457896852195,1,5.765025670446435,418.04051069988947,429.1361821600211,1,7,6.0,-10.0,0,4.0
uep054,4,4,7,SR,6.0,-13.0,2,1.2046325774090347,1,6.346340258616499,429.1361821600211,439.6871549960467,1,7,6.0,-10.0,0,4.0
uep054,4,4,8,SR,6.0,-11.0,2,2.8244741502370716,1,6.106010107726663,439.6871549960467,451.6176392540104,1,7,6.0,-10.0,0,4.0
uep054,4,4,9,SR,6.0,-16.0,2,2.7591669504613185,1,5.549820186598213,451.6176392540104,462.9266263910699,1,7,6.0,-10.0,0,4.0
uep054,4,4,10,SR,6.0,-9.0,2,1.2810518941978404,1,6.792321714732146,462.9266263910699,473.9999999999999,1,7,6.0,-10.0,0,4.0
