subjectId,runId,blockId,trialId,condition,leftAnswer,rightAnswer,choiceDuration,isiDuration,feedbackDuration,itiDuration,stimOnset,itiOffset,leftColor,rightColor,mu1,mu2,sd1,sd2
uep015,8,4,1,RR,-1.0,-0.0,2,2.497653439992255,1,5.15082881602426,367.43701536401375,378.08549762003025,6,4,-9.0,4.0,4.0,4.0
uep015,8,4,2,RR,-8.0,1.0,2,2.6642869229273525,1,6.049526542208651,378.08549762003025,389.79931108516627,6,4,-9.0,4.0,4.0,4.0
uep015,8,4,3,RR,-8.0,11.0,2,1.1334652657825703,1,6.289747491757481,389.79931108516627,400.2225238427063,6,4,-9.0,4.0,4.0,4.0
uep015,8,4,4,RR,-7.0,2.0,2,2.0256215568784137,1,7.052265687536145,400.2225238427063,412.3004110871209,6,4,-9.0,4.0,4.0,4.0
uep015,8,4,5,RR,-3.0,2.0,2,2.0091591842308527,1,5.113512941486133,412.3004110871209,422.42308321283787,6,4,-9.0,4.0,4.0,4.0
uep015,8,4,6,RR,-10.0,3.0,2,1.647181173213464,1,5.879276729692024,422.42308321283787,432.9495411157434,6,4,-9.0,4.0,4.0,4.0
uep015,8,4,7,RR,-5.0,6.0,2,2.5725560357112367,1,5.337489694391486,432.9495411157434,443.8595868458461,6,4,-9.0,4.0,4.0,4.0
uep015,8,4,8,RR,-13.0,2.0,2,1.4067109643622633,1,5.314958413403026,443.8595868458461,453.5812562236114,6,4,-9.0,4.0,4.0,4.0
uep015,8,4,9,RR,-14.0,9.0,2,1.2623195221181298,1,6.092476559863156,453.5812562236114,463.9360523055926,6,4,-9.0,4.0,4.0,4.0
uep015,8,4,10,RR,-14.0,7.0,2,1.8322432871018244,1,5.231704407305489,463.9360523055926,473.99999999999994,6,4,-9.0,4.0,4.0,4.0
