subjectId,runId,blockId,trialId,condition,leftAnswer,rightAnswer,choiceDuration,isiDuration,feedbackDuration,itiDuration,stimOnset,itiOffset,leftColor,rightColor,mu1,mu2,sd1,sd2
uep057,3,1,1,SR,-3.0,10.0,2,1.3252922925462494,1,5.552836890100469,16,25.878129182646717,6,7,-3.0,9.0,0,4.0
uep057,3,1,2,SR,-3.0,8.0,2,1.0579716117934073,1,6.7768161960400475,25.878129182646717,36.71291699048017,6,7,-3.0,9.0,0,4.0
uep057,3,1,3,SR,-3.0,8.0,2,1.5381930460215052,1,5.951267890593906,36.71291699048017,47.202377927095576,6,7,-3.0,9.0,0,4.0
uep057,3,1,4,SR,-3.0,6.0,2,3.012728192689739,1,5.468054384505235,47.202377927095576,58.683160504290555,6,7,-3.0,9.0,0,4.0
uep057,3,1,5,SR,-3.0,5.0,2,2.2999857850287873,1,6.366260385057919,58.683160504290555,70.34940667437726,6,7,-3.0,9.0,0,4.0
uep057,3,1,6,SR,-3.0,7.0,2,2.489565200748744,1,5.140404887451646,70.34940667437726,80.97937676257766,6,7,-3.0,9.0,0,4.0
uep057,3,1,7,SR,-3.0,9.0,2,2.962975966274725,1,5.543224602141987,80.97937676257766,92.48557733099437,6,7,-3.0,9.0,0,4.0
uep057,3,1,8,SR,-3.0,13.0,2,2.292920319095627,1,5.83704316249515,92.48557733099437,103.61554081258515,6,7,-3.0,9.0,0,4.0
uep057,3,1,9,SR,-3.0,8.0,2,2.811220546996064,1,5.962927229305119,103.61554081258515,115.38968858888634,6,7,-3.0,9.0,0,4.0
uep057,3,1,10,SR,-3.0,11.0,2,1.1168822412751267,1,6.578980692563998,115.38968858888634,126.08555152272547,6,7,-3.0,9.0,0,4.0
