subjectId,runId,blockId,trialId,condition,leftAnswer,rightAnswer,choiceDuration,isiDuration,feedbackDuration,itiDuration,stimOnset,itiOffset,leftColor,rightColor,mu1,mu2,sd1,sd2
uep046,1,3,1,SR,22.0,23.0,2,1.543018411874982,1,5.200052245893333,251.71712940657565,261.46020006434395,4,0,22.0,15.0,0,4.0
uep046,1,3,2,SR,22.0,12.0,2,2.263823096866173,1,5.214863414412646,261.46020006434395,271.9388865756228,4,0,22.0,15.0,0,4.0
uep046,1,3,3,SR,22.0,18.0,2,2.2873075887466374,1,6.087974613195804,271.9388865756228,283.3141687775652,4,0,22.0,15.0,0,4.0
uep046,1,3,4,SR,22.0,9.0,2,1.1812410835786635,1,6.189837550786461,283.3141687775652,293.68524741193033,4,0,22.0,15.0,0,4.0
uep046,1,3,5,SR,22.0,13.0,2,1.4046549533589663,1,5.6828387920799965,293.68524741193033,303.7727411573693,4,0,22.0,15.0,0,4.0
uep046,1,3,6,SR,22.0,18.0,2,1.2815311691334366,1,7.06643900989876,303.7727411573693,315.1207113364015,4,0,22.0,15.0,0,4.0
uep046,1,3,7,SR,22.0,18.0,2,2.225916282052996,1,5.766207271567681,315.1207113364015,326.11283489002216,4,0,22.0,15.0,0,4.0
uep046,1,3,8,SR,22.0,16.0,2,1.608900406178793,1,5.117035035103339,326.11283489002216,335.8387703313043,4,0,22.0,15.0,0,4.0
uep046,1,3,9,SR,22.0,18.0,2,1.9586941706184837,1,6.275446495033566,335.8387703313043,347.07291099695635,4,0,22.0,15.0,0,4.0
uep046,1,3,10,SR,22.0,17.0,2,2.8148001271442613,1,5.078041538932352,347.07291099695635,357.96575266303296,4,0,22.0,15.0,0,4.0
