subjectId,runId,blockId,trialId,condition,leftAnswer,rightAnswer,choiceDuration,isiDuration,feedbackDuration,itiDuration,stimOnset,itiOffset,leftColor,rightColor,mu1,mu2,sd1,sd2
uep051,3,3,1,RS,-15.0,-3.0,2,2.43462499882172,1,6.706381354339529,245.59241756135086,257.7334239145121,1,7,-11.0,-3.0,4.0,0
uep051,3,3,2,RS,-14.0,-3.0,2,1.2138443616867673,1,5.02971916101665,257.7334239145121,266.97698743721554,1,7,-11.0,-3.0,4.0,0
uep051,3,3,3,RS,-9.0,-3.0,2,2.758586665775928,1,6.326292878136277,266.97698743721554,279.0618669811277,1,7,-11.0,-3.0,4.0,0
uep051,3,3,4,RS,-11.0,-3.0,2,1.9037609970313616,1,5.460949306880478,279.0618669811277,289.42657728503957,1,7,-11.0,-3.0,4.0,0
uep051,3,3,5,RS,-14.0,-3.0,2,2.726529812744847,1,6.92640957088021,289.42657728503957,302.0795166686646,1,7,-11.0,-3.0,4.0,0
uep051,3,3,6,RS,-11.0,-3.0,2,1.8737839656528827,1,5.801642093302619,302.0795166686646,312.7549427276201,1,7,-11.0,-3.0,4.0,0
uep051,3,3,7,RS,-11.0,-3.0,2,2.9612399326039394,1,6.483614271671185,312.7549427276201,325.1997969318952,1,7,-11.0,-3.0,4.0,0
uep051,3,3,8,RS,-10.0,-3.0,2,2.8380886381311683,1,6.9319396337678585,325.1997969318952,337.96982520379424,1,7,-11.0,-3.0,4.0,0
uep051,3,3,9,RS,-12.0,-3.0,2,1.3139383585428546,1,5.340567300586324,337.96982520379424,347.6243308629234,1,7,-11.0,-3.0,4.0,0
uep051,3,3,10,RS,-16.0,-3.0,2,1.0026366491057817,1,6.3212270188716015,347.6243308629234,357.94819453090076,1,7,-11.0,-3.0,4.0,0
