subjectId,runId,blockId,trialId,condition,leftAnswer,rightAnswer,choiceDuration,isiDuration,feedbackDuration,itiDuration,stimOnset,itiOffset,leftColor,rightColor,mu1,mu2,sd1,sd2
uep030,4,3,1,RS,-17.0,-3.0,2,2.5683360576193697,1,6.11326960726601,247.7521501456263,259.4337558105117,2,6,-14.0,-3.0,4.0,0
uep030,4,3,2,RS,-18.0,-3.0,2,2.469121058079383,1,6.154391238816471,259.4337558105117,271.05726810740754,2,6,-14.0,-3.0,4.0,0
uep030,4,3,3,RS,-19.0,-3.0,2,2.541972828547802,1,6.059691143789086,271.05726810740754,282.65893207974443,2,6,-14.0,-3.0,4.0,0
uep030,4,3,4,RS,-15.0,-3.0,2,2.860644710791403,1,5.964641829859483,282.65893207974443,294.4842186203953,2,6,-14.0,-3.0,4.0,0
uep030,4,3,5,RS,-18.0,-3.0,2,1.9421956667053843,1,6.585112055789758,294.4842186203953,306.0115263428905,2,6,-14.0,-3.0,4.0,0
uep030,4,3,6,RS,-15.0,-3.0,2,1.9053957934586345,1,6.251765161235933,306.0115263428905,317.16868729758505,2,6,-14.0,-3.0,4.0,0
uep030,4,3,7,RS,-15.0,-3.0,2,1.383854660983134,1,5.998047736187908,317.16868729758505,327.5505896947561,2,6,-14.0,-3.0,4.0,0
uep030,4,3,8,RS,-12.0,-3.0,2,1.4766530070830248,1,6.479319304744358,327.5505896947561,338.5065620065835,2,6,-14.0,-3.0,4.0,0
uep030,4,3,9,RS,-13.0,-3.0,2,2.5832722840444116,1,6.194430117711742,338.5065620065835,350.2842644083397,2,6,-14.0,-3.0,4.0,0
uep030,4,3,10,RS,-15.0,-3.0,2,2.542573847600195,1,6.113743426025591,350.2842644083397,361.94058168196545,2,6,-14.0,-3.0,4.0,0
