subjectId,runId,blockId,trialId,condition,leftAnswer,rightAnswer,choiceDuration,isiDuration,feedbackDuration,itiDuration,stimOnset,itiOffset,leftColor,rightColor,mu1,mu2,sd1,sd2
uep004,3,2,1,RR,-1.0,-8.0,2,1.244849493896091,1,6.5092487858702475,136.64784130186337,147.4019395816297,1,2,-5.0,-4.0,4.0,4.0
uep004,3,2,2,RR,-9.0,-2.0,2,1.3537782834097134,1,5.357491180911316,147.4019395816297,157.11320904595075,1,2,-5.0,-4.0,4.0,4.0
uep004,3,2,3,RR,-4.0,6.0,2,1.7349888513717675,1,6.193515143543418,157.11320904595075,168.04171304086594,1,2,-5.0,-4.0,4.0,4.0
uep004,3,2,4,RR,-6.0,-6.0,2,2.657658031750499,1,6.432236730630977,168.04171304086594,180.13160780324742,1,2,-5.0,-4.0,4.0,4.0
uep004,3,2,5,RR,3.0,-5.0,2,1.5896650054952333,1,6.283583489568641,180.13160780324742,191.00485629831127,1,2,-5.0,-4.0,4.0,4.0
uep004,3,2,6,RR,-6.0,-3.0,2,2.5606932932932995,1,5.78846156422057,191.00485629831127,202.35401115582513,1,2,-5.0,-4.0,4.0,4.0
uep004,3,2,7,RR,-9.0,-6.0,2,1.7787961114811017,1,6.0705715821591655,202.35401115582513,213.20337884946542,1,2,-5.0,-4.0,4.0,4.0
uep004,3,2,8,RR,-4.0,-1.0,2,2.478624396804786,1,5.56179689684705,213.20337884946542,224.24380014311726,1,2,-5.0,-4.0,4.0,4.0
uep004,3,2,9,RR,-6.0,1.0,2,1.1546885610781692,1,5.478714838354113,224.24380014311726,233.87720354254952,1,2,-5.0,-4.0,4.0,4.0
uep004,3,2,10,RR,-5.0,-2.0,2,1.614540557242677,1,6.039510341241053,233.87720354254952,244.53125444103327,1,2,-5.0,-4.0,4.0,4.0
