subjectId,runId,blockId,trialId,condition,leftAnswer,rightAnswer,choiceDuration,isiDuration,feedbackDuration,itiDuration,stimOnset,itiOffset,leftColor,rightColor,mu1,mu2,sd1,sd2
uep026,5,3,1,RS,8.0,6.0,2,2.197645475794885,1,6.648831318856888,246.66339632396597,258.50987311861775,2,3,12.0,6.0,4.0,0
uep026,5,3,2,RS,10.0,6.0,2,1.9341803252021192,1,6.493309069755642,258.50987311861775,269.9373625135755,2,3,12.0,6.0,4.0,0
uep026,5,3,3,RS,15.0,6.0,2,2.0896786440159887,1,6.173842645726637,269.9373625135755,281.2008838033181,2,3,12.0,6.0,4.0,0
uep026,5,3,4,RS,12.0,6.0,2,2.1387579478851535,1,5.788402245231313,281.2008838033181,292.1280439964346,2,3,12.0,6.0,4.0,0
uep026,5,3,5,RS,14.0,6.0,2,1.9377220100203232,1,6.621168439160315,292.1280439964346,303.68693444561524,2,3,12.0,6.0,4.0,0
uep026,5,3,6,RS,8.0,6.0,2,1.688756763227332,1,5.424782961973206,303.68693444561524,313.8004741708158,2,3,12.0,6.0,4.0,0
uep026,5,3,7,RS,9.0,6.0,2,1.779855488182574,1,6.10579551121935,313.8004741708158,324.68612517021774,2,3,12.0,6.0,4.0,0
uep026,5,3,8,RS,8.0,6.0,2,2.7864134757860746,1,5.836822938276401,324.68612517021774,336.30936158428017,2,3,12.0,6.0,4.0,0
uep026,5,3,9,RS,10.0,6.0,2,1.562250824200019,1,5.566193549175531,336.30936158428017,346.4378059576557,2,3,12.0,6.0,4.0,0
uep026,5,3,10,RS,3.0,6.0,2,1.1069192869821847,1,6.549569406705798,346.4378059576557,357.0942946513437,2,3,12.0,6.0,4.0,0
