subjectId,runId,blockId,trialId,condition,leftAnswer,rightAnswer,choiceDuration,isiDuration,feedbackDuration,itiDuration,stimOnset,itiOffset,leftColor,rightColor,mu1,mu2,sd1,sd2
uep025,7,2,1,SR,0.0,-12.0,2,2.3884634819503434,1,5.293049528321619,135.01814312890383,145.6996561391758,0,1,0.0,-10.0,0,4.0
uep025,7,2,2,SR,0.0,-5.0,2,2.6089789549365108,1,5.499559052015305,145.6996561391758,156.80819414612762,0,1,0.0,-10.0,0,4.0
uep025,7,2,3,SR,0.0,-10.0,2,1.6572912299592388,1,5.114542533118794,156.80819414612762,166.58002790920565,0,1,0.0,-10.0,0,4.0
uep025,7,2,4,SR,0.0,-9.0,2,2.24521356819149,1,6.704940984045786,166.58002790920565,178.53018246144293,0,1,0.0,-10.0,0,4.0
uep025,7,2,5,SR,0.0,-18.0,2,1.2348225366752548,1,6.005577442990884,178.53018246144293,188.77058244110907,0,1,0.0,-10.0,0,4.0
uep025,7,2,6,SR,0.0,-12.0,2,2.6646814094584186,1,5.7508437255830485,188.77058244110907,200.18610757615053,0,1,0.0,-10.0,0,4.0
uep025,7,2,7,SR,0.0,-11.0,2,2.756821517189334,1,5.450945986884742,200.18610757615053,211.3938750802246,0,1,0.0,-10.0,0,4.0
uep025,7,2,8,SR,0.0,-18.0,2,1.72250142487382,1,6.365268531735642,211.3938750802246,222.48164503683407,0,1,0.0,-10.0,0,4.0
uep025,7,2,9,SR,0.0,-11.0,2,1.6964058219855915,1,5.937581915383245,222.48164503683407,233.1156327742029,0,1,0.0,-10.0,0,4.0
uep025,7,2,10,SR,0.0,-8.0,2,1.359440885290879,1,7.015685695987791,233.1156327742029,244.49075935548157,0,1,0.0,-10.0,0,4.0
