subjectId,runId,blockId,trialId,condition,leftAnswer,rightAnswer,choiceDuration,isiDuration,feedbackDuration,itiDuration,stimOnset,itiOffset,leftColor,rightColor,mu1,mu2,sd1,sd2
uepP022,1,2,1,SR,5.0,2.0,2,3.969193513307528,1,3.362483944196188,132.7363407569918,143.0680182144955,7,1,5.0,5.0,0,4.0
uepP022,1,2,2,SR,5.0,7.0,2,3.9077861665635587,1,5.909186725468794,143.0680182144955,155.88499110652788,7,1,5.0,5.0,0,4.0
uepP022,1,2,3,SR,5.0,3.0,2,2.9534761290986498,1,5.030836700189598,155.88499110652788,166.86930393581613,7,1,5.0,5.0,0,4.0
uepP022,1,2,4,SR,5.0,2.0,2,1.9439608546153675,1,4.5007468756395586,166.86930393581613,176.31401166607105,7,1,5.0,5.0,0,4.0
uepP022,1,2,5,SR,5.0,1.0,2,2.472947638384035,1,3.809625383500755,176.31401166607105,185.59658468795584,7,1,5.0,5.0,0,4.0
uepP022,1,2,6,SR,5.0,1.0,2,1.7793043744007795,1,4.050772934434232,185.59658468795584,194.42666199679084,7,1,5.0,5.0,0,4.0
uepP022,1,2,7,SR,5.0,16.0,2,2.643703986450274,1,4.232900868482752,194.42666199679084,204.30326685172386,7,1,5.0,5.0,0,4.0
uepP022,1,2,8,SR,5.0,-3.0,2,3.1666124535025095,1,5.15563219020428,204.30326685172386,215.62551149543066,7,1,5.0,5.0,0,4.0
uepP022,1,2,9,SR,5.0,1.0,2,2.4584690459870555,1,5.145668466417279,215.62551149543066,226.22964900783498,7,1,5.0,5.0,0,4.0
uepP022,1,2,10,SR,5.0,2.0,2,3.24814767256674,1,4.671727889856476,226.22964900783498,237.1495245702582,7,1,5.0,5.0,0,4.0
