subjectId,runId,blockId,trialId,condition,leftAnswer,rightAnswer,choiceDuration,isiDuration,feedbackDuration,itiDuration,stimOnset,itiOffset,leftColor,rightColor,mu1,mu2,sd1,sd2
uepP031,1,3,1,RS,-16.0,-9.0,2,2.697008579018533,1,3.9470430950161846,252.0069570975065,261.6510087715412,4,3,-17.0,-9.0,4.0,0
uepP031,1,3,2,RS,-14.0,-9.0,2,4.26313502320194,1,4.135806130258086,261.6510087715412,273.0499499250012,4,3,-17.0,-9.0,4.0,0
uepP031,1,3,3,RS,-17.0,-9.0,2,1.9289456732713495,1,6.338330537689383,273.0499499250012,284.31722613596196,4,3,-17.0,-9.0,4.0,0
uepP031,1,3,4,RS,-10.0,-9.0,2,3.194356808875723,1,4.212358251214392,284.31722613596196,294.72394119605207,4,3,-17.0,-9.0,4.0,0
uepP031,1,3,5,RS,-12.0,-9.0,2,3.46065073924437,1,5.078590706539084,294.72394119605207,306.26318264183556,4,3,-17.0,-9.0,4.0,0
uepP031,1,3,6,RS,-15.0,-9.0,2,2.429039004690005,1,5.458270358506119,306.26318264183556,317.1504920050317,4,3,-17.0,-9.0,4.0,0
uepP031,1,3,7,RS,-16.0,-9.0,2,3.7838283834128403,1,5.733303328480579,317.1504920050317,329.66762371692516,4,3,-17.0,-9.0,4.0,0
uepP031,1,3,8,RS,-21.0,-9.0,2,2.492444349059952,1,4.732771419512305,329.66762371692516,339.8928394854974,4,3,-17.0,-9.0,4.0,0
uepP031,1,3,9,RS,-19.0,-9.0,2,2.279865805393944,1,3.7808911169344004,339.8928394854974,348.9535964078258,4,3,-17.0,-9.0,4.0,0
uepP031,1,3,10,RS,-16.0,-9.0,2,1.6048685628592183,1,3.3960192731930765,348.9535964078258,356.9544842438781,4,3,-17.0,-9.0,4.0,0
