subjectId,runId,blockId,trialId,condition,leftAnswer,rightAnswer,choiceDuration,isiDuration,feedbackDuration,itiDuration,stimOnset,itiOffset,leftColor,rightColor,mu1,mu2,sd1,sd2
uepP030,1,2,1,SR,-1.0,-4.0,2,3.9631892010958487,1,6.283585802882667,129.28900588314667,142.53578088712518,1,4,-1.0,-4.0,0,4.0
uepP030,1,2,2,SR,-1.0,1.0,2,2.309552727263318,1,4.821878877869279,142.53578088712518,152.66721249225776,1,4,-1.0,-4.0,0,4.0
uepP030,1,2,3,SR,-1.0,-1.0,2,2.0778514089237596,1,5.737694092616411,152.66721249225776,163.48275799379792,1,4,-1.0,-4.0,0,4.0
uepP030,1,2,4,SR,-1.0,-1.0,2,2.553472022455872,1,6.627940745965581,163.48275799379792,175.66417076221938,1,4,-1.0,-4.0,0,4.0
uepP030,1,2,5,SR,-1.0,-2.0,2,3.526137474192497,1,3.564955415446422,175.66417076221938,185.75526365185831,1,4,-1.0,-4.0,0,4.0
uepP030,1,2,6,SR,-1.0,1.0,2,2.909942818539972,1,5.687501470119528,185.75526365185831,197.3527079405178,1,4,-1.0,-4.0,0,4.0
uepP030,1,2,7,SR,-1.0,-4.0,2,1.8180543711686523,1,6.646475103645527,197.3527079405178,208.81723741533196,1,4,-1.0,-4.0,0,4.0
uepP030,1,2,8,SR,-1.0,-8.0,2,3.4836103438260193,1,5.163725674336926,208.81723741533196,220.4645734334949,1,4,-1.0,-4.0,0,4.0
uepP030,1,2,9,SR,-1.0,-9.0,2,3.5525553190379786,1,6.560170561706459,220.4645734334949,233.57729931423935,1,4,-1.0,-4.0,0,4.0
uepP030,1,2,10,SR,-1.0,-1.0,2,2.620536020619968,1,3.796087852962581,233.57729931423935,242.9939231878219,1,4,-1.0,-4.0,0,4.0
