subjectId,runId,blockId,trialId,condition,leftAnswer,rightAnswer,choiceDuration,isiDuration,feedbackDuration,itiDuration,stimOnset,itiOffset,leftColor,rightColor,mu1,mu2,sd1,sd2
uepP050,2,2,1,SS,25.0,-10.0,2,2.5002264966458223,1,4.203506021388463,137.5825432019135,147.28627571994775,6,3,25.0,-10.0,0,0
uepP050,2,2,2,SS,25.0,-10.0,2,3.450882612069858,1,4.244804660777582,147.28627571994775,157.9819629927952,6,3,25.0,-10.0,0,0
uepP050,2,2,3,SS,25.0,-10.0,2,3.81105237918008,1,3.695163282284928,157.9819629927952,168.4881786542602,6,3,25.0,-10.0,0,0
uepP050,2,2,4,SS,25.0,-10.0,2,2.5024619837301674,1,6.553921840069052,168.4881786542602,180.54456247805942,6,3,25.0,-10.0,0,0
uepP050,2,2,5,SS,25.0,-10.0,2,3.456272062920095,1,6.211367835972765,180.54456247805942,193.2122023769523,6,3,25.0,-10.0,0,0
uepP050,2,2,6,SS,25.0,-10.0,2,3.0185135548144317,1,3.3418407819953706,193.2122023769523,202.57255671376208,6,3,25.0,-10.0,0,0
uepP050,2,2,7,SS,25.0,-10.0,2,2.0472343595680087,1,5.183432411651674,202.57255671376208,212.80322348498174,6,3,25.0,-10.0,0,0
uepP050,2,2,8,SS,25.0,-10.0,2,2.3504021017473318,1,4.7211707867679396,212.80322348498174,222.87479637349702,6,3,25.0,-10.0,0,0
uepP050,2,2,9,SS,25.0,-10.0,2,4.893267189391249,1,4.178153313742011,222.87479637349702,234.94621687663027,6,3,25.0,-10.0,0,0
uepP050,2,2,10,SS,25.0,-10.0,2,2.038001553425282,1,4.221285987948747,234.94621687663027,244.2055044180043,6,3,25.0,-10.0,0,0
