subjectId,runId,blockId,trialId,condition,leftAnswer,rightAnswer,choiceDuration,isiDuration,feedbackDuration,itiDuration,stimOnset,itiOffset,leftColor,rightColor,mu1,mu2,sd1,sd2
uepP029,8,2,1,SS,2.0,-19.0,2,2.7084896966359153,1,5.015238632732518,133.20271462704108,143.92644295640952,2,4,2.0,-19.0,0,0
uepP029,8,2,2,SS,2.0,-19.0,2,2.6643249391148225,1,3.4472285896977235,143.92644295640952,153.03799648522207,2,4,2.0,-19.0,0,0
uepP029,8,2,3,SS,2.0,-19.0,2,4.042480227018233,1,5.7991211492250185,153.03799648522207,165.87959786146533,2,4,2.0,-19.0,0,0
uepP029,8,2,4,SS,2.0,-19.0,2,4.324963960710057,1,5.040314943547336,165.87959786146533,178.24487676572272,2,4,2.0,-19.0,0,0
uepP029,8,2,5,SS,2.0,-19.0,2,2.3221824118336087,1,4.528387991479594,178.24487676572272,188.09544716903594,2,4,2.0,-19.0,0,0
uepP029,8,2,6,SS,2.0,-19.0,2,3.7909494476708256,1,3.451470672268628,188.09544716903594,198.3378672889754,2,4,2.0,-19.0,0,0
uepP029,8,2,7,SS,2.0,-19.0,2,3.0290284741707194,1,5.278447668520124,198.3378672889754,209.64534343166625,2,4,2.0,-19.0,0,0
uepP029,8,2,8,SS,2.0,-19.0,2,2.424752321736162,1,4.651931067373899,209.64534343166625,219.7220268207763,2,4,2.0,-19.0,0,0
uepP029,8,2,9,SS,2.0,-19.0,2,2.3236474473731574,1,4.23638437790559,219.7220268207763,229.28205864605505,2,4,2.0,-19.0,0,0
uepP029,8,2,10,SS,2.0,-19.0,2,4.361392157081224,1,6.307088973093112,229.28205864605505,242.95053977622936,2,4,2.0,-19.0,0,0
