subjectId,runId,blockId,trialId,condition,leftAnswer,rightAnswer,choiceDuration,isiDuration,feedbackDuration,itiDuration,stimOnset,itiOffset,leftColor,rightColor,mu1,mu2,sd1,sd2
uepP054,1,1,1,SS,-13.0,4.0,2,2.4021894614890766,1,5.741559910410975,16,27.14374937190005,5,0,-13.0,4.0,0,0
uepP054,1,1,2,SS,-13.0,4.0,2,3.8497340558612496,1,6.070966684962652,27.14374937190005,40.06445011272395,5,0,-13.0,4.0,0,0
uepP054,1,1,3,SS,-13.0,4.0,2,3.128615326133137,1,5.581252319998745,40.06445011272395,51.77431775885583,5,0,-13.0,4.0,0,0
uepP054,1,1,4,SS,-13.0,4.0,2,2.4964011157774295,1,6.1054968656063275,51.77431775885583,63.37621574023959,5,0,-13.0,4.0,0,0
uepP054,1,1,5,SS,-13.0,4.0,2,4.0652029976418325,1,6.305014950762599,63.37621574023959,76.74643368864402,5,0,-13.0,4.0,0,0
uepP054,1,1,6,SS,-13.0,4.0,2,2.2278461680939876,1,6.156225025685649,76.74643368864402,88.13050488242365,5,0,-13.0,4.0,0,0
uepP054,1,1,7,SS,-13.0,4.0,2,4.706238921948034,1,4.440600037156527,88.13050488242365,100.27734384152821,5,0,-13.0,4.0,0,0
uepP054,1,1,8,SS,-13.0,4.0,2,2.703162089636619,1,3.959223166847556,100.27734384152821,109.93972909801238,5,0,-13.0,4.0,0,0
uepP054,1,1,9,SS,-13.0,4.0,2,4.598302820645273,1,3.9734918821186245,109.93972909801238,121.51152380077627,5,0,-13.0,4.0,0,0
uepP054,1,1,10,SS,-13.0,4.0,2,2.1876119118500177,1,3.9568700730118023,121.51152380077627,130.6560057856381,5,0,-13.0,4.0,0,0
