subjectId,runId,blockId,trialId,condition,leftAnswer,rightAnswer,choiceDuration,isiDuration,feedbackDuration,itiDuration,stimOnset,itiOffset,leftColor,rightColor,mu1,mu2,sd1,sd2
uepP039,8,2,1,SR,-14.0,5.0,2,1.7029441001344008,1,5.632706747397062,130.01950339316545,140.35515424069692,5,1,-14.0,1.0,0,4.0
uepP039,8,2,2,SR,-14.0,4.0,2,3.646203189303129,1,3.3940667759758516,140.35515424069692,150.3954242059759,5,1,-14.0,1.0,0,4.0
uepP039,8,2,3,SR,-14.0,-1.0,2,4.0634083904020155,1,5.174860992887729,150.3954242059759,162.63369358926562,5,1,-14.0,1.0,0,4.0
uepP039,8,2,4,SR,-14.0,-3.0,2,2.0377830977057263,1,3.548398286952152,162.63369358926562,171.2198749739235,5,1,-14.0,1.0,0,4.0
uepP039,8,2,5,SR,-14.0,-2.0,2,4.902437607569165,1,4.263686098837779,171.2198749739235,183.38599868033046,5,1,-14.0,1.0,0,4.0
uepP039,8,2,6,SR,-14.0,4.0,2,3.3481063258297477,1,4.673593241743736,183.38599868033046,194.40769824790394,5,1,-14.0,1.0,0,4.0
uepP039,8,2,7,SR,-14.0,-4.0,2,1.7109213803196777,1,3.9851806914071424,194.40769824790394,203.10380031963078,5,1,-14.0,1.0,0,4.0
uepP039,8,2,8,SR,-14.0,-6.0,2,3.6621148951361233,1,3.9379164781432583,203.10380031963078,213.70383169291014,5,1,-14.0,1.0,0,4.0
uepP039,8,2,9,SR,-14.0,6.0,2,1.9452999121844488,1,6.326378431376547,213.70383169291014,224.97551003647115,5,1,-14.0,1.0,0,4.0
uepP039,8,2,10,SR,-14.0,3.0,2,3.809926595170634,1,5.849368193504584,224.97551003647115,237.63480482514635,5,1,-14.0,1.0,0,4.0
