subjectId,runId,blockId,trialId,condition,leftAnswer,rightAnswer,choiceDuration,isiDuration,feedbackDuration,itiDuration,stimOnset,itiOffset,leftColor,rightColor,mu1,mu2,sd1,sd2
uepP012,1,1,1,SS,-3.0,-5.0,2,2.3571642220922886,1,4.630500599400261,16,25.987664821492547,7,0,-3.0,-5.0,0,0
uepP012,1,1,2,SS,-3.0,-5.0,2,2.8383331625147603,1,4.759595470883845,25.987664821492547,36.58559345489115,7,0,-3.0,-5.0,0,0
uepP012,1,1,3,SS,-3.0,-5.0,2,2.0681700345674487,1,5.209174480620917,36.58559345489115,46.86293797007952,7,0,-3.0,-5.0,0,0
uepP012,1,1,4,SS,-3.0,-5.0,2,3.2169864349213824,1,3.375405867189995,46.86293797007952,56.4553302721909,7,0,-3.0,-5.0,0,0
uepP012,1,1,5,SS,-3.0,-5.0,2,1.7901723518836317,1,6.210814185706293,56.4553302721909,67.45631680978083,7,0,-3.0,-5.0,0,0
uepP012,1,1,6,SS,-3.0,-5.0,2,4.356991129834897,1,5.6813108961698475,67.45631680978083,80.49461883578557,7,0,-3.0,-5.0,0,0
uepP012,1,1,7,SS,-3.0,-5.0,2,2.3331942584496383,1,5.441573866043374,80.49461883578557,91.26938696027858,7,0,-3.0,-5.0,0,0
uepP012,1,1,8,SS,-3.0,-5.0,2,2.276216523848275,1,4.619377602608512,91.26938696027858,101.16498108673537,7,0,-3.0,-5.0,0,0
uepP012,1,1,9,SS,-3.0,-5.0,2,3.3199467200517874,1,5.169048810103619,101.16498108673537,112.65397661689077,7,0,-3.0,-5.0,0,0
uepP012,1,1,10,SS,-3.0,-5.0,2,4.274127691725402,1,4.368835328797482,112.65397661689077,124.29693963741366,7,0,-3.0,-5.0,0,0
