subjectId,runId,blockId,trialId,condition,leftAnswer,rightAnswer,choiceDuration,isiDuration,feedbackDuration,itiDuration,stimOnset,itiOffset,leftColor,rightColor,mu1,mu2,sd1,sd2
uepP046,6,4,1,RR,-14.0,-12.0,2,4.860534615205649,1,3.6419090938497276,361.70006796443107,373.20251167348647,3,1,-9.0,-14.0,4.0,4.0
uepP046,6,4,2,RR,-5.0,-10.0,2,3.2041800145672736,1,6.236618163936202,373.20251167348647,385.64330985198995,3,1,-9.0,-14.0,4.0,4.0
uepP046,6,4,3,RR,-4.0,-10.0,2,1.7182708538334739,1,5.609839748216018,385.64330985198995,395.97142045403945,3,1,-9.0,-14.0,4.0,4.0
uepP046,6,4,4,RR,-13.0,-14.0,2,4.199834848839239,1,4.3352196691396205,395.97142045403945,407.50647497201834,3,1,-9.0,-14.0,4.0,4.0
uepP046,6,4,5,RR,-3.0,-21.0,2,3.842790338838954,1,6.180575801731774,407.50647497201834,420.52984111258905,3,1,-9.0,-14.0,4.0,4.0
uepP046,6,4,6,RR,-10.0,-14.0,2,4.0318155722822775,1,3.654443327390823,420.52984111258905,431.21610001226213,3,1,-9.0,-14.0,4.0,4.0
uepP046,6,4,7,RR,-9.0,-7.0,2,3.386478130203105,1,3.276231677778798,431.21610001226213,440.87880982024404,3,1,-9.0,-14.0,4.0,4.0
uepP046,6,4,8,RR,-12.0,-15.0,2,4.617114390970411,1,3.3405326827396573,440.87880982024404,451.8364568939541,3,1,-9.0,-14.0,4.0,4.0
uepP046,6,4,9,RR,-7.0,-9.0,2,1.9413593300228404,1,6.406051016953166,451.8364568939541,463.1838672409301,3,1,-9.0,-14.0,4.0,4.0
uepP046,6,4,10,RR,-9.0,-21.0,2,3.546867378995061,1,4.269265380074928,463.1838672409301,474.0000000000001,3,1,-9.0,-14.0,4.0,4.0
