subjectId,runId,blockId,trialId,condition,leftAnswer,rightAnswer,choiceDuration,isiDuration,feedbackDuration,itiDuration,stimOnset,itiOffset,leftColor,rightColor,mu1,mu2,sd1,sd2
uepP045,7,2,1,SR,15.0,-13.0,2,3.601008126733516,1,5.672931197903958,132.4022558815398,144.67619520617725,3,5,15.0,-5.0,0,4.0
uepP045,7,2,2,SR,15.0,-6.0,2,3.4609979257728063,1,5.982982066951824,144.67619520617725,157.12017519890188,3,5,15.0,-5.0,0,4.0
uepP045,7,2,3,SR,15.0,-4.0,2,2.3712556985409368,1,5.4377336941762495,157.12017519890188,167.92916459161907,3,5,15.0,-5.0,0,4.0
uepP045,7,2,4,SR,15.0,-5.0,2,1.6628035534548953,1,4.4271872020766345,167.92916459161907,177.0191553471506,3,5,15.0,-5.0,0,4.0
uepP045,7,2,5,SR,15.0,-5.0,2,2.070297199441602,1,5.851242854658819,177.0191553471506,187.940695401251,3,5,15.0,-5.0,0,4.0
uepP045,7,2,6,SR,15.0,-5.0,2,3.3496169335120287,1,5.483991342388187,187.940695401251,199.7743036771512,3,5,15.0,-5.0,0,4.0
uepP045,7,2,7,SR,15.0,-7.0,2,2.070367214784477,1,6.095051846064902,199.7743036771512,210.9397227380006,3,5,15.0,-5.0,0,4.0
uepP045,7,2,8,SR,15.0,-10.0,2,3.6539763361582334,1,4.836331177307046,210.9397227380006,222.43003025146587,3,5,15.0,-5.0,0,4.0
uepP045,7,2,9,SR,15.0,-10.0,2,3.7599451537438964,1,4.272220364543104,222.43003025146587,233.46219576975287,3,5,15.0,-5.0,0,4.0
uepP045,7,2,10,SR,15.0,4.0,2,3.999144525260921,1,4.4852860422125325,233.46219576975287,244.94662633722632,3,5,15.0,-5.0,0,4.0
