subjectId,runId,blockId,trialId,condition,leftAnswer,rightAnswer,choiceDuration,isiDuration,feedbackDuration,itiDuration,stimOnset,itiOffset,leftColor,rightColor,mu1,mu2,sd1,sd2
uepP014,1,4,1,RR,-4.0,-1.0,2,1.8267658309393848,1,4.408686210374302,372.69562939737966,381.93108143869335,2,7,-5.0,0.0,4.0,4.0
uepP014,1,4,2,RR,-12.0,2.0,2,2.1903841340455283,1,3.3855402200412335,381.93108143869335,390.5070057927801,2,7,-5.0,0.0,4.0,4.0
uepP014,1,4,3,RR,-8.0,5.0,2,1.7612404355293854,1,4.599212539317605,390.5070057927801,399.86745876762706,2,7,-5.0,0.0,4.0,4.0
uepP014,1,4,4,RR,-3.0,3.0,2,3.3847566104038758,1,3.450479134162523,399.86745876762706,409.7026945121935,2,7,-5.0,0.0,4.0,4.0
uepP014,1,4,5,RR,-5.0,7.0,2,4.736078722331559,1,5.518829303761241,409.7026945121935,422.9576025382863,2,7,-5.0,0.0,4.0,4.0
uepP014,1,4,6,RR,-7.0,-1.0,2,2.814216022484251,1,3.3208609706293384,422.9576025382863,432.0926795313999,2,7,-5.0,0.0,4.0,4.0
uepP014,1,4,7,RR,0.0,11.0,2,2.6741060824640193,1,4.795738029095796,432.0926795313999,442.56252364295966,2,7,-5.0,0.0,4.0,4.0
uepP014,1,4,8,RR,-5.0,4.0,2,2.2309510086315827,1,6.0031058651405,442.56252364295966,453.79658051673175,2,7,-5.0,0.0,4.0,4.0
uepP014,1,4,9,RR,-7.0,3.0,2,2.4584026451914798,1,4.422096316898795,453.79658051673175,463.677079478822,2,7,-5.0,0.0,4.0,4.0
uepP014,1,4,10,RR,-1.0,6.0,2,3.7182925854964606,1,3.6046279356815,463.677079478822,473.99999999999994,2,7,-5.0,0.0,4.0,4.0
