subjectId,runId,blockId,trialId,condition,leftAnswer,rightAnswer,choiceDuration,isiDuration,feedbackDuration,itiDuration,stimOnset,itiOffset,leftColor,rightColor,mu1,mu2,sd1,sd2
uepP003,4,3,1,SS,-4.0,-21.0,2,2.640560980258264,1,4.405084165398714,251.3184922544777,261.36413740013467,2,4,-4.0,-21.0,0,0
uepP003,4,3,2,SS,-4.0,-21.0,2,3.841339064152489,1,4.415905027361442,261.36413740013467,272.62138149164855,2,4,-4.0,-21.0,0,0
uepP003,4,3,3,SS,-4.0,-21.0,2,4.2634098931748765,1,4.883218930162486,272.62138149164855,284.76801031498593,2,4,-4.0,-21.0,0,0
uepP003,4,3,4,SS,-4.0,-21.0,2,2.782165032648026,1,4.11802501496328,284.76801031498593,294.66820036259725,2,4,-4.0,-21.0,0,0
uepP003,4,3,5,SS,-4.0,-21.0,2,2.8644788687782037,1,5.892583712173703,294.66820036259725,306.4252629435491,2,4,-4.0,-21.0,0,0
uepP003,4,3,6,SS,-4.0,-21.0,2,1.8798696455316777,1,3.307621379820084,306.4252629435491,314.6127539689009,2,4,-4.0,-21.0,0,0
uepP003,4,3,7,SS,-4.0,-21.0,2,2.1660979820700668,1,5.814096504412914,314.6127539689009,325.5929484553839,2,4,-4.0,-21.0,0,0
uepP003,4,3,8,SS,-4.0,-21.0,2,3.952411880420938,1,3.3052902798259347,325.5929484553839,335.8506506156308,2,4,-4.0,-21.0,0,0
uepP003,4,3,9,SS,-4.0,-21.0,2,2.898447812667593,1,6.3080028289410786,335.8506506156308,348.0571012572395,2,4,-4.0,-21.0,0,0
uepP003,4,3,10,SS,-4.0,-21.0,2,2.9693099080930203,1,5.817627147026726,348.0571012572395,359.8440383123592,2,4,-4.0,-21.0,0,0
