subjectId,runId,blockId,trialId,condition,leftAnswer,rightAnswer,choiceDuration,isiDuration,feedbackDuration,itiDuration,stimOnset,itiOffset,leftColor,rightColor,mu1,mu2,sd1,sd2
uepP007,8,2,1,RS,1.0,2.0,2,2.153780599665901,1,3.7433471279612083,140.6619048293641,149.5590325569912,3,0,1.0,2.0,4.0,0
uepP007,8,2,2,RS,-0.0,2.0,2,2.766519509236119,1,5.194248025874232,149.5590325569912,160.51980009210155,3,0,1.0,2.0,4.0,0
uepP007,8,2,3,RS,-1.0,2.0,2,1.8530608062633724,1,3.8604599882979986,160.51980009210155,169.23332088666294,3,0,1.0,2.0,4.0,0
uepP007,8,2,4,RS,6.0,2.0,2,3.9143720202094814,1,3.46466524463322,169.23332088666294,179.61235815150562,3,0,1.0,2.0,4.0,0
uepP007,8,2,5,RS,-3.0,2.0,2,4.322630373304197,1,4.084485966712854,179.61235815150562,191.0194744915227,3,0,1.0,2.0,4.0,0
uepP007,8,2,6,RS,-3.0,2.0,2,2.7901227331395013,1,5.179102091248304,191.0194744915227,201.98869931591048,3,0,1.0,2.0,4.0,0
uepP007,8,2,7,RS,11.0,2.0,2,3.515798428399834,1,3.642689066733335,201.98869931591048,212.14718681104367,3,0,1.0,2.0,4.0,0
uepP007,8,2,8,RS,-2.0,2.0,2,2.2321541780781686,1,4.459891107044757,212.14718681104367,221.8392320961666,3,0,1.0,2.0,4.0,0
uepP007,8,2,9,RS,-0.0,2.0,2,4.435725819046629,1,4.210757548631721,221.8392320961666,233.48571546384497,3,0,1.0,2.0,4.0,0
uepP007,8,2,10,RS,4.0,2.0,2,3.246844173187904,1,4.212559112442915,233.48571546384497,243.94511874947577,3,0,1.0,2.0,4.0,0
