subjectId,runId,blockId,trialId,condition,leftAnswer,rightAnswer,choiceDuration,isiDuration,feedbackDuration,itiDuration,stimOnset,itiOffset,leftColor,rightColor,mu1,mu2,sd1,sd2
uepP005,7,2,1,RS,-5.0,-2.0,2,4.464750395444967,1,5.585129808044544,133.1624548595682,146.2123350630577,0,4,-5.0,-2.0,4.0,0
uepP005,7,2,2,RS,1.0,-2.0,2,2.216676448063604,1,5.719473835326149,146.2123350630577,157.14848534644744,0,4,-5.0,-2.0,4.0,0
uepP005,7,2,3,RS,1.0,-2.0,2,3.2135854571678077,1,3.717830949170255,157.14848534644744,167.0799017527855,0,4,-5.0,-2.0,4.0,0
uepP005,7,2,4,RS,-4.0,-2.0,2,1.571440448060779,1,5.099853922527346,167.0799017527855,176.75119612337363,0,4,-5.0,-2.0,4.0,0
uepP005,7,2,5,RS,-11.0,-2.0,2,2.510824700365184,1,4.354156826572528,176.75119612337363,186.61617765031136,0,4,-5.0,-2.0,4.0,0
uepP005,7,2,6,RS,-4.0,-2.0,2,2.1533724165022035,1,4.261894721335175,186.61617765031136,196.03144478814875,0,4,-5.0,-2.0,4.0,0
uepP005,7,2,7,RS,-3.0,-2.0,2,3.3928142788452544,1,4.068348408372641,196.03144478814875,206.49260747536664,0,4,-5.0,-2.0,4.0,0
uepP005,7,2,8,RS,-9.0,-2.0,2,4.405992125341059,1,3.467661672982511,206.49260747536664,217.3662612736902,0,4,-5.0,-2.0,4.0,0
uepP005,7,2,9,RS,-3.0,-2.0,2,2.759068972530078,1,5.346990235088923,217.3662612736902,228.47232048130923,0,4,-5.0,-2.0,4.0,0
uepP005,7,2,10,RS,-4.0,-2.0,2,2.639858988238333,1,3.8747803553014664,228.47232048130923,237.986959824849,0,4,-5.0,-2.0,4.0,0
