subjectId,runId,blockId,trialId,condition,leftAnswer,rightAnswer,choiceDuration,isiDuration,feedbackDuration,itiDuration,stimOnset,itiOffset,leftColor,rightColor,mu1,mu2,sd1,sd2
uepP001,6,1,1,SR,2.0,-17.0,2,1.7332079818433705,1,3.956946162182475,16,24.690154144025847,4,2,2.0,-11.0,0,4.0
uepP001,6,1,2,SR,2.0,-13.0,2,4.049553417140994,1,5.259285415834223,24.690154144025847,36.998992977001066,4,2,2.0,-11.0,0,4.0
uepP001,6,1,3,SR,2.0,-13.0,2,3.4617248391517133,1,5.023079234644391,36.998992977001066,48.48379705079717,4,2,2.0,-11.0,0,4.0
uepP001,6,1,4,SR,2.0,-16.0,2,2.27473109117261,1,5.347813460808007,48.48379705079717,59.10634160277779,4,2,2.0,-11.0,0,4.0
uepP001,6,1,5,SR,2.0,-5.0,2,4.229952835410143,1,5.543955942771227,59.10634160277779,71.88025038095915,4,2,2.0,-11.0,0,4.0
uepP001,6,1,6,SR,2.0,-17.0,2,3.709678198309484,1,3.7327003597912447,71.88025038095915,82.32262893905988,4,2,2.0,-11.0,0,4.0
uepP001,6,1,7,SR,2.0,-12.0,2,4.478747620343264,1,3.266434023136203,82.32262893905988,93.06781058253935,4,2,2.0,-11.0,0,4.0
uepP001,6,1,8,SR,2.0,-7.0,2,4.430010308398382,1,6.158024364824553,93.06781058253935,106.65584525576229,4,2,2.0,-11.0,0,4.0
uepP001,6,1,9,SR,2.0,-10.0,2,4.1731388438192925,1,5.92835841920155,106.65584525576229,119.75734251878312,4,2,2.0,-11.0,0,4.0
uepP001,6,1,10,SR,2.0,-7.0,2,2.591147865271695,1,4.708888566868606,119.75734251878312,130.0573789509234,4,2,2.0,-11.0,0,4.0
