subjectId,runId,blockId,trialId,condition,leftAnswer,rightAnswer,choiceDuration,isiDuration,feedbackDuration,itiDuration,stimOnset,itiOffset,leftColor,rightColor,mu1,mu2,sd1,sd2
uepP028,4,3,1,SR,2.0,7.0,2,4.678133448750243,1,3.31634465283039,249.13030156496075,260.1247796665414,0,6,2.0,7.0,0,4.0
uepP028,4,3,2,SR,2.0,-1.0,2,1.8811106360902154,1,5.37536915850766,260.1247796665414,270.3812594611393,0,6,2.0,7.0,0,4.0
uepP028,4,3,3,SR,2.0,7.0,2,2.395966343627736,1,6.366534690121774,270.3812594611393,282.1437604948888,0,6,2.0,7.0,0,4.0
uepP028,4,3,4,SR,2.0,6.0,2,3.956644511293953,1,3.6212282233299065,282.1437604948888,292.7216332295127,0,6,2.0,7.0,0,4.0
uepP028,4,3,5,SR,2.0,5.0,2,4.485203472108965,1,4.454913667445372,292.7216332295127,304.6617503690671,0,6,2.0,7.0,0,4.0
uepP028,4,3,6,SR,2.0,6.0,2,4.143157881310894,1,3.6701044232289157,304.6617503690671,315.4750126736069,0,6,2.0,7.0,0,4.0
uepP028,4,3,7,SR,2.0,11.0,2,2.23361389330273,1,3.3224129891423617,315.4750126736069,324.031039556052,0,6,2.0,7.0,0,4.0
uepP028,4,3,8,SR,2.0,11.0,2,4.383078902209055,1,3.6013448910264487,324.031039556052,335.0154633492875,0,6,2.0,7.0,0,4.0
uepP028,4,3,9,SR,2.0,7.0,2,4.554840774418494,1,5.0472906243755755,335.0154633492875,347.61759474808156,0,6,2.0,7.0,0,4.0
uepP028,4,3,10,SR,2.0,8.0,2,3.0170709891823506,1,3.291810464489102,347.61759474808156,356.926476201753,0,6,2.0,7.0,0,4.0
