subjectId,runId,blockId,trialId,condition,leftAnswer,rightAnswer,choiceDuration,isiDuration,feedbackDuration,itiDuration,stimOnset,itiOffset,leftColor,rightColor,mu1,mu2,sd1,sd2
uepP014,2,3,1,RS,-4.0,17.0,2,3.683053305865475,1,4.520708133397633,247.00780224055725,258.21156367982036,5,6,-10.0,17.0,4.0,0
uepP014,2,3,2,RS,-13.0,17.0,2,2.160135760036818,1,5.729823636270626,258.21156367982036,269.1015230761278,5,6,-10.0,17.0,4.0,0
uepP014,2,3,3,RS,-11.0,17.0,2,4.268088437446674,1,3.27303468465833,269.1015230761278,279.64264619823285,5,6,-10.0,17.0,4.0,0
uepP014,2,3,4,RS,-5.0,17.0,2,2.559385812668314,1,4.219120607582092,279.64264619823285,289.4211526184833,5,6,-10.0,17.0,4.0,0
uepP014,2,3,5,RS,-4.0,17.0,2,3.953257147213916,1,5.4542415298969305,289.4211526184833,301.8286512955941,5,6,-10.0,17.0,4.0,0
uepP014,2,3,6,RS,-10.0,17.0,2,4.748026166155799,1,6.132741457011758,301.8286512955941,315.7094189187617,5,6,-10.0,17.0,4.0,0
uepP014,2,3,7,RS,-17.0,17.0,2,2.1308557099686647,1,4.597621330731438,315.7094189187617,325.4378959594618,5,6,-10.0,17.0,4.0,0
uepP014,2,3,8,RS,-7.0,17.0,2,1.9721187766660213,1,5.109692698312874,325.4378959594618,335.5197074344407,5,6,-10.0,17.0,4.0,0
uepP014,2,3,9,RS,-7.0,17.0,2,4.427274001212602,1,3.717372847954409,335.5197074344407,346.66435428360774,5,6,-10.0,17.0,4.0,0
uepP014,2,3,10,RS,-9.0,17.0,2,3.589843327246789,1,3.922563209510306,346.66435428360774,357.17676082036485,5,6,-10.0,17.0,4.0,0
