subjectId,runId,blockId,trialId,condition,leftAnswer,rightAnswer,choiceDuration,isiDuration,feedbackDuration,itiDuration,stimOnset,itiOffset,leftColor,rightColor,mu1,mu2,sd1,sd2
uepP024,2,2,1,RS,-5.0,3.0,2,2.6227466535638553,1,6.160742406547302,131.6219669317247,143.40545599183588,5,6,-3.0,3.0,4.0,0
uepP024,2,2,2,RS,-4.0,3.0,2,4.119483893623505,1,5.516477726547268,143.40545599183588,156.04141761200665,5,6,-3.0,3.0,4.0,0
uepP024,2,2,3,RS,-8.0,3.0,2,4.625622924551122,1,3.534603372577885,156.04141761200665,167.20164390913567,5,6,-3.0,3.0,4.0,0
uepP024,2,2,4,RS,4.0,3.0,2,4.172048086693305,1,5.400930917226618,167.20164390913567,179.7746229130556,5,6,-3.0,3.0,4.0,0
uepP024,2,2,5,RS,-1.0,3.0,2,3.14441212471653,1,3.8076774114001313,179.7746229130556,189.72671244917225,5,6,-3.0,3.0,4.0,0
uepP024,2,2,6,RS,-7.0,3.0,2,2.5180243317034545,1,5.659259433849015,189.72671244917225,200.9039962147247,5,6,-3.0,3.0,4.0,0
uepP024,2,2,7,RS,0.0,3.0,2,2.77603122011033,1,3.7853703557800036,200.9039962147247,210.46539779061504,5,6,-3.0,3.0,4.0,0
uepP024,2,2,8,RS,-6.0,3.0,2,2.2224283966682576,1,5.954138234875658,210.46539779061504,221.64196442215896,5,6,-3.0,3.0,4.0,0
uepP024,2,2,9,RS,-6.0,3.0,2,4.49741112153978,1,3.8286917965937333,221.64196442215896,232.9680673402925,5,6,-3.0,3.0,4.0,0
uepP024,2,2,10,RS,-1.0,3.0,2,3.1902078316716143,1,4.755826989086441,232.9680673402925,243.91410216105055,5,6,-3.0,3.0,4.0,0
