subjectId,runId,blockId,trialId,condition,leftAnswer,rightAnswer,choiceDuration,isiDuration,feedbackDuration,itiDuration,stimOnset,itiOffset,leftColor,rightColor,mu1,mu2,sd1,sd2
uepP011,7,1,1,SR,17.0,13.0,2,2.186990711251153,1,4.407688384436229,16,25.594679095687383,1,5,17.0,7.0,0,4.0
uepP011,7,1,2,SR,17.0,11.0,2,2.3040358946889605,1,3.942853515127274,25.594679095687383,34.841568505503616,1,5,17.0,7.0,0,4.0
uepP011,7,1,3,SR,17.0,7.0,2,2.6715273063165563,1,5.31126176506153,34.841568505503616,45.8243575768817,1,5,17.0,7.0,0,4.0
uepP011,7,1,4,SR,17.0,-1.0,2,4.285619053339791,1,4.739672002193008,45.8243575768817,57.84964863241451,1,5,17.0,7.0,0,4.0
uepP011,7,1,5,SR,17.0,6.0,2,2.012768233163261,1,4.235149630113192,57.84964863241451,67.09756649569096,1,5,17.0,7.0,0,4.0
uepP011,7,1,6,SR,17.0,8.0,2,3.6733004018672686,1,4.558892529890484,67.09756649569096,78.3297594274487,1,5,17.0,7.0,0,4.0
uepP011,7,1,7,SR,17.0,9.0,2,3.65607222344879,1,5.703277745695995,78.3297594274487,90.6891093965935,1,5,17.0,7.0,0,4.0
uepP011,7,1,8,SR,17.0,7.0,2,4.436131579700396,1,5.384863618881429,90.6891093965935,103.51010459517532,1,5,17.0,7.0,0,4.0
uepP011,7,1,9,SR,17.0,8.0,2,3.4483448671190504,1,4.673133232326286,103.51010459517532,114.63158269462065,1,5,17.0,7.0,0,4.0
uepP011,7,1,10,SR,17.0,-2.0,2,4.080365544547832,1,5.353238314487345,114.63158269462065,127.06518655365582,1,5,17.0,7.0,0,4.0
