subjectId,runId,blockId,trialId,condition,leftAnswer,rightAnswer,choiceDuration,isiDuration,feedbackDuration,itiDuration,stimOnset,itiOffset,leftColor,rightColor,mu1,mu2,sd1,sd2
uepP059,8,2,1,RS,7.0,12.0,2,2.6252067634536647,1,6.449114264971432,130.19753005153316,142.27185107995825,7,5,1.0,12.0,4.0,0
uepP059,8,2,2,RS,3.0,12.0,2,2.9405704038711815,1,4.0616817241085466,142.27185107995825,152.274103207938,7,5,1.0,12.0,4.0,0
uepP059,8,2,3,RS,9.0,12.0,2,4.270614718309297,1,5.178533619771967,152.274103207938,164.72325154601927,7,5,1.0,12.0,4.0,0
uepP059,8,2,4,RS,5.0,12.0,2,2.5916465635225148,1,3.782570077198943,164.72325154601927,174.09746818674074,7,5,1.0,12.0,4.0,0
uepP059,8,2,5,RS,2.0,12.0,2,3.1906563478511787,1,6.1191062622799,174.09746818674074,186.40723079687183,7,5,1.0,12.0,4.0,0
uepP059,8,2,6,RS,1.0,12.0,2,4.559921550508773,1,3.976397087053832,186.40723079687183,197.94354943443443,7,5,1.0,12.0,4.0,0
uepP059,8,2,7,RS,7.0,12.0,2,1.822737819855368,1,5.5269206814251515,197.94354943443443,208.29320793571495,7,5,1.0,12.0,4.0,0
uepP059,8,2,8,RS,-4.0,12.0,2,2.7109698371308077,1,4.590702529240255,208.29320793571495,218.594880302086,7,5,1.0,12.0,4.0,0
uepP059,8,2,9,RS,-0.0,12.0,2,3.6041697875111667,1,3.379594710144486,218.594880302086,228.57864479974165,7,5,1.0,12.0,4.0,0
uepP059,8,2,10,RS,8.0,12.0,2,2.94317841109661,1,3.7623696181284876,228.57864479974165,238.28419282896672,7,5,1.0,12.0,4.0,0
