subjectId,runId,blockId,trialId,condition,leftAnswer,rightAnswer,choiceDuration,isiDuration,feedbackDuration,itiDuration,stimOnset,itiOffset,leftColor,rightColor,mu1,mu2,sd1,sd2
uepP036,2,2,1,SS,-5.0,9.0,2,1.6250300260696549,1,4.679418252663211,130.30444982030022,139.60889809903307,4,0,-5.0,9.0,0,0
uepP036,2,2,2,SS,-5.0,9.0,2,2.5403505006052796,1,5.4528053812455965,139.60889809903307,150.60205398088397,4,0,-5.0,9.0,0,0
uepP036,2,2,3,SS,-5.0,9.0,2,3.3601399037323643,1,3.553425061236235,150.60205398088397,160.51561894585257,4,0,-5.0,9.0,0,0
uepP036,2,2,4,SS,-5.0,9.0,2,3.2277042288255045,1,5.082116207306448,160.51561894585257,171.82543938198452,4,0,-5.0,9.0,0,0
uepP036,2,2,5,SS,-5.0,9.0,2,4.069502028668217,1,4.119120951362573,171.82543938198452,183.0140623620153,4,0,-5.0,9.0,0,0
uepP036,2,2,6,SS,-5.0,9.0,2,2.0506392691955275,1,5.993076413075637,183.0140623620153,194.05777804428647,4,0,-5.0,9.0,0,0
uepP036,2,2,7,SS,-5.0,9.0,2,2.16286892531516,1,4.1608944396155145,194.05777804428647,203.38154140921714,4,0,-5.0,9.0,0,0
uepP036,2,2,8,SS,-5.0,9.0,2,3.105236774651567,1,5.537592915748388,203.38154140921714,215.02437109961707,4,0,-5.0,9.0,0,0
uepP036,2,2,9,SS,-5.0,9.0,2,3.605618572397853,1,6.140296104182311,215.02437109961707,227.77028577619723,4,0,-5.0,9.0,0,0
uepP036,2,2,10,SS,-5.0,9.0,2,1.704856915450035,1,4.0423233111135,227.77028577619723,236.51746600276076,4,0,-5.0,9.0,0,0
