subjectId,runId,blockId,trialId,condition,leftAnswer,rightAnswer,choiceDuration,isiDuration,feedbackDuration,itiDuration,stimOnset,itiOffset,leftColor,rightColor,mu1,mu2,sd1,sd2
uepP026,3,3,1,SS,0.0,-25.0,2,4.705408334243263,1,5.53362015598533,239.43429820591362,252.6733266961422,0,6,0.0,-25.0,0,0
uepP026,3,3,2,SS,0.0,-25.0,2,4.3191178204586524,1,5.317060957520895,252.6733266961422,265.30950547412175,0,6,0.0,-25.0,0,0
uepP026,3,3,3,SS,0.0,-25.0,2,1.64067611930271,1,3.532333499833958,265.30950547412175,273.4825150932584,0,6,0.0,-25.0,0,0
uepP026,3,3,4,SS,0.0,-25.0,2,3.0357090793440515,1,5.519980778343649,273.4825150932584,285.0382049509461,0,6,0.0,-25.0,0,0
uepP026,3,3,5,SS,0.0,-25.0,2,4.5300478508699635,1,6.0525870469403324,285.0382049509461,298.6208398487564,0,6,0.0,-25.0,0,0
uepP026,3,3,6,SS,0.0,-25.0,2,2.2921632873331403,1,5.880688643312524,298.6208398487564,309.7936917794021,0,6,0.0,-25.0,0,0
uepP026,3,3,7,SS,0.0,-25.0,2,2.2035322187395914,1,4.654384014358854,309.7936917794021,319.65160801250056,0,6,0.0,-25.0,0,0
uepP026,3,3,8,SS,0.0,-25.0,2,3.4847267979496963,1,5.633562696412906,319.65160801250056,331.7698975068632,0,6,0.0,-25.0,0,0
uepP026,3,3,9,SS,0.0,-25.0,2,4.669883981698851,1,4.406256115521052,331.7698975068632,343.84603760408305,0,6,0.0,-25.0,0,0
uepP026,3,3,10,SS,0.0,-25.0,2,3.247330378161794,1,5.359826045226926,343.84603760408305,355.4531940274718,0,6,0.0,-25.0,0,0
