subjectId,runId,blockId,trialId,condition,leftAnswer,rightAnswer,choiceDuration,isiDuration,feedbackDuration,itiDuration,stimOnset,itiOffset,leftColor,rightColor,mu1,mu2,sd1,sd2
uepP040,6,4,1,SS,-5.0,13.0,2,2.9574770927108345,1,5.929778423934178,363.5692688195513,375.45652433619637,4,3,-5.0,13.0,0,0
uepP040,6,4,2,SS,-5.0,13.0,2,4.338482993063565,1,4.21794410615887,375.45652433619637,387.0129514354188,4,3,-5.0,13.0,0,0
uepP040,6,4,3,SS,-5.0,13.0,2,2.65669230934501,1,5.4853023724813115,387.0129514354188,398.1549461172452,4,3,-5.0,13.0,0,0
uepP040,6,4,4,SS,-5.0,13.0,2,2.7970368226410733,1,4.476676074903522,398.1549461172452,408.4286590147898,4,3,-5.0,13.0,0,0
uepP040,6,4,5,SS,-5.0,13.0,2,2.787240915644612,1,5.0402638885277735,408.4286590147898,419.25616381896214,4,3,-5.0,13.0,0,0
uepP040,6,4,6,SS,-5.0,13.0,2,3.769936534482575,1,3.5783710816647867,419.25616381896214,429.6044714351095,4,3,-5.0,13.0,0,0
uepP040,6,4,7,SS,-5.0,13.0,2,4.180809379077145,1,4.897697076387638,429.6044714351095,441.68297789057425,4,3,-5.0,13.0,0,0
uepP040,6,4,8,SS,-5.0,13.0,2,3.3798531235264826,1,5.4419589448153465,441.68297789057425,453.50478995891604,4,3,-5.0,13.0,0,0
uepP040,6,4,9,SS,-5.0,13.0,2,2.0442012679178947,1,3.3333895697557225,453.50478995891604,461.88238079658964,4,3,-5.0,13.0,0,0
uepP040,6,4,10,SS,-5.0,13.0,2,2.643023308804933,1,6.474595894605438,461.88238079658964,474.0,4,3,-5.0,13.0,0,0
