subjectId,runId,blockId,trialId,condition,leftAnswer,rightAnswer,choiceDuration,isiDuration,feedbackDuration,itiDuration,stimOnset,itiOffset,leftColor,rightColor,mu1,mu2,sd1,sd2
uepP007,1,4,1,SR,6.0,10.0,2,3.332620287282445,1,5.178131123720388,359.57811605892135,371.0888674699242,7,2,6.0,14.0,0,4.0
uepP007,1,4,2,SR,6.0,15.0,2,3.806232396675413,1,6.062768142215299,371.0888674699242,383.9578680088149,7,2,6.0,14.0,0,4.0
uepP007,1,4,3,SR,6.0,12.0,2,2.54257862837037,1,3.3777881423793303,383.9578680088149,392.87823477956465,7,2,6.0,14.0,0,4.0
uepP007,1,4,4,SR,6.0,19.0,2,3.2496320657120497,1,5.969975234614279,392.87823477956465,405.09784207989094,7,2,6.0,14.0,0,4.0
uepP007,1,4,5,SR,6.0,13.0,2,4.7179595649245085,1,4.032679499569439,405.09784207989094,416.8484811443849,7,2,6.0,14.0,0,4.0
uepP007,1,4,6,SR,6.0,16.0,2,4.049408916244034,1,6.151906483192393,416.8484811443849,430.04979654382134,7,2,6.0,14.0,0,4.0
uepP007,1,4,7,SR,6.0,13.0,2,4.265731888032369,1,5.167501033958728,430.04979654382134,442.4830294658124,7,2,6.0,14.0,0,4.0
uepP007,1,4,8,SR,6.0,14.0,2,2.422010379373136,1,3.9965579696531597,442.4830294658124,451.90159781483874,7,2,6.0,14.0,0,4.0
uepP007,1,4,9,SR,6.0,11.0,2,3.6560045393572875,1,5.532963555808956,451.90159781483874,464.090565910005,7,2,6.0,14.0,0,4.0
uepP007,1,4,10,SR,6.0,6.0,2,2.263307341570619,1,4.646126748424543,464.090565910005,474.00000000000017,7,2,6.0,14.0,0,4.0
