subjectId,runId,blockId,trialId,condition,leftAnswer,rightAnswer,choiceDuration,isiDuration,feedbackDuration,itiDuration,stimOnset,itiOffset,leftColor,rightColor,mu1,mu2,sd1,sd2
uepP057,1,3,1,SS,-21.0,-7.0,2,2.1165875579817803,1,3.375201936519759,248.6045086525535,257.09629814705505,5,6,-21.0,-7.0,0,0
uepP057,1,3,2,SS,-21.0,-7.0,2,4.159392861348028,1,4.940324924668198,257.09629814705505,269.19601593307124,5,6,-21.0,-7.0,0,0
uepP057,1,3,3,SS,-21.0,-7.0,2,2.9220330592262664,1,5.14200486140811,269.19601593307124,280.26005385370564,5,6,-21.0,-7.0,0,0
uepP057,1,3,4,SS,-21.0,-7.0,2,4.641242061360503,1,4.1459316460722615,280.26005385370564,292.0472275611384,5,6,-21.0,-7.0,0,0
uepP057,1,3,5,SS,-21.0,-7.0,2,2.4868795241091646,1,4.617846156160601,292.0472275611384,302.1519532414082,5,6,-21.0,-7.0,0,0
uepP057,1,3,6,SS,-21.0,-7.0,2,4.31372695739151,1,5.726949377485695,302.1519532414082,315.1926295762854,5,6,-21.0,-7.0,0,0
uepP057,1,3,7,SS,-21.0,-7.0,2,1.6413118836312786,1,3.504685061608379,315.1926295762854,323.33862652152504,5,6,-21.0,-7.0,0,0
uepP057,1,3,8,SS,-21.0,-7.0,2,3.4648606848086794,1,6.060053465066097,323.33862652152504,335.86354067139985,5,6,-21.0,-7.0,0,0
uepP057,1,3,9,SS,-21.0,-7.0,2,3.3409977964967266,1,4.993939548683411,335.86354067139985,347.19847801657994,5,6,-21.0,-7.0,0,0
uepP057,1,3,10,SS,-21.0,-7.0,2,1.9242203456760614,1,3.5353079450512697,347.19847801657994,355.6580063073073,5,6,-21.0,-7.0,0,0
