subjectId,runId,blockId,trialId,condition,leftAnswer,rightAnswer,choiceDuration,isiDuration,feedbackDuration,itiDuration,stimOnset,itiOffset,leftColor,rightColor,mu1,mu2,sd1,sd2
uepP001,5,1,1,RS,4.0,1.0,2,2.90674405347238,1,5.189108862398924,16,27.095852915871305,7,1,5.0,1.0,4.0,0
uepP001,5,1,2,RS,6.0,1.0,2,4.603564732080784,1,5.3124519317592815,27.095852915871305,40.01186957971137,7,1,5.0,1.0,4.0,0
uepP001,5,1,3,RS,10.0,1.0,2,3.0553631464007496,1,3.9530930043183234,40.01186957971137,50.02032573043045,7,1,5.0,1.0,4.0,0
uepP001,5,1,4,RS,11.0,1.0,2,3.7217806371922353,1,4.639481547100292,50.02032573043045,61.38158791472297,7,1,5.0,1.0,4.0,0
uepP001,5,1,5,RS,6.0,1.0,2,2.965347795064942,1,4.410654752629931,61.38158791472297,71.75759046241785,7,1,5.0,1.0,4.0,0
uepP001,5,1,6,RS,6.0,1.0,2,3.7440183629805253,1,4.094541045777544,71.75759046241785,82.59614987117592,7,1,5.0,1.0,4.0,0
uepP001,5,1,7,RS,11.0,1.0,2,1.9453381373830274,1,6.072883486550017,82.59614987117592,93.61437149510897,7,1,5.0,1.0,4.0,0
uepP001,5,1,8,RS,1.0,1.0,2,4.357514195361287,1,3.85941471807131,93.61437149510897,104.83130040854157,7,1,5.0,1.0,4.0,0
uepP001,5,1,9,RS,9.0,1.0,2,4.6326305495579065,1,4.893657794868467,104.83130040854157,117.35758875296793,7,1,5.0,1.0,4.0,0
uepP001,5,1,10,RS,7.0,1.0,2,2.2169843252659795,1,4.508559932052143,117.35758875296793,127.08313301028605,7,1,5.0,1.0,4.0,0
