subjectId,runId,blockId,trialId,condition,leftAnswer,rightAnswer,choiceDuration,isiDuration,feedbackDuration,itiDuration,stimOnset,itiOffset,leftColor,rightColor,mu1,mu2,sd1,sd2
uepP047,1,4,1,SR,-2.0,10.0,2,4.73226230439253,1,3.615989200851162,358.7798745994815,370.1281261047252,3,6,-2.0,6.0,0,4.0
uepP047,1,4,2,SR,-2.0,13.0,2,2.9765383942904773,1,3.8799670285294483,370.1281261047252,379.9846315275451,3,6,-2.0,6.0,0,4.0
uepP047,1,4,3,SR,-2.0,8.0,2,3.268354683866562,1,5.957690798491305,379.9846315275451,392.21067700990295,3,6,-2.0,6.0,0,4.0
uepP047,1,4,4,SR,-2.0,5.0,2,3.9816098344853343,1,4.715031952989127,392.21067700990295,403.9073187973774,3,6,-2.0,6.0,0,4.0
uepP047,1,4,5,SR,-2.0,7.0,2,4.087967931497345,1,4.60207352351714,403.9073187973774,415.5973602523919,3,6,-2.0,6.0,0,4.0
uepP047,1,4,6,SR,-2.0,2.0,2,4.386248920502116,1,3.2603164064024064,415.5973602523919,426.24392557929644,3,6,-2.0,6.0,0,4.0
uepP047,1,4,7,SR,-2.0,3.0,2,3.140715972327137,1,6.312767473946295,426.24392557929644,438.69740902556987,3,6,-2.0,6.0,0,4.0
uepP047,1,4,8,SR,-2.0,1.0,2,3.329397548654436,1,5.259689395260636,438.69740902556987,450.2864959694849,3,6,-2.0,6.0,0,4.0
uepP047,1,4,9,SR,-2.0,-1.0,2,4.538079062127938,1,5.799587842371182,450.2864959694849,463.62416287398406,3,6,-2.0,6.0,0,4.0
uepP047,1,4,10,SR,-2.0,2.0,2,2.019463836695837,1,5.35637328932019,463.62416287398406,474.00000000000006,3,6,-2.0,6.0,0,4.0
