subjectId,runId,blockId,trialId,condition,leftAnswer,rightAnswer,choiceDuration,isiDuration,feedbackDuration,itiDuration,stimOnset,itiOffset,leftColor,rightColor,mu1,mu2,sd1,sd2
uepP055,2,2,1,RR,21.0,11.0,2,2.267372655902944,1,3.38372655844451,128.56261743141434,137.2137166457618,6,3,19.0,15.0,4.0,4.0
uepP055,2,2,2,RR,17.0,9.0,2,1.6808256225092435,1,5.230629450277627,137.2137166457618,147.12517171854867,6,3,19.0,15.0,4.0,4.0
uepP055,2,2,3,RR,20.0,8.0,2,3.726981098942532,1,4.4324843559309475,147.12517171854867,158.28463717342214,6,3,19.0,15.0,4.0,4.0
uepP055,2,2,4,RR,18.0,19.0,2,3.489769834367579,1,4.8482601650205766,158.28463717342214,169.6226671728103,6,3,19.0,15.0,4.0,4.0
uepP055,2,2,5,RR,12.0,16.0,2,3.9590101804755764,1,4.883469935995553,169.6226671728103,181.46514728928145,6,3,19.0,15.0,4.0,4.0
uepP055,2,2,6,RR,22.0,12.0,2,4.4415388889697445,1,4.805307062251398,181.46514728928145,193.71199324050258,6,3,19.0,15.0,4.0,4.0
uepP055,2,2,7,RR,21.0,14.0,2,3.981515921252159,1,6.348064471856561,193.71199324050258,207.0415736336113,6,3,19.0,15.0,4.0,4.0
uepP055,2,2,8,RR,10.0,22.0,2,2.8232641939997327,1,4.697844024518766,207.0415736336113,217.5626818521298,6,3,19.0,15.0,4.0,4.0
uepP055,2,2,9,RR,25.0,9.0,2,3.7319099527576665,1,5.139162512775589,217.5626818521298,229.43375431766304,6,3,19.0,15.0,4.0,4.0
uepP055,2,2,10,RR,24.0,21.0,2,3.0943082464614267,1,4.271823489685581,229.43375431766304,239.79988605381004,6,3,19.0,15.0,4.0,4.0
