subjectId,runId,blockId,trialId,condition,leftAnswer,rightAnswer,choiceDuration,isiDuration,feedbackDuration,itiDuration,stimOnset,itiOffset,leftColor,rightColor,mu1,mu2,sd1,sd2
uepP021,6,3,1,RR,-4.0,-1.0,2,3.5524648554443736,1,4.088659989365095,251.3132683300098,261.9543931748193,2,4,3.0,1.0,4.0,4.0
uepP021,6,3,2,RR,6.0,2.0,2,4.739660767329508,1,4.026549923771772,261.9543931748193,273.72060386592057,2,4,3.0,1.0,4.0,4.0
uepP021,6,3,3,RR,1.0,1.0,2,2.370088250651,1,4.715082175624438,273.72060386592057,283.805774292196,2,4,3.0,1.0,4.0,4.0
uepP021,6,3,4,RR,-0.0,2.0,2,2.7471784745916317,1,3.43976185235023,283.805774292196,292.99271461913787,2,4,3.0,1.0,4.0,4.0
uepP021,6,3,5,RR,5.0,4.0,2,4.265671885797141,1,3.8579991736512436,292.99271461913787,304.11638567858625,2,4,3.0,1.0,4.0,4.0
uepP021,6,3,6,RR,-4.0,8.0,2,4.437090345867783,1,4.848976684074571,304.11638567858625,316.4024527085286,2,4,3.0,1.0,4.0,4.0
uepP021,6,3,7,RR,5.0,0.0,2,3.0445948292586427,1,4.170158179731925,316.4024527085286,326.61720571751914,2,4,3.0,1.0,4.0,4.0
uepP021,6,3,8,RR,-2.0,6.0,2,1.8440566176648838,1,5.974612713657588,326.61720571751914,337.4358750488416,2,4,3.0,1.0,4.0,4.0
uepP021,6,3,9,RR,6.0,5.0,2,4.430268488609902,1,4.88791296175264,337.4358750488416,349.7540564992041,2,4,3.0,1.0,4.0,4.0
uepP021,6,3,10,RR,9.0,1.0,2,1.6321568896376553,1,5.677174963034734,349.7540564992041,360.06338835187654,2,4,3.0,1.0,4.0,4.0
