subjectId,runId,blockId,trialId,condition,leftAnswer,rightAnswer,choiceDuration,isiDuration,feedbackDuration,itiDuration,stimOnset,itiOffset,leftColor,rightColor,mu1,mu2,sd1,sd2
uepP034,3,2,1,RR,14.0,-4.0,2,1.621669574646398,1,5.072063533187956,130.03446209428918,139.72819520212354,1,3,17.0,-2.0,4.0,4.0
uepP034,3,2,2,RR,14.0,-9.0,2,3.083218949906391,1,3.8525274221594827,139.72819520212354,149.6639415741894,1,3,17.0,-2.0,4.0,4.0
uepP034,3,2,3,RR,22.0,-3.0,2,4.560043762456558,1,3.9370530559153534,149.6639415741894,161.16103839256132,1,3,17.0,-2.0,4.0,4.0
uepP034,3,2,4,RR,11.0,6.0,2,4.059005420950763,1,3.8279615455884923,161.16103839256132,172.04800535910059,1,3,17.0,-2.0,4.0,4.0
uepP034,3,2,5,RR,16.0,-1.0,2,4.58047676881336,1,4.809984656547851,172.04800535910059,184.43846678446178,1,3,17.0,-2.0,4.0,4.0
uepP034,3,2,6,RR,20.0,-3.0,2,2.2380014944869413,1,3.5801881915718323,184.43846678446178,193.25665647052057,1,3,17.0,-2.0,4.0,4.0
uepP034,3,2,7,RR,17.0,3.0,2,4.209237701995542,1,5.636869003515966,193.25665647052057,206.10276317603206,1,3,17.0,-2.0,4.0,4.0
uepP034,3,2,8,RR,17.0,3.0,2,2.5392142596351834,1,5.019144377377548,206.10276317603206,216.6611218130448,1,3,17.0,-2.0,4.0,4.0
uepP034,3,2,9,RR,18.0,-6.0,2,3.4061255880417054,1,4.497128125702514,216.6611218130448,227.564375526789,1,3,17.0,-2.0,4.0,4.0
uepP034,3,2,10,RR,15.0,-0.0,2,4.368083959213643,1,3.3737304409430804,227.564375526789,238.30618992694573,1,3,17.0,-2.0,4.0,4.0
