subjectId,runId,blockId,trialId,condition,leftAnswer,rightAnswer,choiceDuration,isiDuration,feedbackDuration,itiDuration,stimOnset,itiOffset,leftColor,rightColor,mu1,mu2,sd1,sd2
uepP044,4,4,1,SR,19.0,18.0,2,2.9449848245652976,1,3.7588313524146115,364.02268733994475,373.7265035169247,2,0,19.0,13.0,0,4.0
uepP044,4,4,2,SR,19.0,10.0,2,3.559173106241187,1,4.381402041995257,373.7265035169247,384.66707866516117,2,0,19.0,13.0,0,4.0
uepP044,4,4,3,SR,19.0,15.0,2,2.642648993748325,1,5.525655443010279,384.66707866516117,395.8353831019198,2,0,19.0,13.0,0,4.0
uepP044,4,4,4,SR,19.0,11.0,2,5.0208294467715815,1,4.980924476031275,395.8353831019198,408.8371370247226,2,0,19.0,13.0,0,4.0
uepP044,4,4,5,SR,19.0,13.0,2,2.2257431683784312,1,6.39954615190953,408.8371370247226,420.46242634501056,2,0,19.0,13.0,0,4.0
uepP044,4,4,6,SR,19.0,17.0,2,4.608262016725277,1,4.300949197087139,420.46242634501056,432.371637558823,2,0,19.0,13.0,0,4.0
uepP044,4,4,7,SR,19.0,13.0,2,2.5377342589255467,1,5.913480286894734,432.371637558823,443.8228521046433,2,0,19.0,13.0,0,4.0
uepP044,4,4,8,SR,19.0,10.0,2,2.2240485558882463,1,3.6073625164910332,443.8228521046433,452.6542631770226,2,0,19.0,13.0,0,4.0
uepP044,4,4,9,SR,19.0,10.0,2,1.9468705930064063,1,5.5612478658974975,452.6542631770226,463.16238163592647,2,0,19.0,13.0,0,4.0
uepP044,4,4,10,SR,19.0,10.0,2,3.294051927286897,1,4.543566436786767,463.16238163592647,474.0000000000001,2,0,19.0,13.0,0,4.0
