subjectId,runId,blockId,trialId,condition,leftAnswer,rightAnswer,choiceDuration,isiDuration,feedbackDuration,itiDuration,stimOnset,itiOffset,leftColor,rightColor,mu1,mu2,sd1,sd2
uepP045,8,3,1,SS,-2.0,1.0,2,2.4256638761921088,1,3.2212058662678578,252.35633660659698,261.00320634905694,6,5,-2.0,1.0,0,0
uepP045,8,3,2,SS,-2.0,1.0,2,3.1582679089940355,1,4.968161641446216,261.00320634905694,272.1296358994972,6,5,-2.0,1.0,0,0
uepP045,8,3,3,SS,-2.0,1.0,2,4.008648252722669,1,5.33390281237632,272.1296358994972,284.4721869645962,6,5,-2.0,1.0,0,0
uepP045,8,3,4,SS,-2.0,1.0,2,2.3822248631834855,1,3.188227907183327,284.4721869645962,293.04263973496296,6,5,-2.0,1.0,0,0
uepP045,8,3,5,SS,-2.0,1.0,2,1.7633698736122525,1,4.359294880434347,293.04263973496296,302.16530448900954,6,5,-2.0,1.0,0,0
uepP045,8,3,6,SS,-2.0,1.0,2,1.9148373261643465,1,3.195431518869281,302.16530448900954,310.27557333404314,6,5,-2.0,1.0,0,0
uepP045,8,3,7,SS,-2.0,1.0,2,2.113591704135752,1,4.817237697522651,310.27557333404314,320.20640273570154,6,5,-2.0,1.0,0,0
uepP045,8,3,8,SS,-2.0,1.0,2,4.667371139794821,1,4.490848615401676,320.20640273570154,332.364622490898,6,5,-2.0,1.0,0,0
uepP045,8,3,9,SS,-2.0,1.0,2,2.4292600029247877,1,5.504777130885982,332.364622490898,343.29865962470876,6,5,-2.0,1.0,0,0
uepP045,8,3,10,SS,-2.0,1.0,2,4.517188604069076,1,4.533102999639718,343.29865962470876,355.34895122841755,6,5,-2.0,1.0,0,0
