subjectId,runId,blockId,trialId,condition,leftAnswer,rightAnswer,choiceDuration,isiDuration,feedbackDuration,itiDuration,stimOnset,itiOffset,leftColor,rightColor,mu1,mu2,sd1,sd2
uepP023,6,1,1,RR,-15.0,-28.0,2,1.9889386511299196,1,3.9877077771430476,16,24.976646428272968,4,5,-14.0,-23.0,4.0,4.0
uepP023,6,1,2,RR,-15.0,-27.0,2,3.9932039813090343,1,5.094978970557062,24.976646428272968,37.06482938013906,4,5,-14.0,-23.0,4.0,4.0
uepP023,6,1,3,RR,-12.0,-22.0,2,4.3383133190970575,1,3.642948524054451,37.06482938013906,48.04609122329057,4,5,-14.0,-23.0,4.0,4.0
uepP023,6,1,4,RR,-6.0,-17.0,2,4.484331789169459,1,3.266687121532852,48.04609122329057,58.79711013399288,4,5,-14.0,-23.0,4.0,4.0
uepP023,6,1,5,RR,-19.0,-18.0,2,2.8800436389250836,1,6.255094224963098,58.79711013399288,70.93224799788106,4,5,-14.0,-23.0,4.0,4.0
uepP023,6,1,6,RR,-19.0,-21.0,2,4.187169519993745,1,4.7264127812571335,70.93224799788106,82.84583029913195,4,5,-14.0,-23.0,4.0,4.0
uepP023,6,1,7,RR,-18.0,-26.0,2,2.9461265712978557,1,6.037482782483039,82.84583029913195,94.82943965291284,4,5,-14.0,-23.0,4.0,4.0
uepP023,6,1,8,RR,-9.0,-20.0,2,1.9957204659037486,1,5.838533037381661,94.82943965291284,105.66369315619825,4,5,-14.0,-23.0,4.0,4.0
uepP023,6,1,9,RR,-10.0,-20.0,2,4.364481304483898,1,4.559810363925645,105.66369315619825,117.5879848246078,4,5,-14.0,-23.0,4.0,4.0
uepP023,6,1,10,RR,-14.0,-20.0,2,2.0519881066544485,1,3.3945734765894335,117.5879848246078,126.03454640785168,4,5,-14.0,-23.0,4.0,4.0
