subjectId,runId,blockId,trialId,condition,leftAnswer,rightAnswer,choiceDuration,isiDuration,feedbackDuration,itiDuration,stimOnset,itiOffset,leftColor,rightColor,mu1,mu2,sd1,sd2
uepP045,7,1,1,SS,11.0,3.0,2,3.7737556585444936,1,5.241667047158871,16,28.015422705703365,7,4,11.0,3.0,0,0
uepP045,7,1,2,SS,11.0,3.0,2,1.6155726611785246,1,5.778144509208272,28.015422705703365,38.409139876090165,7,4,11.0,3.0,0,0
uepP045,7,1,3,SS,11.0,3.0,2,2.7122138143160512,1,3.2940598156885765,38.409139876090165,47.415413506094794,7,4,11.0,3.0,0,0
uepP045,7,1,4,SS,11.0,3.0,2,4.14779659836832,1,4.956886137959662,47.415413506094794,59.520096242422774,7,4,11.0,3.0,0,0
uepP045,7,1,5,SS,11.0,3.0,2,4.009074926369032,1,5.070683901447571,59.520096242422774,71.59985507023937,7,4,11.0,3.0,0,0
uepP045,7,1,6,SS,11.0,3.0,2,2.3136810809190296,1,5.183833778766239,71.59985507023937,82.09736992992464,7,4,11.0,3.0,0,0
uepP045,7,1,7,SS,11.0,3.0,2,2.6902593926810114,1,4.695217981277043,82.09736992992464,92.48284730388269,7,4,11.0,3.0,0,0
uepP045,7,1,8,SS,11.0,3.0,2,2.622509431252362,1,5.288883648912509,92.48284730388269,103.39424038404756,7,4,11.0,3.0,0,0
uepP045,7,1,9,SS,11.0,3.0,2,2.8286310117374245,1,5.788612128746873,103.39424038404756,115.01148352453187,7,4,11.0,3.0,0,0
uepP045,7,1,10,SS,11.0,3.0,2,3.093852144417053,1,5.296920212590869,115.01148352453187,126.40225588153979,7,4,11.0,3.0,0,0
