subjectId,runId,blockId,trialId,condition,leftAnswer,rightAnswer,choiceDuration,isiDuration,feedbackDuration,itiDuration,stimOnset,itiOffset,leftColor,rightColor,mu1,mu2,sd1,sd2
uepP009,5,2,1,SS,-0.0,4.0,2,4.035668359105793,1,6.421642209553239,136.38293892357703,149.84024949223604,5,4,-0.0,4.0,0,0
uepP009,5,2,2,SS,-0.0,4.0,2,2.0030619110817764,1,4.8335420360898,149.84024949223604,159.6768534394076,5,4,-0.0,4.0,0,0
uepP009,5,2,3,SS,-0.0,4.0,2,3.8380018281369415,1,5.06894960950955,159.6768534394076,171.58380487705412,5,4,-0.0,4.0,0,0
uepP009,5,2,4,SS,-0.0,4.0,2,2.751560440115385,1,4.33240940183548,171.58380487705412,181.667774719005,5,4,-0.0,4.0,0,0
uepP009,5,2,5,SS,-0.0,4.0,2,2.2129081199406397,1,4.677736388322181,181.667774719005,191.55841922726782,5,4,-0.0,4.0,0,0
uepP009,5,2,6,SS,-0.0,4.0,2,3.4402429672837833,1,6.320867751510377,191.55841922726782,204.31952994606198,5,4,-0.0,4.0,0,0
uepP009,5,2,7,SS,-0.0,4.0,2,3.449326409192493,1,3.845975206045231,204.31952994606198,214.6148315612997,5,4,-0.0,4.0,0,0
uepP009,5,2,8,SS,-0.0,4.0,2,2.798079811413204,1,5.4331608741228585,214.6148315612997,225.84607224683575,5,4,-0.0,4.0,0,0
uepP009,5,2,9,SS,-0.0,4.0,2,3.0006353927916978,1,3.5597856902875464,225.84607224683575,235.406493329915,5,4,-0.0,4.0,0,0
uepP009,5,2,10,SS,-0.0,4.0,2,1.8474731369300574,1,3.9908482625032438,235.406493329915,244.24481472934832,5,4,-0.0,4.0,0,0
