subjectId,runId,blockId,trialId,condition,leftAnswer,rightAnswer,choiceDuration,isiDuration,feedbackDuration,itiDuration,stimOnset,itiOffset,leftColor,rightColor,mu1,mu2,sd1,sd2
uepP042,1,3,1,SS,1.0,2.0,2,3.7767947895300322,1,3.8499377417860012,244.06891601547485,254.6956485467909,2,4,1.0,2.0,0,0
uepP042,1,3,2,SS,1.0,2.0,2,2.235500753623603,1,4.932540432627503,254.6956485467909,264.863689733042,2,4,1.0,2.0,0,0
uepP042,1,3,3,SS,1.0,2.0,2,4.6707570989013405,1,6.186492066806622,264.863689733042,278.72093889875,2,4,1.0,2.0,0,0
uepP042,1,3,4,SS,1.0,2.0,2,2.0407645891577424,1,4.437824717587699,278.72093889875,288.1995282054954,2,4,1.0,2.0,0,0
uepP042,1,3,5,SS,1.0,2.0,2,2.0013751317651614,1,4.533572108440779,288.1995282054954,297.7344754457014,2,4,1.0,2.0,0,0
uepP042,1,3,6,SS,1.0,2.0,2,3.1596609532725695,1,6.189536084456974,297.7344754457014,310.0836724834309,2,4,1.0,2.0,0,0
uepP042,1,3,7,SS,1.0,2.0,2,1.7646434320209219,1,6.1851350536842,310.0836724834309,321.033450969136,2,4,1.0,2.0,0,0
uepP042,1,3,8,SS,1.0,2.0,2,3.261041482595316,1,4.126259889982265,321.033450969136,331.42075234171364,2,4,1.0,2.0,0,0
uepP042,1,3,9,SS,1.0,2.0,2,3.547068854692372,1,3.7739820189249644,331.42075234171364,341.741803215331,2,4,1.0,2.0,0,0
uepP042,1,3,10,SS,1.0,2.0,2,4.395213052758633,1,3.387548943348317,341.741803215331,352.5245652114379,2,4,1.0,2.0,0,0
