subjectId,runId,blockId,trialId,condition,leftAnswer,rightAnswer,choiceDuration,isiDuration,feedbackDuration,itiDuration,stimOnset,itiOffset,leftColor,rightColor,mu1,mu2,sd1,sd2
uepP054,8,2,1,SS,-12.0,9.0,2,4.506325048957125,1,3.8217853182806403,132.5472300026334,143.87534036987117,0,6,-12.0,9.0,0,0
uepP054,8,2,2,SS,-12.0,9.0,2,1.656186615498268,1,4.570450679464223,143.87534036987117,153.10197766483364,0,6,-12.0,9.0,0,0
uepP054,8,2,3,SS,-12.0,9.0,2,3.4308792219853443,1,4.877128058837274,153.10197766483364,164.40998494565628,0,6,-12.0,9.0,0,0
uepP054,8,2,4,SS,-12.0,9.0,2,2.287259016427296,1,3.830728167819888,164.40998494565628,173.52797212990347,0,6,-12.0,9.0,0,0
uepP054,8,2,5,SS,-12.0,9.0,2,4.686242737376473,1,4.530986717662116,173.52797212990347,185.74520158494204,0,6,-12.0,9.0,0,0
uepP054,8,2,6,SS,-12.0,9.0,2,3.7835511350832274,1,4.705042829958007,185.74520158494204,197.23379554998328,0,6,-12.0,9.0,0,0
uepP054,8,2,7,SS,-12.0,9.0,2,1.787977253144644,1,4.295832145245577,197.23379554998328,206.3176049483735,0,6,-12.0,9.0,0,0
uepP054,8,2,8,SS,-12.0,9.0,2,4.203139303241215,1,4.8116700979968305,206.3176049483735,218.33241434961155,0,6,-12.0,9.0,0,0
uepP054,8,2,9,SS,-12.0,9.0,2,2.5366518299008907,1,4.254992176715242,218.33241434961155,228.1240583562277,0,6,-12.0,9.0,0,0
uepP054,8,2,10,SS,-12.0,9.0,2,4.321884584577015,1,5.9734346167789365,228.1240583562277,241.41937755758366,0,6,-12.0,9.0,0,0
