subjectId,runId,blockId,trialId,condition,leftAnswer,rightAnswer,choiceDuration,isiDuration,feedbackDuration,itiDuration,stimOnset,itiOffset,leftColor,rightColor,mu1,mu2,sd1,sd2
uepP016,1,1,1,RR,-7.0,3.0,2,3.829692383134572,1,6.412191743058856,16,29.241884126193426,3,4,-11.0,1.0,4.0,4.0
uepP016,1,1,2,RR,-9.0,-1.0,2,2.1472405406844217,1,5.508250015192553,29.241884126193426,39.8973746820704,3,4,-11.0,1.0,4.0,4.0
uepP016,1,1,3,RR,-9.0,2.0,2,2.4003029602216235,1,3.4671979570323606,39.8973746820704,48.764875599324384,3,4,-11.0,1.0,4.0,4.0
uepP016,1,1,4,RR,-15.0,0.0,2,2.1793630064810334,1,5.938001697718025,48.764875599324384,59.882240303523446,3,4,-11.0,1.0,4.0,4.0
uepP016,1,1,5,RR,-14.0,-1.0,2,1.9116496735566446,1,3.572927615661193,59.882240303523446,68.36681759274128,3,4,-11.0,1.0,4.0,4.0
uepP016,1,1,6,RR,-14.0,-1.0,2,3.5834756179150573,1,6.07361525014288,68.36681759274128,81.02390846079922,3,4,-11.0,1.0,4.0,4.0
uepP016,1,1,7,RR,-18.0,-1.0,2,4.832805691307016,1,4.207947112731015,81.02390846079922,93.06466126483726,3,4,-11.0,1.0,4.0,4.0
uepP016,1,1,8,RR,-13.0,-5.0,2,3.7477594871451365,1,4.025570228960611,93.06466126483726,103.837990980943,3,4,-11.0,1.0,4.0,4.0
uepP016,1,1,9,RR,-7.0,-2.0,2,3.6122268947245955,1,3.9938615538642224,103.837990980943,114.44407942953183,3,4,-11.0,1.0,4.0,4.0
uepP016,1,1,10,RR,-0.0,-3.0,2,2.3517276433162086,1,5.0616164936847845,114.44407942953183,124.85742356653282,3,4,-11.0,1.0,4.0,4.0
