subjectId,runId,blockId,trialId,condition,leftAnswer,rightAnswer,choiceDuration,isiDuration,feedbackDuration,itiDuration,stimOnset,itiOffset,leftColor,rightColor,mu1,mu2,sd1,sd2
uepP022,1,3,1,SS,-7.0,4.0,2,4.541852141236769,1,4.35462084010924,243.1495245702582,255.04599755160422,5,2,-7.0,4.0,0,0
uepP022,1,3,2,SS,-7.0,4.0,2,1.9142171563745993,1,3.681911355374194,255.04599755160422,263.64212606335303,5,2,-7.0,4.0,0,0
uepP022,1,3,3,SS,-7.0,4.0,2,1.9962113722047985,1,3.4574798642220097,263.64212606335303,272.09581729977987,5,2,-7.0,4.0,0,0
uepP022,1,3,4,SS,-7.0,4.0,2,4.294748377191922,1,4.511599410702114,272.09581729977987,283.9021650876739,5,2,-7.0,4.0,0,0
uepP022,1,3,5,SS,-7.0,4.0,2,3.647544395442672,1,6.275598658686832,283.9021650876739,296.82530814180336,5,2,-7.0,4.0,0,0
uepP022,1,3,6,SS,-7.0,4.0,2,4.617049218914536,1,5.472088637780422,296.82530814180336,309.9144459984983,5,2,-7.0,4.0,0,0
uepP022,1,3,7,SS,-7.0,4.0,2,4.5475001281598955,1,5.048163447972656,309.9144459984983,322.51010957463086,5,2,-7.0,4.0,0,0
uepP022,1,3,8,SS,-7.0,4.0,2,2.652563513372782,1,4.829380368067068,322.51010957463086,332.9920534560707,5,2,-7.0,4.0,0,0
uepP022,1,3,9,SS,-7.0,4.0,2,2.548680112038163,1,6.460423454545668,332.9920534560707,345.0011570226545,5,2,-7.0,4.0,0,0
uepP022,1,3,10,SS,-7.0,4.0,2,4.326850920612189,1,6.186277789850261,345.0011570226545,358.51428573311694,5,2,-7.0,4.0,0,0
