subjectId,runId,blockId,trialId,condition,leftAnswer,rightAnswer,choiceDuration,isiDuration,feedbackDuration,itiDuration,stimOnset,itiOffset,leftColor,rightColor,mu1,mu2,sd1,sd2
uepP015,7,1,1,SR,5.0,-6.0,2,3.45454836858421,1,5.75490916426865,16,28.20945753285286,5,2,5.0,-9.0,0,4.0
uepP015,7,1,2,SR,5.0,-10.0,2,3.2630637878722104,1,3.418944249997253,28.20945753285286,37.891465570722325,5,2,5.0,-9.0,0,4.0
uepP015,7,1,3,SR,5.0,3.0,2,3.7168649721486635,1,5.499188769000903,37.891465570722325,50.10751931187189,5,2,5.0,-9.0,0,4.0
uepP015,7,1,4,SR,5.0,-8.0,2,2.5725098203999552,1,3.2038412587656806,50.10751931187189,58.883870391037526,5,2,5.0,-9.0,0,4.0
uepP015,7,1,5,SR,5.0,-9.0,2,4.487125217271198,1,4.717653318827116,58.883870391037526,71.08864892713584,5,2,5.0,-9.0,0,4.0
uepP015,7,1,6,SR,5.0,-7.0,2,2.8524893442994004,1,4.9327464401459675,71.08864892713584,81.8738847115812,5,2,5.0,-9.0,0,4.0
uepP015,7,1,7,SR,5.0,-12.0,2,4.42985424723419,1,5.710238476121666,81.8738847115812,95.01397743493705,5,2,5.0,-9.0,0,4.0
uepP015,7,1,8,SR,5.0,-0.0,2,4.407235688961587,1,6.189727587774734,95.01397743493705,108.61094071167338,5,2,5.0,-9.0,0,4.0
uepP015,7,1,9,SR,5.0,-6.0,2,3.740519106886692,1,5.919658754067533,108.61094071167338,121.2711185726276,5,2,5.0,-9.0,0,4.0
uepP015,7,1,10,SR,5.0,-6.0,2,4.509992590479503,1,6.137802257674758,121.2711185726276,134.91891342078185,5,2,5.0,-9.0,0,4.0
