subjectId,runId,blockId,trialId,condition,leftAnswer,rightAnswer,choiceDuration,isiDuration,feedbackDuration,itiDuration,stimOnset,itiOffset,leftColor,rightColor,mu1,mu2,sd1,sd2
uepP014,8,1,1,SR,15.0,-3.0,2,3.4508524634402975,1,5.137590883846859,16,27.588443347287157,1,4,15.0,-4.0,0,4.0
uepP014,8,1,2,SR,15.0,-3.0,2,4.333432449525258,1,5.362945113730138,27.588443347287157,40.28482091054255,1,4,15.0,-4.0,0,4.0
uepP014,8,1,3,SR,15.0,1.0,2,3.9869599665764754,1,6.463783195345042,40.28482091054255,53.73556407246407,1,4,15.0,-4.0,0,4.0
uepP014,8,1,4,SR,15.0,-8.0,2,4.196799626657769,1,3.773475460454064,53.73556407246407,64.7058391595759,1,4,15.0,-4.0,0,4.0
uepP014,8,1,5,SR,15.0,-4.0,2,2.622704014293007,1,4.063732650502491,64.7058391595759,74.3922758243714,1,4,15.0,-4.0,0,4.0
uepP014,8,1,6,SR,15.0,-4.0,2,3.5537256034185964,1,4.27110394450414,74.3922758243714,85.21710537229413,1,4,15.0,-4.0,0,4.0
uepP014,8,1,7,SR,15.0,-6.0,2,1.8110891736752746,1,4.268754512616842,85.21710537229413,94.29694905858624,1,4,15.0,-4.0,0,4.0
uepP014,8,1,8,SR,15.0,-1.0,2,3.3084902285254962,1,4.909402330201616,94.29694905858624,105.51484161731335,1,4,15.0,-4.0,0,4.0
uepP014,8,1,9,SR,15.0,-6.0,2,2.2037695756019646,1,3.4941941698789214,105.51484161731335,114.21280536279424,1,4,15.0,-4.0,0,4.0
uepP014,8,1,10,SR,15.0,-8.0,2,1.899204092020323,1,5.733996940574389,114.21280536279424,124.84600639538895,1,4,15.0,-4.0,0,4.0
