subjectId,runId,blockId,trialId,condition,leftAnswer,rightAnswer,choiceDuration,isiDuration,feedbackDuration,itiDuration,stimOnset,itiOffset,leftColor,rightColor,mu1,mu2,sd1,sd2
uepP048,6,1,1,RR,4.0,11.0,2,3.5135957670543005,1,5.3948984448588035,16,27.908494211913105,7,4,1.0,5.0,4.0,4.0
uepP048,6,1,2,RR,0.0,5.0,2,2.0616868834663467,1,5.311672840677093,27.908494211913105,38.28185393605654,7,4,1.0,5.0,4.0,4.0
uepP048,6,1,3,RR,3.0,7.0,2,2.450813067121674,1,5.025637198655306,38.28185393605654,48.75830420183352,7,4,1.0,5.0,4.0,4.0
uepP048,6,1,4,RR,5.0,0.0,2,2.5553428770887354,1,5.116533237896832,48.75830420183352,59.43018031681908,7,4,1.0,5.0,4.0,4.0
uepP048,6,1,5,RR,0.0,6.0,2,3.153245263693538,1,5.204849657091523,59.43018031681908,70.78827523760415,7,4,1.0,5.0,4.0,4.0
uepP048,6,1,6,RR,1.0,1.0,2,2.553629454281066,1,3.9364694984251836,70.78827523760415,80.2783741903104,7,4,1.0,5.0,4.0,4.0
uepP048,6,1,7,RR,0.0,1.0,2,1.9215984207048358,1,5.767078383412954,80.2783741903104,90.96705099442819,7,4,1.0,5.0,4.0,4.0
uepP048,6,1,8,RR,4.0,7.0,2,2.194921069126701,1,3.8157846630949126,90.96705099442819,99.97775672664982,7,4,1.0,5.0,4.0,4.0
uepP048,6,1,9,RR,7.0,1.0,2,4.311932673595374,1,6.010417452763091,99.97775672664982,113.30010685300829,7,4,1.0,5.0,4.0,4.0
uepP048,6,1,10,RR,-3.0,11.0,2,3.653927569513596,1,5.318684664571185,113.30010685300829,125.27271908709307,7,4,1.0,5.0,4.0,4.0
