subjectId,runId,blockId,trialId,condition,leftAnswer,rightAnswer,choiceDuration,isiDuration,feedbackDuration,itiDuration,stimOnset,itiOffset,leftColor,rightColor,mu1,mu2,sd1,sd2
uepP014,7,3,1,RR,-1.0,7.0,2,2.5139921341203184,1,3.9497048257762963,239.70405623641113,249.16775319630776,3,5,-0.0,8.0,4.0,4.0
uepP014,7,3,2,RR,4.0,6.0,2,3.9991810919301405,1,5.216136503269907,249.16775319630776,261.38307079150786,3,5,-0.0,8.0,4.0,4.0
uepP014,7,3,3,RR,-3.0,8.0,2,3.3350667155197495,1,3.964306240759193,261.38307079150786,271.6824437477868,3,5,-0.0,8.0,4.0,4.0
uepP014,7,3,4,RR,-3.0,9.0,2,2.4284222445715815,1,3.4106127615650004,271.6824437477868,280.5214787539234,3,5,-0.0,8.0,4.0,4.0
uepP014,7,3,5,RR,0.0,8.0,2,4.259692276121755,1,4.537794202444892,280.5214787539234,292.3189652324901,3,5,-0.0,8.0,4.0,4.0
uepP014,7,3,6,RR,-2.0,9.0,2,4.189777178658793,1,5.252430387118592,292.3189652324901,304.76117279826747,3,5,-0.0,8.0,4.0,4.0
uepP014,7,3,7,RR,4.0,13.0,2,3.2309362896823837,1,6.452773618268512,304.76117279826747,317.4448827062184,3,5,-0.0,8.0,4.0,4.0
uepP014,7,3,8,RR,-4.0,2.0,2,4.492255817432718,1,5.050805903275821,317.4448827062184,329.9879444269269,3,5,-0.0,8.0,4.0,4.0
uepP014,7,3,9,RR,-3.0,6.0,2,4.414627778843876,1,4.316087822902782,329.9879444269269,341.7186600286735,3,5,-0.0,8.0,4.0,4.0
uepP014,7,3,10,RR,8.0,9.0,2,4.915800786000114,1,4.514417476601269,341.7186600286735,354.1488782912749,3,5,-0.0,8.0,4.0,4.0
