subjectId,runId,blockId,trialId,condition,leftAnswer,rightAnswer,choiceDuration,isiDuration,feedbackDuration,itiDuration,stimOnset,itiOffset,leftColor,rightColor,mu1,mu2,sd1,sd2
uepP010,4,1,1,SR,18.0,-18.0,2,3.9677994394993394,1,6.0524083450445225,16,29.02020778454386,5,0,18.0,-14.0,0,4.0
uepP010,4,1,2,SR,18.0,-18.0,2,2.88323965653481,1,4.561178003411459,29.02020778454386,39.464625444490125,5,0,18.0,-14.0,0,4.0
uepP010,4,1,3,SR,18.0,-16.0,2,2.1678447273028527,1,3.7827731310064627,39.464625444490125,48.41524330279944,5,0,18.0,-14.0,0,4.0
uepP010,4,1,4,SR,18.0,-10.0,2,2.0552233253613386,1,5.568693229731984,48.41524330279944,59.03915985789276,5,0,18.0,-14.0,0,4.0
uepP010,4,1,5,SR,18.0,-13.0,2,2.6978011659173746,1,3.876496007986957,59.03915985789276,68.6134570317971,5,0,18.0,-14.0,0,4.0
uepP010,4,1,6,SR,18.0,-21.0,2,2.807927323889453,1,5.287062931869998,68.6134570317971,79.70844728755655,5,0,18.0,-14.0,0,4.0
uepP010,4,1,7,SR,18.0,-13.0,2,3.751148605136429,1,5.318400545198564,79.70844728755655,91.77799643789155,5,0,18.0,-14.0,0,4.0
uepP010,4,1,8,SR,18.0,-13.0,2,3.926429696807185,1,5.986271901972296,91.77799643789155,104.69069803667104,5,0,18.0,-14.0,0,4.0
uepP010,4,1,9,SR,18.0,-7.0,2,4.390023300930012,1,3.7890257016325264,104.69069803667104,115.86974703923357,5,0,18.0,-14.0,0,4.0
uepP010,4,1,10,SR,18.0,-14.0,2,2.089911079132025,1,5.190799660612315,115.86974703923357,126.15045777897791,5,0,18.0,-14.0,0,4.0
