subjectId,runId,blockId,trialId,condition,leftAnswer,rightAnswer,choiceDuration,isiDuration,feedbackDuration,itiDuration,stimOnset,itiOffset,leftColor,rightColor,mu1,mu2,sd1,sd2
uepP012,5,3,1,RS,-1.0,-2.0,2,2.0251753251145357,1,5.280868614809669,254.3210018940489,264.6270458339731,0,5,7.0,-2.0,4.0,0
uepP012,5,3,2,RS,12.0,-2.0,2,3.3061215118432017,1,5.275743104316449,264.6270458339731,276.20891045013275,0,5,7.0,-2.0,4.0,0
uepP012,5,3,3,RS,4.0,-2.0,2,2.2735468863025647,1,3.5541763479704063,276.20891045013275,285.0366336844057,0,5,7.0,-2.0,4.0,0
uepP012,5,3,4,RS,9.0,-2.0,2,2.7693745220173023,1,3.580631407154674,285.0366336844057,294.38663961357764,0,5,7.0,-2.0,4.0,0
uepP012,5,3,5,RS,3.0,-2.0,2,4.619296002050383,1,3.7294950699501217,294.38663961357764,305.73543068557814,0,5,7.0,-2.0,4.0,0
uepP012,5,3,6,RS,13.0,-2.0,2,4.264461925530907,1,3.3235119747598225,305.73543068557814,316.32340458586884,0,5,7.0,-2.0,4.0,0
uepP012,5,3,7,RS,12.0,-2.0,2,1.8292465950843326,1,3.8492585028582074,316.32340458586884,325.0019096838114,0,5,7.0,-2.0,4.0,0
uepP012,5,3,8,RS,2.0,-2.0,2,2.008933006058427,1,4.28555399867415,325.0019096838114,334.296396688544,0,5,7.0,-2.0,4.0,0
uepP012,5,3,9,RS,9.0,-2.0,2,4.097994769444785,1,5.298033753410639,334.296396688544,346.69242521139944,0,5,7.0,-2.0,4.0,0
uepP012,5,3,10,RS,14.0,-2.0,2,2.5001951470125503,1,3.873256080586787,346.69242521139944,356.06587643899877,0,5,7.0,-2.0,4.0,0
