subjectId,runId,blockId,trialId,condition,leftAnswer,rightAnswer,choiceDuration,isiDuration,feedbackDuration,itiDuration,stimOnset,itiOffset,leftColor,rightColor,mu1,mu2,sd1,sd2
uepP011,4,1,1,RS,14.0,3.0,2,3.53039040267127,1,5.2428786056925984,16,27.77326900836387,3,5,12.0,3.0,4.0,0
uepP011,4,1,2,RS,7.0,3.0,2,1.9496772769594635,1,6.267960437867316,27.77326900836387,38.99090672319065,3,5,12.0,3.0,4.0,0
uepP011,4,1,3,RS,9.0,3.0,2,2.8904811384792275,1,3.455980410049348,38.99090672319065,48.33736827171923,3,5,12.0,3.0,4.0,0
uepP011,4,1,4,RS,15.0,3.0,2,3.2751560541095532,1,3.9977692384042047,48.33736827171923,58.61029356423298,3,5,12.0,3.0,4.0,0
uepP011,4,1,5,RS,20.0,3.0,2,2.4402432784203936,1,4.6020345628713875,58.61029356423298,68.65257140552475,3,5,12.0,3.0,4.0,0
uepP011,4,1,6,RS,16.0,3.0,2,3.57852029167281,1,4.952455157522234,68.65257140552475,80.18354685471981,3,5,12.0,3.0,4.0,0
uepP011,4,1,7,RS,10.0,3.0,2,2.4569694281982017,1,5.567444528886378,80.18354685471981,91.2079608118044,3,5,12.0,3.0,4.0,0
uepP011,4,1,8,RS,6.0,3.0,2,3.592361605503363,1,5.258451171926492,91.2079608118044,103.05877358923425,3,5,12.0,3.0,4.0,0
uepP011,4,1,9,RS,19.0,3.0,2,3.2026171800652574,1,5.506263380006255,103.05877358923425,114.76765414930577,3,5,12.0,3.0,4.0,0
uepP011,4,1,10,RS,14.0,3.0,2,4.2781864797279825,1,3.4363214408633977,114.76765414930577,125.48216206989714,3,5,12.0,3.0,4.0,0
