subjectId,runId,blockId,trialId,condition,leftAnswer,rightAnswer,choiceDuration,isiDuration,feedbackDuration,itiDuration,stimOnset,itiOffset,leftColor,rightColor,mu1,mu2,sd1,sd2
uepP033,4,1,1,RR,4.0,4.0,2,1.7024929622526497,1,5.138079304040743,16,25.840572266293393,1,6,2.0,7.0,4.0,4.0
uepP033,4,1,2,RR,-5.0,6.0,2,1.9842256932097848,1,4.62770278859255,25.840572266293393,35.45250074809572,1,6,2.0,7.0,4.0,4.0
uepP033,4,1,3,RR,-1.0,5.0,2,2.101097536409702,1,5.08492163942983,35.45250074809572,45.638519923935256,1,6,2.0,7.0,4.0,4.0
uepP033,4,1,4,RR,6.0,4.0,2,2.9601659761841623,1,5.442307781724079,45.638519923935256,57.0409936818435,1,6,2.0,7.0,4.0,4.0
uepP033,4,1,5,RR,-1.0,1.0,2,3.6573211029314674,1,6.122420080374292,57.0409936818435,69.82073486514926,1,6,2.0,7.0,4.0,4.0
uepP033,4,1,6,RR,9.0,3.0,2,3.968077529673862,1,4.019313224368878,69.82073486514926,80.808125619192,1,6,2.0,7.0,4.0,4.0
uepP033,4,1,7,RR,4.0,11.0,2,4.7233087976024715,1,5.723375913872417,80.808125619192,94.25481033066688,1,6,2.0,7.0,4.0,4.0
uepP033,4,1,8,RR,-3.0,14.0,2,4.156658122174987,1,3.6733731093694235,94.25481033066688,105.0848415622113,1,6,2.0,7.0,4.0,4.0
uepP033,4,1,9,RR,6.0,6.0,2,2.1434548331851624,1,3.408270690858781,105.0848415622113,113.63656708625524,1,6,2.0,7.0,4.0,4.0
uepP033,4,1,10,RR,5.0,3.0,2,4.769877847175617,1,6.282363655311188,113.63656708625524,127.68880858874205,1,6,2.0,7.0,4.0,4.0
