subjectId,runId,blockId,trialId,condition,leftAnswer,rightAnswer,choiceDuration,isiDuration,feedbackDuration,itiDuration,stimOnset,itiOffset,leftColor,rightColor,mu1,mu2,sd1,sd2
uepP032,3,2,1,SS,-3.0,1.0,2,3.388323316312919,1,5.648515587926579,135.5210700003572,147.5579089045967,1,5,-3.0,1.0,0,0
uepP032,3,2,2,SS,-3.0,1.0,2,1.9989904396267377,1,4.558366228529604,147.5579089045967,157.11526557275303,1,5,-3.0,1.0,0,0
uepP032,3,2,3,SS,-3.0,1.0,2,4.2886940492214185,1,4.082771484986504,157.11526557275303,168.48673110696095,1,5,-3.0,1.0,0,0
uepP032,3,2,4,SS,-3.0,1.0,2,2.4972417775340987,1,4.816452031939424,168.48673110696095,178.80042491643448,1,5,-3.0,1.0,0,0
uepP032,3,2,5,SS,-3.0,1.0,2,3.0464066549392395,1,5.710500849132854,178.80042491643448,190.55733242050655,1,5,-3.0,1.0,0,0
uepP032,3,2,6,SS,-3.0,1.0,2,2.4790801654394863,1,5.587447139136591,190.55733242050655,201.62385972508264,1,5,-3.0,1.0,0,0
uepP032,3,2,7,SS,-3.0,1.0,2,1.6737637354351802,1,3.490749086013901,201.62385972508264,209.78837254653172,1,5,-3.0,1.0,0,0
uepP032,3,2,8,SS,-3.0,1.0,2,4.144685458095555,1,4.222428372750199,209.78837254653172,221.15548637737746,1,5,-3.0,1.0,0,0
uepP032,3,2,9,SS,-3.0,1.0,2,4.712756733683304,1,4.609486020186056,221.15548637737746,233.47772913124683,1,5,-3.0,1.0,0,0
uepP032,3,2,10,SS,-3.0,1.0,2,3.327295557866848,1,6.1784959811023885,233.47772913124683,245.98352067021608,1,5,-3.0,1.0,0,0
