subjectId,runId,blockId,trialId,condition,leftAnswer,rightAnswer,choiceDuration,isiDuration,feedbackDuration,itiDuration,stimOnset,itiOffset,leftColor,rightColor,mu1,mu2,sd1,sd2
uepP002,5,4,1,RR,2.0,12.0,2,3.8942333783840444,1,5.351731850104723,366.71989294271197,378.96585817120075,7,2,2.0,16.0,4.0,4.0
uepP002,5,4,2,RR,2.0,16.0,2,2.2015487743809206,1,5.7279036686720755,378.96585817120075,389.89531061425373,7,2,2.0,16.0,4.0,4.0
uepP002,5,4,3,RR,6.0,7.0,2,2.1512761231548665,1,4.260507858837055,389.89531061425373,399.30709459624563,7,2,2.0,16.0,4.0,4.0
uepP002,5,4,4,RR,0.0,11.0,2,4.355042603640946,1,3.935285825850802,399.30709459624563,410.5974230257374,7,2,2.0,16.0,4.0,4.0
uepP002,5,4,5,RR,7.0,16.0,2,1.601298656329972,1,3.393719555097943,410.5974230257374,418.5924412371653,7,2,2.0,16.0,4.0,4.0
uepP002,5,4,6,RR,2.0,19.0,2,2.5601449450763334,1,4.983828934404722,418.5924412371653,429.13641511664633,7,2,2.0,16.0,4.0,4.0
uepP002,5,4,7,RR,3.0,17.0,2,2.844110725878573,1,5.04413751070429,429.13641511664633,440.0246633532292,7,2,2.0,16.0,4.0,4.0
uepP002,5,4,8,RR,1.0,16.0,2,4.002613332511022,1,5.704749207935342,440.0246633532292,452.73202589367554,7,2,2.0,16.0,4.0,4.0
uepP002,5,4,9,RR,6.0,12.0,2,1.7765764659103647,1,4.959669208790623,452.73202589367554,462.4682715683765,7,2,2.0,16.0,4.0,4.0
uepP002,5,4,10,RR,-2.0,14.0,2,2.971077850207378,1,5.560650581415979,462.4682715683765,473.9999999999999,7,2,2.0,16.0,4.0,4.0
