subjectId,runId,blockId,trialId,condition,leftAnswer,rightAnswer,choiceDuration,isiDuration,feedbackDuration,itiDuration,stimOnset,itiOffset,leftColor,rightColor,mu1,mu2,sd1,sd2
uepP027,5,2,1,RR,-9.0,21.0,2,3.557316273488958,1,6.737065737586854,131.4919989034263,144.7863809145021,7,6,-11.0,15.0,4.0,4.0
uepP027,5,2,2,RR,-13.0,12.0,2,4.779013655859987,1,4.459072784363386,144.7863809145021,157.02446735472546,7,6,-11.0,15.0,4.0,4.0
uepP027,5,2,3,RR,-9.0,12.0,2,1.9918682043659128,1,4.715084755608288,157.02446735472546,166.73142031469968,7,6,-11.0,15.0,4.0,4.0
uepP027,5,2,4,RR,-15.0,15.0,2,1.9079486535628465,1,5.560627722094459,166.73142031469968,177.19999669035698,7,6,-11.0,15.0,4.0,4.0
uepP027,5,2,5,RR,-8.0,16.0,2,2.9016015110519398,1,4.530201538241757,177.19999669035698,187.6317997396507,7,6,-11.0,15.0,4.0,4.0
uepP027,5,2,6,RR,-10.0,14.0,2,4.228739625919594,1,3.671307392074075,187.6317997396507,198.53184675764436,7,6,-11.0,15.0,4.0,4.0
uepP027,5,2,7,RR,-6.0,13.0,2,2.017224898714691,1,5.323452838933329,198.53184675764436,208.87252449529237,7,6,-11.0,15.0,4.0,4.0
uepP027,5,2,8,RR,-5.0,18.0,2,4.881002368104588,1,5.514956592273575,208.87252449529237,222.26848345567052,7,6,-11.0,15.0,4.0,4.0
uepP027,5,2,9,RR,-12.0,10.0,2,2.457788835401929,1,4.285299249423598,222.26848345567052,232.01157154049605,7,6,-11.0,15.0,4.0,4.0
uepP027,5,2,10,RR,-10.0,14.0,2,4.011288502635508,1,3.6736378628087136,232.01157154049605,242.69649790594025,7,6,-11.0,15.0,4.0,4.0
