subjectId,runId,blockId,trialId,condition,leftAnswer,rightAnswer,choiceDuration,isiDuration,feedbackDuration,itiDuration,stimOnset,itiOffset,leftColor,rightColor,mu1,mu2,sd1,sd2
uepP052,3,2,1,SR,-0.0,0.0,2,1.758235512471363,1,3.439923473465237,136.0681971633738,144.2663561493104,4,3,-0.0,-5.0,0,4.0
uepP052,3,2,2,SR,-0.0,-3.0,2,4.488408723774303,1,3.2972728553468675,144.2663561493104,155.0520377284316,4,3,-0.0,-5.0,0,4.0
uepP052,3,2,3,SR,-0.0,2.0,2,4.646907279880251,1,5.5353031230699985,155.0520377284316,168.23424813138186,4,3,-0.0,-5.0,0,4.0
uepP052,3,2,4,SR,-0.0,-5.0,2,2.912691879498865,1,4.122649655549179,168.23424813138186,178.26958966642988,4,3,-0.0,-5.0,0,4.0
uepP052,3,2,5,SR,-0.0,2.0,2,2.6749614716229484,1,4.506423766914007,178.26958966642988,188.4509749049668,4,3,-0.0,-5.0,0,4.0
uepP052,3,2,6,SR,-0.0,-7.0,2,2.728922617790313,1,3.36754453230239,188.4509749049668,197.54744205505952,4,3,-0.0,-5.0,0,4.0
uepP052,3,2,7,SR,-0.0,-8.0,2,3.1839198567098186,1,4.53303837259375,197.54744205505952,208.2644002843631,4,3,-0.0,-5.0,0,4.0
uepP052,3,2,8,SR,-0.0,-7.0,2,4.4776480372359195,1,5.432266972376497,208.2644002843631,221.17431529397552,4,3,-0.0,-5.0,0,4.0
uepP052,3,2,9,SR,-0.0,-4.0,2,2.7113112887701045,1,5.3727966595639245,221.17431529397552,232.25842324230956,4,3,-0.0,-5.0,0,4.0
uepP052,3,2,10,SR,-0.0,-9.0,2,1.812126505056934,1,5.366951910096911,232.25842324230956,242.4375016574634,4,3,-0.0,-5.0,0,4.0
