subjectId,runId,blockId,trialId,condition,leftAnswer,rightAnswer,choiceDuration,isiDuration,feedbackDuration,itiDuration,stimOnset,itiOffset,leftColor,rightColor,mu1,mu2,sd1,sd2
uepP032,5,2,1,RS,16.0,9.0,2,3.3856866975274817,1,5.654061981029669,132.87048544444048,144.91023412299762,6,3,14.0,9.0,4.0,0
uepP032,5,2,2,RS,8.0,9.0,2,3.659366675179926,1,5.339985817211024,144.91023412299762,156.90958661538858,6,3,14.0,9.0,4.0,0
uepP032,5,2,3,RS,19.0,9.0,2,4.600851462162744,1,3.31826730009903,156.90958661538858,167.82870537765035,6,3,14.0,9.0,4.0,0
uepP032,5,2,4,RS,17.0,9.0,2,2.92410934485677,1,4.195874629933667,167.82870537765035,177.94868935244077,6,3,14.0,9.0,4.0,0
uepP032,5,2,5,RS,17.0,9.0,2,4.508786491035993,1,4.944753149641849,177.94868935244077,190.40222899311863,6,3,14.0,9.0,4.0,0
uepP032,5,2,6,RS,10.0,9.0,2,1.7834605789968956,1,5.270448559560899,190.40222899311863,200.45613813167643,6,3,14.0,9.0,4.0,0
uepP032,5,2,7,RS,13.0,9.0,2,3.3609972754143396,1,3.5326932753013467,200.45613813167643,210.34982868239211,6,3,14.0,9.0,4.0,0
uepP032,5,2,8,RS,14.0,9.0,2,2.5505804299682726,1,6.2058653122420395,210.34982868239211,222.10627442460242,6,3,14.0,9.0,4.0,0
uepP032,5,2,9,RS,12.0,9.0,2,4.109766813649132,1,3.2870633498112753,222.10627442460242,232.50310458806283,6,3,14.0,9.0,4.0,0
uepP032,5,2,10,RS,15.0,9.0,2,1.7778349322880993,1,3.336806184075104,232.50310458806283,240.61774570442603,6,3,14.0,9.0,4.0,0
