subjectId,runId,blockId,trialId,condition,leftAnswer,rightAnswer,choiceDuration,isiDuration,feedbackDuration,itiDuration,stimOnset,itiOffset,leftColor,rightColor,mu1,mu2,sd1,sd2
uepP057,4,3,1,RS,-22.0,3.0,2,1.8034463374713467,1,5.339434383036177,246.8611886876534,257.0040694081609,4,3,-17.0,3.0,4.0,0
uepP057,4,3,2,RS,-16.0,3.0,2,4.063479882610477,1,4.575607745651375,257.0040694081609,268.64315703642274,4,3,-17.0,3.0,4.0,0
uepP057,4,3,3,RS,-23.0,3.0,2,1.6198466642767109,1,3.617345446436896,268.64315703642274,276.88034914713637,4,3,-17.0,3.0,4.0,0
uepP057,4,3,4,RS,-20.0,3.0,2,2.566921012121131,1,4.299173733166973,276.88034914713637,286.7464438924245,4,3,-17.0,3.0,4.0,0
uepP057,4,3,5,RS,-15.0,3.0,2,4.317519368605684,1,3.6039106197599198,286.7464438924245,297.6678738807901,4,3,-17.0,3.0,4.0,0
uepP057,4,3,6,RS,-12.0,3.0,2,2.6126993324041585,1,5.9891056611433156,297.6678738807901,309.26967887433756,4,3,-17.0,3.0,4.0,0
uepP057,4,3,7,RS,-13.0,3.0,2,3.0046334412893847,1,3.863568812289987,309.26967887433756,319.13788112791696,4,3,-17.0,3.0,4.0,0
uepP057,4,3,8,RS,-17.0,3.0,2,4.282699980026834,1,4.617764925565809,319.13788112791696,331.03834603350964,4,3,-17.0,3.0,4.0,0
uepP057,4,3,9,RS,-9.0,3.0,2,2.633093003399153,1,5.750042452703953,331.03834603350964,342.42148148961275,4,3,-17.0,3.0,4.0,0
uepP057,4,3,10,RS,-17.0,3.0,2,4.047027502200168,1,4.800413086409183,342.42148148961275,354.26892207822215,4,3,-17.0,3.0,4.0,0
