subjectId,runId,blockId,trialId,condition,leftAnswer,rightAnswer,choiceDuration,isiDuration,feedbackDuration,itiDuration,stimOnset,itiOffset,leftColor,rightColor,mu1,mu2,sd1,sd2
uepP035,1,1,1,RR,-17.0,-21.0,2,4.0981913827495,1,4.792020281020255,16,27.890211663769755,3,6,-10.0,-24.0,4.0,4.0
uepP035,1,1,2,RR,-12.0,-28.0,2,1.8312674714898265,1,5.238656489212817,27.890211663769755,37.9601356244724,3,6,-10.0,-24.0,4.0,4.0
uepP035,1,1,3,RR,-15.0,-23.0,2,3.766175499863836,1,5.902811265977635,37.9601356244724,50.62912239031387,3,6,-10.0,-24.0,4.0,4.0
uepP035,1,1,4,RR,-13.0,-25.0,2,3.383291269438474,1,5.392390033960771,50.62912239031387,62.40480369371311,3,6,-10.0,-24.0,4.0,4.0
uepP035,1,1,5,RR,-4.0,-21.0,2,4.0584332566998755,1,4.584399745743235,62.40480369371311,74.04763669615623,3,6,-10.0,-24.0,4.0,4.0
uepP035,1,1,6,RR,-14.0,-24.0,2,3.3857837235211847,1,6.357957549161325,74.04763669615623,86.79137796883875,3,6,-10.0,-24.0,4.0,4.0
uepP035,1,1,7,RR,-12.0,-24.0,2,3.054838649830336,1,5.333696832116386,86.79137796883875,98.17991345078546,3,6,-10.0,-24.0,4.0,4.0
uepP035,1,1,8,RR,-9.0,-30.0,2,1.6643658658401532,1,3.581130405377044,98.17991345078546,106.42540972200266,3,6,-10.0,-24.0,4.0,4.0
uepP035,1,1,9,RR,-6.0,-24.0,2,3.619879115080525,1,5.9412707037553885,106.42540972200266,118.98655954083857,3,6,-10.0,-24.0,4.0,4.0
uepP035,1,1,10,RR,-8.0,-27.0,2,2.0891831978710638,1,3.7137994776731422,118.98655954083857,127.78954221638278,3,6,-10.0,-24.0,4.0,4.0
