subjectId,runId,blockId,trialId,condition,leftAnswer,rightAnswer,choiceDuration,isiDuration,feedbackDuration,itiDuration,stimOnset,itiOffset,leftColor,rightColor,mu1,mu2,sd1,sd2
uepP054,6,2,1,RR,-3.0,3.0,2,3.2480412909382084,1,4.733433167680696,132.23983087250627,143.22130533112517,5,4,-7.0,5.0,4.0,4.0
uepP054,6,2,2,RR,-3.0,2.0,2,2.198635047797294,1,5.560023043717638,143.22130533112517,153.9799634226401,5,4,-7.0,5.0,4.0,4.0
uepP054,6,2,3,RR,-7.0,3.0,2,4.072845181530361,1,3.955968402780068,153.9799634226401,165.00877700695054,5,4,-7.0,5.0,4.0,4.0
uepP054,6,2,4,RR,-8.0,7.0,2,3.3950847759317284,1,3.9281517971473603,165.00877700695054,175.33201358002964,5,4,-7.0,5.0,4.0,4.0
uepP054,6,2,5,RR,-8.0,1.0,2,4.195292518316564,1,4.198067234375148,175.33201358002964,186.72537333272135,5,4,-7.0,5.0,4.0,4.0
uepP054,6,2,6,RR,-7.0,10.0,2,1.9011327636214157,1,6.069430128203582,186.72537333272135,197.69593622454633,5,4,-7.0,5.0,4.0,4.0
uepP054,6,2,7,RR,-6.0,4.0,2,3.3942224346136856,1,4.843008204642652,197.69593622454633,208.93316686380265,5,4,-7.0,5.0,4.0,4.0
uepP054,6,2,8,RR,-5.0,9.0,2,2.9753183097539617,1,3.3380731848416882,208.93316686380265,218.2465583583983,5,4,-7.0,5.0,4.0,4.0
uepP054,6,2,9,RR,-3.0,8.0,2,4.121861011753489,1,4.272377554597,218.2465583583983,229.64079692474877,5,4,-7.0,5.0,4.0,4.0
uepP054,6,2,10,RR,-7.0,11.0,2,4.466094428621914,1,5.585884018501553,229.64079692474877,242.69277537187224,5,4,-7.0,5.0,4.0,4.0
