subjectId,runId,blockId,trialId,condition,leftAnswer,rightAnswer,choiceDuration,isiDuration,feedbackDuration,itiDuration,stimOnset,itiOffset,leftColor,rightColor,mu1,mu2,sd1,sd2
uepP005,6,4,1,RR,2.0,-10.0,2,4.305577946400251,1,3.3647818769632325,366.4362246590482,377.1065844824117,1,6,1.0,-7.0,4.0,4.0
uepP005,6,4,2,RR,5.0,-7.0,2,2.1510022526594805,1,5.593966389625523,377.1065844824117,387.85155312469664,1,6,1.0,-7.0,4.0,4.0
uepP005,6,4,3,RR,1.0,-8.0,2,2.730255994013009,1,4.157864228654887,387.85155312469664,397.73967334736454,1,6,1.0,-7.0,4.0,4.0
uepP005,6,4,4,RR,5.0,-6.0,2,4.306934675273186,1,6.0349455196961515,397.73967334736454,411.08155354233384,1,6,1.0,-7.0,4.0,4.0
uepP005,6,4,5,RR,-1.0,-9.0,2,3.439440493400242,1,3.262141275635331,411.08155354233384,420.7831353113694,1,6,1.0,-7.0,4.0,4.0
uepP005,6,4,6,RR,8.0,-4.0,2,2.4394929650725183,1,4.677126671764028,420.7831353113694,430.89975494820595,1,6,1.0,-7.0,4.0,4.0
uepP005,6,4,7,RR,9.0,-8.0,2,2.320313074200517,1,5.834610311484656,430.89975494820595,442.0546783338911,1,6,1.0,-7.0,4.0,4.0
uepP005,6,4,8,RR,1.0,-4.0,2,3.2649318770486886,1,5.321331921911732,442.0546783338911,453.64094213285154,1,6,1.0,-7.0,4.0,4.0
uepP005,6,4,9,RR,7.0,-5.0,2,2.55498620202254,1,5.770050694104908,453.64094213285154,464.96597902897895,1,6,1.0,-7.0,4.0,4.0
uepP005,6,4,10,RR,3.0,-9.0,2,2.8453700797915067,1,3.188650891229385,464.96597902897895,473.99999999999983,1,6,1.0,-7.0,4.0,4.0
