subjectId,runId,blockId,trialId,condition,leftAnswer,rightAnswer,choiceDuration,isiDuration,feedbackDuration,itiDuration,stimOnset,itiOffset,leftColor,rightColor,mu1,mu2,sd1,sd2
uepP057,2,2,1,RR,-24.0,1.0,2,4.080517595690583,1,4.76145068775539,127.22056131071763,139.06252959416364,6,3,-22.0,3.0,4.0,4.0
uepP057,2,2,2,RR,-20.0,6.0,2,3.51905587441448,1,5.052102119766437,139.06252959416364,150.63368758834454,6,3,-22.0,3.0,4.0,4.0
uepP057,2,2,3,RR,-18.0,-1.0,2,2.711107711412343,1,5.932190100962806,150.63368758834454,162.2769854007197,6,3,-22.0,3.0,4.0,4.0
uepP057,2,2,4,RR,-23.0,4.0,2,2.792358905624867,1,4.944507910982222,162.2769854007197,173.0138522173268,6,3,-22.0,3.0,4.0,4.0
uepP057,2,2,5,RR,-22.0,-7.0,2,2.9427809304522605,1,5.626421566099862,173.0138522173268,184.5830547138789,6,3,-22.0,3.0,4.0,4.0
uepP057,2,2,6,RR,-28.0,5.0,2,4.149666222467526,1,4.670938090945338,184.5830547138789,196.40365902729175,6,3,-22.0,3.0,4.0,4.0
uepP057,2,2,7,RR,-25.0,9.0,2,4.5868994524512985,1,4.944073741817513,196.40365902729175,208.93463222156055,6,3,-22.0,3.0,4.0,4.0
uepP057,2,2,8,RR,-23.0,9.0,2,3.9175266115711564,1,3.618058629510146,208.93463222156055,219.47021746264187,6,3,-22.0,3.0,4.0,4.0
uepP057,2,2,9,RR,-33.0,-2.0,2,4.357781917042246,1,6.278910018981245,219.47021746264187,233.10690939866535,6,3,-22.0,3.0,4.0,4.0
uepP057,2,2,10,RR,-16.0,5.0,2,3.9203780884839885,1,6.377847907438827,233.10690939866535,246.40513539458817,6,3,-22.0,3.0,4.0,4.0
