subjectId,runId,blockId,trialId,condition,leftAnswer,rightAnswer,choiceDuration,isiDuration,feedbackDuration,itiDuration,stimOnset,itiOffset,leftColor,rightColor,mu1,mu2,sd1,sd2
uepP043,3,3,1,RS,11.0,-7.0,2,3.729118835229942,1,3.8661369845078672,248.75061261869308,259.3458684384309,2,1,9.0,-7.0,4.0,0
uepP043,3,3,2,RS,5.0,-7.0,2,3.6726597390235924,1,5.545285920542204,259.3458684384309,271.56381409799667,2,1,9.0,-7.0,4.0,0
uepP043,3,3,3,RS,14.0,-7.0,2,3.6529891568720307,1,4.901229524294724,271.56381409799667,283.1180327791634,2,1,9.0,-7.0,4.0,0
uepP043,3,3,4,RS,10.0,-7.0,2,2.384096601642759,1,4.86762957318147,283.1180327791634,293.3697589539876,2,1,9.0,-7.0,4.0,0
uepP043,3,3,5,RS,15.0,-7.0,2,1.7098657129114407,1,5.808031612857076,293.3697589539876,303.88765627975613,2,1,9.0,-7.0,4.0,0
uepP043,3,3,6,RS,7.0,-7.0,2,3.3788752381165637,1,6.014598289169917,303.88765627975613,316.2811298070426,2,1,9.0,-7.0,4.0,0
uepP043,3,3,7,RS,11.0,-7.0,2,2.0452244835802773,1,5.86344966652749,316.2811298070426,327.1898039571504,2,1,9.0,-7.0,4.0,0
uepP043,3,3,8,RS,8.0,-7.0,2,4.841311587050978,1,5.6923777360160726,327.1898039571504,340.72349328021744,2,1,9.0,-7.0,4.0,0
uepP043,3,3,9,RS,16.0,-7.0,2,2.7891321013910964,1,4.561349756520248,340.72349328021744,351.0739751381288,2,1,9.0,-7.0,4.0,0
uepP043,3,3,10,RS,7.0,-7.0,2,3.712270612827268,1,3.8289400430609644,351.0739751381288,361.615185794017,2,1,9.0,-7.0,4.0,0
