subjectId,runId,blockId,trialId,condition,leftAnswer,rightAnswer,choiceDuration,isiDuration,feedbackDuration,itiDuration,stimOnset,itiOffset,leftColor,rightColor,mu1,mu2,sd1,sd2
uepP044,1,2,1,SS,-1.0,6.0,2,3.270997583570297,1,4.492065216723762,141.18748140994393,151.950544210238,6,4,-1.0,6.0,0,0
uepP044,1,2,2,SS,-1.0,6.0,2,2.114861181957909,1,6.349068448834299,151.950544210238,163.4144738410302,6,4,-1.0,6.0,0,0
uepP044,1,2,3,SS,-1.0,6.0,2,4.388347059027159,1,4.160375876187616,163.4144738410302,174.96319677624498,6,4,-1.0,6.0,0,0
uepP044,1,2,4,SS,-1.0,6.0,2,3.632234241243408,1,5.042620700244162,174.96319677624498,186.63805171773254,6,4,-1.0,6.0,0,0
uepP044,1,2,5,SS,-1.0,6.0,2,3.6936374729446584,1,3.2917528199050765,186.63805171773254,196.62344201058227,6,4,-1.0,6.0,0,0
uepP044,1,2,6,SS,-1.0,6.0,2,2.2832874272519246,1,5.221816218769176,196.62344201058227,207.12854565660336,6,4,-1.0,6.0,0,0
uepP044,1,2,7,SS,-1.0,6.0,2,2.791352521444845,1,3.3193799573749905,207.12854565660336,216.2392781354232,6,4,-1.0,6.0,0,0
uepP044,1,2,8,SS,-1.0,6.0,2,3.054954831738223,1,4.291574014506613,216.2392781354232,226.58580698166804,6,4,-1.0,6.0,0,0
uepP044,1,2,9,SS,-1.0,6.0,2,2.033452051178896,1,4.593375357069859,226.58580698166804,236.2126343899168,6,4,-1.0,6.0,0,0
uepP044,1,2,10,SS,-1.0,6.0,2,4.4728147807696415,1,6.334327328173404,236.2126343899168,250.01977649885984,6,4,-1.0,6.0,0,0
