subjectId,runId,blockId,trialId,condition,leftAnswer,rightAnswer,choiceDuration,isiDuration,feedbackDuration,itiDuration,stimOnset,itiOffset,leftColor,rightColor,mu1,mu2,sd1,sd2
uepP039,1,4,1,RR,-10.0,6.0,2,3.078307872955381,1,4.882961673470944,360.518639264023,371.4799088104494,4,5,-10.0,9.0,4.0,4.0
uepP039,1,4,2,RR,-7.0,10.0,2,2.95493422044994,1,4.3828220730216225,371.4799088104494,381.81766510392094,4,5,-10.0,9.0,4.0,4.0
uepP039,1,4,3,RR,-12.0,11.0,2,4.127832306420358,1,3.3931274022213396,381.81766510392094,392.33862481256267,4,5,-10.0,9.0,4.0,4.0
uepP039,1,4,4,RR,-10.0,-0.0,2,3.326890848156612,1,4.272313617857629,392.33862481256267,402.9378292785769,4,5,-10.0,9.0,4.0,4.0
uepP039,1,4,5,RR,-12.0,12.0,2,2.776577015663477,1,3.660674117389689,402.9378292785769,412.37508041163005,4,5,-10.0,9.0,4.0,4.0
uepP039,1,4,6,RR,-8.0,5.0,2,3.0133776049943606,1,6.358411481046989,412.37508041163005,424.7468694976714,4,5,-10.0,9.0,4.0,4.0
uepP039,1,4,7,RR,-15.0,4.0,2,3.3651219446007214,1,5.523845982073878,424.7468694976714,436.635837424346,4,5,-10.0,9.0,4.0,4.0
uepP039,1,4,8,RR,-10.0,7.0,2,3.392388808687,1,6.209712761816077,436.635837424346,449.23793899484906,4,5,-10.0,9.0,4.0,4.0
uepP039,1,4,9,RR,-7.0,14.0,2,3.870576633849847,1,5.06997276477766,449.23793899484906,461.1784883934766,4,5,-10.0,9.0,4.0,4.0
uepP039,1,4,10,RR,-10.0,3.0,2,4.442203056369022,1,5.379308550154456,461.1784883934766,474.00000000000006,4,5,-10.0,9.0,4.0,4.0
