subjectId,runId,blockId,trialId,condition,leftAnswer,rightAnswer,choiceDuration,isiDuration,feedbackDuration,itiDuration,stimOnset,itiOffset,leftColor,rightColor,mu1,mu2,sd1,sd2
uepP007,4,3,1,RS,11.0,-1.0,2,3.4420952273044367,1,4.956761017527501,248.1758513817147,259.5747076265466,2,1,12.0,-1.0,4.0,0
uepP007,4,3,2,RS,11.0,-1.0,2,3.655469186070688,1,5.93509214123203,259.5747076265466,272.1652689538493,2,1,12.0,-1.0,4.0,0
uepP007,4,3,3,RS,10.0,-1.0,2,3.973890177219283,1,3.919863411188438,272.1652689538493,283.059022542257,2,1,12.0,-1.0,4.0,0
uepP007,4,3,4,RS,17.0,-1.0,2,1.6370902886594587,1,4.848041253243012,283.059022542257,292.5441540841595,2,1,12.0,-1.0,4.0,0
uepP007,4,3,5,RS,13.0,-1.0,2,1.8310975410988855,1,5.0556086520836745,292.5441540841595,302.43086027734205,2,1,12.0,-1.0,4.0,0
uepP007,4,3,6,RS,12.0,-1.0,2,2.0060227731987905,1,5.871519691338608,302.43086027734205,313.30840274187943,2,1,12.0,-1.0,4.0,0
uepP007,4,3,7,RS,8.0,-1.0,2,4.068430306008833,1,4.434420010712537,313.30840274187943,324.8112530586008,2,1,12.0,-1.0,4.0,0
uepP007,4,3,8,RS,5.0,-1.0,2,3.8307295588914507,1,3.5514285853607626,324.8112530586008,335.19341120285304,2,1,12.0,-1.0,4.0,0
uepP007,4,3,9,RS,15.0,-1.0,2,2.53873341694297,1,5.476765301986,335.19341120285304,346.20890992178204,2,1,12.0,-1.0,4.0,0
uepP007,4,3,10,RS,13.0,-1.0,2,2.070134364870768,1,5.7960174707143945,346.20890992178204,357.0750617573672,2,1,12.0,-1.0,4.0,0
