subjectId,runId,blockId,trialId,condition,leftAnswer,rightAnswer,choiceDuration,isiDuration,feedbackDuration,itiDuration,stimOnset,itiOffset,leftColor,rightColor,mu1,mu2,sd1,sd2
uepP004,4,4,1,RS,-5.0,-12.0,2,3.0108780336098238,1,5.532309770975042,361.2656289360324,372.8088167406172,6,0,-8.0,-12.0,4.0,0
uepP004,4,4,2,RS,-4.0,-12.0,2,3.1851169492222673,1,5.322601301728716,372.8088167406172,384.3165349915682,6,0,-8.0,-12.0,4.0,0
uepP004,4,4,3,RS,-12.0,-12.0,2,4.7312728885859485,1,4.834850799392158,384.3165349915682,396.88265867954624,6,0,-8.0,-12.0,4.0,0
uepP004,4,4,4,RS,-13.0,-12.0,2,4.5016697772658105,1,5.100736949091068,396.88265867954624,409.48506540590313,6,0,-8.0,-12.0,4.0,0
uepP004,4,4,5,RS,-8.0,-12.0,2,3.2881812826442927,1,3.4331508757496794,409.48506540590313,419.2063975642971,6,0,-8.0,-12.0,4.0,0
uepP004,4,4,6,RS,-7.0,-12.0,2,4.144940055259884,1,5.349369140518289,419.2063975642971,431.70070676007526,6,0,-8.0,-12.0,4.0,0
uepP004,4,4,7,RS,-8.0,-12.0,2,3.1898090826115033,1,6.197688056376402,431.70070676007526,444.08820389906316,6,0,-8.0,-12.0,4.0,0
uepP004,4,4,8,RS,-11.0,-12.0,2,2.749030558180019,1,3.6752606325277135,444.08820389906316,453.51249508977094,6,0,-8.0,-12.0,4.0,0
uepP004,4,4,9,RS,-10.0,-12.0,2,3.253028565775787,1,4.112924749472433,453.51249508977094,463.8784484050191,6,0,-8.0,-12.0,4.0,0
uepP004,4,4,10,RS,-5.0,-12.0,2,3.4732475004168593,1,3.6483040945639096,463.8784484050191,473.9999999999999,6,0,-8.0,-12.0,4.0,0
