subjectId,runId,blockId,trialId,condition,leftAnswer,rightAnswer,choiceDuration,isiDuration,feedbackDuration,itiDuration,stimOnset,itiOffset,leftColor,rightColor,mu1,mu2,sd1,sd2
uepP040,3,1,1,RR,3.0,-11.0,2,2.473317797831882,1,3.6590522955877396,16,25.13237009341962,0,2,-0.0,-12.0,4.0,4.0
uepP040,3,1,2,RR,-1.0,-9.0,2,3.237387432042062,1,3.1645682877677452,25.13237009341962,34.53432581322943,0,2,-0.0,-12.0,4.0,4.0
uepP040,3,1,3,RR,2.0,-10.0,2,4.499153250611351,1,3.2931597739412646,34.53432581322943,45.32663883778204,0,2,-0.0,-12.0,4.0,4.0
uepP040,3,1,4,RR,2.0,-15.0,2,2.095883583560108,1,5.806140862362908,45.32663883778204,56.22866328370506,0,2,-0.0,-12.0,4.0,4.0
uepP040,3,1,5,RR,-5.0,-8.0,2,2.8921445662432226,1,3.3301934050811783,56.22866328370506,65.45100125502947,0,2,-0.0,-12.0,4.0,4.0
uepP040,3,1,6,RR,2.0,-7.0,2,4.109326956850671,1,5.028351396451261,65.45100125502947,77.58867960833139,0,2,-0.0,-12.0,4.0,4.0
uepP040,3,1,7,RR,1.0,-10.0,2,2.461156885754733,1,4.6120438230543535,77.58867960833139,87.66188031714047,0,2,-0.0,-12.0,4.0,4.0
uepP040,3,1,8,RR,-1.0,-11.0,2,1.7742036242467267,1,4.948676529234817,87.66188031714047,97.38476047062201,0,2,-0.0,-12.0,4.0,4.0
uepP040,3,1,9,RR,6.0,-15.0,2,3.406077537349691,1,5.254295188935642,97.38476047062201,109.04513319690734,0,2,-0.0,-12.0,4.0,4.0
uepP040,3,1,10,RR,-4.0,-8.0,2,4.484054678945001,1,4.900964115309915,109.04513319690734,121.43015199116226,0,2,-0.0,-12.0,4.0,4.0
