subjectId,runId,blockId,trialId,condition,leftAnswer,rightAnswer,choiceDuration,isiDuration,feedbackDuration,itiDuration,stimOnset,itiOffset,leftColor,rightColor,mu1,mu2,sd1,sd2
uepP056,6,4,1,RR,0.0,-10.0,2,2.04573165974362,1,6.049305669444801,371.2013954141547,382.29643274334313,7,4,-1.0,-15.0,4.0,4.0
uepP056,6,4,2,RR,-8.0,-18.0,2,1.5999835887340583,1,5.23008248929638,382.29643274334313,392.12649882137356,7,4,-1.0,-15.0,4.0,4.0
uepP056,6,4,3,RR,3.0,-11.0,2,3.041937192274844,1,4.157086374938145,392.12649882137356,402.32552238858653,7,4,-1.0,-15.0,4.0,4.0
uepP056,6,4,4,RR,6.0,-9.0,2,2.9310923124111774,1,3.502758788378307,402.32552238858653,411.759373489376,7,4,-1.0,-15.0,4.0,4.0
uepP056,6,4,5,RR,-3.0,-18.0,2,2.474402824076235,1,5.018877286687011,411.759373489376,422.25265360013924,7,4,-1.0,-15.0,4.0,4.0
uepP056,6,4,6,RR,4.0,-14.0,2,3.0318857894132223,1,5.0807681415528245,422.25265360013924,433.36530753110526,7,4,-1.0,-15.0,4.0,4.0
uepP056,6,4,7,RR,7.0,-24.0,2,3.675809621489459,1,5.657305669926395,433.36530753110526,445.69842282252114,7,4,-1.0,-15.0,4.0,4.0
uepP056,6,4,8,RR,-1.0,-13.0,2,2.1445433005727863,1,4.5983582703456,445.69842282252114,455.4413243934395,7,4,-1.0,-15.0,4.0,4.0
uepP056,6,4,9,RR,-1.0,-10.0,2,2.8272612312138876,1,4.62705367803193,455.4413243934395,465.8956393026853,7,4,-1.0,-15.0,4.0,4.0
uepP056,6,4,10,RR,-2.0,-22.0,2,1.8554029814923438,1,3.248957715822177,465.8956393026853,473.99999999999983,7,4,-1.0,-15.0,4.0,4.0
