subjectId,runId,blockId,trialId,condition,leftAnswer,rightAnswer,choiceDuration,isiDuration,feedbackDuration,itiDuration,stimOnset,itiOffset,leftColor,rightColor,mu1,mu2,sd1,sd2
uepP031,5,4,1,SS,-11.0,16.0,2,2.8593603186756043,1,4.354361951216274,367.26430010055014,377.47802237044203,5,0,-11.0,16.0,0,0
uepP031,5,4,2,SS,-11.0,16.0,2,2.56927015816354,1,4.436231042455485,377.47802237044203,387.483523571061,5,0,-11.0,16.0,0,0
uepP031,5,4,3,SS,-11.0,16.0,2,2.2402568873012734,1,4.674603201972826,387.483523571061,397.3983836603351,5,0,-11.0,16.0,0,0
uepP031,5,4,4,SS,-11.0,16.0,2,4.774650335491392,1,4.21022905609227,397.3983836603351,409.3832630519188,5,0,-11.0,16.0,0,0
uepP031,5,4,5,SS,-11.0,16.0,2,2.162971430988553,1,3.615133429318346,409.3832630519188,418.16136791222567,5,0,-11.0,16.0,0,0
uepP031,5,4,6,SS,-11.0,16.0,2,3.747508398316067,1,4.131642777437061,418.16136791222567,429.0405190879788,5,0,-11.0,16.0,0,0
uepP031,5,4,7,SS,-11.0,16.0,2,3.209326525978638,1,6.699982424539576,429.0405190879788,441.949828038497,5,0,-11.0,16.0,0,0
uepP031,5,4,8,SS,-11.0,16.0,2,2.1708770802903197,1,5.014765606297871,441.949828038497,452.1354707250852,5,0,-11.0,16.0,0,0
uepP031,5,4,9,SS,-11.0,16.0,2,2.1302728053070297,1,3.65505537953581,452.1354707250852,460.92079890992807,5,0,-11.0,16.0,0,0
uepP031,5,4,10,SS,-11.0,16.0,2,4.863640358166094,1,5.215560731905817,460.92079890992807,474.0,5,0,-11.0,16.0,0,0
