subjectId,runId,blockId,trialId,condition,leftAnswer,rightAnswer,choiceDuration,isiDuration,feedbackDuration,itiDuration,stimOnset,itiOffset,leftColor,rightColor,mu1,mu2,sd1,sd2
uepP032,1,4,1,RR,3.0,-13.0,2,4.647249651874563,1,4.174116754656251,362.9853693131419,374.80673571967276,3,5,2.0,-14.0,4.0,4.0
uepP032,1,4,2,RR,-0.0,-21.0,2,3.6963353904548697,1,4.744896700653483,374.80673571967276,386.2479678107811,3,5,2.0,-14.0,4.0,4.0
uepP032,1,4,3,RR,4.0,-13.0,2,1.8558700301634479,1,5.567802908399328,386.2479678107811,396.67164074934385,3,5,2.0,-14.0,4.0,4.0
uepP032,1,4,4,RR,1.0,-9.0,2,2.084168425317185,1,4.772516897324455,396.67164074934385,406.5283260719855,3,5,2.0,-14.0,4.0,4.0
uepP032,1,4,5,RR,3.0,-10.0,2,4.635147734669265,1,4.138488735750215,406.5283260719855,418.30196254240497,3,5,2.0,-14.0,4.0,4.0
uepP032,1,4,6,RR,1.0,-17.0,2,4.4734873766570304,1,4.513330966337676,418.30196254240497,430.28878088539966,3,5,2.0,-14.0,4.0,4.0
uepP032,1,4,7,RR,4.0,-12.0,2,3.313362836540014,1,5.607532214481452,430.28878088539966,442.20967593642115,3,5,2.0,-14.0,4.0,4.0
uepP032,1,4,8,RR,9.0,-12.0,2,3.492957739779915,1,3.521472784400291,442.20967593642115,452.2241064606014,3,5,2.0,-14.0,4.0,4.0
uepP032,1,4,9,RR,-3.0,-14.0,2,4.254406784683587,1,4.6706344362879,452.2241064606014,464.14914768157286,3,5,2.0,-14.0,4.0,4.0
uepP032,1,4,10,RR,0.0,-10.0,2,2.6171437375898328,1,4.2337085808374155,464.14914768157286,474.0000000000001,3,5,2.0,-14.0,4.0,4.0
