subjectId,runId,blockId,trialId,condition,leftAnswer,rightAnswer,choiceDuration,isiDuration,feedbackDuration,itiDuration,stimOnset,itiOffset,leftColor,rightColor,mu1,mu2,sd1,sd2
uepP010,3,3,1,SS,10.0,1.0,2,4.731831112482131,1,4.239636719616051,242.93618910440517,254.90765693650334,2,7,10.0,1.0,0,0
uepP010,3,3,2,SS,10.0,1.0,2,4.689789909594985,1,6.371077030100752,254.90765693650334,268.96852387619913,2,7,10.0,1.0,0,0
uepP010,3,3,3,SS,10.0,1.0,2,3.4723610018951483,1,3.7433744629282133,268.96852387619913,279.1842593410225,2,7,10.0,1.0,0,0
uepP010,3,3,4,SS,10.0,1.0,2,3.1218675366702104,1,6.547107499205658,279.1842593410225,291.85323437689834,2,7,10.0,1.0,0,0
uepP010,3,3,5,SS,10.0,1.0,2,4.57992150338826,1,6.366471582826407,291.85323437689834,305.79962746311304,2,7,10.0,1.0,0,0
uepP010,3,3,6,SS,10.0,1.0,2,2.853717912017863,1,4.772199168367882,305.79962746311304,316.4255445434988,2,7,10.0,1.0,0,0
uepP010,3,3,7,SS,10.0,1.0,2,3.0913447079810816,1,6.2189912854314375,316.4255445434988,328.73588053691134,2,7,10.0,1.0,0,0
uepP010,3,3,8,SS,10.0,1.0,2,3.034632510677542,1,3.8763621494988354,328.73588053691134,338.64687519708775,2,7,10.0,1.0,0,0
uepP010,3,3,9,SS,10.0,1.0,2,1.7311021087990148,1,6.053879646042895,338.64687519708775,349.43185695192966,2,7,10.0,1.0,0,0
uepP010,3,3,10,SS,10.0,1.0,2,4.892244225572788,1,4.799346924365303,349.43185695192966,362.1234481018677,2,7,10.0,1.0,0,0
