subjectId,runId,blockId,trialId,condition,leftAnswer,rightAnswer,choiceDuration,isiDuration,feedbackDuration,itiDuration,stimOnset,itiOffset,leftColor,rightColor,mu1,mu2,sd1,sd2
uepP023,3,3,1,RS,-4.0,-0.0,2,2.5217164940774066,1,4.258724365039943,247.30936148809835,257.0898023472157,2,0,-7.0,-0.0,4.0,0
uepP023,3,3,2,RS,-4.0,-0.0,2,4.582908282950836,1,3.581558524299223,257.0898023472157,268.25426915446576,2,0,-7.0,-0.0,4.0,0
uepP023,3,3,3,RS,-10.0,-0.0,2,4.302145980256168,1,5.982005914797198,268.25426915446576,281.5384210495191,2,0,-7.0,-0.0,4.0,0
uepP023,3,3,4,RS,-4.0,-0.0,2,2.838884458812142,1,3.8357633189947284,281.5384210495191,291.21306882732597,2,0,-7.0,-0.0,4.0,0
uepP023,3,3,5,RS,-9.0,-0.0,2,1.7277567742382631,1,6.347414623691165,291.21306882732597,302.28824022525544,2,0,-7.0,-0.0,4.0,0
uepP023,3,3,6,RS,-8.0,-0.0,2,2.155245962328629,1,5.125417576654848,302.28824022525544,312.56890376423894,2,0,-7.0,-0.0,4.0,0
uepP023,3,3,7,RS,-10.0,-0.0,2,1.8722253486831129,1,3.571079299470977,312.56890376423894,321.012208412393,2,0,-7.0,-0.0,4.0,0
uepP023,3,3,8,RS,-4.0,-0.0,2,2.232437937616124,1,5.541416501630815,321.012208412393,331.78606285163994,2,0,-7.0,-0.0,4.0,0
uepP023,3,3,9,RS,-7.0,-0.0,2,4.5733462873641155,1,5.246493053519718,331.78606285163994,344.6059021925238,2,0,-7.0,-0.0,4.0,0
uepP023,3,3,10,RS,-3.0,-0.0,2,2.573240551496381,1,4.566148569183971,344.6059021925238,354.7452913132041,2,0,-7.0,-0.0,4.0,0
