subjectId,runId,blockId,trialId,condition,leftAnswer,rightAnswer,choiceDuration,isiDuration,feedbackDuration,itiDuration,stimOnset,itiOffset,leftColor,rightColor,mu1,mu2,sd1,sd2
uepP035,3,3,1,RS,-8.0,-17.0,2,4.025461237437656,1,5.424111732672639,248.4977351960494,260.9473081661597,7,4,-2.0,-17.0,4.0,0
uepP035,3,3,2,RS,-0.0,-17.0,2,3.1391239888919897,1,6.391209961978841,260.9473081661597,273.47764211703054,7,4,-2.0,-17.0,4.0,0
uepP035,3,3,3,RS,-3.0,-17.0,2,4.557437313896371,1,5.969201812670621,273.47764211703054,287.0042812435975,7,4,-2.0,-17.0,4.0,0
uepP035,3,3,4,RS,-4.0,-17.0,2,2.6832138410015807,1,3.325269090316885,287.0042812435975,296.012764174916,7,4,-2.0,-17.0,4.0,0
uepP035,3,3,5,RS,7.0,-17.0,2,2.348734267800088,1,3.95227237241411,296.012764174916,305.31377081513017,7,4,-2.0,-17.0,4.0,0
uepP035,3,3,6,RS,2.0,-17.0,2,2.332311039094288,1,3.3036009473158323,305.31377081513017,313.9496828015403,7,4,-2.0,-17.0,4.0,0
uepP035,3,3,7,RS,2.0,-17.0,2,3.328556400554229,1,5.956803436131278,313.9496828015403,326.2350426382258,7,4,-2.0,-17.0,4.0,0
uepP035,3,3,8,RS,3.0,-17.0,2,1.7500584862553215,1,5.766437650471519,326.2350426382258,336.7515387749527,7,4,-2.0,-17.0,4.0,0
uepP035,3,3,9,RS,-4.0,-17.0,2,1.9259735555559698,1,6.391922821710755,336.7515387749527,348.0694351522194,7,4,-2.0,-17.0,4.0,0
uepP035,3,3,10,RS,2.0,-17.0,2,2.4044596984583584,1,4.063145025847578,348.0694351522194,357.53703987652534,7,4,-2.0,-17.0,4.0,0
