subjectId,runId,blockId,trialId,condition,leftAnswer,rightAnswer,choiceDuration,isiDuration,feedbackDuration,itiDuration,stimOnset,itiOffset,leftColor,rightColor,mu1,mu2,sd1,sd2
uepP029,8,4,1,RR,-14.0,-3.0,2,2.719266855682852,1,4.717761825865384,363.34151940868816,373.7785480902364,1,7,-16.0,-10.0,4.0,4.0
uepP029,8,4,2,RR,-17.0,-11.0,2,2.205891763851106,1,4.290640397977942,373.7785480902364,383.2750802520655,1,7,-16.0,-10.0,4.0,4.0
uepP029,8,4,3,RR,-10.0,-11.0,2,3.668326778939915,1,3.4694648165437405,383.2750802520655,393.4128718475491,1,7,-16.0,-10.0,4.0,4.0
uepP029,8,4,4,RR,-20.0,-14.0,2,1.7417033584574588,1,5.394273669201255,393.4128718475491,403.54884887520785,1,7,-16.0,-10.0,4.0,4.0
uepP029,8,4,5,RR,-12.0,-16.0,2,3.0259914377695414,1,3.687438823726719,403.54884887520785,413.26227913670414,1,7,-16.0,-10.0,4.0,4.0
uepP029,8,4,6,RR,-17.0,-7.0,2,3.824512692357049,1,5.796044046104458,413.26227913670414,425.88283587516565,1,7,-16.0,-10.0,4.0,4.0
uepP029,8,4,7,RR,-21.0,-13.0,2,4.642196507799961,1,5.503201460657336,425.88283587516565,439.02823384362296,1,7,-16.0,-10.0,4.0,4.0
uepP029,8,4,8,RR,-17.0,-7.0,2,2.521473359108724,1,6.357828626379827,439.02823384362296,450.9075358291115,1,7,-16.0,-10.0,4.0,4.0
uepP029,8,4,9,RR,-10.0,-12.0,2,4.792271421727544,1,3.755605094427406,450.9075358291115,462.45541234526644,1,7,-16.0,-10.0,4.0,4.0
uepP029,8,4,10,RR,-14.0,-8.0,2,4.483644994203691,1,4.060942660529898,462.45541234526644,474.00000000000006,1,7,-16.0,-10.0,4.0,4.0
