subjectId,runId,blockId,trialId,condition,leftAnswer,rightAnswer,choiceDuration,isiDuration,feedbackDuration,itiDuration,stimOnset,itiOffset,leftColor,rightColor,mu1,mu2,sd1,sd2
uepP000,8,2,1,RR,-1.0,-17.0,2,2.215460876405162,1,4.458155550944699,135.15509521857703,144.8287116459269,7,5,3.0,-14.0,4.0,4.0
uepP000,8,2,2,RR,5.0,-16.0,2,2.531997470435612,1,4.216745922745544,144.8287116459269,154.57745503910803,7,5,3.0,-14.0,4.0,4.0
uepP000,8,2,3,RR,5.0,-16.0,2,1.8737510781950661,1,6.538920454853061,154.57745503910803,165.99012657215616,7,5,3.0,-14.0,4.0,4.0
uepP000,8,2,4,RR,3.0,-12.0,2,3.8949468276052275,1,4.22571356102166,165.99012657215616,177.11078696078303,7,5,3.0,-14.0,4.0,4.0
uepP000,8,2,5,RR,9.0,-17.0,2,3.5686589847398706,1,6.439237266436683,177.11078696078303,190.1186832119596,7,5,3.0,-14.0,4.0,4.0
uepP000,8,2,6,RR,-5.0,-15.0,2,2.955019069576942,1,4.252638914996197,190.1186832119596,200.32634119653272,7,5,3.0,-14.0,4.0,4.0
uepP000,8,2,7,RR,5.0,-13.0,2,2.567179284927062,1,3.9220441073207173,200.32634119653272,209.8155645887805,7,5,3.0,-14.0,4.0,4.0
uepP000,8,2,8,RR,1.0,-17.0,2,2.2104059592070975,1,5.553494300992514,209.8155645887805,220.5794648489801,7,5,3.0,-14.0,4.0,4.0
uepP000,8,2,9,RR,-3.0,-10.0,2,2.8763903541316296,1,3.522247973494793,220.5794648489801,229.97810317660654,7,5,3.0,-14.0,4.0,4.0
uepP000,8,2,10,RR,-0.0,-11.0,2,2.1529005458363843,1,4.442392669621027,229.97810317660654,239.57339639206396,7,5,3.0,-14.0,4.0,4.0
