subjectId,runId,blockId,trialId,condition,leftAnswer,rightAnswer,choiceDuration,isiDuration,feedbackDuration,itiDuration,stimOnset,itiOffset,leftColor,rightColor,mu1,mu2,sd1,sd2
uepP028,4,4,1,RS,-12.0,9.0,2,2.571907511254347,1,6.037457516090159,362.926476201753,374.5358412290975,3,1,-14.0,9.0,4.0,0
uepP028,4,4,2,RS,-19.0,9.0,2,2.906030467956755,1,4.908913215639463,374.5358412290975,385.35078491269377,3,1,-14.0,9.0,4.0,0
uepP028,4,4,3,RS,-17.0,9.0,2,1.6804446588969022,1,4.357088949958946,385.35078491269377,394.3883185215496,3,1,-14.0,9.0,4.0,0
uepP028,4,4,4,RS,-12.0,9.0,2,2.0059816811288056,1,4.289726540197722,394.3883185215496,403.6840267428761,3,1,-14.0,9.0,4.0,0
uepP028,4,4,5,RS,-18.0,9.0,2,2.7084681051895396,1,3.606215210305115,403.6840267428761,412.9987100583707,3,1,-14.0,9.0,4.0,0
uepP028,4,4,6,RS,-14.0,9.0,2,3.1141256541526534,1,5.458061349653734,412.9987100583707,424.5708970621771,3,1,-14.0,9.0,4.0,0
uepP028,4,4,7,RS,-14.0,9.0,2,3.431583147545595,1,3.295151644780604,424.5708970621771,434.2976318545033,3,1,-14.0,9.0,4.0,0
uepP028,4,4,8,RS,-9.0,9.0,2,4.059291874653596,1,5.671054310074746,434.2976318545033,447.02797803923164,3,1,-14.0,9.0,4.0,0
uepP028,4,4,9,RS,-12.0,9.0,2,4.693979395876119,1,6.187011834489333,447.02797803923164,460.9089692695971,3,1,-14.0,9.0,4.0,0
uepP028,4,4,10,RS,-17.0,9.0,2,4.259266302704839,1,5.831764427698131,460.9089692695971,474.00000000000006,3,1,-14.0,9.0,4.0,0
