subjectId,runId,blockId,trialId,condition,leftAnswer,rightAnswer,choiceDuration,isiDuration,feedbackDuration,itiDuration,stimOnset,itiOffset,leftColor,rightColor,mu1,mu2,sd1,sd2
uepP045,1,1,1,SR,1.0,6.0,2,4.615229190991708,1,4.406796514560386,16,28.022025705552096,3,6,1.0,3.0,0,4.0
uepP045,1,1,2,SR,1.0,2.0,2,4.436161391284101,1,5.8829634360411305,28.022025705552096,41.34115053287733,3,6,1.0,3.0,0,4.0
uepP045,1,1,3,SR,1.0,-2.0,2,1.6664681915118313,1,5.663025492977214,41.34115053287733,51.67064421736637,3,6,1.0,3.0,0,4.0
uepP045,1,1,4,SR,1.0,-1.0,2,4.436097368743952,1,5.036439724489505,51.67064421736637,64.14318131059983,3,6,1.0,3.0,0,4.0
uepP045,1,1,5,SR,1.0,2.0,2,3.0218314705083236,1,6.183017456922768,64.14318131059983,76.34803023803092,3,6,1.0,3.0,0,4.0
uepP045,1,1,6,SR,1.0,5.0,2,3.253894510420313,1,3.203746489548883,76.34803023803092,85.8056712380001,3,6,1.0,3.0,0,4.0
uepP045,1,1,7,SR,1.0,7.0,2,2.874984126720417,1,3.537459821084283,85.8056712380001,95.2181151858048,3,6,1.0,3.0,0,4.0
uepP045,1,1,8,SR,1.0,10.0,2,4.2992337100799425,1,4.883100840121205,95.2181151858048,107.40044973600595,3,6,1.0,3.0,0,4.0
uepP045,1,1,9,SR,1.0,1.0,2,3.4091037274573717,1,4.9708728545420335,107.40044973600595,118.78042631800537,3,6,1.0,3.0,0,4.0
uepP045,1,1,10,SR,1.0,-1.0,2,3.8259017997978826,1,5.4267814615861525,118.78042631800537,131.0331095793894,3,6,1.0,3.0,0,4.0
