subjectId,runId,blockId,trialId,condition,leftAnswer,rightAnswer,choiceDuration,isiDuration,feedbackDuration,itiDuration,stimOnset,itiOffset,leftColor,rightColor,mu1,mu2,sd1,sd2
uepP028,1,1,1,SS,-7.0,13.0,2,3.9245197938923373,1,5.197168166235229,16,28.121687960127566,6,0,-7.0,13.0,0,0
uepP028,1,1,2,SS,-7.0,13.0,2,3.4881961499691805,1,5.622396340770933,28.121687960127566,40.23228045086768,6,0,-7.0,13.0,0,0
uepP028,1,1,3,SS,-7.0,13.0,2,2.668593040103798,1,4.736714267585124,40.23228045086768,50.6375877585566,6,0,-7.0,13.0,0,0
uepP028,1,1,4,SS,-7.0,13.0,2,2.9640109767988236,1,4.8740848984184995,50.6375877585566,61.475683633773926,6,0,-7.0,13.0,0,0
uepP028,1,1,5,SS,-7.0,13.0,2,3.415904796001791,1,3.6925543070828377,61.475683633773926,71.58414273685857,6,0,-7.0,13.0,0,0
uepP028,1,1,6,SS,-7.0,13.0,2,1.7546984371563608,1,3.684418756629323,71.58414273685857,80.02325993064426,6,0,-7.0,13.0,0,0
uepP028,1,1,7,SS,-7.0,13.0,2,4.6970033689237445,1,4.17912760968163,80.02325993064426,91.89939090924963,6,0,-7.0,13.0,0,0
uepP028,1,1,8,SS,-7.0,13.0,2,3.4510090062140506,1,4.57744805690752,91.89939090924963,102.9278479723712,6,0,-7.0,13.0,0,0
uepP028,1,1,9,SS,-7.0,13.0,2,2.222348884937701,1,4.057010329535579,102.9278479723712,112.20720718684447,6,0,-7.0,13.0,0,0
uepP028,1,1,10,SS,-7.0,13.0,2,4.55934951174969,1,4.6802668961091785,112.20720718684447,124.44682359470333,6,0,-7.0,13.0,0,0
