subjectId,runId,blockId,trialId,condition,leftAnswer,rightAnswer,choiceDuration,isiDuration,feedbackDuration,itiDuration,stimOnset,itiOffset,leftColor,rightColor,mu1,mu2,sd1,sd2
uepP027,1,2,1,RS,10.0,-13.0,2,2.5222465451195104,1,3.8515219661130895,133.864432617517,143.2382011287496,4,1,10.0,-13.0,4.0,0
uepP027,1,2,2,RS,11.0,-13.0,2,2.4956651994786885,1,3.7115299672762823,143.2382011287496,152.44539629550457,4,1,10.0,-13.0,4.0,0
uepP027,1,2,3,RS,12.0,-13.0,2,4.256021856851178,1,6.441222606904417,152.44539629550457,166.14264075926016,4,1,10.0,-13.0,4.0,0
uepP027,1,2,4,RS,10.0,-13.0,2,4.126302297519212,1,4.89630150285123,166.14264075926016,178.1652445596306,4,1,10.0,-13.0,4.0,0
uepP027,1,2,5,RS,17.0,-13.0,2,4.061123131511045,1,4.232866722517537,178.1652445596306,189.45923441365917,4,1,10.0,-13.0,4.0,0
uepP027,1,2,6,RS,15.0,-13.0,2,2.2791147266639213,1,3.351863091127937,189.45923441365917,198.09021223145103,4,1,10.0,-13.0,4.0,0
uepP027,1,2,7,RS,1.0,-13.0,2,3.0806593267622646,1,6.156783841015313,198.09021223145103,210.3276553992286,4,1,10.0,-13.0,4.0,0
uepP027,1,2,8,RS,15.0,-13.0,2,3.094646296129562,1,6.404165394993283,210.3276553992286,222.82646709035143,4,1,10.0,-13.0,4.0,0
uepP027,1,2,9,RS,8.0,-13.0,2,1.6953838695536898,1,4.162958997614697,222.82646709035143,231.68480995751983,4,1,10.0,-13.0,4.0,0
uepP027,1,2,10,RS,6.0,-13.0,2,2.118809147116688,1,5.673758004251059,231.68480995751983,242.47737710888757,4,1,10.0,-13.0,4.0,0
