subjectId,runId,blockId,trialId,condition,leftAnswer,rightAnswer,choiceDuration,isiDuration,feedbackDuration,itiDuration,stimOnset,itiOffset,leftColor,rightColor,mu1,mu2,sd1,sd2
uepP021,2,2,1,RR,-4.0,5.0,2,2.9837216844268815,1,3.379724062441089,133.58817648329295,142.95162223016092,3,4,3.0,2.0,4.0,4.0
uepP021,2,2,2,RR,7.0,-4.0,2,2.2137607561077575,1,6.151549122818381,142.95162223016092,154.31693210908705,3,4,3.0,2.0,4.0,4.0
uepP021,2,2,3,RR,3.0,-3.0,2,2.0947443479148227,1,5.771559794089112,154.31693210908705,165.183236251091,3,4,3.0,2.0,4.0,4.0
uepP021,2,2,4,RR,7.0,9.0,2,3.6654995445665493,1,3.5589273118536946,165.183236251091,175.40766310751124,3,4,3.0,2.0,4.0,4.0
uepP021,2,2,5,RR,8.0,4.0,2,3.581090638103916,1,4.1548019127733005,175.40766310751124,186.14355565838846,3,4,3.0,2.0,4.0,4.0
uepP021,2,2,6,RR,-1.0,1.0,2,4.4138065200427805,1,3.7290325677768337,186.14355565838846,197.2863947462081,3,4,3.0,2.0,4.0,4.0
uepP021,2,2,7,RR,6.0,1.0,2,1.7548630581192266,1,4.7337876654791975,197.2863947462081,206.77504546980649,3,4,3.0,2.0,4.0,4.0
uepP021,2,2,8,RR,1.0,0.0,2,4.82059353718225,1,4.573565476279839,206.77504546980649,219.16920448326857,3,4,3.0,2.0,4.0,4.0
uepP021,2,2,9,RR,3.0,6.0,2,2.0666391647895246,1,4.352939099677197,219.16920448326857,228.5887827477353,3,4,3.0,2.0,4.0,4.0
uepP021,2,2,10,RR,-2.0,11.0,2,3.7142577498433353,1,5.250642196731797,228.5887827477353,240.55368269431045,3,4,3.0,2.0,4.0,4.0
