subjectId,runId,blockId,trialId,condition,leftAnswer,rightAnswer,choiceDuration,isiDuration,feedbackDuration,itiDuration,stimOnset,itiOffset,leftColor,rightColor,mu1,mu2,sd1,sd2
uepP055,7,3,1,RS,-19.0,-10.0,2,1.7371750778797026,1,6.0672799733105105,246.26602078864894,257.07047583983916,5,4,-15.0,-10.0,4.0,0
uepP055,7,3,2,RS,-14.0,-10.0,2,4.3893851506779376,1,4.36761154158746,257.07047583983916,268.82747253210454,5,4,-15.0,-10.0,4.0,0
uepP055,7,3,3,RS,-16.0,-10.0,2,4.010858562529845,1,4.265118155605812,268.82747253210454,280.1034492502402,5,4,-15.0,-10.0,4.0,0
uepP055,7,3,4,RS,-14.0,-10.0,2,4.564250335425746,1,5.645884186701862,280.1034492502402,293.3135837723678,5,4,-15.0,-10.0,4.0,0
uepP055,7,3,5,RS,-20.0,-10.0,2,2.7963285035523584,1,3.80879169819076,293.3135837723678,302.9187039741109,5,4,-15.0,-10.0,4.0,0
uepP055,7,3,6,RS,-18.0,-10.0,2,1.7395614888472035,1,6.298576379307039,302.9187039741109,313.95684184226513,5,4,-15.0,-10.0,4.0,0
uepP055,7,3,7,RS,-9.0,-10.0,2,4.541066342724117,1,6.257863185267132,313.95684184226513,327.75577137025635,5,4,-15.0,-10.0,4.0,0
uepP055,7,3,8,RS,-9.0,-10.0,2,3.008953743072082,1,3.5335613977844824,327.75577137025635,337.2982865111129,5,4,-15.0,-10.0,4.0,0
uepP055,7,3,9,RS,-15.0,-10.0,2,2.607405954630746,1,5.943622550432615,337.2982865111129,348.84931501617626,5,4,-15.0,-10.0,4.0,0
uepP055,7,3,10,RS,-14.0,-10.0,2,3.5957291072719877,1,5.283102955283286,348.84931501617626,360.7281470787316,5,4,-15.0,-10.0,4.0,0
