subjectId,runId,blockId,trialId,condition,leftAnswer,rightAnswer,choiceDuration,isiDuration,feedbackDuration,itiDuration,stimOnset,itiOffset,leftColor,rightColor,mu1,mu2,sd1,sd2
uepP058,7,4,1,RS,20.0,5.0,2,3.368309096267314,1,3.914623452656931,364.88558132261556,375.1685138715398,3,2,15.0,5.0,4.0,0
uepP058,7,4,2,RS,18.0,5.0,2,3.2232877257724355,1,3.6205517591226957,375.1685138715398,385.0123533564349,3,2,15.0,5.0,4.0,0
uepP058,7,4,3,RS,14.0,5.0,2,4.304398891455897,1,4.445347364377479,385.0123533564349,396.7620996122683,3,2,15.0,5.0,4.0,0
uepP058,7,4,4,RS,11.0,5.0,2,3.3946301201965023,1,4.136619708497204,396.7620996122683,407.293349440962,3,2,15.0,5.0,4.0,0
uepP058,7,4,5,RS,16.0,5.0,2,2.9061474674317616,1,4.194899387264383,407.293349440962,417.39439629565817,3,2,15.0,5.0,4.0,0
uepP058,7,4,6,RS,18.0,5.0,2,3.3185482706259237,1,6.068861853568838,417.39439629565817,429.7818064198529,3,2,15.0,5.0,4.0,0
uepP058,7,4,7,RS,20.0,5.0,2,4.116981714341485,1,4.451237448890256,429.7818064198529,441.35002558308463,3,2,15.0,5.0,4.0,0
uepP058,7,4,8,RS,12.0,5.0,2,1.8902008454065766,1,4.279273344605338,441.35002558308463,450.5194997730965,3,2,15.0,5.0,4.0,0
uepP058,7,4,9,RS,21.0,5.0,2,4.6994776074191495,1,5.134502671879244,450.5194997730965,463.35348005239496,3,2,15.0,5.0,4.0,0
uepP058,7,4,10,RS,11.0,5.0,2,3.5261228744127395,1,4.120397073192485,463.35348005239496,474.00000000000017,3,2,15.0,5.0,4.0,0
