subjectId,runId,blockId,trialId,condition,leftAnswer,rightAnswer,choiceDuration,isiDuration,feedbackDuration,itiDuration,stimOnset,itiOffset,leftColor,rightColor,mu1,mu2,sd1,sd2
uepP053,7,4,1,RS,9.0,8.0,2,3.640237422269854,1,4.540633441450874,368.47796364019126,379.65883450391203,5,6,9.0,8.0,4.0,0
uepP053,7,4,2,RS,14.0,8.0,2,3.6157197149873466,1,4.299916460619452,379.65883450391203,390.5744706795188,5,6,9.0,8.0,4.0,0
uepP053,7,4,3,RS,6.0,8.0,2,3.063081841319016,1,5.247777209264398,390.5744706795188,401.88532973010217,5,6,9.0,8.0,4.0,0
uepP053,7,4,4,RS,13.0,8.0,2,3.835805991506507,1,4.354617018246351,401.88532973010217,413.07575273985503,5,6,9.0,8.0,4.0,0
uepP053,7,4,5,RS,8.0,8.0,2,4.432312117688065,1,5.761746908955053,413.07575273985503,426.26981176649815,5,6,9.0,8.0,4.0,0
uepP053,7,4,6,RS,19.0,8.0,2,1.8821997448360306,1,5.488861333241052,426.26981176649815,436.64087284457526,5,6,9.0,8.0,4.0,0
uepP053,7,4,7,RS,6.0,8.0,2,1.9617840880925932,1,3.729636946719549,436.64087284457526,445.3322938793874,5,6,9.0,8.0,4.0,0
uepP053,7,4,8,RS,9.0,8.0,2,2.0261542436067637,1,3.122842140468047,445.3322938793874,453.4812902634622,5,6,9.0,8.0,4.0,0
uepP053,7,4,9,RS,2.0,8.0,2,4.3932843371039,1,3.813394928017353,453.4812902634622,464.6879695285835,5,6,9.0,8.0,4.0,0
uepP053,7,4,10,RS,6.0,8.0,2,3.0730618025341907,1,3.2389686688824204,464.6879695285835,474.0000000000001,5,6,9.0,8.0,4.0,0
