subjectId,runId,blockId,trialId,condition,leftAnswer,rightAnswer,choiceDuration,isiDuration,feedbackDuration,itiDuration,stimOnset,itiOffset,leftColor,rightColor,mu1,mu2,sd1,sd2
uepP038,5,2,1,RR,4.0,10.0,2,3.172609370279375,1,4.967909572876606,129.73922660477393,140.87974554792993,0,4,-0.0,12.0,4.0,4.0
uepP038,5,2,2,RR,-3.0,11.0,2,3.1725578314379588,1,4.114099414407117,140.87974554792993,151.166402793775,0,4,-0.0,12.0,4.0,4.0
uepP038,5,2,3,RR,3.0,9.0,2,3.133352577979814,1,4.875118316491781,151.166402793775,162.1748736882466,0,4,-0.0,12.0,4.0,4.0
uepP038,5,2,4,RR,4.0,6.0,2,3.366388922766297,1,3.6156078299199237,162.1748736882466,172.15687044093283,0,4,-0.0,12.0,4.0,4.0
uepP038,5,2,5,RR,5.0,15.0,2,3.335238357801253,1,5.981300918801464,172.15687044093283,184.47340971753553,0,4,-0.0,12.0,4.0,4.0
uepP038,5,2,6,RR,3.0,9.0,2,3.4449436355565255,1,5.026774106204906,184.47340971753553,195.94512745929694,0,4,-0.0,12.0,4.0,4.0
uepP038,5,2,7,RR,5.0,10.0,2,4.359997877370523,1,3.3779139218283105,195.94512745929694,206.68303925849577,0,4,-0.0,12.0,4.0,4.0
uepP038,5,2,8,RR,-2.0,4.0,2,3.780424597169968,1,5.80547901869381,206.68303925849577,219.26894287435954,0,4,-0.0,12.0,4.0,4.0
uepP038,5,2,9,RR,-1.0,12.0,2,2.1876418813973637,1,4.541007935907706,219.26894287435954,228.9975926916646,0,4,-0.0,12.0,4.0,4.0
uepP038,5,2,10,RR,-0.0,15.0,2,3.858620058278932,1,3.618737253588487,228.9975926916646,239.47495000353203,0,4,-0.0,12.0,4.0,4.0
