subjectId,runId,blockId,trialId,condition,leftAnswer,rightAnswer,choiceDuration,isiDuration,feedbackDuration,itiDuration,stimOnset,itiOffset,leftColor,rightColor,mu1,mu2,sd1,sd2
uepP042,6,4,1,RR,2.0,-20.0,2,4.026650385790334,1,3.59797759634373,362.27974407413853,372.9043720562726,6,2,3.0,-16.0,4.0,4.0
uepP042,6,4,2,RR,4.0,-19.0,2,2.8190308726294298,1,5.966307706066115,372.9043720562726,384.68971063496815,6,2,3.0,-16.0,4.0,4.0
uepP042,6,4,3,RR,-3.0,-8.0,2,2.509908941565155,1,4.6334268280816,384.68971063496815,394.8330464046149,6,2,3.0,-16.0,4.0,4.0
uepP042,6,4,4,RR,3.0,-19.0,2,3.5314957691601,1,3.9228732240229793,394.8330464046149,405.28741539779793,6,2,3.0,-16.0,4.0,4.0
uepP042,6,4,5,RR,-2.0,-12.0,2,1.9858677998095422,1,4.780460915418768,405.28741539779793,415.05374411302626,6,2,3.0,-16.0,4.0,4.0
uepP042,6,4,6,RR,5.0,-16.0,2,3.1704565696387075,1,6.194910840350068,415.05374411302626,427.41911152301503,6,2,3.0,-16.0,4.0,4.0
uepP042,6,4,7,RR,5.0,-15.0,2,2.990561714742167,1,5.793395479761561,427.41911152301503,439.20306871751876,6,2,3.0,-16.0,4.0,4.0
uepP042,6,4,8,RR,-3.0,-24.0,2,2.101059432240118,1,5.915264104043991,439.20306871751876,450.2193922538029,6,2,3.0,-16.0,4.0,4.0
uepP042,6,4,9,RR,3.0,-13.0,2,3.213832779556693,1,3.7471327503414718,450.2193922538029,460.180357783701,6,2,3.0,-16.0,4.0,4.0
uepP042,6,4,10,RR,-1.0,-21.0,2,4.545199995293275,1,6.274442221005513,460.180357783701,473.99999999999983,6,2,3.0,-16.0,4.0,4.0
