subjectId,runId,blockId,trialId,condition,leftAnswer,rightAnswer,choiceDuration,isiDuration,feedbackDuration,itiDuration,stimOnset,itiOffset,leftColor,rightColor,mu1,mu2,sd1,sd2
uepP049,1,2,1,SS,1.0,11.0,2,4.533492975276739,1,5.958580531502185,128.63118905724156,142.12326256402048,3,1,1.0,11.0,0,0
uepP049,1,2,2,SS,1.0,11.0,2,3.2990435580531554,1,3.658053615231887,142.12326256402048,152.0803597373055,3,1,1.0,11.0,0,0
uepP049,1,2,3,SS,1.0,11.0,2,2.2760826538016854,1,3.200500323115811,152.0803597373055,160.55694271422303,3,1,1.0,11.0,0,0
uepP049,1,2,4,SS,1.0,11.0,2,2.999160320316603,1,5.650829213918731,160.55694271422303,172.20693224845837,3,1,1.0,11.0,0,0
uepP049,1,2,5,SS,1.0,11.0,2,2.4620651662991677,1,3.352240375871952,172.20693224845837,181.0212377906295,3,1,1.0,11.0,0,0
uepP049,1,2,6,SS,1.0,11.0,2,2.060859125023899,1,5.520686951389825,181.0212377906295,191.60278386704323,3,1,1.0,11.0,0,0
uepP049,1,2,7,SS,1.0,11.0,2,2.1102123009454097,1,4.4402866342015574,191.60278386704323,201.1532828021902,3,1,1.0,11.0,0,0
uepP049,1,2,8,SS,1.0,11.0,2,3.370319933194257,1,5.6844256897309755,201.1532828021902,213.20802842511543,3,1,1.0,11.0,0,0
uepP049,1,2,9,SS,1.0,11.0,2,4.163327366988956,1,5.363136335210294,213.20802842511543,225.7344921273147,3,1,1.0,11.0,0,0
uepP049,1,2,10,SS,1.0,11.0,2,2.52650794489949,1,4.446309886655986,225.7344921273147,235.70730995887018,3,1,1.0,11.0,0,0
