subjectId,runId,blockId,trialId,condition,leftAnswer,rightAnswer,choiceDuration,isiDuration,feedbackDuration,itiDuration,stimOnset,itiOffset,leftColor,rightColor,mu1,mu2,sd1,sd2
uepP050,5,4,1,RS,-1.0,-9.0,2,4.321739573880538,1,5.863971647228105,366.1290480968706,379.3147593179792,7,0,-3.0,-9.0,4.0,0
uepP050,5,4,2,RS,0.0,-9.0,2,2.933171569768299,1,5.134226850890469,379.3147593179792,390.382157738638,7,0,-3.0,-9.0,4.0,0
uepP050,5,4,3,RS,-9.0,-9.0,2,3.6327898135051675,1,6.113466176521323,390.382157738638,403.1284137286645,7,0,-3.0,-9.0,4.0,0
uepP050,5,4,4,RS,-11.0,-9.0,2,3.5929117651946387,1,5.328880272911711,403.1284137286645,415.05020576677083,7,0,-3.0,-9.0,4.0,0
uepP050,5,4,5,RS,-4.0,-9.0,2,1.7731540975597755,1,3.334959805780947,415.05020576677083,423.15831967011155,7,0,-3.0,-9.0,4.0,0
uepP050,5,4,6,RS,-2.0,-9.0,2,2.308660773151213,1,4.420475510729469,423.15831967011155,432.88745595399223,7,0,-3.0,-9.0,4.0,0
uepP050,5,4,7,RS,-3.0,-9.0,2,2.4479646783195657,1,4.8396262230521225,432.88745595399223,443.1750468553639,7,0,-3.0,-9.0,4.0,0
uepP050,5,4,8,RS,-7.0,-9.0,2,2.1274322460557182,1,3.935392311228045,443.1750468553639,452.2378714126477,7,0,-3.0,-9.0,4.0,0
uepP050,5,4,9,RS,-0.0,-9.0,2,3.9445795103678356,1,3.920617750773336,452.2378714126477,463.1030686737888,7,0,-3.0,-9.0,4.0,0
uepP050,5,4,10,RS,5.0,-9.0,2,3.584531157034706,1,4.31240016917658,463.1030686737888,474.00000000000006,7,0,-3.0,-9.0,4.0,0
