subjectId,runId,blockId,trialId,condition,leftAnswer,rightAnswer,choiceDuration,isiDuration,feedbackDuration,itiDuration,stimOnset,itiOffset,leftColor,rightColor,mu1,mu2,sd1,sd2
uepP046,2,4,1,SR,20.0,-14.0,2,3.654420156542542,1,3.4847225162073343,365.17286939727643,375.3120120700263,6,4,20.0,-9.0,0,4.0
uepP046,2,4,2,SR,20.0,-6.0,2,2.9081548798548087,1,5.182243086248943,375.3120120700263,386.40241003613005,6,4,20.0,-9.0,0,4.0
uepP046,2,4,3,SR,20.0,-10.0,2,3.7151546443981323,1,3.425597145325719,386.40241003613005,396.5431618258539,6,4,20.0,-9.0,0,4.0
uepP046,2,4,4,SR,20.0,-13.0,2,2.6040409854468,1,3.2786617778769074,396.5431618258539,405.42586458917754,6,4,20.0,-9.0,0,4.0
uepP046,2,4,5,SR,20.0,-4.0,2,4.330784388210492,1,6.069147117781988,405.42586458917754,418.82579609517,6,4,20.0,-9.0,0,4.0
uepP046,2,4,6,SR,20.0,-11.0,2,3.5040416904314786,1,5.657761462325621,418.82579609517,430.9875992479271,6,4,20.0,-9.0,0,4.0
uepP046,2,4,7,SR,20.0,-8.0,2,2.6819362814731464,1,4.098960272587037,430.9875992479271,440.7684958019873,6,4,20.0,-9.0,0,4.0
uepP046,2,4,8,SR,20.0,-9.0,2,2.8479108835814504,1,5.431344048049659,440.7684958019873,452.0477507336184,6,4,20.0,-9.0,0,4.0
uepP046,2,4,9,SR,20.0,-3.0,2,1.7990493406350954,1,6.0972240564621885,452.0477507336184,462.9440241307157,6,4,20.0,-9.0,0,4.0
uepP046,2,4,10,SR,20.0,-6.0,2,3.072303883347059,1,4.983671985937261,462.9440241307157,474.0,6,4,20.0,-9.0,0,4.0
