subjectId,runId,blockId,trialId,condition,leftAnswer,rightAnswer,choiceDuration,isiDuration,feedbackDuration,itiDuration,stimOnset,itiOffset,leftColor,rightColor,mu1,mu2,sd1,sd2
uepP033,1,1,1,RR,-11.0,-18.0,2,4.460400568392016,1,5.054190588132272,16,28.51459115652429,3,5,-14.0,-10.0,4.0,4.0
uepP033,1,1,2,RR,-18.0,-12.0,2,2.134590361092794,1,5.225436124438209,28.51459115652429,38.87461764205529,3,5,-14.0,-10.0,4.0,4.0
uepP033,1,1,3,RR,-14.0,-10.0,2,1.944955543980099,1,3.5093644360596796,38.87461764205529,47.32893762209507,3,5,-14.0,-10.0,4.0,4.0
uepP033,1,1,4,RR,-9.0,-12.0,2,1.8466144177040003,1,5.561485356158414,47.32893762209507,57.737037395957486,3,5,-14.0,-10.0,4.0,4.0
uepP033,1,1,5,RR,-24.0,-5.0,2,4.355650820716133,1,6.122914407653439,57.737037395957486,71.21560262432706,3,5,-14.0,-10.0,4.0,4.0
uepP033,1,1,6,RR,-13.0,-15.0,2,2.575112945257111,1,3.735180807106709,71.21560262432706,80.5258963766909,3,5,-14.0,-10.0,4.0,4.0
uepP033,1,1,7,RR,-15.0,-6.0,2,3.3592571099834916,1,6.225661958731043,80.5258963766909,93.11081544540542,3,5,-14.0,-10.0,4.0,4.0
uepP033,1,1,8,RR,-14.0,-9.0,2,2.3833597410412133,1,4.987579862700871,93.11081544540542,103.48175504914751,3,5,-14.0,-10.0,4.0,4.0
uepP033,1,1,9,RR,-14.0,-2.0,2,1.7954376294705738,1,4.01468748614504,103.48175504914751,112.29188016476311,3,5,-14.0,-10.0,4.0,4.0
uepP033,1,1,10,RR,-17.0,-6.0,2,3.4203291168344108,1,5.808840045950795,112.29188016476311,124.52104932754833,3,5,-14.0,-10.0,4.0,4.0
