subjectId,runId,blockId,trialId,condition,leftAnswer,rightAnswer,choiceDuration,isiDuration,feedbackDuration,itiDuration,stimOnset,itiOffset,leftColor,rightColor,mu1,mu2,sd1,sd2
uepP001,1,3,1,SS,-6.0,-4.0,2,4.593847108709475,1,4.346156298713855,245.5126788010603,257.4526822084836,4,6,-6.0,-4.0,0,0
uepP001,1,3,2,SS,-6.0,-4.0,2,1.8627531586049704,1,6.433216329929825,257.4526822084836,268.74865169701843,4,6,-6.0,-4.0,0,0
uepP001,1,3,3,SS,-6.0,-4.0,2,2.930123024953986,1,3.6989533156105314,268.74865169701843,278.377728037583,4,6,-6.0,-4.0,0,0
uepP001,1,3,4,SS,-6.0,-4.0,2,1.791093528782452,1,5.312137184029394,278.377728037583,288.4809587503948,4,6,-6.0,-4.0,0,0
uepP001,1,3,5,SS,-6.0,-4.0,2,3.7949788014397203,1,4.854776894336949,288.4809587503948,300.13071444617145,4,6,-6.0,-4.0,0,0
uepP001,1,3,6,SS,-6.0,-4.0,2,3.450895884908882,1,4.198119694489827,300.13071444617145,310.7797300255702,4,6,-6.0,-4.0,0,0
uepP001,1,3,7,SS,-6.0,-4.0,2,3.2801125957430783,1,5.182753294482354,310.7797300255702,322.2425959157957,4,6,-6.0,-4.0,0,0
uepP001,1,3,8,SS,-6.0,-4.0,2,3.3868569612088013,1,5.4557746998795436,322.2425959157957,334.08522757688405,4,6,-6.0,-4.0,0,0
uepP001,1,3,9,SS,-6.0,-4.0,2,4.63821814280932,1,4.834035462740086,334.08522757688405,346.55748118243343,4,6,-6.0,-4.0,0,0
uepP001,1,3,10,SS,-6.0,-4.0,2,3.2932809266778516,1,4.102940059465841,346.55748118243343,356.9537021685771,4,6,-6.0,-4.0,0,0
