subjectId,runId,blockId,trialId,condition,leftAnswer,rightAnswer,choiceDuration,isiDuration,feedbackDuration,itiDuration,stimOnset,itiOffset,leftColor,rightColor,mu1,mu2,sd1,sd2
uepP039,6,2,1,RS,1.0,-18.0,2,4.644655201278621,1,6.305636209335545,124.43430557143512,138.3845969820493,2,4,1.0,-18.0,4.0,0
uepP039,6,2,2,RS,-5.0,-18.0,2,3.2337358842408435,1,6.368031066047322,138.3845969820493,150.98636393233744,2,4,1.0,-18.0,4.0,0
uepP039,6,2,3,RS,7.0,-18.0,2,1.7082118445621042,1,5.843705602209005,150.98636393233744,161.53828137910855,2,4,1.0,-18.0,4.0,0
uepP039,6,2,4,RS,2.0,-18.0,2,2.968157327348831,1,4.006387175808282,161.53828137910855,171.51282588226564,2,4,1.0,-18.0,4.0,0
uepP039,6,2,5,RS,-1.0,-18.0,2,3.311930045596583,1,4.554521395232941,171.51282588226564,182.37927732309518,2,4,1.0,-18.0,4.0,0
uepP039,6,2,6,RS,-3.0,-18.0,2,2.7743568550684414,1,3.387246431238247,182.37927732309518,191.54088060940188,2,4,1.0,-18.0,4.0,0
uepP039,6,2,7,RS,3.0,-18.0,2,2.412136927040936,1,5.0257751827649155,191.54088060940188,201.97879271920772,2,4,1.0,-18.0,4.0,0
uepP039,6,2,8,RS,-3.0,-18.0,2,4.330810823505757,1,4.602599039506812,201.97879271920772,213.9122025822203,2,4,1.0,-18.0,4.0,0
uepP039,6,2,9,RS,2.0,-18.0,2,2.5480073414055613,1,5.362180207796899,213.9122025822203,224.82239013142276,2,4,1.0,-18.0,4.0,0
uepP039,6,2,10,RS,1.0,-18.0,2,4.0132294326624445,1,4.868810236109278,224.82239013142276,236.7044298001945,2,4,1.0,-18.0,4.0,0
