subjectId,runId,blockId,trialId,condition,leftAnswer,rightAnswer,choiceDuration,isiDuration,feedbackDuration,itiDuration,stimOnset,itiOffset,leftColor,rightColor,mu1,mu2,sd1,sd2
uepP054,6,1,1,SS,-4.0,-4.0,2,3.2076587339870763,1,5.832915944479354,16,28.04057467846643,3,0,-4.0,-4.0,0,0
uepP054,6,1,2,SS,-4.0,-4.0,2,2.0807016266470404,1,3.6644437091613273,28.04057467846643,36.785720014274794,3,0,-4.0,-4.0,0,0
uepP054,6,1,3,SS,-4.0,-4.0,2,3.3701949745869957,1,4.256976355819978,36.785720014274794,47.41289134468177,3,0,-4.0,-4.0,0,0
uepP054,6,1,4,SS,-4.0,-4.0,2,4.5768623141021045,1,3.428412304249751,47.41289134468177,58.41816596303362,3,0,-4.0,-4.0,0,0
uepP054,6,1,5,SS,-4.0,-4.0,2,3.533084099679538,1,6.143949034434274,58.41816596303362,71.09519909714743,3,0,-4.0,-4.0,0,0
uepP054,6,1,6,SS,-4.0,-4.0,2,4.3946955737242375,1,3.9520089449055518,71.09519909714743,82.44190361577722,3,0,-4.0,-4.0,0,0
uepP054,6,1,7,SS,-4.0,-4.0,2,1.8174644302982,1,6.055450226500506,82.44190361577722,93.31481827257593,3,0,-4.0,-4.0,0,0
uepP054,6,1,8,SS,-4.0,-4.0,2,2.8855920644617217,1,4.880458608802228,93.31481827257593,104.08086894583988,3,0,-4.0,-4.0,0,0
uepP054,6,1,9,SS,-4.0,-4.0,2,2.228557509099738,1,4.345379662046682,104.08086894583988,113.65480611698631,3,0,-4.0,-4.0,0,0
uepP054,6,1,10,SS,-4.0,-4.0,2,4.553670896154711,1,5.031353859365274,113.65480611698631,126.23983087250629,3,0,-4.0,-4.0,0,0
