subjectId,runId,blockId,trialId,condition,leftAnswer,rightAnswer,choiceDuration,isiDuration,feedbackDuration,itiDuration,stimOnset,itiOffset,leftColor,rightColor,mu1,mu2,sd1,sd2
uepP043,5,1,1,RS,8.0,1.0,2,1.839882245610839,1,4.797472078920725,16,25.637354324531564,0,4,5.0,1.0,4.0,0
uepP043,5,1,2,RS,5.0,1.0,2,4.599987598212039,1,5.16302428250844,25.637354324531564,38.40036620525204,0,4,5.0,1.0,4.0,0
uepP043,5,1,3,RS,2.0,1.0,2,4.653799545753946,1,6.321290159343914,38.40036620525204,52.375455910349906,0,4,5.0,1.0,4.0,0
uepP043,5,1,4,RS,3.0,1.0,2,1.9724624041398244,1,3.244071953066531,52.375455910349906,60.59199026755626,0,4,5.0,1.0,4.0,0
uepP043,5,1,5,RS,11.0,1.0,2,2.526379063780912,1,4.259338901776434,60.59199026755626,70.37770823311361,0,4,5.0,1.0,4.0,0
uepP043,5,1,6,RS,4.0,1.0,2,3.0188917719940864,1,6.100001461682257,70.37770823311361,82.49660146678995,0,4,5.0,1.0,4.0,0
uepP043,5,1,7,RS,1.0,1.0,2,2.730906762112131,1,4.751508813087566,82.49660146678995,92.97901704198965,0,4,5.0,1.0,4.0,0
uepP043,5,1,8,RS,7.0,1.0,2,2.720379647792856,1,3.2776629287522514,92.97901704198965,101.97705961853475,0,4,5.0,1.0,4.0,0
uepP043,5,1,9,RS,7.0,1.0,2,3.6191299016093748,1,4.992080024825969,101.97705961853475,113.58826954497009,0,4,5.0,1.0,4.0,0
uepP043,5,1,10,RS,-0.0,1.0,2,3.345185899209228,1,4.215340881035616,113.58826954497009,124.14879632521493,0,4,5.0,1.0,4.0,0
