subjectId,runId,blockId,trialId,condition,leftAnswer,rightAnswer,choiceDuration,isiDuration,feedbackDuration,itiDuration,stimOnset,itiOffset,leftColor,rightColor,mu1,mu2,sd1,sd2
uepP011,3,4,1,RS,8.0,3.0,2,2.657858101293182,1,4.884140160183769,367.2296177401456,377.7716160016226,2,7,1.0,3.0,4.0,0
uepP011,3,4,2,RS,4.0,3.0,2,2.40605887323808,1,4.611631591617455,377.7716160016226,387.78930646647814,2,7,1.0,3.0,4.0,0
uepP011,3,4,3,RS,-2.0,3.0,2,2.0551205367226175,1,4.114760945514101,387.78930646647814,396.9591879487148,2,7,1.0,3.0,4.0,0
uepP011,3,4,4,RS,2.0,3.0,2,4.1178330561219,1,4.154379369795078,396.9591879487148,408.23140037463185,2,7,1.0,3.0,4.0,0
uepP011,3,4,5,RS,0.0,3.0,2,2.7611595964265097,1,3.293716802965766,408.23140037463185,417.28627677402415,2,7,1.0,3.0,4.0,0
uepP011,3,4,6,RS,-3.0,3.0,2,3.1959351508053353,1,5.8448841693258515,417.28627677402415,429.3270960941553,2,7,1.0,3.0,4.0,0
uepP011,3,4,7,RS,-3.0,3.0,2,3.9298847510181005,1,3.27903922026488,429.3270960941553,439.5360200654383,2,7,1.0,3.0,4.0,0
uepP011,3,4,8,RS,2.0,3.0,2,3.3750370055617465,1,5.9643262896507485,439.5360200654383,451.8753833606508,2,7,1.0,3.0,4.0,0
uepP011,3,4,9,RS,-6.0,3.0,2,4.530784915168212,1,3.4602052404704957,451.8753833606508,462.8663735162895,2,7,1.0,3.0,4.0,0
uepP011,3,4,10,RS,6.0,3.0,2,2.5362087304125804,1,5.5974177532980365,462.8663735162895,474.0000000000001,2,7,1.0,3.0,4.0,0
