subjectId,runId,blockId,trialId,condition,leftAnswer,rightAnswer,choiceDuration,isiDuration,feedbackDuration,itiDuration,stimOnset,itiOffset,leftColor,rightColor,mu1,mu2,sd1,sd2
uepP025,1,1,1,RS,22.0,-3.0,2,3.736439776804622,1,3.495633042740649,16,26.232072819545273,0,5,21.0,-3.0,4.0,0
uepP025,1,1,2,RS,17.0,-3.0,2,1.9637855120949612,1,3.918223135591083,26.232072819545273,35.114081467231316,0,5,21.0,-3.0,4.0,0
uepP025,1,1,3,RS,16.0,-3.0,2,3.2930257869223913,1,4.684433616974989,35.114081467231316,46.0915408711287,0,5,21.0,-3.0,4.0,0
uepP025,1,1,4,RS,23.0,-3.0,2,2.4037608271604207,1,5.415226646548782,46.0915408711287,56.9105283448379,0,5,21.0,-3.0,4.0,0
uepP025,1,1,5,RS,23.0,-3.0,2,2.2058527397777223,1,3.6897715396789637,56.9105283448379,65.80615262429458,0,5,21.0,-3.0,4.0,0
uepP025,1,1,6,RS,23.0,-3.0,2,2.758585049314945,1,3.9436284471743868,65.80615262429458,75.50836612078392,0,5,21.0,-3.0,4.0,0
uepP025,1,1,7,RS,17.0,-3.0,2,3.792708719522748,1,4.651282104150164,75.50836612078392,86.95235694445684,0,5,21.0,-3.0,4.0,0
uepP025,1,1,8,RS,16.0,-3.0,2,3.2041463953063927,1,6.4450540021202345,86.95235694445684,99.60155734188346,0,5,21.0,-3.0,4.0,0
uepP025,1,1,9,RS,19.0,-3.0,2,4.587734012836653,1,4.405171132343279,99.60155734188346,111.5944624870634,0,5,21.0,-3.0,4.0,0
uepP025,1,1,10,RS,15.0,-3.0,2,3.045584728101491,1,4.145626148879362,111.5944624870634,121.78567336404424,0,5,21.0,-3.0,4.0,0
