subjectId,runId,blockId,trialId,condition,leftAnswer,rightAnswer,choiceDuration,isiDuration,feedbackDuration,itiDuration,stimOnset,itiOffset,leftColor,rightColor,mu1,mu2,sd1,sd2
uepP039,7,3,1,SS,1.0,-5.0,2,2.5016083241736617,1,3.972439751783144,244.6774052926672,254.15145336862403,6,3,1.0,-5.0,0,0
uepP039,7,3,2,SS,1.0,-5.0,2,4.157676292264894,1,5.894225428222325,254.15145336862403,267.2033550891113,6,3,1.0,-5.0,0,0
uepP039,7,3,3,SS,1.0,-5.0,2,3.0956860886197064,1,4.222544216000635,267.2033550891113,277.52158539373164,6,3,1.0,-5.0,0,0
uepP039,7,3,4,SS,1.0,-5.0,2,2.1789513798439417,1,3.7994277009949315,277.52158539373164,286.49996447457056,6,3,1.0,-5.0,0,0
uepP039,7,3,5,SS,1.0,-5.0,2,4.478101273241604,1,5.8120854497827725,286.49996447457056,299.7901511975949,6,3,1.0,-5.0,0,0
uepP039,7,3,6,SS,1.0,-5.0,2,2.1833225108080225,1,6.37121525523404,299.7901511975949,311.344688963637,6,3,1.0,-5.0,0,0
uepP039,7,3,7,SS,1.0,-5.0,2,3.936905268296453,1,5.309408807336316,311.344688963637,323.59100303926976,6,3,1.0,-5.0,0,0
uepP039,7,3,8,SS,1.0,-5.0,2,4.123324427532124,1,4.397789660080012,323.59100303926976,335.1121171268819,6,3,1.0,-5.0,0,0
uepP039,7,3,9,SS,1.0,-5.0,2,3.455661922028601,1,5.196528384914448,335.1121171268819,346.76430743382497,6,3,1.0,-5.0,0,0
uepP039,7,3,10,SS,1.0,-5.0,2,1.6505409460202485,1,3.8022828162015827,346.76430743382497,355.2171311960468,6,3,1.0,-5.0,0,0
