subjectId,runId,blockId,trialId,condition,leftAnswer,rightAnswer,choiceDuration,isiDuration,feedbackDuration,itiDuration,stimOnset,itiOffset,leftColor,rightColor,mu1,mu2,sd1,sd2
uepP036,1,4,1,RS,-7.0,3.0,2,1.9613840948758667,1,5.968512165564158,363.66841770418273,374.5983139646228,1,4,-12.0,3.0,4.0,0
uepP036,1,4,2,RS,-14.0,3.0,2,1.8954119753941543,1,4.665043150088137,374.5983139646228,384.15876909010507,1,4,-12.0,3.0,4.0,0
uepP036,1,4,3,RS,-12.0,3.0,2,1.8990407408714376,1,5.786547654994548,384.15876909010507,394.84435748597105,1,4,-12.0,3.0,4.0,0
uepP036,1,4,4,RS,-9.0,3.0,2,4.28357940133555,1,3.325805429993932,394.84435748597105,405.4537423173005,1,4,-12.0,3.0,4.0,0
uepP036,1,4,5,RS,-16.0,3.0,2,4.683503856461317,1,4.151676663308045,405.4537423173005,417.28892283706983,1,4,-12.0,3.0,4.0,0
uepP036,1,4,6,RS,-17.0,3.0,2,4.603270716457871,1,5.946513590750348,417.28892283706983,430.83870714427803,1,4,-12.0,3.0,4.0,0
uepP036,1,4,7,RS,-9.0,3.0,2,2.5326115211496307,1,4.935126072695813,430.83870714427803,441.3064447381235,1,4,-12.0,3.0,4.0,0
uepP036,1,4,8,RS,-10.0,3.0,2,3.376739121659463,1,4.794313912422832,441.3064447381235,452.47749777220577,1,4,-12.0,3.0,4.0,0
uepP036,1,4,9,RS,-14.0,3.0,2,2.2306725219393333,1,5.327281975218155,452.47749777220577,463.03545226936325,1,4,-12.0,3.0,4.0,0
uepP036,1,4,10,RS,-8.0,3.0,2,2.962098763510747,1,5.002448967126004,463.03545226936325,474.0,1,4,-12.0,3.0,4.0,0
