subjectId,runId,blockId,trialId,condition,leftAnswer,rightAnswer,choiceDuration,isiDuration,feedbackDuration,itiDuration,stimOnset,itiOffset,leftColor,rightColor,mu1,mu2,sd1,sd2
uepP021,2,3,1,SS,-2.0,-4.0,2,4.00758797316464,1,4.193924418492633,246.55368269431045,257.7551950859677,0,5,-2.0,-4.0,0,0
uepP021,2,3,2,SS,-2.0,-4.0,2,2.2930780297303532,1,4.193641115344178,257.7551950859677,267.24191423104224,0,5,-2.0,-4.0,0,0
uepP021,2,3,3,SS,-2.0,-4.0,2,3.449021776177907,1,5.172250778035396,267.24191423104224,278.86318678525555,0,5,-2.0,-4.0,0,0
uepP021,2,3,4,SS,-2.0,-4.0,2,1.9133183303233647,1,6.330171410368307,278.86318678525555,290.1066765259472,0,5,-2.0,-4.0,0,0
uepP021,2,3,5,SS,-2.0,-4.0,2,3.5656534404935467,1,5.53431326371289,290.1066765259472,302.2066432301536,0,5,-2.0,-4.0,0,0
uepP021,2,3,6,SS,-2.0,-4.0,2,2.530144376813056,1,4.332116876312156,302.2066432301536,312.0689044832788,0,5,-2.0,-4.0,0,0
uepP021,2,3,7,SS,-2.0,-4.0,2,3.0646364394049375,1,5.016338659095223,312.0689044832788,323.1498795817789,0,5,-2.0,-4.0,0,0
uepP021,2,3,8,SS,-2.0,-4.0,2,1.7902816131059534,1,4.386973841483518,323.1498795817789,332.32713503636836,0,5,-2.0,-4.0,0,0
uepP021,2,3,9,SS,-2.0,-4.0,2,4.256365184938551,1,3.47938983254834,332.32713503636836,343.06289005385526,0,5,-2.0,-4.0,0,0
uepP021,2,3,10,SS,-2.0,-4.0,2,3.8030540581934433,1,6.035029591325739,343.06289005385526,355.9009737033744,0,5,-2.0,-4.0,0,0
