subjectId,runId,blockId,trialId,condition,leftAnswer,rightAnswer,choiceDuration,isiDuration,feedbackDuration,itiDuration,stimOnset,itiOffset,leftColor,rightColor,mu1,mu2,sd1,sd2
uepP007,7,4,1,RR,12.0,-15.0,2,2.460848236090187,1,3.664893689007013,363.20228429761335,372.32802622271055,5,7,11.0,-14.0,4.0,4.0
uepP007,7,4,2,RR,6.0,-17.0,2,3.7828917671229707,1,6.031947438004159,372.32802622271055,385.1428654278377,5,7,11.0,-14.0,4.0,4.0
uepP007,7,4,3,RR,14.0,-11.0,2,2.3967112426100905,1,4.975494281452574,385.1428654278377,395.5150709519004,5,7,11.0,-14.0,4.0,4.0
uepP007,7,4,4,RR,13.0,-15.0,2,4.456876049936531,1,4.8507238106169,395.5150709519004,407.8226708124538,5,7,11.0,-14.0,4.0,4.0
uepP007,7,4,5,RR,5.0,-6.0,2,4.632246678423856,1,5.230042143981532,407.8226708124538,420.6849596348592,5,7,11.0,-14.0,4.0,4.0
uepP007,7,4,6,RR,12.0,-13.0,2,2.7896432841099505,1,3.4981296205185024,420.6849596348592,429.97273253948765,5,7,11.0,-14.0,4.0,4.0
uepP007,7,4,7,RR,14.0,-14.0,2,2.2227896407629264,1,6.09612082427568,429.97273253948765,441.29164300452624,5,7,11.0,-14.0,4.0,4.0
uepP007,7,4,8,RR,14.0,-11.0,2,3.5887189504491155,1,3.696171357468894,441.29164300452624,451.5765333124442,5,7,11.0,-14.0,4.0,4.0
uepP007,7,4,9,RR,8.0,-9.0,2,4.3132043474529835,1,6.2183376381840185,451.5765333124442,465.10807529808125,5,7,11.0,-14.0,4.0,4.0
uepP007,7,4,10,RR,13.0,-18.0,2,2.452396362419433,1,3.4395283394992076,465.10807529808125,473.9999999999999,5,7,11.0,-14.0,4.0,4.0
