subjectId,runId,blockId,trialId,condition,leftAnswer,rightAnswer,choiceDuration,isiDuration,feedbackDuration,itiDuration,stimOnset,itiOffset,leftColor,rightColor,mu1,mu2,sd1,sd2
uepP040,7,4,1,SS,-1.0,3.0,2,4.341589465343885,1,4.330902240718178,363.9616714969997,375.63416320306175,5,0,-1.0,3.0,0,0
uepP040,7,4,2,SS,-1.0,3.0,2,3.670603372643507,1,5.733828442118253,375.63416320306175,388.03859501782347,5,0,-1.0,3.0,0,0
uepP040,7,4,3,SS,-1.0,3.0,2,3.513582608620516,1,3.9759974605585158,388.03859501782347,398.5281750870025,5,0,-1.0,3.0,0,0
uepP040,7,4,4,SS,-1.0,3.0,2,1.9767860821434629,1,5.272929856953011,398.5281750870025,408.777891026099,5,0,-1.0,3.0,0,0
uepP040,7,4,5,SS,-1.0,3.0,2,4.1377980994024846,1,3.9434017621533566,408.777891026099,419.8590908876548,5,0,-1.0,3.0,0,0
uepP040,7,4,6,SS,-1.0,3.0,2,2.229228826137052,1,5.485590974311339,419.8590908876548,430.5739106881032,5,0,-1.0,3.0,0,0
uepP040,7,4,7,SS,-1.0,3.0,2,2.7904022107867186,1,5.401462103427762,430.5739106881032,441.7657750023177,5,0,-1.0,3.0,0,0
uepP040,7,4,8,SS,-1.0,3.0,2,2.5304997238612215,1,6.0266713484213215,441.7657750023177,453.3229460746002,5,0,-1.0,3.0,0,0
uepP040,7,4,9,SS,-1.0,3.0,2,2.4451492713375966,1,4.806066810870343,453.3229460746002,463.57416215680814,5,0,-1.0,3.0,0,0
uepP040,7,4,10,SS,-1.0,3.0,2,2.644684383804737,1,4.781153459386876,463.57416215680814,473.9999999999998,5,0,-1.0,3.0,0,0
