subjectId,runId,blockId,trialId,condition,leftAnswer,rightAnswer,choiceDuration,isiDuration,feedbackDuration,itiDuration,stimOnset,itiOffset,leftColor,rightColor,mu1,mu2,sd1,sd2
uepP055,3,1,1,SR,-1.0,-8.0,2,3.2992552739501044,1,5.571919050353229,16,27.871174324303336,2,3,-1.0,-7.0,0,4.0
uepP055,3,1,2,SR,-1.0,-10.0,2,4.426270290101808,1,4.293785213099103,27.871174324303336,39.59122982750425,2,3,-1.0,-7.0,0,4.0
uepP055,3,1,3,SR,-1.0,-15.0,2,3.244163872197971,1,5.699859017883882,39.59122982750425,51.535252717586104,2,3,-1.0,-7.0,0,4.0
uepP055,3,1,4,SR,-1.0,-2.0,2,2.268181165315279,1,5.440928123579082,51.535252717586104,62.244362006480465,2,3,-1.0,-7.0,0,4.0
uepP055,3,1,5,SR,-1.0,-5.0,2,3.8011349891330646,1,3.3592973644635773,62.244362006480465,72.40479436007709,2,3,-1.0,-7.0,0,4.0
uepP055,3,1,6,SR,-1.0,-9.0,2,4.17205121211317,1,6.085431618610332,72.40479436007709,85.6622771908006,2,3,-1.0,-7.0,0,4.0
uepP055,3,1,7,SR,-1.0,-9.0,2,3.283932004843458,1,6.10559224875741,85.6622771908006,98.05180144440146,2,3,-1.0,-7.0,0,4.0
uepP055,3,1,8,SR,-1.0,1.0,2,1.8210789342037483,1,5.5829670469857495,98.05180144440146,108.45584742559096,2,3,-1.0,-7.0,0,4.0
uepP055,3,1,9,SR,-1.0,-10.0,2,1.6423641347285518,1,4.787867770817229,108.45584742559096,117.88607933113674,2,3,-1.0,-7.0,0,4.0
uepP055,3,1,10,SR,-1.0,-5.0,2,2.3996499034647614,1,4.8077284055921465,117.88607933113674,128.09345764019366,2,3,-1.0,-7.0,0,4.0
