subjectId,runId,blockId,trialId,condition,leftAnswer,rightAnswer,choiceDuration,isiDuration,feedbackDuration,itiDuration,stimOnset,itiOffset,leftColor,rightColor,mu1,mu2,sd1,sd2
uepP002,5,1,1,SS,-5.0,14.0,2,3.9964779652058082,1,6.036437435316777,16,29.032915400522587,1,6,-5.0,14.0,0,0
uepP002,5,1,2,SS,-5.0,14.0,2,4.1416206986596995,1,3.2187103374199877,29.032915400522587,39.39324643660227,1,6,-5.0,14.0,0,0
uepP002,5,1,3,SS,-5.0,14.0,2,2.957055089378741,1,5.364759820668193,39.39324643660227,50.7150613466492,1,6,-5.0,14.0,0,0
uepP002,5,1,4,SS,-5.0,14.0,2,2.6134596212861023,1,3.4018004146358574,50.7150613466492,59.73032138257116,1,6,-5.0,14.0,0,0
uepP002,5,1,5,SS,-5.0,14.0,2,3.6086259419881226,1,5.705879248822791,59.73032138257116,72.04482657338208,1,6,-5.0,14.0,0,0
uepP002,5,1,6,SS,-5.0,14.0,2,2.090804516494623,1,6.133615547893964,72.04482657338208,83.26924663777068,1,6,-5.0,14.0,0,0
uepP002,5,1,7,SS,-5.0,14.0,2,2.1252149428894196,1,5.972072627329437,83.26924663777068,94.36653420798953,1,6,-5.0,14.0,0,0
uepP002,5,1,8,SS,-5.0,14.0,2,3.9496607771283956,1,4.042740155223359,94.36653420798953,105.35893514034129,1,6,-5.0,14.0,0,0
uepP002,5,1,9,SS,-5.0,14.0,2,2.7066627468947573,1,5.783729437444152,105.35893514034129,116.84932732468019,1,6,-5.0,14.0,0,0
uepP002,5,1,10,SS,-5.0,14.0,2,3.3068668072265406,1,6.240395172966878,116.84932732468019,129.3965893048736,1,6,-5.0,14.0,0,0
