subjectId,runId,blockId,trialId,condition,leftAnswer,rightAnswer,choiceDuration,isiDuration,feedbackDuration,itiDuration,stimOnset,itiOffset,leftColor,rightColor,mu1,mu2,sd1,sd2
uepP026,6,1,1,SS,-3.0,21.0,2,3.7015686090827464,1,5.279365632878614,16,27.980934241961357,3,2,-3.0,21.0,0,0
uepP026,6,1,2,SS,-3.0,21.0,2,1.8969451557757002,1,4.293455610782392,27.980934241961357,37.17133500851945,3,2,-3.0,21.0,0,0
uepP026,6,1,3,SS,-3.0,21.0,2,3.2575886888285983,1,4.984473075316328,37.17133500851945,48.41339677266438,3,2,-3.0,21.0,0,0
uepP026,6,1,4,SS,-3.0,21.0,2,3.1156510420249663,1,4.932491487260931,48.41339677266438,59.461539301950275,3,2,-3.0,21.0,0,0
uepP026,6,1,5,SS,-3.0,21.0,2,2.662252258597209,1,5.981619776743956,59.461539301950275,71.10541133729144,3,2,-3.0,21.0,0,0
uepP026,6,1,6,SS,-3.0,21.0,2,2.8751412642621426,1,3.575301553270006,71.10541133729144,80.55585415482359,3,2,-3.0,21.0,0,0
uepP026,6,1,7,SS,-3.0,21.0,2,1.9904133758295792,1,5.560869100592612,80.55585415482359,91.10713663124578,3,2,-3.0,21.0,0,0
uepP026,6,1,8,SS,-3.0,21.0,2,4.525870641652891,1,5.572003437397352,91.10713663124578,104.20501071029602,3,2,-3.0,21.0,0,0
uepP026,6,1,9,SS,-3.0,21.0,2,4.307169727332538,1,5.738232693903166,104.20501071029602,117.25041313153173,3,2,-3.0,21.0,0,0
uepP026,6,1,10,SS,-3.0,21.0,2,2.6263372374972604,1,5.625452655002652,117.25041313153173,128.50220302403164,3,2,-3.0,21.0,0,0
