subjectId,runId,blockId,trialId,condition,leftAnswer,rightAnswer,choiceDuration,isiDuration,feedbackDuration,itiDuration,stimOnset,itiOffset,leftColor,rightColor,mu1,mu2,sd1,sd2
uepP010,6,2,1,RR,6.0,-2.0,2,2.418314603313074,1,5.023690897600261,139.3074482562477,149.74945375716104,6,5,13.0,-0.0,4.0,4.0
uepP010,6,2,2,RR,13.0,-2.0,2,3.151973767403692,1,4.4241285670704285,149.74945375716104,160.32555609163515,6,5,13.0,-0.0,4.0,4.0
uepP010,6,2,3,RR,20.0,-5.0,2,4.138345644674849,1,3.4861932714144794,160.32555609163515,170.95009500772449,6,5,13.0,-0.0,4.0,4.0
uepP010,6,2,4,RR,7.0,2.0,2,4.119198757266858,1,3.976369271684357,170.95009500772449,182.0456630366757,6,5,13.0,-0.0,4.0,4.0
uepP010,6,2,5,RR,16.0,-4.0,2,1.6615378949619763,1,4.602408687026581,182.0456630366757,191.30960961866427,6,5,13.0,-0.0,4.0,4.0
uepP010,6,2,6,RR,15.0,-1.0,2,3.826316248111031,1,3.8303189194375635,191.30960961866427,201.96624478621285,6,5,13.0,-0.0,4.0,4.0
uepP010,6,2,7,RR,14.0,-8.0,2,3.06759071735326,1,3.570776243953256,201.96624478621285,211.60461174751936,6,5,13.0,-0.0,4.0,4.0
uepP010,6,2,8,RR,13.0,3.0,2,3.4360138047905107,1,4.0729912943062265,211.60461174751936,222.1136168466161,6,5,13.0,-0.0,4.0,4.0
uepP010,6,2,9,RR,6.0,0.0,2,4.2118386386224,1,4.983918326017466,222.1136168466161,234.30937381125597,6,5,13.0,-0.0,4.0,4.0
uepP010,6,2,10,RR,12.0,6.0,2,2.543760755489716,1,4.309631261486135,234.30937381125597,244.16276582823184,6,5,13.0,-0.0,4.0,4.0
