subjectId,runId,blockId,trialId,condition,leftAnswer,rightAnswer,choiceDuration,isiDuration,feedbackDuration,itiDuration,stimOnset,itiOffset,leftColor,rightColor,mu1,mu2,sd1,sd2
uepP026,6,2,1,RS,-5.0,15.0,2,4.106937657079796,1,4.0243567787191505,134.50220302403164,145.63349745983058,6,0,-15.0,15.0,4.0,0
uepP026,6,2,2,RS,-15.0,15.0,2,2.1537426023722066,1,3.9162950488272776,145.63349745983058,154.70353511103005,6,0,-15.0,15.0,4.0,0
uepP026,6,2,3,RS,-15.0,15.0,2,2.6328884990831725,1,3.646488827991503,154.70353511103005,163.98291243810473,6,0,-15.0,15.0,4.0,0
uepP026,6,2,4,RS,-11.0,15.0,2,2.3895786970530377,1,4.778600806645663,163.98291243810473,174.15109194180343,6,0,-15.0,15.0,4.0,0
uepP026,6,2,5,RS,-11.0,15.0,2,3.1501523911752005,1,4.727756787245153,174.15109194180343,185.02900112022377,6,0,-15.0,15.0,4.0,0
uepP026,6,2,6,RS,-13.0,15.0,2,4.148728375021801,1,3.8469475581786745,185.02900112022377,196.02467705342423,6,0,-15.0,15.0,4.0,0
uepP026,6,2,7,RS,-13.0,15.0,2,2.6191452736009335,1,3.8993933101559124,196.02467705342423,205.54321563718108,6,0,-15.0,15.0,4.0,0
uepP026,6,2,8,RS,-18.0,15.0,2,2.8850875838868046,1,3.3928082964235715,205.54321563718108,214.82111151749146,6,0,-15.0,15.0,4.0,0
uepP026,6,2,9,RS,-14.0,15.0,2,4.6342614377911815,1,4.218013153980286,214.82111151749146,226.67338610926294,6,0,-15.0,15.0,4.0,0
uepP026,6,2,10,RS,-18.0,15.0,2,3.9596211964223342,1,6.451040411707502,226.67338610926294,240.0840477173928,6,0,-15.0,15.0,4.0,0
