subjectId,runId,blockId,trialId,condition,leftAnswer,rightAnswer,choiceDuration,isiDuration,feedbackDuration,itiDuration,stimOnset,itiOffset,leftColor,rightColor,mu1,mu2,sd1,sd2
uepP037,3,4,1,RR,-7.0,12.0,2,2.274021439729252,1,5.082739145260251,368.71268994298316,379.06945052797266,6,2,-7.0,11.0,4.0,4.0
uepP037,3,4,2,RR,-4.0,8.0,2,1.8074974289614263,1,5.128832496600064,379.06945052797266,389.00578045353416,6,2,-7.0,11.0,4.0,4.0
uepP037,3,4,3,RR,-11.0,7.0,2,3.1845006449118176,1,4.1197875514020055,389.00578045353416,399.31006864984795,6,2,-7.0,11.0,4.0,4.0
uepP037,3,4,4,RR,-7.0,14.0,2,3.3025406284236953,1,4.540138141663524,399.31006864984795,410.15274741993517,6,2,-7.0,11.0,4.0,4.0
uepP037,3,4,5,RR,-4.0,4.0,2,2.7452078677615357,1,6.299897527935275,410.15274741993517,422.19785281563196,6,2,-7.0,11.0,4.0,4.0
uepP037,3,4,6,RR,-5.0,8.0,2,2.4789683241899865,1,3.490183765276613,422.19785281563196,431.16700490509857,6,2,-7.0,11.0,4.0,4.0
uepP037,3,4,7,RR,-2.0,13.0,2,4.688199909619388,1,3.3870706505207617,431.16700490509857,442.2422754652387,6,2,-7.0,11.0,4.0,4.0
uepP037,3,4,8,RR,-14.0,8.0,2,1.714910801661531,1,5.656062596228678,442.2422754652387,452.6132488631289,6,2,-7.0,11.0,4.0,4.0
uepP037,3,4,9,RR,-4.0,16.0,2,4.16333560874301,1,4.460206102911311,452.6132488631289,464.2367905747832,6,2,-7.0,11.0,4.0,4.0
uepP037,3,4,10,RR,-6.0,7.0,2,1.6561089485223675,1,5.107100476694199,464.2367905747832,473.9999999999998,6,2,-7.0,11.0,4.0,4.0
