subjectId,runId,blockId,trialId,condition,leftAnswer,rightAnswer,choiceDuration,isiDuration,feedbackDuration,itiDuration,stimOnset,itiOffset,leftColor,rightColor,mu1,mu2,sd1,sd2
uepP034,5,4,1,SS,8.0,6.0,2,1.8626317044292289,1,5.331914392047275,363.02946308209135,373.2240091785679,7,1,8.0,6.0,0,0
uepP034,5,4,2,SS,8.0,6.0,2,3.0936404669900788,1,4.218293701814151,373.2240091785679,383.5359433473721,7,1,8.0,6.0,0,0
uepP034,5,4,3,SS,8.0,6.0,2,3.077886411053678,1,5.917785007526824,383.5359433473721,395.5316147659526,7,1,8.0,6.0,0,0
uepP034,5,4,4,SS,8.0,6.0,2,4.06505958568852,1,5.449466506254916,395.5316147659526,408.04614085789603,7,1,8.0,6.0,0,0
uepP034,5,4,5,SS,8.0,6.0,2,2.034171574650619,1,5.753726788246369,408.04614085789603,418.834039220793,7,1,8.0,6.0,0,0
uepP034,5,4,6,SS,8.0,6.0,2,4.7031510628492335,1,5.425241087793025,418.834039220793,431.9624313714353,7,1,8.0,6.0,0,0
uepP034,5,4,7,SS,8.0,6.0,2,1.7726618257539848,1,6.242919326370166,431.9624313714353,442.9780125235594,7,1,8.0,6.0,0,0
uepP034,5,4,8,SS,8.0,6.0,2,3.4279801637117377,1,4.5016948069690494,442.9780125235594,453.90768749424024,7,1,8.0,6.0,0,0
uepP034,5,4,9,SS,8.0,6.0,2,1.758070821129082,1,4.622629881618941,453.90768749424024,463.28838819698825,7,1,8.0,6.0,0,0
uepP034,5,4,10,SS,8.0,6.0,2,4.226736739108442,1,3.4848750639033312,463.28838819698825,474.0,7,1,8.0,6.0,0,0
