subjectId,runId,blockId,trialId,condition,leftAnswer,rightAnswer,choiceDuration,isiDuration,feedbackDuration,itiDuration,stimOnset,itiOffset,leftColor,rightColor,mu1,mu2,sd1,sd2
uepP005,5,4,1,RS,-16.0,-9.0,2,4.635546996260437,1,6.140183897701705,359.38998757261027,373.1657184665724,3,5,-12.0,-9.0,4.0,0
uepP005,5,4,2,RS,-16.0,-9.0,2,2.126176545370746,1,3.665592770636693,373.1657184665724,381.95748778257985,3,5,-12.0,-9.0,4.0,0
uepP005,5,4,3,RS,-11.0,-9.0,2,2.8768512419689185,1,4.723369627434685,381.95748778257985,392.55770865198343,3,5,-12.0,-9.0,4.0,0
uepP005,5,4,4,RS,-12.0,-9.0,2,2.910659124013814,1,3.416489869170308,392.55770865198343,401.8848576451676,3,5,-12.0,-9.0,4.0,0
uepP005,5,4,5,RS,-10.0,-9.0,2,3.9657420261550724,1,4.004554805354876,401.8848576451676,412.8551544766775,3,5,-12.0,-9.0,4.0,0
uepP005,5,4,6,RS,-14.0,-9.0,2,1.7414297176162883,1,4.852153835468751,412.8551544766775,422.4487380297626,3,5,-12.0,-9.0,4.0,0
uepP005,5,4,7,RS,-10.0,-9.0,2,4.924415869047365,1,6.601152397239054,422.4487380297626,436.974306296049,3,5,-12.0,-9.0,4.0,0
uepP005,5,4,8,RS,-11.0,-9.0,2,4.212375560887156,1,3.83786439343801,436.974306296049,448.02454625037416,3,5,-12.0,-9.0,4.0,0
uepP005,5,4,9,RS,-9.0,-9.0,2,4.9858508550524565,1,4.944743977770251,448.02454625037416,460.95514108319685,3,5,-12.0,-9.0,4.0,0
uepP005,5,4,10,RS,-11.0,-9.0,2,4.77203574363949,1,5.2728231731636654,460.95514108319685,474.0,3,5,-12.0,-9.0,4.0,0
