subjectId,runId,blockId,trialId,condition,leftAnswer,rightAnswer,choiceDuration,isiDuration,feedbackDuration,itiDuration,stimOnset,itiOffset,leftColor,rightColor,mu1,mu2,sd1,sd2
uepP042,2,2,1,RR,6.0,5.0,2,1.997741507647697,1,4.421348558887736,126.68653880948528,136.10562887602072,7,0,10.0,11.0,4.0,4.0
uepP042,2,2,2,RR,6.0,5.0,2,3.6484645620513363,1,5.514582565687619,136.10562887602072,148.26867600375968,7,0,10.0,11.0,4.0,4.0
uepP042,2,2,3,RR,9.0,15.0,2,4.685051967874253,1,5.9612185563987135,148.26867600375968,161.91494652803263,7,0,10.0,11.0,4.0,4.0
uepP042,2,2,4,RR,9.0,9.0,2,4.253363644789083,1,3.427948704835832,161.91494652803263,172.59625887765756,7,0,10.0,11.0,4.0,4.0
uepP042,2,2,5,RR,15.0,13.0,2,2.9985949788224553,1,4.782058929371514,172.59625887765756,183.37691278585154,7,0,10.0,11.0,4.0,4.0
uepP042,2,2,6,RR,7.0,14.0,2,2.1077334488416843,1,4.240512541960701,183.37691278585154,192.72515877665393,7,0,10.0,11.0,4.0,4.0
uepP042,2,2,7,RR,-1.0,17.0,2,2.4489729054997467,1,6.332307021937394,192.72515877665393,204.50643870409107,7,0,10.0,11.0,4.0,4.0
uepP042,2,2,8,RR,10.0,12.0,2,4.3789512160888115,1,6.368896685960088,204.50643870409107,218.25428660613997,7,0,10.0,11.0,4.0,4.0
uepP042,2,2,9,RR,8.0,9.0,2,1.7054686901313274,1,3.9097999562427783,218.25428660613997,226.8695552525141,7,0,10.0,11.0,4.0,4.0
uepP042,2,2,10,RR,-2.0,9.0,2,3.4643812339325057,1,3.531992675465126,226.8695552525141,236.8659291619117,7,0,10.0,11.0,4.0,4.0
