subjectId,runId,blockId,trialId,condition,leftAnswer,rightAnswer,choiceDuration,isiDuration,feedbackDuration,itiDuration,stimOnset,itiOffset,leftColor,rightColor,mu1,mu2,sd1,sd2
uepP019,1,2,1,SS,-2.0,-0.0,2,4.149915622261602,1,3.6039001619502224,137.98605002144254,148.73986580565438,2,7,-2.0,-0.0,0,0
uepP019,1,2,2,SS,-2.0,-0.0,2,2.8406677930870523,1,6.11095496996512,148.73986580565438,160.69148856870655,2,7,-2.0,-0.0,0,0
uepP019,1,2,3,SS,-2.0,-0.0,2,2.684040582209502,1,4.143479079968116,160.69148856870655,170.51900823088414,2,7,-2.0,-0.0,0,0
uepP019,1,2,4,SS,-2.0,-0.0,2,4.858840221879126,1,3.5513332475818373,170.51900823088414,181.9291817003451,2,7,-2.0,-0.0,0,0
uepP019,1,2,5,SS,-2.0,-0.0,2,3.885876712960705,1,5.816552962043921,181.9291817003451,194.63161137534973,2,7,-2.0,-0.0,0,0
uepP019,1,2,6,SS,-2.0,-0.0,2,4.218662849641052,1,3.9005879725316133,194.63161137534973,205.7508621975224,2,7,-2.0,-0.0,0,0
uepP019,1,2,7,SS,-2.0,-0.0,2,4.088034301639232,1,5.5132800675394105,205.7508621975224,218.35217656670102,2,7,-2.0,-0.0,0,0
uepP019,1,2,8,SS,-2.0,-0.0,2,2.9755761043648428,1,6.343340343699414,218.35217656670102,230.6710930147653,2,7,-2.0,-0.0,0,0
uepP019,1,2,9,SS,-2.0,-0.0,2,4.500415774109133,1,4.276498401501533,230.6710930147653,242.44800719037596,2,7,-2.0,-0.0,0,0
uepP019,1,2,10,SS,-2.0,-0.0,2,3.3763426414258335,1,3.6365604964154943,242.44800719037596,252.46091032821727,2,7,-2.0,-0.0,0,0
