subjectId,runId,blockId,trialId,condition,leftAnswer,rightAnswer,choiceDuration,isiDuration,feedbackDuration,itiDuration,stimOnset,itiOffset,leftColor,rightColor,mu1,mu2,sd1,sd2
uepP046,8,4,1,SS,14.0,-2.0,2,3.9796712173345044,1,4.105589746351235,366.67299828995334,377.7582592536391,1,0,14.0,-2.0,0,0
uepP046,8,4,2,SS,14.0,-2.0,2,2.498554096252075,1,3.851840277297085,377.7582592536391,387.10865362718823,1,0,14.0,-2.0,0,0
uepP046,8,4,3,SS,14.0,-2.0,2,2.1612301073375484,1,3.2870770925795165,387.10865362718823,395.5569608271053,1,0,14.0,-2.0,0,0
uepP046,8,4,4,SS,14.0,-2.0,2,2.639020046970022,1,4.684822592743567,395.5569608271053,405.88080346681886,1,0,14.0,-2.0,0,0
uepP046,8,4,5,SS,14.0,-2.0,2,3.107324575021421,1,3.898612350842156,405.88080346681886,415.88674039268244,1,0,14.0,-2.0,0,0
uepP046,8,4,6,SS,14.0,-2.0,2,3.3953545521499966,1,4.957493187792828,415.88674039268244,427.2395881326253,1,0,14.0,-2.0,0,0
uepP046,8,4,7,SS,14.0,-2.0,2,4.278040601505939,1,6.208492650725832,427.2395881326253,440.72612138485704,1,0,14.0,-2.0,0,0
uepP046,8,4,8,SS,14.0,-2.0,2,2.460339157247514,1,4.931722430231121,440.72612138485704,451.11818297233566,1,0,14.0,-2.0,0,0
uepP046,8,4,9,SS,14.0,-2.0,2,4.739143096685336,1,4.938417112714025,451.11818297233566,463.795743181735,1,0,14.0,-2.0,0,0
uepP046,8,4,10,SS,14.0,-2.0,2,2.7990462612788374,1,4.405210556985944,463.795743181735,473.9999999999998,1,0,14.0,-2.0,0,0
