subjectId,runId,blockId,trialId,condition,leftAnswer,rightAnswer,choiceDuration,isiDuration,feedbackDuration,itiDuration,stimOnset,itiOffset,leftColor,rightColor,mu1,mu2,sd1,sd2
uepP034,2,3,1,SR,2.0,7.0,2,1.690763380470883,1,4.378487879475838,256.80121691882346,265.8704681787701,5,1,2.0,1.0,0,4.0
uepP034,2,3,2,SR,2.0,-0.0,2,1.9305831943936462,1,5.033039096519726,265.8704681787701,275.8340904696835,5,1,2.0,1.0,0,4.0
uepP034,2,3,3,SR,2.0,6.0,2,3.445028080913449,1,4.934014200339702,275.8340904696835,287.2131327509366,5,1,2.0,1.0,0,4.0
uepP034,2,3,4,SR,2.0,0.0,2,2.218911178317455,1,3.4047543849571995,287.2131327509366,295.83679831421125,5,1,2.0,1.0,0,4.0
uepP034,2,3,5,SR,2.0,4.0,2,3.1955691258657413,1,3.645350535522141,295.83679831421125,305.67771797559914,5,1,2.0,1.0,0,4.0
uepP034,2,3,6,SR,2.0,4.0,2,4.581465445339644,1,4.890574374716904,305.67771797559914,318.14975779565566,5,1,2.0,1.0,0,4.0
uepP034,2,3,7,SR,2.0,1.0,2,1.8072601241641595,1,5.968477904190213,318.14975779565566,328.92549582401,5,1,2.0,1.0,0,4.0
uepP034,2,3,8,SR,2.0,3.0,2,2.4937738191970085,1,4.710565123092564,328.92549582401,339.1298347662996,5,1,2.0,1.0,0,4.0
uepP034,2,3,9,SR,2.0,-1.0,2,4.395673287847096,1,4.821704592789691,339.1298347662996,351.3472126469364,5,1,2.0,1.0,0,4.0
uepP034,2,3,10,SR,2.0,5.0,2,4.2878219346699264,1,6.05160974279401,351.3472126469364,364.68664432440033,5,1,2.0,1.0,0,4.0
