subjectId,runId,blockId,trialId,condition,leftAnswer,rightAnswer,choiceDuration,isiDuration,feedbackDuration,itiDuration,stimOnset,itiOffset,leftColor,rightColor,mu1,mu2,sd1,sd2
uepP039,5,2,1,SS,-2.0,6.0,2,3.3015464641263654,1,3.8070131746981035,129.29951066657094,139.40807030539543,5,3,-2.0,6.0,0,0
uepP039,5,2,2,SS,-2.0,6.0,2,3.672645991933858,1,6.0161210334328175,139.40807030539543,152.0968373307621,5,3,-2.0,6.0,0,0
uepP039,5,2,3,SS,-2.0,6.0,2,3.196449338609651,1,3.3643070148982166,152.0968373307621,161.65759368426998,5,3,-2.0,6.0,0,0
uepP039,5,2,4,SS,-2.0,6.0,2,3.6248592061748357,1,3.3429933137085324,161.65759368426998,171.62544620415335,5,3,-2.0,6.0,0,0
uepP039,5,2,5,SS,-2.0,6.0,2,4.036347046478459,1,3.3880429894601085,171.62544620415335,182.0498362400919,5,3,-2.0,6.0,0,0
uepP039,5,2,6,SS,-2.0,6.0,2,3.301188129330691,1,5.684235019368821,182.0498362400919,194.03525938879142,5,3,-2.0,6.0,0,0
uepP039,5,2,7,SS,-2.0,6.0,2,2.431803626308435,1,4.8930497601344385,194.03525938879142,204.36011277523428,5,3,-2.0,6.0,0,0
uepP039,5,2,8,SS,-2.0,6.0,2,2.0538359979307184,1,3.5433027736621123,204.36011277523428,212.9572515468271,5,3,-2.0,6.0,0,0
uepP039,5,2,9,SS,-2.0,6.0,2,2.422644714619687,1,5.500652942330041,212.9572515468271,223.88054920377684,5,3,-2.0,6.0,0,0
uepP039,5,2,10,SS,-2.0,6.0,2,2.1378604768121727,1,6.2786986633911965,223.88054920377684,235.2971083439802,5,3,-2.0,6.0,0,0
