subjectId,runId,blockId,trialId,condition,leftAnswer,rightAnswer,choiceDuration,isiDuration,feedbackDuration,itiDuration,stimOnset,itiOffset,leftColor,rightColor,mu1,mu2,sd1,sd2
uepP038,8,4,1,RS,-11.0,-4.0,2,3.010463858477786,1,4.803249240803389,360.44799710853783,371.261710207819,1,2,-7.0,-4.0,4.0,0
uepP038,8,4,2,RS,-9.0,-4.0,2,4.055368020062125,1,4.701368415971238,371.261710207819,383.01844664385237,1,2,-7.0,-4.0,4.0,0
uepP038,8,4,3,RS,-3.0,-4.0,2,2.913240603365165,1,5.728835905436088,383.01844664385237,394.66052315265364,1,2,-7.0,-4.0,4.0,0
uepP038,8,4,4,RS,-6.0,-4.0,2,3.8289879730131995,1,4.878868132683119,394.66052315265364,406.36837925835,1,2,-7.0,-4.0,4.0,0
uepP038,8,4,5,RS,-2.0,-4.0,2,3.990698797331173,1,4.338752388370054,406.36837925835,417.6978304440512,1,2,-7.0,-4.0,4.0,0
uepP038,8,4,6,RS,-6.0,-4.0,2,4.394954716210959,1,4.118567376528775,417.6978304440512,429.21135253679097,1,2,-7.0,-4.0,4.0,0
uepP038,8,4,7,RS,-4.0,-4.0,2,3.6607858192187277,1,5.502271680295956,429.21135253679097,441.3744100363057,1,2,-7.0,-4.0,4.0,0
uepP038,8,4,8,RS,-6.0,-4.0,2,2.536306983488875,1,4.392777875827756,441.3744100363057,451.3034948956223,1,2,-7.0,-4.0,4.0,0
uepP038,8,4,9,RS,-13.0,-4.0,2,3.197771430779453,1,4.759767984842808,451.3034948956223,462.26103431124454,1,2,-7.0,-4.0,4.0,0
uepP038,8,4,10,RS,-11.0,-4.0,2,4.166702313256676,1,4.572263375498892,462.26103431124454,474.0000000000001,1,2,-7.0,-4.0,4.0,0
