subjectId,runId,blockId,trialId,condition,leftAnswer,rightAnswer,choiceDuration,isiDuration,feedbackDuration,itiDuration,stimOnset,itiOffset,leftColor,rightColor,mu1,mu2,sd1,sd2
uepP051,7,4,1,RR,4.0,-4.0,2,3.7448184900985355,1,5.986831884124983,366.9345975364821,379.6662479107056,0,7,9.0,1.0,4.0,4.0
uepP051,7,4,2,RR,12.0,-6.0,2,2.4472045185068856,1,5.683601189771356,379.6662479107056,390.79705361898385,0,7,9.0,1.0,4.0,4.0
uepP051,7,4,3,RR,14.0,-0.0,2,3.42985550596541,1,5.991897857142895,390.79705361898385,403.21880698209213,0,7,9.0,1.0,4.0,4.0
uepP051,7,4,4,RR,12.0,2.0,2,2.7279866257465892,1,3.307977588462419,403.21880698209213,412.25477119630114,0,7,9.0,1.0,4.0,4.0
uepP051,7,4,5,RR,14.0,-1.0,2,2.1552540371071576,1,5.051778103711499,412.25477119630114,422.4618033371198,0,7,9.0,1.0,4.0,4.0
uepP051,7,4,6,RR,2.0,1.0,2,3.3302209581178626,1,4.995492373591092,422.4618033371198,433.7875166688288,0,7,9.0,1.0,4.0,4.0
uepP051,7,4,7,RR,11.0,-6.0,2,3.2484501666334995,1,3.759754017401543,433.7875166688288,443.79572085286384,0,7,9.0,1.0,4.0,4.0
uepP051,7,4,8,RR,8.0,6.0,2,3.4209353927972503,1,4.237670098312398,443.79572085286384,454.4543263439735,0,7,9.0,1.0,4.0,4.0
uepP051,7,4,9,RR,9.0,-3.0,2,2.255904780122067,1,4.612228124950855,454.4543263439735,464.3224592490464,0,7,9.0,1.0,4.0,4.0
uepP051,7,4,10,RR,10.0,3.0,2,3.380422409875859,1,3.297118341077799,464.3224592490464,474.00000000000006,0,7,9.0,1.0,4.0,4.0
