subjectId,runId,blockId,trialId,condition,leftAnswer,rightAnswer,choiceDuration,isiDuration,feedbackDuration,itiDuration,stimOnset,itiOffset,leftColor,rightColor,mu1,mu2,sd1,sd2
uepP015,7,4,1,RR,16.0,8.0,2,3.911362451416877,1,6.169611646729837,366.27919880011245,379.3601728982592,0,7,16.0,7.0,4.0,4.0
uepP015,7,4,2,RR,6.0,6.0,2,3.9715107291566523,1,4.6227143664428825,379.3601728982592,390.9543979938587,0,7,16.0,7.0,4.0,4.0
uepP015,7,4,3,RR,11.0,10.0,2,3.4843395454743336,1,3.679780567439624,390.9543979938587,401.1185181067727,0,7,16.0,7.0,4.0,4.0
uepP015,7,4,4,RR,14.0,6.0,2,2.6575910254682635,1,5.171998660671221,401.1185181067727,411.9481077929122,0,7,16.0,7.0,4.0,4.0
uepP015,7,4,5,RR,17.0,4.0,2,4.022754204443257,1,3.759243036550967,411.9481077929122,422.7301050339064,0,7,16.0,7.0,4.0,4.0
uepP015,7,4,6,RR,15.0,7.0,2,2.3796585360463274,1,5.380717590108902,422.7301050339064,433.4904811600617,0,7,16.0,7.0,4.0,4.0
uepP015,7,4,7,RR,17.0,10.0,2,2.7173929791808487,1,4.726831119848974,433.4904811600617,443.93470525909146,0,7,16.0,7.0,4.0,4.0
uepP015,7,4,8,RR,17.0,0.0,2,2.4955908842683243,1,4.465595752296155,443.93470525909146,453.89589189565595,0,7,16.0,7.0,4.0,4.0
uepP015,7,4,9,RR,20.0,7.0,2,2.85026786880647,1,3.229402251687316,453.89589189565595,462.97556201614975,0,7,16.0,7.0,4.0,4.0
uepP015,7,4,10,RR,17.0,13.0,2,4.626010031482926,1,3.3984279523675447,462.97556201614975,474.0000000000002,0,7,16.0,7.0,4.0,4.0
