subjectId,runId,blockId,trialId,condition,leftAnswer,rightAnswer,choiceDuration,isiDuration,feedbackDuration,itiDuration,stimOnset,itiOffset,leftColor,rightColor,mu1,mu2,sd1,sd2
uepP024,4,1,1,SR,7.0,5.0,2,4.390360934429665,1,6.311210357545952,16,29.70157129197562,0,1,7.0,7.0,0,4.0
uepP024,4,1,2,SR,7.0,5.0,2,2.616844409855888,1,5.644890133006104,29.70157129197562,40.96330583483761,0,1,7.0,7.0,0,4.0
uepP024,4,1,3,SR,7.0,-1.0,2,2.649600537245558,1,6.016077430269977,40.96330583483761,52.62898380235315,0,1,7.0,7.0,0,4.0
uepP024,4,1,4,SR,7.0,11.0,2,2.166820704542633,1,5.118663568386188,52.62898380235315,62.91446807528197,0,1,7.0,7.0,0,4.0
uepP024,4,1,5,SR,7.0,4.0,2,2.9744260893827064,1,5.534068150837496,62.91446807528197,74.42296231550218,0,1,7.0,7.0,0,4.0
uepP024,4,1,6,SR,7.0,10.0,2,4.362724895795757,1,4.836774276449767,74.42296231550218,86.6224614877477,0,1,7.0,7.0,0,4.0
uepP024,4,1,7,SR,7.0,2.0,2,2.188663498284889,1,4.72028047209588,86.6224614877477,96.53140545812846,0,1,7.0,7.0,0,4.0
uepP024,4,1,8,SR,7.0,2.0,2,4.787340103414149,1,3.297546315503248,96.53140545812846,107.61629187704587,0,1,7.0,7.0,0,4.0
uepP024,4,1,9,SR,7.0,5.0,2,2.742611555549649,1,5.393475200643701,107.61629187704587,118.75237863323922,0,1,7.0,7.0,0,4.0
uepP024,4,1,10,SR,7.0,9.0,2,1.6047371479997938,1,5.57523384252858,118.75237863323922,128.9323496237676,0,1,7.0,7.0,0,4.0
