subjectId,runId,blockId,trialId,condition,leftAnswer,rightAnswer,choiceDuration,isiDuration,feedbackDuration,itiDuration,stimOnset,itiOffset,leftColor,rightColor,mu1,mu2,sd1,sd2
uepP043,5,2,1,SS,2.0,6.0,2,1.8107989611813922,1,4.453182408298166,130.14879632521493,139.4127776946945,5,1,2.0,6.0,0,0
uepP043,5,2,2,SS,2.0,6.0,2,2.526221734080118,1,3.561349471604914,139.4127776946945,148.50034890037955,5,1,2.0,6.0,0,0
uepP043,5,2,3,SS,2.0,6.0,2,4.607315353027356,1,4.37198285267205,148.50034890037955,160.47964710607897,5,1,2.0,6.0,0,0
uepP043,5,2,4,SS,2.0,6.0,2,4.1347865005683575,1,4.5557197668922615,160.47964710607897,172.1701533735396,5,1,2.0,6.0,0,0
uepP043,5,2,5,SS,2.0,6.0,2,3.24340349216885,1,4.1210881825303876,172.1701533735396,182.53464504823884,5,1,2.0,6.0,0,0
uepP043,5,2,6,SS,2.0,6.0,2,3.463835248400075,1,3.565667187594896,182.53464504823884,192.5641474842338,5,1,2.0,6.0,0,0
uepP043,5,2,7,SS,2.0,6.0,2,3.7208874908350205,1,4.497094190576927,192.5641474842338,203.78212916564576,5,1,2.0,6.0,0,0
uepP043,5,2,8,SS,2.0,6.0,2,3.9216729145578344,1,6.377498442229297,203.78212916564576,217.08130052243288,5,1,2.0,6.0,0,0
uepP043,5,2,9,SS,2.0,6.0,2,3.8912006058858166,1,4.99192653812507,217.08130052243288,228.96442766644375,5,1,2.0,6.0,0,0
uepP043,5,2,10,SS,2.0,6.0,2,2.5015083445085415,1,4.85643656461284,228.96442766644375,239.32237257556514,5,1,2.0,6.0,0,0
