subjectId,runId,blockId,trialId,condition,leftAnswer,rightAnswer,choiceDuration,isiDuration,feedbackDuration,itiDuration,stimOnset,itiOffset,leftColor,rightColor,mu1,mu2,sd1,sd2
uepP005,7,3,1,RR,7.0,4.0,2,3.5363367723669903,1,4.974127667307347,243.986959824849,255.49742426452335,3,5,7.0,-4.0,4.0,4.0
uepP005,7,3,2,RR,0.0,-1.0,2,2.905911192064125,1,5.866503262809918,255.49742426452335,267.26983871939746,3,5,7.0,-4.0,4.0,4.0
uepP005,7,3,3,RR,7.0,-8.0,2,3.795665917886358,1,5.070775345295932,267.26983871939746,279.13627998257977,3,5,7.0,-4.0,4.0,4.0
uepP005,7,3,4,RR,0.0,-7.0,2,3.308818843287476,1,4.140775711693243,279.13627998257977,289.5858745375605,3,5,7.0,-4.0,4.0,4.0
uepP005,7,3,5,RR,7.0,-3.0,2,2.945592008969826,1,3.351476524859859,289.5858745375605,298.8829430713902,3,5,7.0,-4.0,4.0,4.0
uepP005,7,3,6,RR,5.0,-8.0,2,4.150480768758919,1,5.20570014165689,298.8829430713902,311.239123981806,3,5,7.0,-4.0,4.0,4.0
uepP005,7,3,7,RR,14.0,4.0,2,1.720927190321718,1,4.829180429658564,311.239123981806,320.7892316017863,3,5,7.0,-4.0,4.0,4.0
uepP005,7,3,8,RR,1.0,-4.0,2,4.632593991627396,1,5.616204710770885,320.7892316017863,334.0380303041846,3,5,7.0,-4.0,4.0,4.0
uepP005,7,3,9,RR,1.0,2.0,2,4.124816919626988,1,3.1849345423552036,334.0380303041846,344.3477817661668,3,5,7.0,-4.0,4.0,4.0
uepP005,7,3,10,RR,15.0,-16.0,2,2.984165708567666,1,4.46092409358802,344.3477817661668,354.7928715683225,3,5,7.0,-4.0,4.0,4.0
