subjectId,runId,blockId,trialId,condition,leftAnswer,rightAnswer,choiceDuration,isiDuration,feedbackDuration,itiDuration,stimOnset,itiOffset,leftColor,rightColor,mu1,mu2,sd1,sd2
uepP018,8,2,1,RR,-0.0,0.0,2,4.1204966777965835,1,4.243507282667869,134.13716136483637,145.50116532530083,2,7,1.0,5.0,4.0,4.0
uepP018,8,2,2,RR,-3.0,3.0,2,1.8445381587469127,1,3.6531666820931226,145.50116532530083,153.99887016614085,2,7,1.0,5.0,4.0,4.0
uepP018,8,2,3,RR,-1.0,7.0,2,3.352049163703752,1,5.463805908048222,153.99887016614085,165.81472523789282,2,7,1.0,5.0,4.0,4.0
uepP018,8,2,4,RR,1.0,8.0,2,2.813423807453481,1,3.4469119608787153,165.81472523789282,175.075061006225,2,7,1.0,5.0,4.0,4.0
uepP018,8,2,5,RR,1.0,9.0,2,4.037403024959341,1,3.478085889438927,175.075061006225,185.59054992062326,2,7,1.0,5.0,4.0,4.0
uepP018,8,2,6,RR,1.0,12.0,2,2.538388243504855,1,5.769010981447439,185.59054992062326,196.89794914557555,2,7,1.0,5.0,4.0,4.0
uepP018,8,2,7,RR,1.0,3.0,2,1.8436840358875117,1,5.552543305383687,196.89794914557555,207.29417648684677,2,7,1.0,5.0,4.0,4.0
uepP018,8,2,8,RR,3.0,-0.0,2,2.239859838732165,1,4.0241376706192105,207.29417648684677,216.55817399619815,2,7,1.0,5.0,4.0,4.0
uepP018,8,2,9,RR,-1.0,12.0,2,2.8127994191703114,1,5.708771770971896,216.55817399619815,228.07974518634038,2,7,1.0,5.0,4.0,4.0
uepP018,8,2,10,RR,-1.0,6.0,2,2.1751552726216214,1,6.317536011739004,228.07974518634038,239.572436470701,2,7,1.0,5.0,4.0,4.0
