subjectId,runId,blockId,trialId,condition,leftAnswer,rightAnswer,choiceDuration,isiDuration,feedbackDuration,itiDuration,stimOnset,itiOffset,leftColor,rightColor,mu1,mu2,sd1,sd2
uepP026,3,2,1,RS,5.0,-6.0,2,4.637668972078504,1,3.2598323685836923,126.98666531283672,137.8841666534989,1,3,2.0,-6.0,4.0,0
uepP026,3,2,2,RS,1.0,-6.0,2,4.070581047613488,1,4.195990078930033,137.8841666534989,149.15073778004245,1,3,2.0,-6.0,4.0,0
uepP026,3,2,3,RS,-2.0,-6.0,2,3.896658469402075,1,4.992029608799574,149.15073778004245,161.0394258582441,1,3,2.0,-6.0,4.0,0
uepP026,3,2,4,RS,2.0,-6.0,2,2.499728859345111,1,5.8454219583239375,161.0394258582441,172.38457667591314,1,3,2.0,-6.0,4.0,0
uepP026,3,2,5,RS,3.0,-6.0,2,4.264706614126072,1,4.024608900452825,172.38457667591314,183.67389219049204,1,3,2.0,-6.0,4.0,0
uepP026,3,2,6,RS,-3.0,-6.0,2,2.4448017028151465,1,3.9151789147365204,183.67389219049204,193.0338728080437,1,3,2.0,-6.0,4.0,0
uepP026,3,2,7,RS,1.0,-6.0,2,4.0460280835878955,1,3.7942844675061016,193.0338728080437,203.87418535913767,1,3,2.0,-6.0,4.0,0
uepP026,3,2,8,RS,11.0,-6.0,2,1.7786779621377113,1,4.808692324787856,203.87418535913767,213.46155564606323,1,3,2.0,-6.0,4.0,0
uepP026,3,2,9,RS,7.0,-6.0,2,2.518853942878664,1,5.005688579248522,213.46155564606323,223.9860981681904,1,3,2.0,-6.0,4.0,0
uepP026,3,2,10,RS,5.0,-6.0,2,3.085044057685912,1,3.3631559800372988,223.9860981681904,233.43429820591362,1,3,2.0,-6.0,4.0,0
