subjectId,runId,blockId,trialId,condition,leftAnswer,rightAnswer,choiceDuration,isiDuration,feedbackDuration,itiDuration,stimOnset,itiOffset,leftColor,rightColor,mu1,mu2,sd1,sd2
uepP051,5,3,1,RS,16.0,-4.0,2,4.028954922476363,1,5.465468158038199,249.1627591487487,261.6571822292633,7,4,12.0,-4.0,4.0,0
uepP051,5,3,2,RS,17.0,-4.0,2,2.545691590262142,1,5.669224130421007,261.6571822292633,272.87209794994646,7,4,12.0,-4.0,4.0,0
uepP051,5,3,3,RS,8.0,-4.0,2,2.8323671493480935,1,3.275928437030604,272.87209794994646,281.98039353632515,7,4,12.0,-4.0,4.0,0
uepP051,5,3,4,RS,12.0,-4.0,2,3.9077865934835962,1,4.336217538064601,281.98039353632515,293.22439766787335,7,4,12.0,-4.0,4.0,0
uepP051,5,3,5,RS,15.0,-4.0,2,4.2541206157293665,1,4.2869285774074495,293.22439766787335,304.76544686101016,7,4,12.0,-4.0,4.0,0
uepP051,5,3,6,RS,15.0,-4.0,2,2.5799083543957133,1,5.9533246451807855,304.76544686101016,316.2986798605867,7,4,12.0,-4.0,4.0,0
uepP051,5,3,7,RS,18.0,-4.0,2,2.836999516557535,1,4.132267728180953,316.2986798605867,326.26794710532516,7,4,12.0,-4.0,4.0,0
uepP051,5,3,8,RS,7.0,-4.0,2,1.8374877380681836,1,3.844908629037491,326.26794710532516,334.95034347243086,7,4,12.0,-4.0,4.0,0
uepP051,5,3,9,RS,17.0,-4.0,2,1.8323620544371406,1,3.861239363288009,334.95034347243086,343.643944890156,7,4,12.0,-4.0,4.0,0
uepP051,5,3,10,RS,13.0,-4.0,2,2.296256387890703,1,4.8991106402994795,343.643944890156,353.83931191834614,7,4,12.0,-4.0,4.0,0
