subjectId,runId,blockId,trialId,condition,leftAnswer,rightAnswer,choiceDuration,isiDuration,feedbackDuration,itiDuration,stimOnset,itiOffset,leftColor,rightColor,mu1,mu2,sd1,sd2
uepP013,3,3,1,RR,-29.0,6.0,2,3.282146757595406,1,6.349330935615043,250.61644081881354,263.247918512024,2,5,-23.0,5.0,4.0,4.0
uepP013,3,3,2,RR,-22.0,16.0,2,4.241740271963706,1,6.393770239350936,263.247918512024,276.88342902333864,2,5,-23.0,5.0,4.0,4.0
uepP013,3,3,3,RR,-23.0,5.0,2,2.3922186449744007,1,3.30561658077003,276.88342902333864,285.58126424908306,2,5,-23.0,5.0,4.0,4.0
uepP013,3,3,4,RR,-21.0,9.0,2,2.7564142404375866,1,3.6472934786235696,285.58126424908306,294.98497196814424,2,5,-23.0,5.0,4.0,4.0
uepP013,3,3,5,RR,-19.0,8.0,2,2.751828601965671,1,5.595334270547626,294.98497196814424,306.33213484065755,2,5,-23.0,5.0,4.0,4.0
uepP013,3,3,6,RR,-26.0,6.0,2,1.7001411483588842,1,6.049225854381871,306.33213484065755,317.0815018433983,2,5,-23.0,5.0,4.0,4.0
uepP013,3,3,7,RR,-21.0,0.0,2,3.458706751261082,1,4.193208158801514,317.0815018433983,327.7334167534609,2,5,-23.0,5.0,4.0,4.0
uepP013,3,3,8,RR,-20.0,8.0,2,3.026628590334447,1,4.692749470412299,327.7334167534609,338.45279481420766,2,5,-23.0,5.0,4.0,4.0
uepP013,3,3,9,RR,-23.0,7.0,2,3.530526967005669,1,3.7277180659607843,338.45279481420766,348.7110398471741,2,5,-23.0,5.0,4.0,4.0
uepP013,3,3,10,RR,-24.0,-0.0,2,3.892076076964659,1,5.149570366791459,348.7110398471741,360.7526862909302,2,5,-23.0,5.0,4.0,4.0
