subjectId,runId,blockId,trialId,condition,leftAnswer,rightAnswer,choiceDuration,isiDuration,feedbackDuration,itiDuration,stimOnset,itiOffset,leftColor,rightColor,mu1,mu2,sd1,sd2
uepP019,4,3,1,SS,9.0,-19.0,2,2.566715966799727,1,4.533862453257577,241.54609474622126,251.64667316627856,5,4,9.0,-19.0,0,0
uepP019,4,3,2,SS,9.0,-19.0,2,2.1603926870428922,1,5.766206203249189,251.64667316627856,262.5732720565706,5,4,9.0,-19.0,0,0
uepP019,4,3,3,SS,9.0,-19.0,2,2.7222997452561084,1,4.840914011802104,262.5732720565706,273.13648581362884,5,4,9.0,-19.0,0,0
uepP019,4,3,4,SS,9.0,-19.0,2,3.2490904925754496,1,5.572844852719218,273.13648581362884,284.95842115892356,5,4,9.0,-19.0,0,0
uepP019,4,3,5,SS,9.0,-19.0,2,4.3250713018984195,1,6.076137256078633,284.95842115892356,298.35962971690066,5,4,9.0,-19.0,0,0
uepP019,4,3,6,SS,9.0,-19.0,2,2.09070855992951,1,4.064389752279782,298.35962971690066,307.51472802910996,5,4,9.0,-19.0,0,0
uepP019,4,3,7,SS,9.0,-19.0,2,3.8483845358908746,1,4.85010991421425,307.51472802910996,319.2132224792151,5,4,9.0,-19.0,0,0
uepP019,4,3,8,SS,9.0,-19.0,2,2.8196434507061636,1,4.55757126150351,319.2132224792151,329.59043719142477,5,4,9.0,-19.0,0,0
uepP019,4,3,9,SS,9.0,-19.0,2,4.12073326597644,1,4.656389441575512,329.59043719142477,341.3675598989767,5,4,9.0,-19.0,0,0
uepP019,4,3,10,SS,9.0,-19.0,2,3.238288942887391,1,5.851948622927992,341.3675598989767,353.45779746479207,5,4,9.0,-19.0,0,0
