subjectId,runId,blockId,trialId,condition,leftAnswer,rightAnswer,choiceDuration,isiDuration,feedbackDuration,itiDuration,stimOnset,itiOffset,leftColor,rightColor,mu1,mu2,sd1,sd2
uepP041,8,2,1,RS,-11.0,-3.0,2,4.213237670234447,1,3.419164749019563,131.68711167013856,142.31951408939256,2,7,-15.0,-3.0,4.0,0
uepP041,8,2,2,RS,-18.0,-3.0,2,2.608888477872166,1,4.800719359068894,142.31951408939256,152.72912192633362,2,7,-15.0,-3.0,4.0,0
uepP041,8,2,3,RS,-20.0,-3.0,2,2.1798354365778083,1,5.260954667416947,152.72912192633362,163.16991203032836,2,7,-15.0,-3.0,4.0,0
uepP041,8,2,4,RS,-17.0,-3.0,2,3.7414825262100053,1,3.7853123966592177,163.16991203032836,173.69670695319758,2,7,-15.0,-3.0,4.0,0
uepP041,8,2,5,RS,-17.0,-3.0,2,3.8932611155245405,1,4.905482003932779,173.69670695319758,185.4954500726549,2,7,-15.0,-3.0,4.0,0
uepP041,8,2,6,RS,-13.0,-3.0,2,2.608592046749016,1,4.761897129753075,185.4954500726549,195.86593924915698,2,7,-15.0,-3.0,4.0,0
uepP041,8,2,7,RS,-14.0,-3.0,2,3.2069375826195166,1,3.176547367531056,195.86593924915698,205.24942419930753,2,7,-15.0,-3.0,4.0,0
uepP041,8,2,8,RS,-14.0,-3.0,2,2.7282688326047504,1,3.7158080815693864,205.24942419930753,214.69350111348166,2,7,-15.0,-3.0,4.0,0
uepP041,8,2,9,RS,-17.0,-3.0,2,2.679494811451196,1,5.086946697415645,214.69350111348166,225.4599426223485,2,7,-15.0,-3.0,4.0,0
uepP041,8,2,10,RS,-18.0,-3.0,2,4.2221173980684,1,3.769275826400538,225.4599426223485,236.45133584681744,2,7,-15.0,-3.0,4.0,0
