subjectId,runId,blockId,trialId,condition,leftAnswer,rightAnswer,choiceDuration,isiDuration,feedbackDuration,itiDuration,stimOnset,itiOffset,leftColor,rightColor,mu1,mu2,sd1,sd2
uepP014,1,1,1,RS,1.0,-13.0,2,3.024368623740176,1,3.8169223029474395,16,25.841290926687616,0,5,0.0,-13.0,4.0,0
uepP014,1,1,2,RS,-7.0,-13.0,2,4.154515283941009,1,6.456454405251447,25.841290926687616,39.45226061588008,0,5,0.0,-13.0,4.0,0
uepP014,1,1,3,RS,1.0,-13.0,2,2.7021020832554967,1,4.670425020127557,39.45226061588008,49.824787719263135,0,5,0.0,-13.0,4.0,0
uepP014,1,1,4,RS,-5.0,-13.0,2,2.2536572424415793,1,6.5253555963834105,49.824787719263135,61.603800558088125,0,5,0.0,-13.0,4.0,0
uepP014,1,1,5,RS,9.0,-13.0,2,3.866083352229357,1,4.5446504472484754,61.603800558088125,73.01453435756595,0,5,0.0,-13.0,4.0,0
uepP014,1,1,6,RS,-3.0,-13.0,2,3.048854488884672,1,4.423485968217639,73.01453435756595,83.48687481466825,0,5,0.0,-13.0,4.0,0
uepP014,1,1,7,RS,1.0,-13.0,2,2.6022402952409243,1,4.8630943105579725,83.48687481466825,93.95220942046714,0,5,0.0,-13.0,4.0,0
uepP014,1,1,8,RS,8.0,-13.0,2,4.449614993415147,1,6.169648825453592,93.95220942046714,107.57147323933589,0,5,0.0,-13.0,4.0,0
uepP014,1,1,9,RS,5.0,-13.0,2,3.3350938085178385,1,5.423094010921877,107.57147323933589,119.3296610587756,0,5,0.0,-13.0,4.0,0
uepP014,1,1,10,RS,1.0,-13.0,2,3.020960518541447,1,5.058068841736658,119.3296610587756,130.4086904190537,0,5,0.0,-13.0,4.0,0
