subjectId,runId,blockId,trialId,condition,leftAnswer,rightAnswer,choiceDuration,isiDuration,feedbackDuration,itiDuration,stimOnset,itiOffset,leftColor,rightColor,mu1,mu2,sd1,sd2
uepP005,1,4,1,SS,-7.0,-21.0,2,2.9809510395349013,1,5.777694367038415,360.3688705308739,372.1275159374472,1,7,-7.0,-21.0,0,0
uepP005,1,4,2,SS,-7.0,-21.0,2,4.2282064550846306,1,5.974230206335084,372.1275159374472,385.3299525988669,1,7,-7.0,-21.0,0,0
uepP005,1,4,3,SS,-7.0,-21.0,2,1.9112991347187571,1,4.558909098588038,385.3299525988669,394.80016083217373,1,7,-7.0,-21.0,0,0
uepP005,1,4,4,SS,-7.0,-21.0,2,2.1401605767845866,1,4.2879307942661935,394.80016083217373,404.2282522032245,1,7,-7.0,-21.0,0,0
uepP005,1,4,5,SS,-7.0,-21.0,2,1.9767283125176447,1,6.237299255444119,404.2282522032245,415.44227977118624,1,7,-7.0,-21.0,0,0
uepP005,1,4,6,SS,-7.0,-21.0,2,4.583152979372618,1,6.062361018140052,415.44227977118624,429.08779376869893,1,7,-7.0,-21.0,0,0
uepP005,1,4,7,SS,-7.0,-21.0,2,4.701370633175731,1,5.784480962888311,429.08779376869893,442.57364536476297,1,7,-7.0,-21.0,0,0
uepP005,1,4,8,SS,-7.0,-21.0,2,3.0374353763402326,1,4.316959941469438,442.57364536476297,452.92804068257266,1,7,-7.0,-21.0,0,0
uepP005,1,4,9,SS,-7.0,-21.0,2,2.5199382439481277,1,3.3124274001226994,452.92804068257266,461.7604063266435,1,7,-7.0,-21.0,0,0
uepP005,1,4,10,SS,-7.0,-21.0,2,4.568134920522309,1,4.67145875283408,461.7604063266435,473.9999999999999,1,7,-7.0,-21.0,0,0
