subjectId,runId,blockId,trialId,condition,leftAnswer,rightAnswer,choiceDuration,isiDuration,feedbackDuration,itiDuration,stimOnset,itiOffset,leftColor,rightColor,mu1,mu2,sd1,sd2
uepP025,4,1,1,SR,17.0,-4.0,2,2.0334459236806532,1,5.192145142789707,16,26.225591066470358,7,1,17.0,3.0,0,4.0
uepP025,4,1,2,SR,17.0,1.0,2,1.784526982398887,1,5.4493729033216125,26.225591066470358,36.459490952190855,7,1,17.0,3.0,0,4.0
uepP025,4,1,3,SR,17.0,-0.0,2,4.141389438776309,1,5.872615897784716,36.459490952190855,49.473496288751875,7,1,17.0,3.0,0,4.0
uepP025,4,1,4,SR,17.0,0.0,2,4.238035077742714,1,4.570246968497358,49.473496288751875,61.28177833499195,7,1,17.0,3.0,0,4.0
uepP025,4,1,5,SR,17.0,1.0,2,3.2019718642929007,1,5.96749346545124,61.28177833499195,73.4512436647361,7,1,17.0,3.0,0,4.0
uepP025,4,1,6,SR,17.0,-1.0,2,3.4452447005971676,1,3.663317906913913,73.4512436647361,83.55980627224719,7,1,17.0,3.0,0,4.0
uepP025,4,1,7,SR,17.0,2.0,2,2.1334081910687055,1,4.151544592660237,83.55980627224719,92.84475905597614,7,1,17.0,3.0,0,4.0
uepP025,4,1,8,SR,17.0,2.0,2,4.575595623106307,1,3.890981426790314,92.84475905597614,104.31133610587277,7,1,17.0,3.0,0,4.0
uepP025,4,1,9,SR,17.0,7.0,2,3.50503643428859,1,5.597276414196494,104.31133610587277,116.41364895435785,7,1,17.0,3.0,0,4.0
uepP025,4,1,10,SR,17.0,3.0,2,2.751835328249778,1,5.589105303813558,116.41364895435785,127.75458958642119,7,1,17.0,3.0,0,4.0
