subjectId,runId,blockId,trialId,condition,leftAnswer,rightAnswer,choiceDuration,isiDuration,feedbackDuration,itiDuration,stimOnset,itiOffset,leftColor,rightColor,mu1,mu2,sd1,sd2
uepP022,2,1,1,SR,-7.0,-4.0,2,3.1196186923298352,1,4.155251724998841,16,26.27487041732868,6,2,-7.0,-7.0,0,4.0
uepP022,2,1,2,SR,-7.0,0.0,2,4.4143053881970555,1,5.260938809120886,26.27487041732868,38.95011461464662,6,2,-7.0,-7.0,0,4.0
uepP022,2,1,3,SR,-7.0,-4.0,2,2.1648377232144527,1,5.853069867236566,38.95011461464662,49.96802220509764,6,2,-7.0,-7.0,0,4.0
uepP022,2,1,4,SR,-7.0,-4.0,2,4.341410582164393,1,3.438644858991795,49.96802220509764,60.748077646253826,6,2,-7.0,-7.0,0,4.0
uepP022,2,1,5,SR,-7.0,-8.0,2,1.9750806211661303,1,4.760002901469231,60.748077646253826,70.4831611688892,6,2,-7.0,-7.0,0,4.0
uepP022,2,1,6,SR,-7.0,-14.0,2,2.991987299369462,1,3.394471399859982,70.4831611688892,79.86961986811863,6,2,-7.0,-7.0,0,4.0
uepP022,2,1,7,SR,-7.0,-14.0,2,4.374437115210704,1,4.026669473340418,79.86961986811863,91.27072645666976,6,2,-7.0,-7.0,0,4.0
uepP022,2,1,8,SR,-7.0,-8.0,2,4.224180817670717,1,5.00710144672062,91.27072645666976,103.5020087210611,6,2,-7.0,-7.0,0,4.0
uepP022,2,1,9,SR,-7.0,-4.0,2,3.080161901009218,1,5.825779771887734,103.5020087210611,115.40795039395806,6,2,-7.0,-7.0,0,4.0
uepP022,2,1,10,SR,-7.0,-13.0,2,1.755632362109579,1,5.40084164885222,115.40795039395806,125.56442440491986,6,2,-7.0,-7.0,0,4.0
