subjectId,runId,blockId,trialId,condition,leftAnswer,rightAnswer,choiceDuration,isiDuration,feedbackDuration,itiDuration,stimOnset,itiOffset,leftColor,rightColor,mu1,mu2,sd1,sd2
uepP027,1,1,1,SR,-8.0,-9.0,2,2.8950649394487478,1,4.298864410859408,16,26.193929350308157,2,5,-8.0,-7.0,0,4.0
uepP027,1,1,2,SR,-8.0,-8.0,2,2.047731277036641,1,4.233117886533426,26.193929350308157,35.47477851387822,2,5,-8.0,-7.0,0,4.0
uepP027,1,1,3,SR,-8.0,-8.0,2,3.825971705298698,1,5.005887326459369,35.47477851387822,47.30663754563629,2,5,-8.0,-7.0,0,4.0
uepP027,1,1,4,SR,-8.0,-6.0,2,1.7433471470593356,1,4.96616473963297,47.30663754563629,57.0161494323286,2,5,-8.0,-7.0,0,4.0
uepP027,1,1,5,SR,-8.0,-11.0,2,3.290176794830109,1,5.426050794161168,57.0161494323286,68.73237702131988,2,5,-8.0,-7.0,0,4.0
uepP027,1,1,6,SR,-8.0,-16.0,2,3.142861599606786,1,5.054430071670591,68.73237702131988,79.92966869259726,2,5,-8.0,-7.0,0,4.0
uepP027,1,1,7,SR,-8.0,-15.0,2,4.69555594360325,1,5.457133001442619,79.92966869259726,93.08235763764313,2,5,-8.0,-7.0,0,4.0
uepP027,1,1,8,SR,-8.0,-10.0,2,2.0630412912399767,1,6.218078429787616,93.08235763764313,104.36347735867072,2,5,-8.0,-7.0,0,4.0
uepP027,1,1,9,SR,-8.0,-4.0,2,3.6960751531979894,1,5.136266676480121,104.36347735867072,116.19581918834884,2,5,-8.0,-7.0,0,4.0
uepP027,1,1,10,SR,-8.0,-7.0,2,2.7388477942725524,1,5.9297656348956,116.19581918834884,127.864432617517,2,5,-8.0,-7.0,0,4.0
