subjectId,runId,blockId,trialId,condition,leftAnswer,rightAnswer,choiceDuration,isiDuration,feedbackDuration,itiDuration,stimOnset,itiOffset,leftColor,rightColor,mu1,mu2,sd1,sd2
uepP040,3,4,1,SS,-12.0,9.0,2,1.6053043847896065,1,3.8798147916101486,364.0847952636255,372.5699144400253,4,1,-12.0,9.0,0,0
uepP040,3,4,2,SS,-12.0,9.0,2,2.5688808643348913,1,5.434787636539411,372.5699144400253,383.5735829408996,4,1,-12.0,9.0,0,0
uepP040,3,4,3,SS,-12.0,9.0,2,3.395280946248001,1,5.614312404848486,383.5735829408996,395.5831762919961,4,1,-12.0,9.0,0,0
uepP040,3,4,4,SS,-12.0,9.0,2,3.839871546967342,1,3.9778730606921804,395.5831762919961,406.4009208996556,4,1,-12.0,9.0,0,0
uepP040,3,4,5,SS,-12.0,9.0,2,3.6545526516099915,1,4.022548993325836,406.4009208996556,417.0780225445914,4,1,-12.0,9.0,0,0
uepP040,3,4,6,SS,-12.0,9.0,2,2.9680892779571146,1,3.569922231365278,417.0780225445914,426.61603405391384,4,1,-12.0,9.0,0,0
uepP040,3,4,7,SS,-12.0,9.0,2,4.371050226345334,1,3.7408903767944404,426.61603405391384,437.7279746570536,4,1,-12.0,9.0,0,0
uepP040,3,4,8,SS,-12.0,9.0,2,4.576152917269929,1,5.233795397307244,437.7279746570536,450.5379229716308,4,1,-12.0,9.0,0,0
uepP040,3,4,9,SS,-12.0,9.0,2,3.7887726867222136,1,6.043401149719664,450.5379229716308,463.3700968080727,4,1,-12.0,9.0,0,0
uepP040,3,4,10,SS,-12.0,9.0,2,3.5587979706619683,1,4.071105221265501,463.3700968080727,474.0000000000001,4,1,-12.0,9.0,0,0
