subjectId,runId,blockId,trialId,condition,leftAnswer,rightAnswer,choiceDuration,isiDuration,feedbackDuration,itiDuration,stimOnset,itiOffset,leftColor,rightColor,mu1,mu2,sd1,sd2
uepP006,5,4,1,RS,-9.0,4.0,2,4.719576502544365,1,3.6273781217952172,363.01114085139653,374.35809547573615,4,6,-13.0,4.0,4.0,0
uepP006,5,4,2,RS,-11.0,4.0,2,2.2695312355047155,1,3.911803233224022,374.35809547573615,383.53942994446487,4,6,-13.0,4.0,4.0,0
uepP006,5,4,3,RS,-11.0,4.0,2,2.3084705952689775,1,5.252669647322192,383.53942994446487,394.10057018705606,4,6,-13.0,4.0,4.0,0
uepP006,5,4,4,RS,-14.0,4.0,2,4.419829797053727,1,6.194614587796764,394.10057018705606,407.7150145719066,4,6,-13.0,4.0,4.0,0
uepP006,5,4,5,RS,-18.0,4.0,2,3.162690899724335,1,4.45993538495199,407.7150145719066,418.3376408565829,4,6,-13.0,4.0,4.0,0
uepP006,5,4,6,RS,-16.0,4.0,2,3.5244254609815218,1,4.016351706328361,418.3376408565829,428.8784180238928,4,6,-13.0,4.0,4.0,0
uepP006,5,4,7,RS,-13.0,4.0,2,3.5054440218760763,1,6.2286703862163755,428.8784180238928,441.61253243198524,4,6,-13.0,4.0,4.0,0
uepP006,5,4,8,RS,-17.0,4.0,2,3.503953641145699,1,4.33874513604528,441.61253243198524,452.45523120917625,4,6,-13.0,4.0,4.0,0
uepP006,5,4,9,RS,0.0,4.0,2,3.193121238377151,1,4.998219763248977,452.45523120917625,463.6465722108024,4,6,-13.0,4.0,4.0,0
uepP006,5,4,10,RS,-15.0,4.0,2,2.692334993247037,1,4.661092795950667,463.6465722108024,474.00000000000006,4,6,-13.0,4.0,4.0,0
