subjectId,runId,blockId,trialId,condition,leftAnswer,rightAnswer,choiceDuration,isiDuration,feedbackDuration,itiDuration,stimOnset,itiOffset,leftColor,rightColor,mu1,mu2,sd1,sd2
uepP014,2,1,1,RR,3.0,-19.0,2,2.026323278500552,1,5.3276873583764,16,26.35401063687695,1,0,6.0,-12.0,4.0,4.0
uepP014,2,1,2,RR,-1.0,-6.0,2,4.166774491437645,1,6.294298879924517,26.35401063687695,39.81508400823911,1,0,6.0,-12.0,4.0,4.0
uepP014,2,1,3,RR,8.0,-6.0,2,1.7093318647168485,1,3.5167606091283585,39.81508400823911,48.041176482084325,1,0,6.0,-12.0,4.0,4.0
uepP014,2,1,4,RR,11.0,-7.0,2,1.6251621051229794,1,5.6815483733815215,48.041176482084325,58.34788696058883,1,0,6.0,-12.0,4.0,4.0
uepP014,2,1,5,RR,4.0,-7.0,2,2.3928434620136634,1,3.5402519875361604,58.34788696058883,67.28098241013866,1,0,6.0,-12.0,4.0,4.0
uepP014,2,1,6,RR,-2.0,-12.0,2,4.52970896519862,1,3.5054221586278196,67.28098241013866,78.31611353396511,1,0,6.0,-12.0,4.0,4.0
uepP014,2,1,7,RR,2.0,-6.0,2,3.576236225134105,1,6.155724540101514,78.31611353396511,91.04807429920074,1,0,6.0,-12.0,4.0,4.0
uepP014,2,1,8,RR,8.0,-15.0,2,2.6159005578347903,1,4.85874205545207,91.04807429920074,101.5227169124876,1,0,6.0,-12.0,4.0,4.0
uepP014,2,1,9,RR,11.0,-18.0,2,2.3713691408818542,1,3.765860528600386,101.5227169124876,110.65994658196983,1,0,6.0,-12.0,4.0,4.0
uepP014,2,1,10,RR,8.0,-14.0,2,3.338817710222997,1,4.855962171187286,110.65994658196983,121.85472646338012,1,0,6.0,-12.0,4.0,4.0
