subjectId,runId,blockId,trialId,condition,leftAnswer,rightAnswer,choiceDuration,isiDuration,feedbackDuration,itiDuration,stimOnset,itiOffset,leftColor,rightColor,mu1,mu2,sd1,sd2
uepP000,7,4,1,SS,0.0,-9.0,2,2.860117212784446,1,4.227867099166747,365.92327265991815,376.0112569718694,3,1,0.0,-9.0,0,0
uepP000,7,4,2,SS,0.0,-9.0,2,4.129082071516443,1,3.2476292844328287,376.0112569718694,386.38796832781867,3,1,0.0,-9.0,0,0
uepP000,7,4,3,SS,0.0,-9.0,2,4.548627643306583,1,3.3846071413175927,386.38796832781867,397.32120311244284,3,1,0.0,-9.0,0,0
uepP000,7,4,4,SS,0.0,-9.0,2,4.2010171915325465,1,3.5957503694327113,397.32120311244284,408.11797067340814,3,1,0.0,-9.0,0,0
uepP000,7,4,5,SS,0.0,-9.0,2,3.6303563452897154,1,5.722378967222836,408.11797067340814,420.4707059859207,3,1,0.0,-9.0,0,0
uepP000,7,4,6,SS,0.0,-9.0,2,1.8475839417439412,1,6.1951855126170985,420.4707059859207,431.51347544028175,3,1,0.0,-9.0,0,0
uepP000,7,4,7,SS,0.0,-9.0,2,4.098484478506683,1,5.128483276465719,431.51347544028175,443.74044319525416,3,1,0.0,-9.0,0,0
uepP000,7,4,8,SS,0.0,-9.0,2,2.3828361686852726,1,3.681697755896122,443.74044319525416,452.80497711983554,3,1,0.0,-9.0,0,0
uepP000,7,4,9,SS,0.0,-9.0,2,3.4678007818130943,1,5.352368777301702,452.80497711983554,464.62514667895033,3,1,0.0,-9.0,0,0
uepP000,7,4,10,SS,0.0,-9.0,2,1.9776422307908397,1,4.397211090258919,464.62514667895033,474.00000000000006,3,1,0.0,-9.0,0,0
