subjectId,runId,blockId,trialId,condition,leftAnswer,rightAnswer,choiceDuration,isiDuration,feedbackDuration,itiDuration,stimOnset,itiOffset,leftColor,rightColor,mu1,mu2,sd1,sd2
uepP015,1,4,1,RS,9.0,8.0,2,4.60059332353251,1,5.355454733157939,364.0306814066446,376.98672946333505,6,0,4.0,8.0,4.0,0
uepP015,1,4,2,RS,6.0,8.0,2,3.9248271450901,1,5.7157714610268435,376.98672946333505,389.627328069452,6,0,4.0,8.0,4.0,0
uepP015,1,4,3,RS,8.0,8.0,2,3.109451763096849,1,3.242843266236338,389.627328069452,398.97962309878517,6,0,4.0,8.0,4.0,0
uepP015,1,4,4,RS,8.0,8.0,2,2.56285308470439,1,5.388938652450392,398.97962309878517,409.93141483593996,6,0,4.0,8.0,4.0,0
uepP015,1,4,5,RS,17.0,8.0,2,2.9820153744447886,1,3.6189824724025925,409.93141483593996,419.53241268278737,6,0,4.0,8.0,4.0,0
uepP015,1,4,6,RS,8.0,8.0,2,1.900480470320995,1,5.32393434308672,419.53241268278737,429.75682749619506,6,0,4.0,8.0,4.0,0
uepP015,1,4,7,RS,2.0,8.0,2,2.2318616207228223,1,5.777425671352976,429.75682749619506,440.7661147882709,6,0,4.0,8.0,4.0,0
uepP015,1,4,8,RS,6.0,8.0,2,2.4640785363271456,1,4.279081941542459,440.7661147882709,450.5092752661405,6,0,4.0,8.0,4.0,0
uepP015,1,4,9,RS,5.0,8.0,2,3.369583886446596,1,4.434786948932151,450.5092752661405,461.3136461015192,6,0,4.0,8.0,4.0,0
uepP015,1,4,10,RS,-2.0,8.0,2,4.380694206408244,1,5.305659692072497,461.3136461015192,473.99999999999994,6,0,4.0,8.0,4.0,0
