subjectId,runId,blockId,trialId,condition,leftAnswer,rightAnswer,choiceDuration,isiDuration,feedbackDuration,itiDuration,stimOnset,itiOffset,leftColor,rightColor,mu1,mu2,sd1,sd2
uepP042,3,3,1,RR,-17.0,-12.0,2,3.2677890045326627,1,5.712405382073542,249.5647353565548,261.544929743161,0,5,-20.0,-8.0,4.0,4.0
uepP042,3,3,2,RR,-20.0,-5.0,2,1.9796405614185388,1,5.824957149522849,261.544929743161,272.3495274541024,0,5,-20.0,-8.0,4.0,4.0
uepP042,3,3,3,RR,-22.0,-5.0,2,3.853444697173705,1,4.527947837543763,272.3495274541024,283.73091998881983,0,5,-20.0,-8.0,4.0,4.0
uepP042,3,3,4,RR,-21.0,-4.0,2,1.7605138731546024,1,4.303877060262674,283.73091998881983,292.7953109222371,0,5,-20.0,-8.0,4.0,4.0
uepP042,3,3,5,RR,-25.0,-2.0,2,4.314439897559256,1,4.571921989229958,292.7953109222371,304.68167280902634,0,5,-20.0,-8.0,4.0,4.0
uepP042,3,3,6,RR,-16.0,-8.0,2,1.761126482938397,1,4.342442318589261,304.68167280902634,313.78524161055395,0,5,-20.0,-8.0,4.0,4.0
uepP042,3,3,7,RR,-22.0,-9.0,2,3.5201251375953846,1,5.070216191009313,313.78524161055395,325.3755829391586,0,5,-20.0,-8.0,4.0,4.0
uepP042,3,3,8,RR,-20.0,-4.0,2,3.6595794139150075,1,5.690360556197047,325.3755829391586,337.7255229092707,0,5,-20.0,-8.0,4.0,4.0
uepP042,3,3,9,RR,-12.0,-7.0,2,3.902439002501155,1,3.9779343607716813,337.7255229092707,348.60589627254353,0,5,-20.0,-8.0,4.0,4.0
uepP042,3,3,10,RR,-21.0,-4.0,2,3.2479306112471615,1,4.5535695559008555,348.60589627254353,359.4073964396916,0,5,-20.0,-8.0,4.0,4.0
