subjectId,runId,blockId,trialId,condition,leftAnswer,rightAnswer,choiceDuration,isiDuration,feedbackDuration,itiDuration,stimOnset,itiOffset,leftColor,rightColor,mu1,mu2,sd1,sd2
uepP057,3,2,1,SS,-7.0,-2.0,2,4.556208959665283,1,5.119284142777609,129.9915246716522,142.6670177740951,3,2,-7.0,-2.0,0,0
uepP057,3,2,2,SS,-7.0,-2.0,2,3.06100078613767,1,4.8664381622784285,142.6670177740951,153.59445672251118,3,2,-7.0,-2.0,0,0
uepP057,3,2,3,SS,-7.0,-2.0,2,1.6974328731903372,1,3.9963978398081195,153.59445672251118,162.28828743550963,3,2,-7.0,-2.0,0,0
uepP057,3,2,4,SS,-7.0,-2.0,2,2.462228064004793,1,3.656371802869433,162.28828743550963,171.40688730238386,3,2,-7.0,-2.0,0,0
uepP057,3,2,5,SS,-7.0,-2.0,2,3.921691201403608,1,3.489564829145901,171.40688730238386,181.81814333293337,3,2,-7.0,-2.0,0,0
uepP057,3,2,6,SS,-7.0,-2.0,2,4.154855792914165,1,5.617847436641886,181.81814333293337,194.59084656248942,3,2,-7.0,-2.0,0,0
uepP057,3,2,7,SS,-7.0,-2.0,2,1.7547860583154282,1,5.8027393222037915,194.59084656248942,205.14837194300864,3,2,-7.0,-2.0,0,0
uepP057,3,2,8,SS,-7.0,-2.0,2,4.763390858520442,1,3.4656415428464187,205.14837194300864,216.3774043443755,3,2,-7.0,-2.0,0,0
uepP057,3,2,9,SS,-7.0,-2.0,2,4.889333492125742,1,4.816383144901724,216.3774043443755,229.08312098140294,3,2,-7.0,-2.0,0,0
uepP057,3,2,10,SS,-7.0,-2.0,2,3.6057253367940554,1,5.678568509558366,229.08312098140294,241.36741482775537,3,2,-7.0,-2.0,0,0
