subjectId,runId,blockId,trialId,condition,leftAnswer,rightAnswer,choiceDuration,isiDuration,feedbackDuration,itiDuration,stimOnset,itiOffset,leftColor,rightColor,mu1,mu2,sd1,sd2
uepP002,6,2,1,RS,-10.0,-24.0,2,2.698376496008025,1,4.583460321372551,127.46640150395164,137.74823832133222,1,5,-3.0,-24.0,4.0,0
uepP002,6,2,2,RS,-2.0,-24.0,2,2.314209699405098,1,5.701180568923717,137.74823832133222,148.76362858966104,1,5,-3.0,-24.0,4.0,0
uepP002,6,2,3,RS,3.0,-24.0,2,2.0603833175150212,1,5.390895997779106,148.76362858966104,159.21490790495517,1,5,-3.0,-24.0,4.0,0
uepP002,6,2,4,RS,3.0,-24.0,2,4.35810033743498,1,6.013536972983775,159.21490790495517,172.58654521537395,1,5,-3.0,-24.0,4.0,0
uepP002,6,2,5,RS,-2.0,-24.0,2,2.79521185964867,1,4.493693076157367,172.58654521537395,182.87545015118,1,5,-3.0,-24.0,4.0,0
uepP002,6,2,6,RS,-4.0,-24.0,2,4.5685672894798115,1,5.522640180109349,182.87545015118,195.96665762076913,1,5,-3.0,-24.0,4.0,0
uepP002,6,2,7,RS,-13.0,-24.0,2,4.4790523678081025,1,4.156755234916691,195.96665762076913,207.6024652234939,1,5,-3.0,-24.0,4.0,0
uepP002,6,2,8,RS,-8.0,-24.0,2,3.528310660775748,1,3.8438455613725124,207.6024652234939,217.97462144564219,1,5,-3.0,-24.0,4.0,0
uepP002,6,2,9,RS,1.0,-24.0,2,3.6271140367932904,1,5.884697090632504,217.97462144564219,230.486432573068,1,5,-3.0,-24.0,4.0,0
uepP002,6,2,10,RS,-3.0,-24.0,2,1.6703885995207994,1,4.386198780265893,230.486432573068,239.54301995285468,1,5,-3.0,-24.0,4.0,0
