subjectId,runId,blockId,trialId,condition,leftAnswer,rightAnswer,choiceDuration,isiDuration,feedbackDuration,itiDuration,stimOnset,itiOffset,leftColor,rightColor,mu1,mu2,sd1,sd2
uepP055,4,1,1,SR,9.0,9.0,2,1.9281282805493425,1,3.6393724740351168,16,24.567500754584458,2,1,9.0,6.0,0,4.0
uepP055,4,1,2,SR,9.0,7.0,2,2.6749157766748635,1,4.592212894514514,24.567500754584458,34.83462942577384,2,1,9.0,6.0,0,4.0
uepP055,4,1,3,SR,9.0,1.0,2,3.1010589125329373,1,5.9407599788130465,34.83462942577384,46.876448317119824,2,1,9.0,6.0,0,4.0
uepP055,4,1,4,SR,9.0,8.0,2,3.5491181376157055,1,5.276226146527112,46.876448317119824,58.70179260126264,2,1,9.0,6.0,0,4.0
uepP055,4,1,5,SR,9.0,6.0,2,3.925244769714689,1,3.724341678067326,58.70179260126264,69.35137904904467,2,1,9.0,6.0,0,4.0
uepP055,4,1,6,SR,9.0,1.0,2,3.6800838970222145,1,5.598504339546885,69.35137904904467,81.62996728561376,2,1,9.0,6.0,0,4.0
uepP055,4,1,7,SR,9.0,-4.0,2,2.3901417304701504,1,5.705807580391144,81.62996728561376,92.72591659647505,2,1,9.0,6.0,0,4.0
uepP055,4,1,8,SR,9.0,3.0,2,2.2801876314089444,1,5.463214350844381,92.72591659647505,103.46931857872838,2,1,9.0,6.0,0,4.0
uepP055,4,1,9,SR,9.0,3.0,2,3.8582569704451113,1,4.7775048801649715,103.46931857872838,115.10508042933846,2,1,9.0,6.0,0,4.0
uepP055,4,1,10,SR,9.0,8.0,2,3.565219529177166,1,4.899598051999099,115.10508042933846,126.56989801051472,2,1,9.0,6.0,0,4.0
