subjectId,runId,blockId,trialId,condition,leftAnswer,rightAnswer,choiceDuration,isiDuration,feedbackDuration,itiDuration,stimOnset,itiOffset,leftColor,rightColor,mu1,mu2,sd1,sd2
uepP047,1,1,1,RR,1.0,5.0,2,2.463743744811952,1,4.883771174450555,16,26.347514919262508,2,0,-0.0,9.0,4.0,4.0
uepP047,1,1,2,RR,3.0,4.0,2,1.7090619165683754,1,3.8137337754707565,26.347514919262508,34.87031061130164,2,0,-0.0,9.0,4.0,4.0
uepP047,1,1,3,RR,-1.0,10.0,2,3.7929575847055563,1,3.8284023409940358,34.87031061130164,45.491670537001234,2,0,-0.0,9.0,4.0,4.0
uepP047,1,1,4,RR,1.0,10.0,2,1.647740839633496,1,5.160420930483874,45.491670537001234,55.299832307118606,2,0,-0.0,9.0,4.0,4.0
uepP047,1,1,5,RR,8.0,4.0,2,3.6353674481593763,1,3.657904876062007,55.299832307118606,65.59310463134,2,0,-0.0,9.0,4.0,4.0
uepP047,1,1,6,RR,12.0,8.0,2,3.569123671581972,1,5.461037095332723,65.59310463134,77.6232653982547,2,0,-0.0,9.0,4.0,4.0
uepP047,1,1,7,RR,3.0,13.0,2,1.9095429341055004,1,6.073773548439932,77.6232653982547,88.60658188080014,2,0,-0.0,9.0,4.0,4.0
uepP047,1,1,8,RR,0.0,6.0,2,1.9524918618665754,1,3.4615918517252613,88.60658188080014,97.02066559439197,2,0,-0.0,9.0,4.0,4.0
uepP047,1,1,9,RR,-2.0,10.0,2,3.137498473323634,1,4.666718859467192,97.02066559439197,107.8248829271828,2,0,-0.0,9.0,4.0,4.0
uepP047,1,1,10,RR,-5.0,5.0,2,3.1866222572000185,1,3.8491043094356403,107.8248829271828,117.86060949381846,2,0,-0.0,9.0,4.0,4.0
