subjectId,runId,blockId,trialId,condition,leftAnswer,rightAnswer,choiceDuration,isiDuration,feedbackDuration,itiDuration,stimOnset,itiOffset,leftColor,rightColor,mu1,mu2,sd1,sd2
uepP040,4,1,1,RR,-16.0,-12.0,2,4.52365328217143,1,6.513769998662162,16,30.037423280833593,6,4,-6.0,-10.0,4.0,4.0
uepP040,4,1,2,RR,-15.0,-12.0,2,2.934984915626926,1,4.549023483829456,30.037423280833593,40.52143168028998,6,4,-6.0,-10.0,4.0,4.0
uepP040,4,1,3,RR,-6.0,-10.0,2,3.824732725497737,1,4.407438975909408,40.52143168028998,51.753603381697125,6,4,-6.0,-10.0,4.0,4.0
uepP040,4,1,4,RR,-10.0,-14.0,2,2.9766470159971843,1,5.684190306402929,51.753603381697125,63.414440704097245,6,4,-6.0,-10.0,4.0,4.0
uepP040,4,1,5,RR,2.0,-12.0,2,1.7060803324465244,1,3.819947677202934,63.414440704097245,71.9404687137467,6,4,-6.0,-10.0,4.0,4.0
uepP040,4,1,6,RR,-7.0,-6.0,2,4.29434822119261,1,3.6773969274808684,71.9404687137467,82.91221386242017,6,4,-6.0,-10.0,4.0,4.0
uepP040,4,1,7,RR,-4.0,-6.0,2,4.007141991176566,1,4.062320942619459,82.91221386242017,93.9816767962162,6,4,-6.0,-10.0,4.0,4.0
uepP040,4,1,8,RR,-12.0,-10.0,2,3.8971201394953514,1,3.5338543738415753,93.9816767962162,104.41265130955314,6,4,-6.0,-10.0,4.0,4.0
uepP040,4,1,9,RR,-3.0,-12.0,2,4.262541986775924,1,3.758288179434861,104.41265130955314,115.43348147576393,6,4,-6.0,-10.0,4.0,4.0
uepP040,4,1,10,RR,-13.0,-5.0,2,4.139282496566581,1,4.096969885296428,115.43348147576393,126.66973385762694,6,4,-6.0,-10.0,4.0,4.0
