subjectId,runId,blockId,trialId,condition,leftAnswer,rightAnswer,choiceDuration,isiDuration,feedbackDuration,itiDuration,stimOnset,itiOffset,leftColor,rightColor,mu1,mu2,sd1,sd2
uepP034,4,2,1,SS,6.0,-2.0,2,2.3589101781905257,1,5.251794350182009,127.77283782380688,138.38354235217938,1,0,6.0,-2.0,0,0
uepP034,4,2,2,SS,6.0,-2.0,2,3.2119458013639743,1,4.050954641764129,138.38354235217938,148.64644279530748,1,0,6.0,-2.0,0,0
uepP034,4,2,3,SS,6.0,-2.0,2,4.4340212750006085,1,3.634711083249192,148.64644279530748,159.71517515355728,1,0,6.0,-2.0,0,0
uepP034,4,2,4,SS,6.0,-2.0,2,2.3829980562156527,1,5.585318103345154,159.71517515355728,170.68349131311808,1,0,6.0,-2.0,0,0
uepP034,4,2,5,SS,6.0,-2.0,2,4.649298519232621,1,5.880197711774178,170.68349131311808,184.21298754412487,1,0,6.0,-2.0,0,0
uepP034,4,2,6,SS,6.0,-2.0,2,2.732224267874466,1,4.420111341931185,184.21298754412487,194.36532315393052,1,0,6.0,-2.0,0,0
uepP034,4,2,7,SS,6.0,-2.0,2,3.6345994107326547,1,6.211909805477252,194.36532315393052,207.21183237014043,1,0,6.0,-2.0,0,0
uepP034,4,2,8,SS,6.0,-2.0,2,3.4818061619398075,1,5.771684921013154,207.21183237014043,219.4653234530934,1,0,6.0,-2.0,0,0
uepP034,4,2,9,SS,6.0,-2.0,2,1.5917140159036647,1,6.044429617893432,219.4653234530934,230.1014670868905,1,0,6.0,-2.0,0,0
uepP034,4,2,10,SS,6.0,-2.0,2,3.8678603427089535,1,4.850784175038787,230.1014670868905,241.82011160463824,1,0,6.0,-2.0,0,0
