subjectId,runId,blockId,trialId,condition,leftAnswer,rightAnswer,choiceDuration,isiDuration,feedbackDuration,itiDuration,stimOnset,itiOffset,leftColor,rightColor,mu1,mu2,sd1,sd2
uepP021,6,2,1,RS,-30.0,8.0,2,3.271985799347016,1,6.151132293387837,132.52821190224947,144.95132999498432,0,6,-27.0,8.0,4.0,0
uepP021,6,2,2,RS,-27.0,8.0,2,2.643249959742731,1,4.229394839532894,144.95132999498432,154.82397479425993,0,6,-27.0,8.0,4.0,0
uepP021,6,2,3,RS,-27.0,8.0,2,4.2435390477973165,1,4.8498664334430925,154.82397479425993,166.91738027550034,0,6,-27.0,8.0,4.0,0
uepP021,6,2,4,RS,-29.0,8.0,2,4.398058422792217,1,3.79371181836107,166.91738027550034,178.1091505166536,0,6,-27.0,8.0,4.0,0
uepP021,6,2,5,RS,-33.0,8.0,2,3.038605367632741,1,5.256347705079796,178.1091505166536,189.40410358936617,0,6,-27.0,8.0,4.0,0
uepP021,6,2,6,RS,-24.0,8.0,2,3.8227491473685515,1,4.8254228014492595,189.40410358936617,201.05227553818398,0,6,-27.0,8.0,4.0,0
uepP021,6,2,7,RS,-28.0,8.0,2,4.609348187481749,1,3.6706544947473896,201.05227553818398,212.33227822041312,0,6,-27.0,8.0,4.0,0
uepP021,6,2,8,RS,-22.0,8.0,2,3.6742110863011908,1,4.507487924141629,212.33227822041312,223.51397723085594,0,6,-27.0,8.0,4.0,0
uepP021,6,2,9,RS,-28.0,8.0,2,2.377628269998219,1,4.609421329557882,223.51397723085594,233.50102683041203,0,6,-27.0,8.0,4.0,0
uepP021,6,2,10,RS,-24.0,8.0,2,3.7624245637509355,1,5.049816935846841,233.50102683041203,245.3132683300098,0,6,-27.0,8.0,4.0,0
