subjectId,runId,blockId,trialId,condition,leftAnswer,rightAnswer,choiceDuration,isiDuration,feedbackDuration,itiDuration,stimOnset,itiOffset,leftColor,rightColor,mu1,mu2,sd1,sd2
uepP053,2,1,1,SR,15.0,10.0,2,4.567832680864301,1,4.411187829382795,16,27.979020510247096,2,4,15.0,13.0,0,4.0
uepP053,2,1,2,SR,15.0,8.0,2,3.5778380379417194,1,3.35227925195833,27.979020510247096,37.90913780014714,2,4,15.0,13.0,0,4.0
uepP053,2,1,3,SR,15.0,14.0,2,3.182133040827627,1,5.738712566138476,37.90913780014714,49.82998340711325,2,4,15.0,13.0,0,4.0
uepP053,2,1,4,SR,15.0,10.0,2,2.7051565397262287,1,5.942173661037874,49.82998340711325,61.47731360787735,2,4,15.0,13.0,0,4.0
uepP053,2,1,5,SR,15.0,8.0,2,4.250765087390207,1,5.318567424510996,61.47731360787735,74.04664611977856,2,4,15.0,13.0,0,4.0
uepP053,2,1,6,SR,15.0,13.0,2,4.0744955513622925,1,5.545079961619443,74.04664611977856,86.66622163276028,2,4,15.0,13.0,0,4.0
uepP053,2,1,7,SR,15.0,13.0,2,4.411349676217197,1,5.1292782040579405,86.66622163276028,99.20684951303542,2,4,15.0,13.0,0,4.0
uepP053,2,1,8,SR,15.0,5.0,2,3.9255336755771304,1,4.681298353653896,99.20684951303542,110.81368154226645,2,4,15.0,13.0,0,4.0
uepP053,2,1,9,SR,15.0,17.0,2,4.064587383723205,1,3.613964163907475,110.81368154226645,121.49223308989713,2,4,15.0,13.0,0,4.0
uepP053,2,1,10,SR,15.0,11.0,2,1.7820232240361684,1,4.592917197065821,121.49223308989713,130.86717351099912,2,4,15.0,13.0,0,4.0
