subjectId,runId,blockId,trialId,condition,leftAnswer,rightAnswer,choiceDuration,isiDuration,feedbackDuration,itiDuration,stimOnset,itiOffset,leftColor,rightColor,mu1,mu2,sd1,sd2
uepP037,1,1,1,RR,-1.0,-6.0,2,2.7070002744390007,1,6.399191653582013,16,28.106191928021012,0,5,-2.0,-9.0,4.0,4.0
uepP037,1,1,2,RR,-5.0,-7.0,2,2.7832230702835186,1,6.037589636779786,28.106191928021012,39.927004635084316,0,5,-2.0,-9.0,4.0,4.0
uepP037,1,1,3,RR,-1.0,-9.0,2,2.472239453705444,1,4.382943014543686,39.927004635084316,49.78218710333344,0,5,-2.0,-9.0,4.0,4.0
uepP037,1,1,4,RR,1.0,-15.0,2,3.661786132461323,1,6.431454056199891,49.78218710333344,62.875427291994654,0,5,-2.0,-9.0,4.0,4.0
uepP037,1,1,5,RR,-3.0,-16.0,2,2.3330302790164117,1,4.774161244844558,62.875427291994654,72.98261881585563,0,5,-2.0,-9.0,4.0,4.0
uepP037,1,1,6,RR,-7.0,-9.0,2,4.492378705963325,1,3.955492874941775,72.98261881585563,84.43049039676072,0,5,-2.0,-9.0,4.0,4.0
uepP037,1,1,7,RR,-3.0,-10.0,2,1.7022564812979615,1,4.184763251157798,84.43049039676072,93.31751012921649,0,5,-2.0,-9.0,4.0,4.0
uepP037,1,1,8,RR,9.0,-12.0,2,3.3657781762799197,1,3.6864867885643764,93.31751012921649,103.36977509406078,0,5,-2.0,-9.0,4.0,4.0
uepP037,1,1,9,RR,-7.0,-9.0,2,2.7404510502619708,1,4.784965756642338,103.36977509406078,113.89519190096509,0,5,-2.0,-9.0,4.0,4.0
uepP037,1,1,10,RR,-5.0,-10.0,2,2.1587614892446654,1,4.050544805974727,113.89519190096509,123.10449819618448,0,5,-2.0,-9.0,4.0,4.0
