subjectId,runId,blockId,trialId,condition,leftAnswer,rightAnswer,choiceDuration,isiDuration,feedbackDuration,itiDuration,stimOnset,itiOffset,leftColor,rightColor,mu1,mu2,sd1,sd2
uepP008,1,1,1,RS,-4.0,-9.0,2,1.8859237903213522,1,6.024151521577263,16,26.910075311898616,7,0,-3.0,-9.0,4.0,0
uepP008,1,1,2,RS,-9.0,-9.0,2,2.3563054071468996,1,6.273513438946195,26.910075311898616,38.53989415799171,7,0,-3.0,-9.0,4.0,0
uepP008,1,1,3,RS,-6.0,-9.0,2,4.432030659173951,1,3.9478793358437425,38.53989415799171,49.91980415300941,7,0,-3.0,-9.0,4.0,0
uepP008,1,1,4,RS,-11.0,-9.0,2,3.553735290451608,1,4.1962678332126515,49.91980415300941,60.669807276673666,7,0,-3.0,-9.0,4.0,0
uepP008,1,1,5,RS,1.0,-9.0,2,2.7597590482252996,1,3.929349528181492,60.669807276673666,70.35891585308046,7,0,-3.0,-9.0,4.0,0
uepP008,1,1,6,RS,4.0,-9.0,2,4.576251705206824,1,4.928151059085737,70.35891585308046,82.86331861737303,7,0,-3.0,-9.0,4.0,0
uepP008,1,1,7,RS,-3.0,-9.0,2,4.678472172374883,1,4.232982819424358,82.86331861737303,94.77477360917227,7,0,-3.0,-9.0,4.0,0
uepP008,1,1,8,RS,-3.0,-9.0,2,4.366926350121957,1,5.827425817000676,94.77477360917227,107.9691257762949,7,0,-3.0,-9.0,4.0,0
uepP008,1,1,9,RS,-9.0,-9.0,2,2.302389026563823,1,5.341990274888835,107.9691257762949,118.61350507774755,7,0,-3.0,-9.0,4.0,0
uepP008,1,1,10,RS,3.0,-9.0,2,2.5570440146686058,1,4.103260556896236,118.61350507774755,128.2738096493124,7,0,-3.0,-9.0,4.0,0
