subjectId,runId,blockId,trialId,condition,leftAnswer,rightAnswer,choiceDuration,isiDuration,feedbackDuration,itiDuration,stimOnset,itiOffset,leftColor,rightColor,mu1,mu2,sd1,sd2
uepP060,2,1,1,RS,-7.0,8.0,2,4.142562200106354,1,4.634355983667379,16,27.776918183773734,3,7,-9.0,8.0,4.0,0
uepP060,2,1,2,RS,-10.0,8.0,2,3.2078449663577953,1,4.702712466739435,27.776918183773734,38.68747561687096,3,7,-9.0,8.0,4.0,0
uepP060,2,1,3,RS,2.0,8.0,2,3.888706756066319,1,4.9029716997881545,38.68747561687096,50.479154072725436,3,7,-9.0,8.0,4.0,0
uepP060,2,1,4,RS,-4.0,8.0,2,3.144708995162353,1,3.7816062993676987,50.479154072725436,60.40546936725549,3,7,-9.0,8.0,4.0,0
uepP060,2,1,5,RS,-14.0,8.0,2,4.4898258486891995,1,4.793260202914005,60.40546936725549,72.68855541885868,3,7,-9.0,8.0,4.0,0
uepP060,2,1,6,RS,-6.0,8.0,2,4.543140438978872,1,5.6193594020341955,72.68855541885868,85.85105525987174,3,7,-9.0,8.0,4.0,0
uepP060,2,1,7,RS,-10.0,8.0,2,2.9683806281091156,1,3.2649957426241745,85.85105525987174,95.08443163060504,3,7,-9.0,8.0,4.0,0
uepP060,2,1,8,RS,-6.0,8.0,2,2.584202349764586,1,3.5321017451531334,95.08443163060504,104.20073572552275,3,7,-9.0,8.0,4.0,0
uepP060,2,1,9,RS,-10.0,8.0,2,4.635431855370178,1,4.8193580211782425,104.20073572552275,116.65552560207117,3,7,-9.0,8.0,4.0,0
uepP060,2,1,10,RS,-12.0,8.0,2,2.5693872448487185,1,6.279425427780892,116.65552560207117,128.50433827470076,3,7,-9.0,8.0,4.0,0
