subjectId,runId,blockId,trialId,condition,leftAnswer,rightAnswer,choiceDuration,isiDuration,feedbackDuration,itiDuration,stimOnset,itiOffset,leftColor,rightColor,mu1,mu2,sd1,sd2
uepP033,4,2,1,RS,5.0,-12.0,2,2.778137269786926,1,3.6041735938518427,133.68880858874206,143.07111945238083,2,5,2.0,-12.0,4.0,0
uepP033,4,2,2,RS,4.0,-12.0,2,3.39623381102829,1,3.943200907630756,143.07111945238083,153.41055417103988,2,5,2.0,-12.0,4.0,0
uepP033,4,2,3,RS,-4.0,-12.0,2,3.146578598945492,1,3.809695135228705,153.41055417103988,163.36682790521408,2,5,2.0,-12.0,4.0,0
uepP033,4,2,4,RS,4.0,-12.0,2,3.5852267232439443,1,6.244210418535941,163.36682790521408,176.19626504699397,2,5,2.0,-12.0,4.0,0
uepP033,4,2,5,RS,6.0,-12.0,2,4.502193600129228,1,3.4399183959802073,176.19626504699397,187.13837704310342,2,5,2.0,-12.0,4.0,0
uepP033,4,2,6,RS,1.0,-12.0,2,2.880425519380406,1,4.168256167486544,187.13837704310342,197.18705872997035,2,5,2.0,-12.0,4.0,0
uepP033,4,2,7,RS,1.0,-12.0,2,1.9982741947706868,1,3.5069022318439065,197.18705872997035,205.69223515658493,2,5,2.0,-12.0,4.0,0
uepP033,4,2,8,RS,1.0,-12.0,2,1.8055775610946614,1,6.330739739021888,205.69223515658493,216.82855245670146,2,5,2.0,-12.0,4.0,0
uepP033,4,2,9,RS,9.0,-12.0,2,3.3874523297332915,1,4.684071371160227,216.82855245670146,227.90007615759498,2,5,2.0,-12.0,4.0,0
uepP033,4,2,10,RS,2.0,-12.0,2,3.282291672613381,1,5.552053984131424,227.90007615759498,239.73442181433978,2,5,2.0,-12.0,4.0,0
