subjectId,runId,blockId,trialId,condition,leftAnswer,rightAnswer,choiceDuration,isiDuration,feedbackDuration,itiDuration,stimOnset,itiOffset,leftColor,rightColor,mu1,mu2,sd1,sd2
uepP024,5,3,1,SR,-2.0,7.0,2,2.4925883508971256,1,4.164409465017141,251.62319913009105,261.2801969460053,4,1,-2.0,9.0,0,4.0
uepP024,5,3,2,SR,-2.0,12.0,2,1.8310509206952352,1,5.836216388856219,261.2801969460053,271.9474642555567,4,1,-2.0,9.0,0,4.0
uepP024,5,3,3,SR,-2.0,8.0,2,2.437175484570081,1,3.727142912273036,271.9474642555567,281.1117826523999,4,1,-2.0,9.0,0,4.0
uepP024,5,3,4,SR,-2.0,1.0,2,1.636034061231043,1,4.840030703678992,281.1117826523999,290.58784741730994,4,1,-2.0,9.0,0,4.0
uepP024,5,3,5,SR,-2.0,7.0,2,4.401924739627646,1,4.873990000045557,290.58784741730994,302.86376215698317,4,1,-2.0,9.0,0,4.0
uepP024,5,3,6,SR,-2.0,12.0,2,4.504184047708133,1,5.93026377001037,302.86376215698317,316.29820997470165,4,1,-2.0,9.0,0,4.0
uepP024,5,3,7,SR,-2.0,3.0,2,4.479396533402173,1,5.4603156291516095,316.29820997470165,329.23792213725545,4,1,-2.0,9.0,0,4.0
uepP024,5,3,8,SR,-2.0,9.0,2,2.586444892780496,1,4.865448062234823,329.23792213725545,339.68981509227075,4,1,-2.0,9.0,0,4.0
uepP024,5,3,9,SR,-2.0,8.0,2,3.6549473446465512,1,6.261860139916865,339.68981509227075,352.6066225768341,4,1,-2.0,9.0,0,4.0
uepP024,5,3,10,SR,-2.0,4.0,2,2.284042938348942,1,6.3471800201472925,352.6066225768341,364.23784553533034,4,1,-2.0,9.0,0,4.0
