subjectId,runId,blockId,trialId,condition,leftAnswer,rightAnswer,choiceDuration,isiDuration,feedbackDuration,itiDuration,stimOnset,itiOffset,leftColor,rightColor,mu1,mu2,sd1,sd2
uepP050,5,1,1,SR,4.0,-9.0,2,4.172357713720276,1,4.236092030612882,16,27.408449744333154,5,6,4.0,-8.0,0,4.0
uepP050,5,1,2,SR,4.0,-14.0,2,2.698372992712874,1,5.001653171157178,27.408449744333154,38.10847590820321,5,6,4.0,-8.0,0,4.0
uepP050,5,1,3,SR,4.0,-9.0,2,3.619702984130183,1,4.2256179273139844,38.10847590820321,48.95379681964738,5,6,4.0,-8.0,0,4.0
uepP050,5,1,4,SR,4.0,-12.0,2,3.0665957716601917,1,3.570933349891728,48.95379681964738,58.5913259411993,5,6,4.0,-8.0,0,4.0
uepP050,5,1,5,SR,4.0,-12.0,2,2.0434654411237374,1,3.865332041606102,58.5913259411993,67.50012342392914,5,6,4.0,-8.0,0,4.0
uepP050,5,1,6,SR,4.0,-8.0,2,2.694921359445502,1,6.240060170757486,67.50012342392914,79.43510495413213,5,6,4.0,-8.0,0,4.0
uepP050,5,1,7,SR,4.0,-9.0,2,2.8650133894852137,1,5.074406217882023,79.43510495413213,90.37452456149937,5,6,4.0,-8.0,0,4.0
uepP050,5,1,8,SR,4.0,-10.0,2,3.309563957490636,1,4.178369672381984,90.37452456149937,100.862458191372,5,6,4.0,-8.0,0,4.0
uepP050,5,1,9,SR,4.0,-4.0,2,4.153899530843317,1,4.791664881845178,100.862458191372,112.8080226040605,5,6,4.0,-8.0,0,4.0
uepP050,5,1,10,SR,4.0,-4.0,2,3.46418250211964,1,3.390192866413509,112.8080226040605,122.66239797259365,5,6,4.0,-8.0,0,4.0
