subjectId,runId,blockId,trialId,condition,leftAnswer,rightAnswer,choiceDuration,isiDuration,feedbackDuration,itiDuration,stimOnset,itiOffset,leftColor,rightColor,mu1,mu2,sd1,sd2
uepP054,3,1,1,RR,-2.0,11.0,2,3.090232638470797,1,6.2303747214045195,16,28.320607359875318,6,4,3.0,15.0,4.0,4.0
uepP054,3,1,2,RR,3.0,15.0,2,3.4508155828797116,1,4.281491767952112,28.320607359875318,39.05291471070714,6,4,3.0,15.0,4.0,4.0
uepP054,3,1,3,RR,0.0,14.0,2,1.9529494030605172,1,6.201541407720729,39.05291471070714,50.20740552148838,6,4,3.0,15.0,4.0,4.0
uepP054,3,1,4,RR,-2.0,21.0,2,1.9764833667788686,1,5.248533378350266,50.20740552148838,60.432422266617515,6,4,3.0,15.0,4.0,4.0
uepP054,3,1,5,RR,6.0,17.0,2,1.8437823823720734,1,5.2781860246512995,60.432422266617515,70.5543906736409,6,4,3.0,15.0,4.0,4.0
uepP054,3,1,6,RR,1.0,7.0,2,3.087618182315659,1,4.362056112104107,70.5543906736409,81.00406496806067,6,4,3.0,15.0,4.0,4.0
uepP054,3,1,7,RR,9.0,15.0,2,2.8179368324938254,1,4.609447096765328,81.00406496806067,91.43144889731983,6,4,3.0,15.0,4.0,4.0
uepP054,3,1,8,RR,6.0,20.0,2,4.787447081166701,1,4.571659852644104,91.43144889731983,103.79055583113063,6,4,3.0,15.0,4.0,4.0
uepP054,3,1,9,RR,0.0,12.0,2,3.9769922422192856,1,3.458492734006885,103.79055583113063,114.2260408073568,6,4,3.0,15.0,4.0,4.0
uepP054,3,1,10,RR,-1.0,10.0,2,1.8604297524971738,1,6.264480567127007,114.2260408073568,125.35095112698097,6,4,3.0,15.0,4.0,4.0
