subjectId,runId,blockId,trialId,condition,leftAnswer,rightAnswer,choiceDuration,isiDuration,feedbackDuration,itiDuration,stimOnset,itiOffset,leftColor,rightColor,mu1,mu2,sd1,sd2
uepP038,8,2,1,RR,-2.0,-8.0,2,3.5400796412716,1,4.869671249979505,132.50416269989313,143.91391359114425,0,6,-3.0,-4.0,4.0,4.0
uepP038,8,2,2,RR,-6.0,-8.0,2,2.630913474481546,1,4.896835089630642,143.91391359114425,154.44166215525644,0,6,-3.0,-4.0,4.0,4.0
uepP038,8,2,3,RR,-5.0,-2.0,2,2.2967840262771166,1,4.4931568176545555,154.44166215525644,164.2316029991881,0,6,-3.0,-4.0,4.0,4.0
uepP038,8,2,4,RR,-2.0,-4.0,2,4.542768276188268,1,5.068772171458893,164.2316029991881,176.84314344683528,0,6,-3.0,-4.0,4.0,4.0
uepP038,8,2,5,RR,-9.0,0.0,2,4.546100822591834,1,5.100322837381828,176.84314344683528,189.48956710680895,0,6,-3.0,-4.0,4.0,4.0
uepP038,8,2,6,RR,-6.0,3.0,2,3.0256522588756716,1,4.681681666370147,189.48956710680895,200.19690103205477,0,6,-3.0,-4.0,4.0,4.0
uepP038,8,2,7,RR,-6.0,-3.0,2,1.8640317056059739,1,3.4204308580066636,200.19690103205477,208.4813635956674,0,6,-3.0,-4.0,4.0,4.0
uepP038,8,2,8,RR,-1.0,-6.0,2,2.8963047475501886,1,5.910752669238928,208.4813635956674,220.2884210124565,0,6,-3.0,-4.0,4.0,4.0
uepP038,8,2,9,RR,2.0,-12.0,2,2.6734870387197067,1,4.845100837822767,220.2884210124565,230.80700888899898,0,6,-3.0,-4.0,4.0,4.0
uepP038,8,2,10,RR,-3.0,-10.0,2,4.396386122964986,1,3.703224712650871,230.80700888899898,241.90661972461484,0,6,-3.0,-4.0,4.0,4.0
