subjectId,runId,blockId,trialId,condition,leftAnswer,rightAnswer,choiceDuration,isiDuration,feedbackDuration,itiDuration,stimOnset,itiOffset,leftColor,rightColor,mu1,mu2,sd1,sd2
uepP054,8,1,1,SR,-17.0,8.0,2,3.1660369046791597,1,4.548853115584079,16,26.71489002026324,2,5,-17.0,10.0,0,4.0
uepP054,8,1,2,SR,-17.0,9.0,2,2.437531348126313,1,4.927638974895659,26.71489002026324,37.08006034328521,2,5,-17.0,10.0,0,4.0
uepP054,8,1,3,SR,-17.0,9.0,2,2.305365419764601,1,5.365313561873818,37.08006034328521,47.75073932492363,2,5,-17.0,10.0,0,4.0
uepP054,8,1,4,SR,-17.0,6.0,2,3.0685958863965648,1,3.786855508172423,47.75073932492363,57.606190719492616,2,5,-17.0,10.0,0,4.0
uepP054,8,1,5,SR,-17.0,9.0,2,4.709505876728265,1,5.08094399731574,57.606190719492616,70.39664059353662,2,5,-17.0,10.0,0,4.0
uepP054,8,1,6,SR,-17.0,13.0,2,3.731954981983094,1,5.068746134374037,70.39664059353662,82.19734170989375,2,5,-17.0,10.0,0,4.0
uepP054,8,1,7,SR,-17.0,5.0,2,2.662588633632923,1,3.6792601666179214,82.19734170989375,91.53919051014459,2,5,-17.0,10.0,0,4.0
uepP054,8,1,8,SR,-17.0,9.0,2,2.279381831409425,1,5.3287889980821115,91.53919051014459,102.14736133963613,2,5,-17.0,10.0,0,4.0
uepP054,8,1,9,SR,-17.0,9.0,2,3.6567830558919905,1,4.551033285322903,102.14736133963613,113.35517768085103,2,5,-17.0,10.0,0,4.0
uepP054,8,1,10,SR,-17.0,13.0,2,4.200295047920295,1,5.991757273862061,113.35517768085103,126.54723000263338,2,5,-17.0,10.0,0,4.0
