subjectId,runId,blockId,trialId,condition,leftAnswer,rightAnswer,choiceDuration,isiDuration,feedbackDuration,itiDuration,stimOnset,itiOffset,leftColor,rightColor,mu1,mu2,sd1,sd2
uepP003,6,1,1,SR,6.0,-4.0,2,2.878754461114326,1,5.413251974403027,16,27.292006435517354,3,5,6.0,1.0,0,4.0
uepP003,6,1,2,SR,6.0,5.0,2,2.122686924566214,1,5.2871544440054326,27.292006435517354,37.701847804089,3,5,6.0,1.0,0,4.0
uepP003,6,1,3,SR,6.0,1.0,2,1.9777186727297158,1,4.395434277683956,37.701847804089,47.07500075450267,3,5,6.0,1.0,0,4.0
uepP003,6,1,4,SR,6.0,3.0,2,3.2366361149203478,1,4.106008295909668,47.07500075450267,57.41764516533268,3,5,6.0,1.0,0,4.0
uepP003,6,1,5,SR,6.0,5.0,2,2.8072159215661165,1,3.786258112159555,57.41764516533268,67.01111919905836,3,5,6.0,1.0,0,4.0
uepP003,6,1,6,SR,6.0,5.0,2,3.6095253390376256,1,4.874682601235409,67.01111919905836,78.4953271393314,3,5,6.0,1.0,0,4.0
uepP003,6,1,7,SR,6.0,2.0,2,4.4989939659953135,1,3.687050905999886,78.4953271393314,89.68137201132659,3,5,6.0,1.0,0,4.0
uepP003,6,1,8,SR,6.0,-7.0,2,4.0864783348074125,1,3.6446220700978236,89.68137201132659,100.41247241623182,3,5,6.0,1.0,0,4.0
uepP003,6,1,9,SR,6.0,9.0,2,3.3852359685924704,1,4.503916481415794,100.41247241623182,111.30162486624009,3,5,6.0,1.0,0,4.0
uepP003,6,1,10,SR,6.0,-2.0,2,2.5671988721606915,1,4.393633723048262,111.30162486624009,121.26245746144905,3,5,6.0,1.0,0,4.0
