subjectId,runId,blockId,trialId,condition,leftAnswer,rightAnswer,choiceDuration,isiDuration,feedbackDuration,itiDuration,stimOnset,itiOffset,leftColor,rightColor,mu1,mu2,sd1,sd2
uepP032,1,2,1,SR,6.0,10.0,2,2.560061788921351,1,3.5725549484189956,130.8120604225662,139.94467715990655,0,6,6.0,8.0,0,4.0
uepP032,1,2,2,SR,6.0,17.0,2,2.4684837472322423,1,3.6725959008751587,139.94467715990655,149.08575680801397,0,6,6.0,8.0,0,4.0
uepP032,1,2,3,SR,6.0,13.0,2,3.761424501475569,1,6.054969987436233,149.08575680801397,161.90215129692578,0,6,6.0,8.0,0,4.0
uepP032,1,2,4,SR,6.0,5.0,2,4.24222199218458,1,4.373452222506435,161.90215129692578,173.5178255116168,0,6,6.0,8.0,0,4.0
uepP032,1,2,5,SR,6.0,10.0,2,3.7084628027467446,1,4.1986112072254,173.5178255116168,184.42489952158894,0,6,6.0,8.0,0,4.0
uepP032,1,2,6,SR,6.0,16.0,2,2.67960107939488,1,5.658227202328445,184.42489952158894,195.76272780331226,0,6,6.0,8.0,0,4.0
uepP032,1,2,7,SR,6.0,3.0,2,4.23508907763084,1,4.1470850875047836,195.76272780331226,207.1449019684479,0,6,6.0,8.0,0,4.0
uepP032,1,2,8,SR,6.0,6.0,2,2.576045412306136,1,5.733162825957597,207.1449019684479,218.45411020671165,0,6,6.0,8.0,0,4.0
uepP032,1,2,9,SR,6.0,16.0,2,4.660278875845172,1,5.85622622638728,218.45411020671165,231.9706153089441,0,6,6.0,8.0,0,4.0
uepP032,1,2,10,SR,6.0,8.0,2,2.6231151999255164,1,3.638042596350722,231.9706153089441,241.23177310522033,0,6,6.0,8.0,0,4.0
