subjectId,runId,blockId,trialId,condition,leftAnswer,rightAnswer,choiceDuration,isiDuration,feedbackDuration,itiDuration,stimOnset,itiOffset,leftColor,rightColor,mu1,mu2,sd1,sd2
uepP048,3,2,1,SR,15.0,18.0,2,3.9806867235849275,1,4.135875383507933,126.77586273362279,137.89242484071565,3,7,15.0,19.0,0,4.0
uepP048,3,2,2,SR,15.0,26.0,2,2.9190502848588697,1,3.252316253529471,137.89242484071565,147.063791379104,3,7,15.0,19.0,0,4.0
uepP048,3,2,3,SR,15.0,24.0,2,4.101685763539147,1,4.631353516453573,147.063791379104,158.7968306590967,3,7,15.0,19.0,0,4.0
uepP048,3,2,4,SR,15.0,22.0,2,1.9649344682031566,1,5.864630541319683,158.7968306590967,169.62639566861955,3,7,15.0,19.0,0,4.0
uepP048,3,2,5,SR,15.0,7.0,2,2.102278530212855,1,5.999836178200841,169.62639566861955,180.72851037703325,3,7,15.0,19.0,0,4.0
uepP048,3,2,6,SR,15.0,18.0,2,2.4092098763517455,1,5.188215922735049,180.72851037703325,191.32593617612005,3,7,15.0,19.0,0,4.0
uepP048,3,2,7,SR,15.0,19.0,2,3.410611626118247,1,3.633784250378102,191.32593617612005,201.37033205261642,3,7,15.0,19.0,0,4.0
uepP048,3,2,8,SR,15.0,21.0,2,3.4467045331501893,1,5.594611986713696,201.37033205261642,213.4116485724803,3,7,15.0,19.0,0,4.0
uepP048,3,2,9,SR,15.0,20.0,2,2.919862474309137,1,5.810082449149845,213.4116485724803,225.14159349593925,3,7,15.0,19.0,0,4.0
uepP048,3,2,10,SR,15.0,21.0,2,2.6770580598506393,1,4.904378481500733,225.14159349593925,235.72303003729064,3,7,15.0,19.0,0,4.0
