subjectId,runId,blockId,trialId,condition,leftAnswer,rightAnswer,choiceDuration,isiDuration,feedbackDuration,itiDuration,stimOnset,itiOffset,leftColor,rightColor,mu1,mu2,sd1,sd2
uepP049,4,4,1,RR,-4.0,15.0,2,2.689553171925521,1,3.169927464264201,362.4931138787398,371.35259451492954,3,5,-2.0,4.0,4.0,4.0
uepP049,4,4,2,RR,-2.0,7.0,2,4.293613696655141,1,4.400152226892425,371.35259451492954,383.0463604384771,3,5,-2.0,4.0,4.0,4.0
uepP049,4,4,3,RR,-2.0,5.0,2,4.711237107581215,1,3.8548482301828484,383.0463604384771,394.61244577624115,3,5,-2.0,4.0,4.0,4.0
uepP049,4,4,4,RR,-5.0,3.0,2,1.6324560641180395,1,5.822798548582179,394.61244577624115,405.0677003889414,3,5,-2.0,4.0,4.0,4.0
uepP049,4,4,5,RR,-6.0,8.0,2,3.5130221671490895,1,5.892338830791758,405.0677003889414,417.4730613868822,3,5,-2.0,4.0,4.0,4.0
uepP049,4,4,6,RR,1.0,5.0,2,1.6839801504353742,1,4.5718325426124595,417.4730613868822,426.72887407993005,3,5,-2.0,4.0,4.0,4.0
uepP049,4,4,7,RR,-7.0,2.0,2,3.395487511183481,1,5.897279725505876,426.72887407993005,439.0216413166194,3,5,-2.0,4.0,4.0,4.0
uepP049,4,4,8,RR,5.0,11.0,2,3.4090839481329596,1,5.155376161778372,439.0216413166194,450.5861014265307,3,5,-2.0,4.0,4.0,4.0
uepP049,4,4,9,RR,-3.0,1.0,2,3.9659564135589775,1,4.849080121123518,450.5861014265307,462.4011379612132,3,5,-2.0,4.0,4.0,4.0
uepP049,4,4,10,RR,-4.0,7.0,2,2.8056494149890527,1,5.793212623797872,462.4011379612132,474.0000000000001,3,5,-2.0,4.0,4.0,4.0
