subjectId,runId,blockId,trialId,condition,leftAnswer,rightAnswer,choiceDuration,isiDuration,feedbackDuration,itiDuration,stimOnset,itiOffset,leftColor,rightColor,mu1,mu2,sd1,sd2
uepP027,4,3,1,RR,8.0,-2.0,2,2.5329996250320486,1,4.586340363520858,248.93186203282232,259.0512020213752,7,2,10.0,3.0,4.0,4.0
uepP027,4,3,2,RR,10.0,-5.0,2,4.016909989934096,1,3.6009481909108416,259.0512020213752,269.6690602022202,7,2,10.0,3.0,4.0,4.0
uepP027,4,3,3,RR,9.0,8.0,2,4.417911687070024,1,4.435885824570798,269.6690602022202,281.522857713861,7,2,10.0,3.0,4.0,4.0
uepP027,4,3,4,RR,11.0,1.0,2,3.158538884442749,1,3.9193992804843805,281.522857713861,291.6007958787881,7,2,10.0,3.0,4.0,4.0
uepP027,4,3,5,RR,7.0,7.0,2,4.401165252804472,1,4.678758657441313,291.6007958787881,303.6807197890339,7,2,10.0,3.0,4.0,4.0
uepP027,4,3,6,RR,6.0,1.0,2,3.4260978356510345,1,5.724861913873772,303.6807197890339,315.8316795385587,7,2,10.0,3.0,4.0,4.0
uepP027,4,3,7,RR,7.0,-1.0,2,2.960297214573769,1,5.129358389123357,315.8316795385587,326.9213351422558,7,2,10.0,3.0,4.0,4.0
uepP027,4,3,8,RR,10.0,-2.0,2,1.78662671184353,1,5.164794895436317,326.9213351422558,336.8727567495357,7,2,10.0,3.0,4.0,4.0
uepP027,4,3,9,RR,10.0,-1.0,2,4.863402134705194,1,3.335281745658384,336.8727567495357,348.0714406298993,7,2,10.0,3.0,4.0,4.0
uepP027,4,3,10,RR,4.0,3.0,2,3.1488926342382295,1,3.6196789017522812,348.0714406298993,357.84001216588985,7,2,10.0,3.0,4.0,4.0
