subjectId,runId,blockId,trialId,condition,leftAnswer,rightAnswer,choiceDuration,isiDuration,feedbackDuration,itiDuration,stimOnset,itiOffset,leftColor,rightColor,mu1,mu2,sd1,sd2
uepP058,8,1,1,SR,1.0,-16.0,2,3.3861565641379068,1,5.7891016233510895,16,28.175258187488996,5,6,1.0,-13.0,0,4.0
uepP058,8,1,2,SR,1.0,-10.0,2,3.504819343257774,1,4.173697550678121,28.175258187488996,38.85377508142489,5,6,1.0,-13.0,0,4.0
uepP058,8,1,3,SR,1.0,-15.0,2,2.2846971259050064,1,5.949278049227584,38.85377508142489,50.087750256557484,5,6,1.0,-13.0,0,4.0
uepP058,8,1,4,SR,1.0,-13.0,2,4.828995910578669,1,5.592521844079022,50.087750256557484,63.50926801121518,5,6,1.0,-13.0,0,4.0
uepP058,8,1,5,SR,1.0,-8.0,2,2.7299849687368267,1,5.960920877591115,63.50926801121518,75.20017385754312,5,6,1.0,-13.0,0,4.0
uepP058,8,1,6,SR,1.0,-11.0,2,2.884599943178813,1,6.559244319848909,75.20017385754312,87.64401812057085,5,6,1.0,-13.0,0,4.0
uepP058,8,1,7,SR,1.0,-12.0,2,2.1847445151690215,1,6.612895259122252,87.64401812057085,99.44165789486212,5,6,1.0,-13.0,0,4.0
uepP058,8,1,8,SR,1.0,-18.0,2,4.4788291973201675,1,3.403735090229981,99.44165789486212,110.32422218241227,5,6,1.0,-13.0,0,4.0
uepP058,8,1,9,SR,1.0,-8.0,2,2.918507529863854,1,4.287643016544931,110.32422218241227,120.53037272882106,5,6,1.0,-13.0,0,4.0
uepP058,8,1,10,SR,1.0,-16.0,2,3.9279036171924813,1,3.994560433966741,120.53037272882106,131.4528367799803,5,6,1.0,-13.0,0,4.0
