subjectId,runId,blockId,trialId,condition,leftAnswer,rightAnswer,choiceDuration,isiDuration,feedbackDuration,itiDuration,stimOnset,itiOffset,leftColor,rightColor,mu1,mu2,sd1,sd2
uepP045,5,4,1,SS,1.0,-11.0,2,4.404605278619666,1,3.5137939711724138,365.97864542246987,376.8970446722619,6,5,1.0,-11.0,0,0
uepP045,5,4,2,SS,1.0,-11.0,2,4.096376788685865,1,4.038524573934718,376.8970446722619,388.0319460348825,6,5,1.0,-11.0,0,0
uepP045,5,4,3,SS,1.0,-11.0,2,4.283343551786264,1,4.264726754575641,388.0319460348825,399.5800163412444,6,5,1.0,-11.0,0,0
uepP045,5,4,4,SS,1.0,-11.0,2,4.2463587888898635,1,3.8268393044339746,399.5800163412444,410.6532144345682,6,5,1.0,-11.0,0,0
uepP045,5,4,5,SS,1.0,-11.0,2,2.415297316095084,1,4.101688254358899,410.6532144345682,420.1702000050222,6,5,1.0,-11.0,0,0
uepP045,5,4,6,SS,1.0,-11.0,2,1.7745047832555285,1,6.204548065766482,420.1702000050222,431.14925285404416,6,5,1.0,-11.0,0,0
uepP045,5,4,7,SS,1.0,-11.0,2,4.556850053826971,1,4.50588060091343,431.14925285404416,443.21198350878456,6,5,1.0,-11.0,0,0
uepP045,5,4,8,SS,1.0,-11.0,2,2.3216952189038667,1,3.6968814427088312,443.21198350878456,452.23056017039727,6,5,1.0,-11.0,0,0
uepP045,5,4,9,SS,1.0,-11.0,2,3.492712415210255,1,5.983592231471055,452.23056017039727,464.70686481707855,6,5,1.0,-11.0,0,0
uepP045,5,4,10,SS,1.0,-11.0,2,1.825618126359587,1,4.467517056561692,464.70686481707855,473.99999999999983,6,5,1.0,-11.0,0,0
