subjectId,runId,blockId,trialId,condition,leftAnswer,rightAnswer,choiceDuration,isiDuration,feedbackDuration,itiDuration,stimOnset,itiOffset,leftColor,rightColor,mu1,mu2,sd1,sd2
uepP060,5,4,1,SR,-11.0,5.0,2,4.911451406427806,1,5.398931488108123,359.2877377832999,372.5981206778359,1,3,-11.0,2.0,0,4.0
uepP060,5,4,2,SR,-11.0,5.0,2,3.055084205597018,1,5.190893202747453,372.5981206778359,383.8440980861804,1,3,-11.0,2.0,0,4.0
uepP060,5,4,3,SR,-11.0,0.0,2,3.6146307247653344,1,3.79723432480333,383.8440980861804,394.2559631357491,1,3,-11.0,2.0,0,4.0
uepP060,5,4,4,SR,-11.0,5.0,2,2.2512231963310505,1,3.572005724081998,394.2559631357491,403.0791920561621,1,3,-11.0,2.0,0,4.0
uepP060,5,4,5,SR,-11.0,3.0,2,2.1840842183847666,1,5.086452197078565,403.0791920561621,413.3497284716255,1,3,-11.0,2.0,0,4.0
uepP060,5,4,6,SR,-11.0,6.0,2,4.725176285333104,1,5.210832028661347,413.3497284716255,426.2857367856199,1,3,-11.0,2.0,0,4.0
uepP060,5,4,7,SR,-11.0,-6.0,2,4.295086860541566,1,6.057139933399317,426.2857367856199,439.6379635795608,1,3,-11.0,2.0,0,4.0
uepP060,5,4,8,SR,-11.0,3.0,2,2.411126421785701,1,4.273120502534979,439.6379635795608,449.3222105038815,1,3,-11.0,2.0,0,4.0
uepP060,5,4,9,SR,-11.0,5.0,2,4.781242039980138,1,4.202657819357148,449.3222105038815,461.3061103632188,1,3,-11.0,2.0,0,4.0
uepP060,5,4,10,SR,-11.0,1.0,2,3.9744294113979017,1,5.719460225383544,461.3061103632188,474.0000000000003,1,3,-11.0,2.0,0,4.0
