subjectId,runId,blockId,trialId,condition,leftAnswer,rightAnswer,choiceDuration,isiDuration,feedbackDuration,itiDuration,stimOnset,itiOffset,leftColor,rightColor,mu1,mu2,sd1,sd2
uepP020,7,2,1,SS,-7.0,-2.0,2,1.939716775350095,1,3.4486863387996016,140.6239063750528,149.0123094892025,7,3,-7.0,-2.0,0,0
uepP020,7,2,2,SS,-7.0,-2.0,2,4.695770881538536,1,3.9247815835747857,149.0123094892025,160.6328619543158,7,3,-7.0,-2.0,0,0
uepP020,7,2,3,SS,-7.0,-2.0,2,1.788215873760143,1,6.27163917030697,160.6328619543158,171.69271699838293,7,3,-7.0,-2.0,0,0
uepP020,7,2,4,SS,-7.0,-2.0,2,3.2566975326968812,1,3.190463337550578,171.69271699838293,181.13987786863038,7,3,-7.0,-2.0,0,0
uepP020,7,2,5,SS,-7.0,-2.0,2,1.69692710585162,1,4.388155591434749,181.13987786863038,190.22496056591675,7,3,-7.0,-2.0,0,0
uepP020,7,2,6,SS,-7.0,-2.0,2,4.358095334783593,1,5.342329946479165,190.22496056591675,202.9253858471795,7,3,-7.0,-2.0,0,0
uepP020,7,2,7,SS,-7.0,-2.0,2,3.8935952880847506,1,4.843529104945508,202.9253858471795,214.66251024020977,7,3,-7.0,-2.0,0,0
uepP020,7,2,8,SS,-7.0,-2.0,2,2.245469742622152,1,3.8720082341066404,214.66251024020977,223.77998821693856,7,3,-7.0,-2.0,0,0
uepP020,7,2,9,SS,-7.0,-2.0,2,4.468467230415826,1,4.770472945525374,223.77998821693856,236.01892839287976,7,3,-7.0,-2.0,0,0
uepP020,7,2,10,SS,-7.0,-2.0,2,3.588838450219919,1,4.133843115328794,236.01892839287976,246.74160995842848,7,3,-7.0,-2.0,0,0
