subjectId,runId,blockId,trialId,condition,leftAnswer,rightAnswer,choiceDuration,isiDuration,feedbackDuration,itiDuration,stimOnset,itiOffset,leftColor,rightColor,mu1,mu2,sd1,sd2
uepP027,6,2,1,RS,15.0,26.0,2,4.625270589800082,1,4.914592742612395,132.94795101960432,145.4878143520168,3,2,12.0,26.0,4.0,0
uepP027,6,2,2,RS,12.0,26.0,2,2.4462145951924685,1,3.9640005647639684,145.4878143520168,154.89802951197325,3,2,12.0,26.0,4.0,0
uepP027,6,2,3,RS,11.0,26.0,2,3.0010221800415526,1,5.826871205277979,154.89802951197325,166.72592289729278,3,2,12.0,26.0,4.0,0
uepP027,6,2,4,RS,11.0,26.0,2,2.192264443266157,1,4.818261820996889,166.72592289729278,176.73644916155584,3,2,12.0,26.0,4.0,0
uepP027,6,2,5,RS,15.0,26.0,2,4.313104887564892,1,4.2892082183077695,176.73644916155584,188.3387622674285,3,2,12.0,26.0,4.0,0
uepP027,6,2,6,RS,13.0,26.0,2,1.8750562385933904,1,4.707340765981003,188.3387622674285,197.9211592720029,3,2,12.0,26.0,4.0,0
uepP027,6,2,7,RS,18.0,26.0,2,3.7800023029065146,1,4.9175657970087014,197.9211592720029,209.61872737191814,3,2,12.0,26.0,4.0,0
uepP027,6,2,8,RS,12.0,26.0,2,3.6487026636112114,1,3.7988970536530173,209.61872737191814,220.06632708918235,3,2,12.0,26.0,4.0,0
uepP027,6,2,9,RS,17.0,26.0,2,3.726003358822641,1,4.343739455848574,220.06632708918235,231.13606990385358,3,2,12.0,26.0,4.0,0
uepP027,6,2,10,RS,14.0,26.0,2,2.33329708809749,1,4.2454399978915,231.13606990385358,240.71480698984257,3,2,12.0,26.0,4.0,0
