subjectId,runId,blockId,trialId,condition,leftAnswer,rightAnswer,choiceDuration,isiDuration,feedbackDuration,itiDuration,stimOnset,itiOffset,leftColor,rightColor,mu1,mu2,sd1,sd2
uepP035,6,2,1,SS,-9.0,-5.0,2,1.6986607810893726,1,3.8266303069791188,128.45631170631844,136.98160279438693,4,5,-9.0,-5.0,0,0
uepP035,6,2,2,SS,-9.0,-5.0,2,2.9304039300993576,1,6.338999285629379,136.98160279438693,149.25100601011565,4,5,-9.0,-5.0,0,0
uepP035,6,2,3,SS,-9.0,-5.0,2,4.667554408563125,1,6.115075111324683,149.25100601011565,163.03363553000344,4,5,-9.0,-5.0,0,0
uepP035,6,2,4,SS,-9.0,-5.0,2,2.9819378809883212,1,3.536789936982072,163.03363553000344,172.55236334797382,4,5,-9.0,-5.0,0,0
uepP035,6,2,5,SS,-9.0,-5.0,2,1.651049730643755,1,4.985150825302956,172.55236334797382,182.18856390392054,4,5,-9.0,-5.0,0,0
uepP035,6,2,6,SS,-9.0,-5.0,2,3.9608903735295313,1,5.500629425725204,182.18856390392054,194.65008370317528,4,5,-9.0,-5.0,0,0
uepP035,6,2,7,SS,-9.0,-5.0,2,4.626058874156698,1,6.233850803861809,194.65008370317528,208.5099933811938,4,5,-9.0,-5.0,0,0
uepP035,6,2,8,SS,-9.0,-5.0,2,2.59583559953218,1,3.4894871772733604,208.5099933811938,217.59531615799935,4,5,-9.0,-5.0,0,0
uepP035,6,2,9,SS,-9.0,-5.0,2,4.522150788971193,1,4.604738720789225,217.59531615799935,229.72220566775977,4,5,-9.0,-5.0,0,0
uepP035,6,2,10,SS,-9.0,-5.0,2,2.9934325580880676,1,6.204020050504892,229.72220566775977,241.91965827635272,4,5,-9.0,-5.0,0,0
