subjectId,runId,blockId,trialId,condition,leftAnswer,rightAnswer,choiceDuration,isiDuration,feedbackDuration,itiDuration,stimOnset,itiOffset,leftColor,rightColor,mu1,mu2,sd1,sd2
uepP012,8,4,1,SS,7.0,10.0,2,3.8922059356481324,1,4.225421148790158,363.2385091007878,374.35613618522603,0,5,7.0,10.0,0,0
uepP012,8,4,2,SS,7.0,10.0,2,4.407682031676744,1,4.04232285936023,374.35613618522603,385.80614107626303,0,5,7.0,10.0,0,0
uepP012,8,4,3,SS,7.0,10.0,2,3.1622504880225972,1,4.026130309033902,385.80614107626303,395.9945218733195,0,5,7.0,10.0,0,0
uepP012,8,4,4,SS,7.0,10.0,2,2.172001800070477,1,5.727639113546047,395.9945218733195,406.894162786936,0,5,7.0,10.0,0,0
uepP012,8,4,5,SS,7.0,10.0,2,4.196092476302192,1,6.0422442577043025,406.894162786936,420.1324995209425,0,5,7.0,10.0,0,0
uepP012,8,4,6,SS,7.0,10.0,2,2.4399603078385974,1,3.9931647666251195,420.1324995209425,429.5656245954062,0,5,7.0,10.0,0,0
uepP012,8,4,7,SS,7.0,10.0,2,3.1719515432113057,1,5.147165025796035,429.5656245954062,440.8847411644135,0,5,7.0,10.0,0,0
uepP012,8,4,8,SS,7.0,10.0,2,2.453355310653354,1,5.15527972151302,440.8847411644135,451.4933761965799,0,5,7.0,10.0,0,0
uepP012,8,4,9,SS,7.0,10.0,2,3.5718058337458958,1,4.001574455017276,451.4933761965799,462.06675648534303,0,5,7.0,10.0,0,0
uepP012,8,4,10,SS,7.0,10.0,2,3.4922605487391367,1,5.440982965917634,462.06675648534303,473.9999999999998,0,5,7.0,10.0,0,0
