subjectId,runId,blockId,trialId,condition,leftAnswer,rightAnswer,choiceDuration,isiDuration,feedbackDuration,itiDuration,stimOnset,itiOffset,leftColor,rightColor,mu1,mu2,sd1,sd2
uepP046,8,3,1,RR,15.0,-12.0,2,4.5993958264019215,1,4.449393610731867,247.13649050553803,259.1852799426718,3,2,15.0,-9.0,4.0,4.0
uepP046,8,3,2,RR,16.0,-17.0,2,1.7715174487243026,1,5.566757863227855,259.1852799426718,269.52355525462394,3,2,15.0,-9.0,4.0,4.0
uepP046,8,3,3,RR,11.0,-5.0,2,4.50388267105339,1,5.192367395897692,269.52355525462394,282.219805321575,3,2,15.0,-9.0,4.0,4.0
uepP046,8,3,4,RR,16.0,-12.0,2,3.576150638272667,1,6.026369041073153,282.219805321575,294.82232500092084,3,2,15.0,-9.0,4.0,4.0
uepP046,8,3,5,RR,15.0,-6.0,2,2.4562613424337902,1,5.663912298195658,294.82232500092084,305.9424986415503,3,2,15.0,-9.0,4.0,4.0
uepP046,8,3,6,RR,14.0,-8.0,2,2.976086490978443,1,4.821956926890448,305.9424986415503,316.74054205941917,3,2,15.0,-9.0,4.0,4.0
uepP046,8,3,7,RR,16.0,-11.0,2,1.6676830203317399,1,4.690833016077249,316.74054205941917,326.0990580958282,3,2,15.0,-9.0,4.0,4.0
uepP046,8,3,8,RR,16.0,1.0,2,4.364312807155866,1,4.959867759253341,326.0990580958282,338.42323866223734,3,2,15.0,-9.0,4.0,4.0
uepP046,8,3,9,RR,9.0,-4.0,2,2.8315503416976893,1,5.1615448889164055,338.42323866223734,349.4163338928514,3,2,15.0,-9.0,4.0,4.0
uepP046,8,3,10,RR,15.0,-6.0,2,4.34797858052021,1,3.9086858165817553,349.4163338928514,360.67299828995334,3,2,15.0,-9.0,4.0,4.0
