subjectId,runId,blockId,trialId,condition,leftAnswer,rightAnswer,choiceDuration,isiDuration,feedbackDuration,itiDuration,stimOnset,itiOffset,leftColor,rightColor,mu1,mu2,sd1,sd2
uepP059,4,3,1,RR,13.0,19.0,2,3.9293991819321343,1,3.4062111339214094,247.5662288286892,257.90183914454275,4,7,5.0,21.0,4.0,4.0
uepP059,4,3,2,RR,10.0,15.0,2,3.501192591325542,1,5.604879056697204,257.90183914454275,270.0079107925655,4,7,5.0,21.0,4.0,4.0
uepP059,4,3,3,RR,4.0,24.0,2,1.9203884405091092,1,6.044313973664449,270.0079107925655,280.972613206739,4,7,5.0,21.0,4.0,4.0
uepP059,4,3,4,RR,7.0,17.0,2,4.573338826606685,1,6.3134783860017,280.972613206739,294.8594304193474,4,7,5.0,21.0,4.0,4.0
uepP059,4,3,5,RR,8.0,18.0,2,4.701604475554636,1,4.22129011079986,294.8594304193474,306.7823250057019,4,7,5.0,21.0,4.0,4.0
uepP059,4,3,6,RR,8.0,20.0,2,4.664339336975133,1,3.3736821937949424,306.7823250057019,317.820346536472,4,7,5.0,21.0,4.0,4.0
uepP059,4,3,7,RR,11.0,18.0,2,1.7897731190584483,1,3.642420328033811,317.820346536472,326.2525399835643,4,7,5.0,21.0,4.0,4.0
uepP059,4,3,8,RR,-0.0,25.0,2,3.0907131547668025,1,3.8256386740552033,326.2525399835643,336.1688918123863,4,7,5.0,21.0,4.0,4.0
uepP059,4,3,9,RR,16.0,21.0,2,4.147257755162466,1,3.7335211740684007,336.1688918123863,347.04967074161715,4,7,5.0,21.0,4.0,4.0
uepP059,4,3,10,RR,8.0,21.0,2,1.757666705290086,1,3.942755168467172,347.04967074161715,355.7500926153744,4,7,5.0,21.0,4.0,4.0
