subjectId,runId,blockId,trialId,condition,leftAnswer,rightAnswer,choiceDuration,isiDuration,feedbackDuration,itiDuration,stimOnset,itiOffset,leftColor,rightColor,mu1,mu2,sd1,sd2
uepP052,1,4,1,RS,17.0,6.0,2,1.7082873034045991,1,4.850696818834896,362.0658074693701,371.62479159160955,6,1,17.0,6.0,4.0,0
uepP052,1,4,2,RS,16.0,6.0,2,4.2653199700274635,1,5.763406813945526,371.62479159160955,384.65351837558256,6,1,17.0,6.0,4.0,0
uepP052,1,4,3,RS,14.0,6.0,2,4.151365708247782,1,5.948775465710914,384.65351837558256,397.7536595495413,6,1,17.0,6.0,4.0,0
uepP052,1,4,4,RS,8.0,6.0,2,2.5290813101721357,1,4.604398940197795,397.7536595495413,407.8871397999112,6,1,17.0,6.0,4.0,0
uepP052,1,4,5,RS,16.0,6.0,2,1.8429294733730408,1,5.337317804226146,407.8871397999112,418.0673870775104,6,1,17.0,6.0,4.0,0
uepP052,1,4,6,RS,16.0,6.0,2,4.401752208209508,1,6.264344908145415,418.0673870775104,431.7334841938653,6,1,17.0,6.0,4.0,0
uepP052,1,4,7,RS,12.0,6.0,2,2.4613595946531546,1,4.760019459734176,431.7334841938653,441.95486324825265,6,1,17.0,6.0,4.0,0
uepP052,1,4,8,RS,13.0,6.0,2,3.32287095674571,1,5.984407479620038,441.95486324825265,454.26214168461837,6,1,17.0,6.0,4.0,0
uepP052,1,4,9,RS,20.0,6.0,2,3.6970761757134674,1,3.7277151322288855,454.26214168461837,464.6869329925607,6,1,17.0,6.0,4.0,0
uepP052,1,4,10,RS,17.0,6.0,2,2.2693114696850025,1,4.043755537754159,464.6869329925607,473.9999999999999,6,1,17.0,6.0,4.0,0
