subjectId,runId,blockId,trialId,condition,leftAnswer,rightAnswer,choiceDuration,isiDuration,feedbackDuration,itiDuration,stimOnset,itiOffset,leftColor,rightColor,mu1,mu2,sd1,sd2
uepP007,2,3,1,SR,6.0,13.0,2,1.8197983769677764,1,3.881125682845718,250.42465337335514,259.12557743316864,4,3,6.0,13.0,0,4.0
uepP007,2,3,2,SR,6.0,12.0,2,3.6343867019319833,1,3.393091121224208,259.12557743316864,269.1530552563248,4,3,6.0,13.0,0,4.0
uepP007,2,3,3,SR,6.0,12.0,2,3.0533483671703343,1,5.222200216582886,269.1530552563248,280.42860384007804,4,3,6.0,13.0,0,4.0
uepP007,2,3,4,SR,6.0,10.0,2,4.2928827857800345,1,5.379211720172798,280.42860384007804,293.10069834603087,4,3,6.0,13.0,0,4.0
uepP007,2,3,5,SR,6.0,12.0,2,2.470403682880159,1,3.790880038083657,293.10069834603087,302.3619820669947,4,3,6.0,13.0,0,4.0
uepP007,2,3,6,SR,6.0,18.0,2,4.219658074915313,1,4.262144756062223,302.3619820669947,313.8437848979722,4,3,6.0,13.0,0,4.0
uepP007,2,3,7,SR,6.0,13.0,2,4.4944104695383995,1,4.2050419423669325,313.8437848979722,325.54323730987755,4,3,6.0,13.0,0,4.0
uepP007,2,3,8,SR,6.0,12.0,2,4.34440738952949,1,5.8268567570249505,325.54323730987755,338.71450145643195,4,3,6.0,13.0,0,4.0
uepP007,2,3,9,SR,6.0,8.0,2,4.713616486840846,1,6.025907499565146,338.71450145643195,352.454025442838,4,3,6.0,13.0,0,4.0
uepP007,2,3,10,SR,6.0,10.0,2,2.9731732731347478,1,4.633556541094584,352.454025442838,363.06075525706734,4,3,6.0,13.0,0,4.0
