subjectId,runId,blockId,trialId,condition,leftAnswer,rightAnswer,choiceDuration,isiDuration,feedbackDuration,itiDuration,stimOnset,itiOffset,leftColor,rightColor,mu1,mu2,sd1,sd2
uepP004,2,4,1,SS,13.0,8.0,2,1.7815105782815384,1,4.827368424569271,368.644651010924,378.2535300137748,3,5,13.0,8.0,0,0
uepP004,2,4,2,SS,13.0,8.0,2,1.7031531076731785,1,5.348002178494162,378.2535300137748,388.30468529994215,3,5,13.0,8.0,0,0
uepP004,2,4,3,SS,13.0,8.0,2,2.6027675587106565,1,5.265830549865354,388.30468529994215,399.17328340851816,3,5,13.0,8.0,0,0
uepP004,2,4,4,SS,13.0,8.0,2,4.806689742707121,1,3.938201213009405,399.17328340851816,410.9181743642347,3,5,13.0,8.0,0,0
uepP004,2,4,5,SS,13.0,8.0,2,4.209101194235654,1,3.4294281827931217,410.9181743642347,421.55670374126345,3,5,13.0,8.0,0,0
uepP004,2,4,6,SS,13.0,8.0,2,3.0897570653428716,1,5.751012006334956,421.55670374126345,433.3974728129413,3,5,13.0,8.0,0,0
uepP004,2,4,7,SS,13.0,8.0,2,2.1265597279237127,1,3.985979992799195,433.3974728129413,442.5100125336642,3,5,13.0,8.0,0,0
uepP004,2,4,8,SS,13.0,8.0,2,2.8542157151624923,1,4.441612176555922,442.5100125336642,452.8058404253826,3,5,13.0,8.0,0,0
uepP004,2,4,9,SS,13.0,8.0,2,4.759819731336067,1,4.781372719516599,452.8058404253826,465.34703287623523,3,5,13.0,8.0,0,0
uepP004,2,4,10,SS,13.0,8.0,2,2.29774598306466,1,3.3552211407000163,465.34703287623523,473.9999999999999,3,5,13.0,8.0,0,0
