subjectId,runId,blockId,trialId,condition,leftAnswer,rightAnswer,choiceDuration,isiDuration,feedbackDuration,itiDuration,stimOnset,itiOffset,leftColor,rightColor,mu1,mu2,sd1,sd2
uepP054,2,1,1,SS,-6.0,-16.0,2,4.22742574133435,1,5.635944138065585,16,28.863369879399936,1,6,-6.0,-16.0,0,0
uepP054,2,1,2,SS,-6.0,-16.0,2,3.5444892789174562,1,5.227023537454132,28.863369879399936,40.63488269577152,1,6,-6.0,-16.0,0,0
uepP054,2,1,3,SS,-6.0,-16.0,2,2.2653926410358123,1,3.9259810638975416,40.63488269577152,49.82625640070488,1,6,-6.0,-16.0,0,0
uepP054,2,1,4,SS,-6.0,-16.0,2,3.950096809251692,1,6.017365506585348,49.82625640070488,62.79371871654192,1,6,-6.0,-16.0,0,0
uepP054,2,1,5,SS,-6.0,-16.0,2,2.273609645823271,1,4.238038045049935,62.79371871654192,72.30536640741512,1,6,-6.0,-16.0,0,0
uepP054,2,1,6,SS,-6.0,-16.0,2,1.8533506858337478,1,4.748221813276073,72.30536640741512,81.90693890652494,1,6,-6.0,-16.0,0,0
uepP054,2,1,7,SS,-6.0,-16.0,2,2.681324163655208,1,4.0917446238982,81.90693890652494,91.68000769407834,1,6,-6.0,-16.0,0,0
uepP054,2,1,8,SS,-6.0,-16.0,2,3.426028674049569,1,5.830387177424139,91.68000769407834,103.93642354555206,1,6,-6.0,-16.0,0,0
uepP054,2,1,9,SS,-6.0,-16.0,2,2.614916132660516,1,3.1149505671791617,103.93642354555206,112.66629024539174,1,6,-6.0,-16.0,0,0
uepP054,2,1,10,SS,-6.0,-16.0,2,2.0550981576071425,1,5.87490784713014,112.66629024539174,123.59629625012903,1,6,-6.0,-16.0,0,0
