subjectId,runId,blockId,trialId,condition,leftAnswer,rightAnswer,choiceDuration,isiDuration,feedbackDuration,itiDuration,stimOnset,itiOffset,leftColor,rightColor,mu1,mu2,sd1,sd2
uepP055,8,3,1,RR,-1.0,6.0,2,3.625467322808878,1,6.237647288418041,252.5903557646381,265.45347037586504,7,3,0.0,3.0,4.0,4.0
uepP055,8,3,2,RR,-6.0,-0.0,2,2.886674057102307,1,5.9598259511354215,265.45347037586504,277.2999703841028,7,3,0.0,3.0,4.0,4.0
uepP055,8,3,3,RR,2.0,1.0,2,2.745995358261183,1,3.4109727955036164,277.2999703841028,286.45693853786753,7,3,0.0,3.0,4.0,4.0
uepP055,8,3,4,RR,0.0,-1.0,2,2.7303490506308816,1,3.6917834508013727,286.45693853786753,295.8790710392998,7,3,0.0,3.0,4.0,4.0
uepP055,8,3,5,RR,2.0,5.0,2,3.87342460810489,1,5.306810519277168,295.8790710392998,308.05930616668184,7,3,0.0,3.0,4.0,4.0
uepP055,8,3,6,RR,-4.0,-0.0,2,2.6987404893662315,1,5.563914369364704,308.05930616668184,319.32196102541275,7,3,0.0,3.0,4.0,4.0
uepP055,8,3,7,RR,-4.0,3.0,2,2.884943736722167,1,5.539185860215232,319.32196102541275,330.74609062235015,7,3,0.0,3.0,4.0,4.0
uepP055,8,3,8,RR,-3.0,2.0,2,3.5369438898696846,1,4.015337653701559,330.74609062235015,341.2983721659214,7,3,0.0,3.0,4.0,4.0
uepP055,8,3,9,RR,-3.0,10.0,2,3.1599047459872347,1,5.056516353417068,341.2983721659214,352.51479326532575,7,3,0.0,3.0,4.0,4.0
uepP055,8,3,10,RR,-8.0,3.0,2,3.6260989182073975,1,5.387371789823007,352.51479326532575,364.52826397335616,7,3,0.0,3.0,4.0,4.0
