subjectId,runId,blockId,trialId,condition,leftAnswer,rightAnswer,choiceDuration,isiDuration,feedbackDuration,itiDuration,stimOnset,itiOffset,leftColor,rightColor,mu1,mu2,sd1,sd2
uepP028,7,4,1,SS,-6.0,16.0,2,2.7326007743593252,1,5.162318154332195,366.7538236655235,377.648742594215,2,3,-6.0,16.0,0,0
uepP028,7,4,2,SS,-6.0,16.0,2,4.570132446034897,1,4.200002954875334,377.648742594215,389.41887799512523,2,3,-6.0,16.0,0,0
uepP028,7,4,3,SS,-6.0,16.0,2,2.0541861082369426,1,4.677661088492504,389.41887799512523,399.1507251918547,2,3,-6.0,16.0,0,0
uepP028,7,4,4,SS,-6.0,16.0,2,2.461081834495241,1,5.568312619333241,399.1507251918547,410.1801196456832,2,3,-6.0,16.0,0,0
uepP028,7,4,5,SS,-6.0,16.0,2,2.3608405294251202,1,3.3880725670949055,410.1801196456832,418.9290327422032,2,3,-6.0,16.0,0,0
uepP028,7,4,6,SS,-6.0,16.0,2,4.738287033333497,1,4.056179701293953,418.9290327422032,430.7234994768307,2,3,-6.0,16.0,0,0
uepP028,7,4,7,SS,-6.0,16.0,2,3.8226495814105075,1,3.678065364080717,430.7234994768307,441.22421442232195,2,3,-6.0,16.0,0,0
uepP028,7,4,8,SS,-6.0,16.0,2,3.8321157972083664,1,5.727674050155959,441.22421442232195,453.78400426968625,2,3,-6.0,16.0,0,0
uepP028,7,4,9,SS,-6.0,16.0,2,2.455708361865367,1,3.8787700445050315,453.78400426968625,463.11848267605666,2,3,-6.0,16.0,0,0
uepP028,7,4,10,SS,-6.0,16.0,2,3.566003486986272,1,4.315513836957236,463.11848267605666,474.00000000000017,2,3,-6.0,16.0,0,0
