subjectId,runId,blockId,trialId,condition,leftAnswer,rightAnswer,choiceDuration,isiDuration,feedbackDuration,itiDuration,stimOnset,itiOffset,leftColor,rightColor,mu1,mu2,sd1,sd2
uepP013,7,1,1,RR,0.0,6.0,2,2.084292916222589,1,5.544591921002912,16,26.6288848372255,6,0,1.0,2.0,4.0,4.0
uepP013,7,1,2,RR,1.0,-6.0,2,3.6234094766651297,1,5.848506178133299,26.6288848372255,39.10080049202393,6,0,1.0,2.0,4.0,4.0
uepP013,7,1,3,RR,1.0,0.0,2,4.496572676360022,1,3.4397072933188815,39.10080049202393,50.037080461702836,6,0,1.0,2.0,4.0,4.0
uepP013,7,1,4,RR,8.0,-2.0,2,4.107071305768168,1,4.869269657261815,50.037080461702836,62.01342142473282,6,0,1.0,2.0,4.0,4.0
uepP013,7,1,5,RR,-2.0,9.0,2,4.005008780319343,1,4.240891321639948,62.01342142473282,73.25932152669212,6,0,1.0,2.0,4.0,4.0
uepP013,7,1,6,RR,9.0,3.0,2,1.941352430643139,1,4.0928276299779025,73.25932152669212,82.29350158731316,6,0,1.0,2.0,4.0,4.0
uepP013,7,1,7,RR,2.0,1.0,2,2.4447941493201903,1,6.256519694160901,82.29350158731316,93.99481543079425,6,0,1.0,2.0,4.0,4.0
uepP013,7,1,8,RR,-1.0,-4.0,2,2.723329538851186,1,4.20434733835127,93.99481543079425,103.9224923079967,6,0,1.0,2.0,4.0,4.0
uepP013,7,1,9,RR,8.0,3.0,2,3.135052335036671,1,5.118491832781256,103.9224923079967,115.17603647581464,6,0,1.0,2.0,4.0,4.0
uepP013,7,1,10,RR,3.0,2.0,2,3.4900947966603026,1,3.6330109232995,115.17603647581464,125.29914219577444,6,0,1.0,2.0,4.0,4.0
