subjectId,runId,blockId,trialId,condition,leftAnswer,rightAnswer,choiceDuration,isiDuration,feedbackDuration,itiDuration,stimOnset,itiOffset,leftColor,rightColor,mu1,mu2,sd1,sd2
uepP020,3,1,1,SR,20.0,9.0,2,4.235155436725909,1,6.111111967855632,16,29.346267404581543,4,1,20.0,-0.0,0,4.0
uepP020,3,1,2,SR,20.0,-0.0,2,3.7034794250546104,1,3.988717429572296,29.346267404581543,40.03846425920845,4,1,20.0,-0.0,0,4.0
uepP020,3,1,3,SR,20.0,-3.0,2,3.374326223010086,1,3.6414902130826374,40.03846425920845,50.05428069530118,4,1,20.0,-0.0,0,4.0
uepP020,3,1,4,SR,20.0,-2.0,2,3.023639878748246,1,5.576503469054947,50.05428069530118,61.65442404310438,4,1,20.0,-0.0,0,4.0
uepP020,3,1,5,SR,20.0,2.0,2,4.288868477628489,1,3.9480531904867324,61.65442404310438,72.8913457112196,4,1,20.0,-0.0,0,4.0
uepP020,3,1,6,SR,20.0,3.0,2,2.505200730432128,1,4.556713654392498,72.8913457112196,82.95326009604422,4,1,20.0,-0.0,0,4.0
uepP020,3,1,7,SR,20.0,4.0,2,4.181548128480967,1,4.801656000263288,82.95326009604422,94.93646422478848,4,1,20.0,-0.0,0,4.0
uepP020,3,1,8,SR,20.0,4.0,2,3.776956315257907,1,3.8057109810124365,94.93646422478848,105.51913152105882,4,1,20.0,-0.0,0,4.0
uepP020,3,1,9,SR,20.0,-0.0,2,3.7089647872953733,1,5.740327571582929,105.51913152105882,117.96842387993712,4,1,20.0,-0.0,0,4.0
uepP020,3,1,10,SR,20.0,-2.0,2,1.7466607907970968,1,5.933168296050183,117.96842387993712,128.64825296678438,4,1,20.0,-0.0,0,4.0
