subjectId,runId,blockId,trialId,condition,leftAnswer,rightAnswer,choiceDuration,isiDuration,feedbackDuration,itiDuration,stimOnset,itiOffset,leftColor,rightColor,mu1,mu2,sd1,sd2
uepP028,3,3,1,SS,6.0,0.0,2,2.5019506137945005,1,5.0832406792102525,247.50425915554428,258.08945044854903,6,7,6.0,0.0,0,0
uepP028,3,3,2,SS,6.0,0.0,2,2.1555647642631706,1,6.033474097993743,258.08945044854903,269.2784893108059,6,7,6.0,0.0,0,0
uepP028,3,3,3,SS,6.0,0.0,2,1.6771805740701622,1,4.66464403251749,269.2784893108059,278.6203139173936,6,7,6.0,0.0,0,0
uepP028,3,3,4,SS,6.0,0.0,2,4.620252715011406,1,4.813625062103796,278.6203139173936,291.05419169450886,6,7,6.0,0.0,0,0
uepP028,3,3,5,SS,6.0,0.0,2,3.1414997264339837,1,4.596395091028512,291.05419169450886,301.7920865119714,6,7,6.0,0.0,0,0
uepP028,3,3,6,SS,6.0,0.0,2,3.197786791270966,1,3.6024591591360853,301.7920865119714,311.5923324623784,6,7,6.0,0.0,0,0
uepP028,3,3,7,SS,6.0,0.0,2,3.490138845033061,1,4.386856034842627,311.5923324623784,322.46932734225413,6,7,6.0,0.0,0,0
uepP028,3,3,8,SS,6.0,0.0,2,4.260320036541353,1,6.299862505063463,322.46932734225413,336.02950988385896,6,7,6.0,0.0,0,0
uepP028,3,3,9,SS,6.0,0.0,2,4.643957575843309,1,5.033141459819066,336.02950988385896,348.7066089195214,6,7,6.0,0.0,0,0
uepP028,3,3,10,SS,6.0,0.0,2,2.5580499309992817,1,3.3957739981230244,348.7066089195214,357.6604328486437,6,7,6.0,0.0,0,0
