subjectId,runId,blockId,trialId,condition,leftAnswer,rightAnswer,choiceDuration,isiDuration,feedbackDuration,itiDuration,stimOnset,itiOffset,leftColor,rightColor,mu1,mu2,sd1,sd2
uepP013,1,4,1,SS,-18.0,0.0,2,1.999151803907806,1,5.058460948157923,366.40261005018994,376.46022280225566,1,3,-18.0,0.0,0,0
uepP013,1,4,2,SS,-18.0,0.0,2,2.5943035952250044,1,4.434496547075222,376.46022280225566,386.4890229445559,1,3,-18.0,0.0,0,0
uepP013,1,4,3,SS,-18.0,0.0,2,2.0036291903799057,1,4.792952705305297,386.4890229445559,396.28560484024115,1,3,-18.0,0.0,0,0
uepP013,1,4,4,SS,-18.0,0.0,2,4.0851060378237,1,4.30420707601945,396.28560484024115,407.6749179540843,1,3,-18.0,0.0,0,0
uepP013,1,4,5,SS,-18.0,0.0,2,2.757645856971751,1,3.830231735023326,407.6749179540843,417.2627955460794,1,3,-18.0,0.0,0,0
uepP013,1,4,6,SS,-18.0,0.0,2,3.6455857591423437,1,5.663282096534552,417.2627955460794,429.5716634017563,1,3,-18.0,0.0,0,0
uepP013,1,4,7,SS,-18.0,0.0,2,2.858451664824623,1,6.018407536691243,429.5716634017563,441.4485226032722,1,3,-18.0,0.0,0,0
uepP013,1,4,8,SS,-18.0,0.0,2,4.051574490281929,1,3.464513888328939,441.4485226032722,451.9646109818831,1,3,-18.0,0.0,0,0
uepP013,1,4,9,SS,-18.0,0.0,2,2.374630318054757,1,5.399015040615919,451.9646109818831,462.73825634055373,1,3,-18.0,0.0,0,0
uepP013,1,4,10,SS,-18.0,0.0,2,3.4741831820953553,1,4.787560477351037,462.73825634055373,474.00000000000017,1,3,-18.0,0.0,0,0
