subjectId,runId,blockId,trialId,condition,leftAnswer,rightAnswer,choiceDuration,isiDuration,feedbackDuration,itiDuration,stimOnset,itiOffset,leftColor,rightColor,mu1,mu2,sd1,sd2
uepP036,5,4,1,RR,7.0,3.0,2,4.425038742858141,1,3.9840979991463485,369.71624986761077,381.12538660961525,1,2,4.0,6.0,4.0,4.0
uepP036,5,4,2,RR,10.0,6.0,2,2.576512738798216,1,4.024712447674964,381.12538660961525,390.72661179608843,1,2,4.0,6.0,4.0,4.0
uepP036,5,4,3,RR,2.0,7.0,2,3.0251034243573716,1,6.045062463447414,390.72661179608843,402.79677768389325,1,2,4.0,6.0,4.0,4.0
uepP036,5,4,4,RR,-3.0,5.0,2,4.086105071531226,1,3.9241828954869664,402.79677768389325,413.80706565091145,1,2,4.0,6.0,4.0,4.0
uepP036,5,4,5,RR,1.0,0.0,2,2.8203699593433766,1,3.3730078925497984,413.80706565091145,423.00044350280467,1,2,4.0,6.0,4.0,4.0
uepP036,5,4,6,RR,3.0,12.0,2,4.103785344452278,1,3.4002908247893364,423.00044350280467,433.5045196720463,1,2,4.0,6.0,4.0,4.0
uepP036,5,4,7,RR,6.0,4.0,2,4.556438866882161,1,4.162221463300433,433.5045196720463,445.2231800022289,1,2,4.0,6.0,4.0,4.0
uepP036,5,4,8,RR,9.0,8.0,2,1.9999673412564754,1,4.904786012575789,445.2231800022289,455.1279333560612,1,2,4.0,6.0,4.0,4.0
uepP036,5,4,9,RR,1.0,8.0,2,2.1349916110134335,1,5.584071045686365,455.1279333560612,465.846996012761,1,2,4.0,6.0,4.0,4.0
uepP036,5,4,10,RR,-1.0,-1.0,2,1.689230027820435,1,3.4637739594187202,465.846996012761,474.00000000000017,1,2,4.0,6.0,4.0,4.0
