subjectId,runId,blockId,trialId,condition,leftAnswer,rightAnswer,choiceDuration,isiDuration,feedbackDuration,itiDuration,stimOnset,itiOffset,leftColor,rightColor,mu1,mu2,sd1,sd2
uepP039,5,3,1,SR,0.0,-2.0,2,3.8294170229817737,1,4.035455856380163,241.2971083439802,252.16198122334214,4,1,0.0,-9.0,0,4.0
uepP039,5,3,2,SR,0.0,-17.0,2,4.793231437385,1,5.991012641532495,252.16198122334214,265.9462253022596,4,1,0.0,-9.0,0,4.0
uepP039,5,3,3,SR,0.0,-4.0,2,4.840728467395902,1,5.637600127614969,265.9462253022596,279.42455389727047,4,1,0.0,-9.0,0,4.0
uepP039,5,3,4,SR,0.0,-1.0,2,2.534244631372268,1,4.743297464509802,279.42455389727047,289.7020959931525,4,1,0.0,-9.0,0,4.0
uepP039,5,3,5,SR,0.0,-4.0,2,3.381533160888977,1,4.940516692788028,289.7020959931525,301.0241458468295,4,1,0.0,-9.0,0,4.0
uepP039,5,3,6,SR,0.0,-7.0,2,3.6223621975521736,1,6.119521165731124,301.0241458468295,313.7660292101128,4,1,0.0,-9.0,0,4.0
uepP039,5,3,7,SR,0.0,-5.0,2,2.212809834016593,1,3.951678686616289,313.7660292101128,322.93051773074563,4,1,0.0,-9.0,0,4.0
uepP039,5,3,8,SR,0.0,-3.0,2,1.7954732233874977,1,4.986255989479394,322.93051773074563,332.7122469436125,4,1,0.0,-9.0,0,4.0
uepP039,5,3,9,SR,0.0,-9.0,2,2.396980131165362,1,4.522528922534553,332.7122469436125,342.63175599731244,4,1,0.0,-9.0,0,4.0
uepP039,5,3,10,SR,0.0,-13.0,2,2.6672253326048887,1,4.011112842044078,342.63175599731244,352.31009417196145,4,1,0.0,-9.0,0,4.0
