subjectId,runId,blockId,trialId,condition,leftAnswer,rightAnswer,choiceDuration,isiDuration,feedbackDuration,itiDuration,stimOnset,itiOffset,leftColor,rightColor,mu1,mu2,sd1,sd2
uepP058,1,2,1,RR,9.0,7.0,2,3.4786616272944175,1,4.570715685333414,129.66553851148302,140.71491582411088,3,1,4.0,7.0,4.0,4.0
uepP058,1,2,2,RR,9.0,6.0,2,4.102035269306188,1,4.943544863390348,140.71491582411088,152.7604959568074,3,1,4.0,7.0,4.0,4.0
uepP058,1,2,3,RR,5.0,6.0,2,2.4467902681386695,1,4.999408030143819,152.7604959568074,163.2066942550899,3,1,4.0,7.0,4.0,4.0
uepP058,1,2,4,RR,-5.0,7.0,2,1.956130385183185,1,3.7249379781333456,163.2066942550899,171.8877626184064,3,1,4.0,7.0,4.0,4.0
uepP058,1,2,5,RR,6.0,9.0,2,4.251992150297885,1,5.845293343057217,171.8877626184064,184.98504811176153,3,1,4.0,7.0,4.0,4.0
uepP058,1,2,6,RR,8.0,-1.0,2,2.8318343510814072,1,4.312083956980123,184.98504811176153,195.12896641982306,3,1,4.0,7.0,4.0,4.0
uepP058,1,2,7,RR,-4.0,4.0,2,2.6681260553790853,1,3.8037885468931343,195.12896641982306,204.60088102209528,3,1,4.0,7.0,4.0,4.0
uepP058,1,2,8,RR,6.0,10.0,2,3.5874421692756773,1,4.823743562147939,204.60088102209528,216.0120667535189,3,1,4.0,7.0,4.0,4.0
uepP058,1,2,9,RR,4.0,5.0,2,1.7540774846973337,1,3.7784000796598063,216.0120667535189,224.54454431787605,3,1,4.0,7.0,4.0,4.0
uepP058,1,2,10,RR,9.0,7.0,2,3.2242017458020515,1,4.9212890787527686,224.54454431787605,235.69003514243087,3,1,4.0,7.0,4.0,4.0
