subjectId,runId,blockId,trialId,condition,leftAnswer,rightAnswer,choiceDuration,isiDuration,feedbackDuration,itiDuration,stimOnset,itiOffset,leftColor,rightColor,mu1,mu2,sd1,sd2
uepP022,6,1,1,RS,-8.0,-9.0,2,2.888285510684079,1,5.476360615740124,16,27.3646461264242,2,6,-6.0,-9.0,4.0,0
uepP022,6,1,2,RS,-3.0,-9.0,2,1.5823822985007514,1,3.3535490597219346,27.3646461264242,35.30057748464689,2,6,-6.0,-9.0,4.0,0
uepP022,6,1,3,RS,-3.0,-9.0,2,3.203718151666682,1,4.2710436660146485,35.30057748464689,45.77533930232822,2,6,-6.0,-9.0,4.0,0
uepP022,6,1,4,RS,-2.0,-9.0,2,2.0416122730526025,1,4.955972756766681,45.77533930232822,55.772924332147504,2,6,-6.0,-9.0,4.0,0
uepP022,6,1,5,RS,-4.0,-9.0,2,1.672339296661994,1,4.652362227502483,55.772924332147504,65.09762585631198,2,6,-6.0,-9.0,4.0,0
uepP022,6,1,6,RS,-7.0,-9.0,2,2.075569781256348,1,4.688655968639013,65.09762585631198,74.86185160620734,2,6,-6.0,-9.0,4.0,0
uepP022,6,1,7,RS,-6.0,-9.0,2,4.3961577448918,1,4.226844743726183,74.86185160620734,86.48485409482532,2,6,-6.0,-9.0,4.0,0
uepP022,6,1,8,RS,0.0,-9.0,2,2.08549819195892,1,5.645242464882497,86.48485409482532,97.21559475166674,2,6,-6.0,-9.0,4.0,0
uepP022,6,1,9,RS,2.0,-9.0,2,3.3998154314156217,1,5.3188782305675835,97.21559475166674,108.93428841364994,2,6,-6.0,-9.0,4.0,0
uepP022,6,1,10,RS,-11.0,-9.0,2,1.9360100976121342,1,5.391089262138372,108.93428841364994,119.26138777340046,2,6,-6.0,-9.0,4.0,0
