subjectId,runId,blockId,trialId,condition,leftAnswer,rightAnswer,choiceDuration,isiDuration,feedbackDuration,itiDuration,stimOnset,itiOffset,leftColor,rightColor,mu1,mu2,sd1,sd2
uepP038,2,1,1,SS,-0.0,9.0,2,3.101672811197707,1,3.8255382022509004,16,25.92721101344861,2,1,-0.0,9.0,0,0
uepP038,2,1,2,SS,-0.0,9.0,2,2.3283136209585242,1,5.141910062076686,25.92721101344861,36.39743469648382,2,1,-0.0,9.0,0,0
uepP038,2,1,3,SS,-0.0,9.0,2,2.2673452140919035,1,5.707089259058011,36.39743469648382,47.37186916963373,2,1,-0.0,9.0,0,0
uepP038,2,1,4,SS,-0.0,9.0,2,4.115381300840703,1,3.713496732428914,47.37186916963373,58.20074720290335,2,1,-0.0,9.0,0,0
uepP038,2,1,5,SS,-0.0,9.0,2,2.307550845773059,1,3.4700155020990158,58.20074720290335,66.97831355077543,2,1,-0.0,9.0,0,0
uepP038,2,1,6,SS,-0.0,9.0,2,3.9563335946071305,1,3.340935178320585,66.97831355077543,77.27558232370313,2,1,-0.0,9.0,0,0
uepP038,2,1,7,SS,-0.0,9.0,2,2.0993876091584682,1,4.947347270638397,77.27558232370313,87.3223172035,2,1,-0.0,9.0,0,0
uepP038,2,1,8,SS,-0.0,9.0,2,1.8773624954614077,1,4.1622311870863085,87.3223172035,96.36191088604772,2,1,-0.0,9.0,0,0
uepP038,2,1,9,SS,-0.0,9.0,2,1.7777629145713152,1,4.959740455012636,96.36191088604772,106.09941425563167,2,1,-0.0,9.0,0,0
uepP038,2,1,10,SS,-0.0,9.0,2,2.937505755524833,1,5.05257729087743,106.09941425563167,117.08949730203395,2,1,-0.0,9.0,0,0
