subjectId,runId,blockId,trialId,condition,leftAnswer,rightAnswer,choiceDuration,isiDuration,feedbackDuration,itiDuration,stimOnset,itiOffset,leftColor,rightColor,mu1,mu2,sd1,sd2
uepP059,4,2,1,SS,-8.0,-7.0,2,2.822157014326754,1,3.727972147671236,135.9869787939093,145.5371079559073,6,1,-8.0,-7.0,0,0
uepP059,4,2,2,SS,-8.0,-7.0,2,4.93800282731502,1,4.395318531060046,145.5371079559073,157.87042931428235,6,1,-8.0,-7.0,0,0
uepP059,4,2,3,SS,-8.0,-7.0,2,2.330351509253726,1,3.9228588102086395,157.87042931428235,167.12363963374472,6,1,-8.0,-7.0,0,0
uepP059,4,2,4,SS,-8.0,-7.0,2,2.9200708918463287,1,3.8530189009379248,167.12363963374472,176.89672942652896,6,1,-8.0,-7.0,0,0
uepP059,4,2,5,SS,-8.0,-7.0,2,3.033733627661331,1,4.75313877133477,176.89672942652896,187.68360182552505,6,1,-8.0,-7.0,0,0
uepP059,4,2,6,SS,-8.0,-7.0,2,1.8073140278880524,1,3.5548705733532113,187.68360182552505,196.0457864267663,6,1,-8.0,-7.0,0,0
uepP059,4,2,7,SS,-8.0,-7.0,2,3.091746147497509,1,4.416146627702539,196.0457864267663,206.55367920196636,6,1,-8.0,-7.0,0,0
uepP059,4,2,8,SS,-8.0,-7.0,2,3.193535484735885,1,5.204127260502899,206.55367920196636,217.95134194720515,6,1,-8.0,-7.0,0,0
uepP059,4,2,9,SS,-8.0,-7.0,2,2.4877691383301777,1,6.40278769848514,217.95134194720515,229.84189878402046,6,1,-8.0,-7.0,0,0
uepP059,4,2,10,SS,-8.0,-7.0,2,2.3010149759756717,1,6.423315068693068,229.84189878402046,241.5662288286892,6,1,-8.0,-7.0,0,0
