subjectId,runId,blockId,trialId,condition,leftAnswer,rightAnswer,choiceDuration,isiDuration,feedbackDuration,itiDuration,stimOnset,itiOffset,leftColor,rightColor,mu1,mu2,sd1,sd2
uepP021,5,2,1,SS,-1.0,-7.0,2,2.2680794796855515,1,3.691992587600823,132.80957339167605,141.76964545896243,0,1,-1.0,-7.0,0,0
uepP021,5,2,2,SS,-1.0,-7.0,2,2.2721573847991006,1,4.109180417595487,141.76964545896243,151.15098326135703,0,1,-1.0,-7.0,0,0
uepP021,5,2,3,SS,-1.0,-7.0,2,3.1798202555167427,1,5.505731362247336,151.15098326135703,162.8365348791211,0,1,-1.0,-7.0,0,0
uepP021,5,2,4,SS,-1.0,-7.0,2,3.7764390621544934,1,5.6332843688734755,162.8365348791211,175.24625831014907,0,1,-1.0,-7.0,0,0
uepP021,5,2,5,SS,-1.0,-7.0,2,2.727385414736004,1,5.840515135812266,175.24625831014907,186.81415886069735,0,1,-1.0,-7.0,0,0
uepP021,5,2,6,SS,-1.0,-7.0,2,4.388539377486984,1,5.2522237385104065,186.81415886069735,199.45492197669472,0,1,-1.0,-7.0,0,0
uepP021,5,2,7,SS,-1.0,-7.0,2,2.908996101577259,1,6.195519769152847,199.45492197669472,211.55943784742482,0,1,-1.0,-7.0,0,0
uepP021,5,2,8,SS,-1.0,-7.0,2,2.36767631674306,1,6.025540288109112,211.55943784742482,222.952654452277,0,1,-1.0,-7.0,0,0
uepP021,5,2,9,SS,-1.0,-7.0,2,2.543184705778071,1,3.6846139045237556,222.952654452277,232.1804530625788,0,1,-1.0,-7.0,0,0
uepP021,5,2,10,SS,-1.0,-7.0,2,3.9854104323994397,1,3.8577091731916955,232.1804530625788,243.02357266816995,0,1,-1.0,-7.0,0,0
