subjectId,runId,blockId,trialId,condition,leftAnswer,rightAnswer,choiceDuration,isiDuration,feedbackDuration,itiDuration,stimOnset,itiOffset,leftColor,rightColor,mu1,mu2,sd1,sd2
uepP004,1,1,1,RR,4.0,-1.0,2,2.8544985449511175,1,5.0417272995604705,16,26.896225844511587,0,4,6.0,-8.0,4.0,4.0
uepP004,1,1,2,RR,10.0,-2.0,2,4.476024963694368,1,3.654925570007725,26.896225844511587,38.02717637821368,0,4,6.0,-8.0,4.0,4.0
uepP004,1,1,3,RR,6.0,-12.0,2,2.7224807137181974,1,3.93404496223187,38.02717637821368,47.68370205416375,0,4,6.0,-8.0,4.0,4.0
uepP004,1,1,4,RR,6.0,-13.0,2,1.6650169239021861,1,3.4106533279864557,47.68370205416375,55.7593723060524,0,4,6.0,-8.0,4.0,4.0
uepP004,1,1,5,RR,1.0,-11.0,2,4.500447892402838,1,4.172785556410461,55.7593723060524,67.4326057548657,0,4,6.0,-8.0,4.0,4.0
uepP004,1,1,6,RR,2.0,-14.0,2,4.180005069367201,1,4.037853395837766,67.4326057548657,78.65046422007067,0,4,6.0,-8.0,4.0,4.0
uepP004,1,1,7,RR,11.0,-8.0,2,4.7205772983636445,1,5.511966459676467,78.65046422007067,91.8830079781108,0,4,6.0,-8.0,4.0,4.0
uepP004,1,1,8,RR,1.0,-10.0,2,2.0096690597367513,1,4.054620266505751,91.8830079781108,100.9472973043533,0,4,6.0,-8.0,4.0,4.0
uepP004,1,1,9,RR,22.0,-11.0,2,3.7561004371239126,1,4.2407960692155955,100.9472973043533,111.94419381069281,0,4,6.0,-8.0,4.0,4.0
uepP004,1,1,10,RR,9.0,-9.0,2,3.6163406623280614,1,3.5922276693941493,111.94419381069281,122.15276214241501,0,4,6.0,-8.0,4.0,4.0
