subjectId,runId,blockId,trialId,condition,leftAnswer,rightAnswer,choiceDuration,isiDuration,feedbackDuration,itiDuration,stimOnset,itiOffset,leftColor,rightColor,mu1,mu2,sd1,sd2
uepP041,6,1,1,SS,-12.0,7.0,2,4.653249402962857,1,4.969416864759578,16,28.622666267722433,7,6,-12.0,7.0,0,0
uepP041,6,1,2,SS,-12.0,7.0,2,1.7139950769706136,1,4.115420696868607,28.622666267722433,37.45208204156165,7,6,-12.0,7.0,0,0
uepP041,6,1,3,SS,-12.0,7.0,2,3.563525913291025,1,3.299882066441578,37.45208204156165,47.31549002129425,7,6,-12.0,7.0,0,0
uepP041,6,1,4,SS,-12.0,7.0,2,1.7484388507715707,1,5.277039735701423,47.31549002129425,57.340968607767245,7,6,-12.0,7.0,0,0
uepP041,6,1,5,SS,-12.0,7.0,2,1.8692759571205932,1,5.6458208455691565,57.340968607767245,67.85606541045699,7,6,-12.0,7.0,0,0
uepP041,6,1,6,SS,-12.0,7.0,2,4.644596737795105,1,3.6074578467689706,67.85606541045699,79.10811999502107,7,6,-12.0,7.0,0,0
uepP041,6,1,7,SS,-12.0,7.0,2,3.388335613183222,1,3.3230082333195234,79.10811999502107,88.81946384152381,7,6,-12.0,7.0,0,0
uepP041,6,1,8,SS,-12.0,7.0,2,1.659344442564244,1,4.276625112805943,88.81946384152381,97.755433396894,7,6,-12.0,7.0,0,0
uepP041,6,1,9,SS,-12.0,7.0,2,1.7539453083123773,1,3.7564212390095735,97.755433396894,106.26579994421596,7,6,-12.0,7.0,0,0
uepP041,6,1,10,SS,-12.0,7.0,2,4.677498528281451,1,3.568381269985358,106.26579994421596,117.51167974248276,7,6,-12.0,7.0,0,0
