subjectId,runId,blockId,trialId,condition,leftAnswer,rightAnswer,choiceDuration,isiDuration,feedbackDuration,itiDuration,stimOnset,itiOffset,leftColor,rightColor,mu1,mu2,sd1,sd2
uepP028,7,1,1,RR,-18.0,8.0,2,4.4807921086631355,1,4.690551838026801,16,28.171343946689937,6,1,-15.0,7.0,4.0,4.0
uepP028,7,1,2,RR,-19.0,4.0,2,2.583459902768636,1,4.372013902725671,28.171343946689937,38.126817752184245,6,1,-15.0,7.0,4.0,4.0
uepP028,7,1,3,RR,-19.0,4.0,2,3.1308444479520863,1,4.831957123770555,38.126817752184245,49.08961932390689,6,1,-15.0,7.0,4.0,4.0
uepP028,7,1,4,RR,-15.0,10.0,2,3.8725243569280554,1,6.19118572892543,49.08961932390689,62.153329409760374,6,1,-15.0,7.0,4.0,4.0
uepP028,7,1,5,RR,-19.0,7.0,2,1.8658237484708406,1,6.030074037177101,62.153329409760374,73.04922719540832,6,1,-15.0,7.0,4.0,4.0
uepP028,7,1,6,RR,-16.0,7.0,2,4.747978365225536,1,5.646182492513599,73.04922719540832,86.44338805314746,6,1,-15.0,7.0,4.0,4.0
uepP028,7,1,7,RR,-16.0,-3.0,2,3.900410591632098,1,3.3650577702225153,86.44338805314746,96.70885641500207,6,1,-15.0,7.0,4.0,4.0
uepP028,7,1,8,RR,-16.0,9.0,2,3.947333163663274,1,3.416515558127771,96.70885641500207,107.07270513679312,6,1,-15.0,7.0,4.0,4.0
uepP028,7,1,9,RR,-17.0,12.0,2,2.6272154255659927,1,4.555777429716827,107.07270513679312,117.25569799207594,6,1,-15.0,7.0,4.0,4.0
uepP028,7,1,10,RR,-15.0,7.0,2,4.283633800184921,1,6.392550689679976,117.25569799207594,130.93188248194082,6,1,-15.0,7.0,4.0,4.0
