subjectId,runId,blockId,trialId,condition,leftAnswer,rightAnswer,choiceDuration,isiDuration,feedbackDuration,itiDuration,stimOnset,itiOffset,leftColor,rightColor,mu1,mu2,sd1,sd2
uepP041,4,3,1,SS,2.0,0.0,2,2.084430871509131,1,5.717114395842504,245.92621254770697,256.7277578150586,2,6,2.0,0.0,0,0
uepP041,4,3,2,SS,2.0,0.0,2,3.485703575918456,1,3.410103421244402,256.7277578150586,266.6235648122215,2,6,2.0,0.0,0,0
uepP041,4,3,3,SS,2.0,0.0,2,4.4473481140798174,1,5.870882069205679,266.6235648122215,279.941794995507,2,6,2.0,0.0,0,0
uepP041,4,3,4,SS,2.0,0.0,2,2.477467118478537,1,6.250767109009647,279.941794995507,291.6700292229952,2,6,2.0,0.0,0,0
uepP041,4,3,5,SS,2.0,0.0,2,4.513663032134784,1,4.85211968614315,291.6700292229952,304.03581194127315,2,6,2.0,0.0,0,0
uepP041,4,3,6,SS,2.0,0.0,2,1.9293560265745529,1,5.0423780385697015,304.03581194127315,314.00754600641744,2,6,2.0,0.0,0,0
uepP041,4,3,7,SS,2.0,0.0,2,4.235186693123493,1,4.947499236152138,314.00754600641744,326.190231935693,2,6,2.0,0.0,0,0
uepP041,4,3,8,SS,2.0,0.0,2,1.7228999149642252,1,4.995700086221786,326.190231935693,335.90883193687904,2,6,2.0,0.0,0,0
uepP041,4,3,9,SS,2.0,0.0,2,3.3838346389224365,1,4.511142809205731,335.90883193687904,346.80380938500724,2,6,2.0,0.0,0,0
uepP041,4,3,10,SS,2.0,0.0,2,3.9871536150914255,1,6.2263507346986415,346.80380938500724,360.0173137347973,2,6,2.0,0.0,0,0
