subjectId,runId,blockId,trialId,condition,leftAnswer,rightAnswer,choiceDuration,isiDuration,feedbackDuration,itiDuration,stimOnset,itiOffset,leftColor,rightColor,mu1,mu2,sd1,sd2
uepP050,7,3,1,SS,6.0,7.0,2,1.6568381071705,1,4.957359231411946,249.58873191459816,259.2029292531806,3,6,6.0,7.0,0,0
uepP050,7,3,2,SS,6.0,7.0,2,1.5989715246598388,1,3.1755122690056865,259.2029292531806,266.97741304684615,3,6,6.0,7.0,0,0
uepP050,7,3,3,SS,6.0,7.0,2,3.7618733533752593,1,3.2224092592876614,266.97741304684615,276.9616956595091,3,6,6.0,7.0,0,0
uepP050,7,3,4,SS,6.0,7.0,2,2.9792141770732843,1,5.552226186695246,276.9616956595091,288.4931360232776,3,6,6.0,7.0,0,0
uepP050,7,3,5,SS,6.0,7.0,2,2.992766014325034,1,3.449932428612837,288.4931360232776,297.93583446621545,3,6,6.0,7.0,0,0
uepP050,7,3,6,SS,6.0,7.0,2,2.3430142246011734,1,5.542640851866204,297.93583446621545,308.82148954268285,3,6,6.0,7.0,0,0
uepP050,7,3,7,SS,6.0,7.0,2,4.359169945286693,1,4.714249946759528,308.82148954268285,320.8949094347291,3,6,6.0,7.0,0,0
uepP050,7,3,8,SS,6.0,7.0,2,3.985555776311971,1,3.638433637334015,320.8949094347291,331.51889884837504,3,6,6.0,7.0,0,0
uepP050,7,3,9,SS,6.0,7.0,2,4.0657112042740104,1,5.704140733415497,331.51889884837504,344.28875078606455,3,6,6.0,7.0,0,0
uepP050,7,3,10,SS,6.0,7.0,2,3.573869795498826,1,4.580400685052193,344.28875078606455,355.4430212666156,3,6,6.0,7.0,0,0
