subjectId,runId,blockId,trialId,condition,leftAnswer,rightAnswer,choiceDuration,isiDuration,feedbackDuration,itiDuration,stimOnset,itiOffset,leftColor,rightColor,mu1,mu2,sd1,sd2
uepP036,5,3,1,SS,-7.0,15.0,2,2.1022119144136755,1,5.021891182744685,248.47376335110675,258.5978664482651,7,3,-7.0,15.0,0,0
uepP036,5,3,2,SS,-7.0,15.0,2,1.8491863882142094,1,4.178050264120108,258.5978664482651,267.6251031005994,7,3,-7.0,15.0,0,0
uepP036,5,3,3,SS,-7.0,15.0,2,1.833288722491934,1,4.70503858309799,267.6251031005994,277.1634304061893,7,3,-7.0,15.0,0,0
uepP036,5,3,4,SS,-7.0,15.0,2,2.0373807392549153,1,5.186742012662941,277.1634304061893,287.38755315810715,7,3,-7.0,15.0,0,0
uepP036,5,3,5,SS,-7.0,15.0,2,4.668389375146924,1,4.774229164344523,287.38755315810715,299.83017169759864,7,3,-7.0,15.0,0,0
uepP036,5,3,6,SS,-7.0,15.0,2,4.385694920392129,1,6.311910680559419,299.83017169759864,313.52777729855023,7,3,-7.0,15.0,0,0
uepP036,5,3,7,SS,-7.0,15.0,2,3.1036787175351557,1,4.895098344178225,313.52777729855023,324.5265543602636,7,3,-7.0,15.0,0,0
uepP036,5,3,8,SS,-7.0,15.0,2,4.562827318566027,1,6.157564340951054,324.5265543602636,338.2469460197807,7,3,-7.0,15.0,0,0
uepP036,5,3,9,SS,-7.0,15.0,2,4.713594562417268,1,4.968209555573436,338.2469460197807,350.9287501377714,7,3,-7.0,15.0,0,0
uepP036,5,3,10,SS,-7.0,15.0,2,4.887076953217353,1,4.900422776622038,350.9287501377714,363.71624986761077,7,3,-7.0,15.0,0,0
