subjectId,runId,blockId,trialId,condition,leftAnswer,rightAnswer,choiceDuration,isiDuration,feedbackDuration,itiDuration,stimOnset,itiOffset,leftColor,rightColor,mu1,mu2,sd1,sd2
uepP027,5,4,1,RS,11.0,3.0,2,4.309665608991377,1,4.873592661225114,360.78327602603594,372.96653429625246,3,5,13.0,3.0,4.0,0
uepP027,5,4,2,RS,10.0,3.0,2,2.2201359722772835,1,5.854201989109053,372.96653429625246,384.0408722576388,3,5,13.0,3.0,4.0,0
uepP027,5,4,3,RS,16.0,3.0,2,2.8166039596979777,1,4.016819165086559,384.0408722576388,393.8742953824233,3,5,13.0,3.0,4.0,0
uepP027,5,4,4,RS,11.0,3.0,2,2.063768284182171,1,5.296108866081278,393.8742953824233,404.2341725326868,3,5,13.0,3.0,4.0,0
uepP027,5,4,5,RS,15.0,3.0,2,3.3131677197866014,1,6.335529526449871,404.2341725326868,416.88286977892324,3,5,13.0,3.0,4.0,0
uepP027,5,4,6,RS,14.0,3.0,2,4.62370141260004,1,3.702457469042051,416.88286977892324,428.2090286605653,3,5,13.0,3.0,4.0,0
uepP027,5,4,7,RS,9.0,3.0,2,3.4192190907253805,1,6.78854630064127,428.2090286605653,441.41679405193196,3,5,13.0,3.0,4.0,0
uepP027,5,4,8,RS,15.0,3.0,2,2.769686688477721,1,4.0032560281971845,441.41679405193196,451.1897367686069,3,5,13.0,3.0,4.0,0
uepP027,5,4,9,RS,12.0,3.0,2,2.3663239415838193,1,6.771245046986474,451.1897367686069,463.32730575717716,3,5,13.0,3.0,4.0,0
uepP027,5,4,10,RS,16.0,3.0,2,4.008177798561111,1,3.6645164442617952,463.32730575717716,474.00000000000006,3,5,13.0,3.0,4.0,0
