subjectId,runId,blockId,trialId,condition,leftAnswer,rightAnswer,choiceDuration,isiDuration,feedbackDuration,itiDuration,stimOnset,itiOffset,leftColor,rightColor,mu1,mu2,sd1,sd2
uepP001,5,2,1,SS,-0.0,5.0,2,3.1489539650329577,1,4.691225087876015,133.08313301028605,143.923312063195,6,2,-0.0,5.0,0,0
uepP001,5,2,2,SS,-0.0,5.0,2,4.551176931403258,1,5.048460022351981,143.923312063195,156.52294901695024,6,2,-0.0,5.0,0,0
uepP001,5,2,3,SS,-0.0,5.0,2,3.798187197150428,1,4.387952937750134,156.52294901695024,167.7090891518508,6,2,-0.0,5.0,0,0
uepP001,5,2,4,SS,-0.0,5.0,2,1.9467386830267606,1,5.540723594537273,167.7090891518508,178.19655142941482,6,2,-0.0,5.0,0,0
uepP001,5,2,5,SS,-0.0,5.0,2,3.210756738323849,1,6.019296001225165,178.19655142941482,190.42660416896385,6,2,-0.0,5.0,0,0
uepP001,5,2,6,SS,-0.0,5.0,2,2.400241419289488,1,6.209930338600152,190.42660416896385,202.0367759268535,6,2,-0.0,5.0,0,0
uepP001,5,2,7,SS,-0.0,5.0,2,2.266943085895677,1,5.939018498931713,202.0367759268535,213.2427375116809,6,2,-0.0,5.0,0,0
uepP001,5,2,8,SS,-0.0,5.0,2,4.54916832595749,1,5.819781716212502,213.2427375116809,226.61168755385089,6,2,-0.0,5.0,0,0
uepP001,5,2,9,SS,-0.0,5.0,2,2.0704823993652903,1,3.5627110486977327,226.61168755385089,235.2448810019139,6,2,-0.0,5.0,0,0
uepP001,5,2,10,SS,-0.0,5.0,2,3.377972456742925,1,4.4972231483634655,235.2448810019139,246.1200766070203,6,2,-0.0,5.0,0,0
