subjectId,runId,blockId,trialId,condition,leftAnswer,rightAnswer,choiceDuration,isiDuration,feedbackDuration,itiDuration,stimOnset,itiOffset,leftColor,rightColor,mu1,mu2,sd1,sd2
uepP037,7,3,1,RR,-13.0,-20.0,2,3.1640956225406853,1,4.366121358150502,245.59912830142991,256.1293452821211,3,0,-19.0,-12.0,4.0,4.0
uepP037,7,3,2,RR,-17.0,-11.0,2,2.292358085990345,1,4.287187374898442,256.1293452821211,265.70889074300993,3,0,-19.0,-12.0,4.0,4.0
uepP037,7,3,3,RR,-18.0,-16.0,2,3.8292518259354793,1,4.380520449361948,265.70889074300993,276.91866301830737,3,0,-19.0,-12.0,4.0,4.0
uepP037,7,3,4,RR,-19.0,-16.0,2,2.6973983551222864,1,5.558577093955354,276.91866301830737,288.174638467385,3,0,-19.0,-12.0,4.0,4.0
uepP037,7,3,5,RR,-21.0,-5.0,2,2.6305814774017353,1,3.4006646489496264,288.174638467385,297.20588459373636,3,0,-19.0,-12.0,4.0,4.0
uepP037,7,3,6,RR,-20.0,-8.0,2,3.1472434696661415,1,5.096654670467777,297.20588459373636,308.4497827338703,3,0,-19.0,-12.0,4.0,4.0
uepP037,7,3,7,RR,-25.0,-15.0,2,1.82393616791575,1,5.535402920211844,308.4497827338703,318.80912182199785,3,0,-19.0,-12.0,4.0,4.0
uepP037,7,3,8,RR,-22.0,-14.0,2,3.844112586252621,1,5.733113802111756,318.80912182199785,331.3863482103622,3,0,-19.0,-12.0,4.0,4.0
uepP037,7,3,9,RR,-20.0,-6.0,2,3.049202607071983,1,4.8916002206454205,331.3863482103622,342.32715103807965,3,0,-19.0,-12.0,4.0,4.0
uepP037,7,3,10,RR,-23.0,-9.0,2,2.4103637237458266,1,3.657633205957121,342.32715103807965,351.3951479677826,3,0,-19.0,-12.0,4.0,4.0
