subjectId,runId,blockId,trialId,condition,leftAnswer,rightAnswer,choiceDuration,isiDuration,feedbackDuration,itiDuration,stimOnset,itiOffset,leftColor,rightColor,mu1,mu2,sd1,sd2
uepP053,5,2,1,RS,-13.0,14.0,2,3.1585700514920343,1,5.1514979357844375,132.90429531728844,144.21436330456493,6,3,-12.0,14.0,4.0,0
uepP053,5,2,2,RS,-17.0,14.0,2,3.2609221387884433,1,3.4863984506198906,144.21436330456493,153.96168389397326,6,3,-12.0,14.0,4.0,0
uepP053,5,2,3,RS,-14.0,14.0,2,3.5861000074545384,1,4.3961370655439085,153.96168389397326,164.94392096697172,6,3,-12.0,14.0,4.0,0
uepP053,5,2,4,RS,-16.0,14.0,2,2.68939452596894,1,5.101026382426582,164.94392096697172,175.73434187536725,6,3,-12.0,14.0,4.0,0
uepP053,5,2,5,RS,-12.0,14.0,2,1.990067130500347,1,5.456771532254734,175.73434187536725,186.1811805381223,6,3,-12.0,14.0,4.0,0
uepP053,5,2,6,RS,-9.0,14.0,2,2.9099595735544552,1,5.166656638571707,186.1811805381223,197.25779675024847,6,3,-12.0,14.0,4.0,0
uepP053,5,2,7,RS,-13.0,14.0,2,1.7335688693908269,1,3.5543505944556806,197.25779675024847,205.545716214095,6,3,-12.0,14.0,4.0,0
uepP053,5,2,8,RS,-9.0,14.0,2,4.471752905039062,1,5.6485902909616375,205.545716214095,218.6660594100957,6,3,-12.0,14.0,4.0,0
uepP053,5,2,9,RS,-15.0,14.0,2,3.8490161185423992,1,4.800159233628296,218.6660594100957,230.3152347622664,6,3,-12.0,14.0,4.0,0
uepP053,5,2,10,RS,-9.0,14.0,2,3.5799539683933124,1,4.7209045406047405,230.3152347622664,241.61609327126448,6,3,-12.0,14.0,4.0,0
