subjectId,runId,blockId,trialId,condition,leftAnswer,rightAnswer,choiceDuration,isiDuration,feedbackDuration,itiDuration,stimOnset,itiOffset,leftColor,rightColor,mu1,mu2,sd1,sd2
uepP018,2,3,1,RR,-4.0,-13.0,2,2.72145461321009,1,6.230233277797538,246.30868263955202,258.2603705305596,2,4,-2.0,-9.0,4.0,4.0
uepP018,2,3,2,RR,-4.0,-3.0,2,4.497505810562472,1,3.4813489526544377,258.2603705305596,269.23922529377654,2,4,-2.0,-9.0,4.0,4.0
uepP018,2,3,3,RR,-4.0,-7.0,2,3.5261408126542637,1,4.385829369810044,269.23922529377654,280.15119547624084,2,4,-2.0,-9.0,4.0,4.0
uepP018,2,3,4,RR,-8.0,-6.0,2,3.089823832678493,1,5.347289906352791,280.15119547624084,291.58830921527215,2,4,-2.0,-9.0,4.0,4.0
uepP018,2,3,5,RR,-7.0,-13.0,2,3.860341419339482,1,4.874837279143531,291.58830921527215,303.3234879137552,2,4,-2.0,-9.0,4.0,4.0
uepP018,2,3,6,RR,-4.0,-7.0,2,1.9580933671515777,1,4.915491614182803,303.3234879137552,313.1970728950896,2,4,-2.0,-9.0,4.0,4.0
uepP018,2,3,7,RR,-4.0,-14.0,2,3.197306183871287,1,6.017959647734135,313.1970728950896,325.412338726695,2,4,-2.0,-9.0,4.0,4.0
uepP018,2,3,8,RR,-2.0,-5.0,2,4.762866929729136,1,3.8768181435030806,325.412338726695,337.0520237999272,2,4,-2.0,-9.0,4.0,4.0
uepP018,2,3,9,RR,-2.0,-11.0,2,4.592914197413534,1,5.417013962027778,337.0520237999272,350.0619519593685,2,4,-2.0,-9.0,4.0,4.0
uepP018,2,3,10,RR,-8.0,-10.0,2,3.4137045925246654,1,3.962624767938697,350.0619519593685,360.43828131983184,2,4,-2.0,-9.0,4.0,4.0
