subjectId,runId,blockId,trialId,condition,leftAnswer,rightAnswer,choiceDuration,isiDuration,feedbackDuration,itiDuration,stimOnset,itiOffset,leftColor,rightColor,mu1,mu2,sd1,sd2
uepP036,2,4,1,RS,-15.0,0.0,2,1.6780942402307661,1,4.776018706641871,362.1953903176637,371.64950326453635,6,3,-8.0,0.0,4.0,0
uepP036,2,4,2,RS,-8.0,0.0,2,4.792539449704287,1,6.436275773856448,371.64950326453635,385.8783184880971,6,3,-8.0,0.0,4.0,0
uepP036,2,4,3,RS,-7.0,0.0,2,2.3368345245555493,1,3.677990814181704,385.8783184880971,394.8931438268344,6,3,-8.0,0.0,4.0,0
uepP036,2,4,4,RS,-11.0,0.0,2,3.3270568784349512,1,4.532100889699238,394.8931438268344,405.75230159496857,6,3,-8.0,0.0,4.0,0
uepP036,2,4,5,RS,-4.0,0.0,2,3.972773499060857,1,6.034016318520988,405.75230159496857,418.7590914125504,6,3,-8.0,0.0,4.0,0
uepP036,2,4,6,RS,-15.0,0.0,2,4.721028644196787,1,4.380945133722235,418.7590914125504,430.8610651904694,6,3,-8.0,0.0,4.0,0
uepP036,2,4,7,RS,-12.0,0.0,2,3.7441740574242663,1,4.897545356441632,430.8610651904694,442.5027846043353,6,3,-8.0,0.0,4.0,0
uepP036,2,4,8,RS,-4.0,0.0,2,3.3204869291762744,1,5.297821400641465,442.5027846043353,454.12109293415307,6,3,-8.0,0.0,4.0,0
uepP036,2,4,9,RS,-4.0,0.0,2,1.7294712432096866,1,6.125237727726442,454.12109293415307,464.97580190508916,6,3,-8.0,0.0,4.0,0
uepP036,2,4,10,RS,-8.0,0.0,2,2.320333469211439,1,3.7038646256994903,464.97580190508916,474.0000000000001,6,3,-8.0,0.0,4.0,0
