subjectId,runId,blockId,trialId,condition,leftAnswer,rightAnswer,choiceDuration,isiDuration,feedbackDuration,itiDuration,stimOnset,itiOffset,leftColor,rightColor,mu1,mu2,sd1,sd2
uepP040,1,2,1,SS,-3.0,-3.0,2,2.3665354668564875,1,5.337199824824704,132.2869988840359,142.99073417571708,4,7,-3.0,-3.0,0,0
uepP040,1,2,2,SS,-3.0,-3.0,2,3.992408327051546,1,3.4003354485018984,142.99073417571708,153.38347795127052,4,7,-3.0,-3.0,0,0
uepP040,1,2,3,SS,-3.0,-3.0,2,3.5078418168943366,1,6.227455380308734,153.38347795127052,166.1187751484736,4,7,-3.0,-3.0,0,0
uepP040,1,2,4,SS,-3.0,-3.0,2,3.5489788245223632,1,3.493168784241883,166.1187751484736,176.1609227572378,4,7,-3.0,-3.0,0,0
uepP040,1,2,5,SS,-3.0,-3.0,2,3.8793039265518194,1,4.629368513972057,176.1609227572378,187.66959519776168,4,7,-3.0,-3.0,0,0
uepP040,1,2,6,SS,-3.0,-3.0,2,3.2511649167668923,1,3.3302170426134707,187.66959519776168,197.25097715714205,4,7,-3.0,-3.0,0,0
uepP040,1,2,7,SS,-3.0,-3.0,2,3.723556273616858,1,4.039473658905094,197.25097715714205,208.01400708966398,4,7,-3.0,-3.0,0,0
uepP040,1,2,8,SS,-3.0,-3.0,2,4.824468139579158,1,4.570987965948898,208.01400708966398,220.40946319519202,4,7,-3.0,-3.0,0,0
uepP040,1,2,9,SS,-3.0,-3.0,2,4.44458727479409,1,3.946155423200569,220.40946319519202,231.80020589318667,4,7,-3.0,-3.0,0,0
uepP040,1,2,10,SS,-3.0,-3.0,2,4.352590025518227,1,5.8903773415660625,231.80020589318667,245.04317326027095,4,7,-3.0,-3.0,0,0
