subjectId,runId,blockId,trialId,condition,leftAnswer,rightAnswer,choiceDuration,isiDuration,feedbackDuration,itiDuration,stimOnset,itiOffset,leftColor,rightColor,mu1,mu2,sd1,sd2
uepP026,7,3,1,RR,-11.0,7.0,2,4.3735391462091995,1,5.846776964767397,250.06549485612547,263.28581096710207,3,0,-4.0,1.0,4.0,4.0
uepP026,7,3,2,RR,-2.0,2.0,2,3.299355528044581,1,4.867618773320417,263.28581096710207,274.4527852684671,3,0,-4.0,1.0,4.0,4.0
uepP026,7,3,3,RR,-6.0,-2.0,2,1.5670577997579906,1,5.589276899171334,274.4527852684671,284.60911996739645,3,0,-4.0,1.0,4.0,4.0
uepP026,7,3,4,RR,-8.0,-2.0,2,3.703188430407015,1,4.648365513644562,284.60911996739645,295.960673911448,3,0,-4.0,1.0,4.0,4.0
uepP026,7,3,5,RR,-3.0,2.0,2,3.897927005517522,1,5.543127559769775,295.960673911448,308.40172847673534,3,0,-4.0,1.0,4.0,4.0
uepP026,7,3,6,RR,10.0,11.0,2,3.0759336552742753,1,3.233135120341604,308.40172847673534,317.71079725235126,3,0,-4.0,1.0,4.0,4.0
uepP026,7,3,7,RR,-5.0,7.0,2,3.419596317780198,1,4.8746777783917095,317.71079725235126,329.00507134852313,3,0,-4.0,1.0,4.0,4.0
uepP026,7,3,8,RR,-6.0,3.0,2,3.5537220628346877,1,4.894456689732017,329.00507134852313,340.45325010108985,3,0,-4.0,1.0,4.0,4.0
uepP026,7,3,9,RR,-5.0,4.0,2,3.3015994067331254,1,5.438222061906229,340.45325010108985,352.1930715697292,3,0,-4.0,1.0,4.0,4.0
uepP026,7,3,10,RR,-7.0,4.0,2,3.985146989657682,1,3.861989270795057,352.1930715697292,363.04020783018194,3,0,-4.0,1.0,4.0,4.0
