subjectId,runId,blockId,trialId,condition,leftAnswer,rightAnswer,choiceDuration,isiDuration,feedbackDuration,itiDuration,stimOnset,itiOffset,leftColor,rightColor,mu1,mu2,sd1,sd2
uepP055,1,2,1,RR,0.0,17.0,2,2.6045694938637225,1,3.6993293121090436,135.33772194877855,144.64162075475133,1,2,-2.0,16.0,4.0,4.0
uepP055,1,2,2,RR,-6.0,13.0,2,3.9231243235329605,1,5.838415926433116,144.64162075475133,157.40316100471742,1,2,-2.0,16.0,4.0,4.0
uepP055,1,2,3,RR,5.0,18.0,2,3.781904983802871,1,5.462013377322469,157.40316100471742,169.64707936584276,1,2,-2.0,16.0,4.0,4.0
uepP055,1,2,4,RR,-6.0,18.0,2,3.251244061304811,1,4.060324705758159,169.64707936584276,179.95864813290572,1,2,-2.0,16.0,4.0,4.0
uepP055,1,2,5,RR,3.0,15.0,2,2.4404826397823487,1,6.470945861786042,179.95864813290572,191.87007663447412,1,2,-2.0,16.0,4.0,4.0
uepP055,1,2,6,RR,5.0,17.0,2,3.446680744441061,1,4.3254102071737055,191.87007663447412,202.6421675860889,1,2,-2.0,16.0,4.0,4.0
uepP055,1,2,7,RR,-3.0,19.0,2,2.5631994448358766,1,5.1255523616055765,202.6421675860889,213.33091939253035,1,2,-2.0,16.0,4.0,4.0
uepP055,1,2,8,RR,0.0,22.0,2,1.690951136211118,1,3.942832382306397,213.33091939253035,221.96470291104785,1,2,-2.0,16.0,4.0,4.0
uepP055,1,2,9,RR,-2.0,11.0,2,3.7173699177891524,1,5.3689744471409115,221.96470291104785,234.0510472759779,1,2,-2.0,16.0,4.0,4.0
uepP055,1,2,10,RR,1.0,18.0,2,2.77812589615675,1,4.847577702868291,234.0510472759779,244.67675087500294,1,2,-2.0,16.0,4.0,4.0
