subjectId,runId,blockId,trialId,condition,leftAnswer,rightAnswer,choiceDuration,isiDuration,feedbackDuration,itiDuration,stimOnset,itiOffset,leftColor,rightColor,mu1,mu2,sd1,sd2
uepP036,5,2,1,SR,18.0,-18.0,2,4.464831113961462,1,3.7805650090797815,132.87724375239986,144.1226398754411,4,5,18.0,-13.0,0,4.0
uepP036,5,2,2,SR,18.0,-10.0,2,3.0540243144370383,1,4.102407439760939,144.1226398754411,154.2790716296391,4,5,18.0,-13.0,0,4.0
uepP036,5,2,3,SR,18.0,-15.0,2,4.485286537976257,1,4.308071914403708,154.2790716296391,166.07243008201908,4,5,18.0,-13.0,0,4.0
uepP036,5,2,4,SR,18.0,-13.0,2,3.640869803136321,1,3.9096815153354987,166.07243008201908,176.62298140049091,4,5,18.0,-13.0,0,4.0
uepP036,5,2,5,SR,18.0,-18.0,2,4.258677291991168,1,5.704981884718827,176.62298140049091,189.5866405772009,4,5,18.0,-13.0,0,4.0
uepP036,5,2,6,SR,18.0,-13.0,2,2.946940515800219,1,5.055763529457447,189.5866405772009,200.58934462245855,4,5,18.0,-13.0,0,4.0
uepP036,5,2,7,SR,18.0,-13.0,2,2.9686432403698073,1,3.7868938017006757,200.58934462245855,210.34488166452903,4,5,18.0,-13.0,0,4.0
uepP036,5,2,8,SR,18.0,-14.0,2,4.163142279994415,1,6.442685524679592,210.34488166452903,223.95070946920305,4,5,18.0,-13.0,0,4.0
uepP036,5,2,9,SR,18.0,-14.0,2,2.2080267037007615,1,4.101897388720686,223.95070946920305,233.2606335616245,4,5,18.0,-13.0,0,4.0
uepP036,5,2,10,SR,18.0,-16.0,2,2.4425383315342923,1,3.7705914579479862,233.2606335616245,242.47376335110675,4,5,18.0,-13.0,0,4.0
