subjectId,runId,blockId,trialId,condition,leftAnswer,rightAnswer,choiceDuration,isiDuration,feedbackDuration,itiDuration,stimOnset,itiOffset,leftColor,rightColor,mu1,mu2,sd1,sd2
uepP042,6,2,1,RS,5.0,13.0,2,1.781215999843363,1,6.1706204456990665,125.74803899840558,136.699875443948,4,3,5.0,13.0,4.0,0
uepP042,6,2,2,RS,5.0,13.0,2,1.9931201923368582,1,3.619921915899354,136.699875443948,145.3129175521842,4,3,5.0,13.0,4.0,0
uepP042,6,2,3,RS,8.0,13.0,2,3.216333176360406,1,4.78462389644466,145.3129175521842,156.31387462498924,4,3,5.0,13.0,4.0,0
uepP042,6,2,4,RS,4.0,13.0,2,1.7121629551949633,1,5.655438978797565,156.31387462498924,166.68147655898179,4,3,5.0,13.0,4.0,0
uepP042,6,2,5,RS,9.0,13.0,2,4.625197190189549,1,5.397343514161304,166.68147655898179,179.70401726333262,4,3,5.0,13.0,4.0,0
uepP042,6,2,6,RS,7.0,13.0,2,4.500780952405833,1,5.381629368665361,179.70401726333262,192.5864275844038,4,3,5.0,13.0,4.0,0
uepP042,6,2,7,RS,-3.0,13.0,2,2.1598643565214766,1,4.998617156145801,192.5864275844038,202.74490909707106,4,3,5.0,13.0,4.0,0
uepP042,6,2,8,RS,-1.0,13.0,2,3.3111252058739375,1,5.993873978176337,202.74490909707106,215.04990828112133,4,3,5.0,13.0,4.0,0
uepP042,6,2,9,RS,-2.0,13.0,2,2.421343914631877,1,5.868601635486555,215.04990828112133,226.33985383123976,4,3,5.0,13.0,4.0,0
uepP042,6,2,10,RS,5.0,13.0,2,2.377384925423036,1,5.442183722453943,226.33985383123976,237.15942247911673,4,3,5.0,13.0,4.0,0
