subjectId,runId,blockId,trialId,condition,leftAnswer,rightAnswer,choiceDuration,isiDuration,feedbackDuration,itiDuration,stimOnset,itiOffset,leftColor,rightColor,mu1,mu2,sd1,sd2
uepP012,7,2,1,SR,3.0,12.0,2,4.581451678868047,1,4.425214168561266,129.8733088869593,141.8799747343886,5,3,3.0,19.0,0,4.0
uepP012,7,2,2,SR,3.0,22.0,2,3.480085265526989,1,5.088013519290346,141.8799747343886,153.44807351920593,5,3,3.0,19.0,0,4.0
uepP012,7,2,3,SR,3.0,14.0,2,2.980909455050362,1,4.212214534660177,153.44807351920593,163.64119750891646,5,3,3.0,19.0,0,4.0
uepP012,7,2,4,SR,3.0,22.0,2,3.221239556526169,1,3.834686001071294,163.64119750891646,173.69712306651394,5,3,3.0,19.0,0,4.0
uepP012,7,2,5,SR,3.0,22.0,2,4.5693729564293335,1,4.053145099259141,173.69712306651394,185.31964112220243,5,3,3.0,19.0,0,4.0
uepP012,7,2,6,SR,3.0,18.0,2,1.8676924195957558,1,5.055531844952535,185.31964112220243,195.2428653867507,5,3,3.0,19.0,0,4.0
uepP012,7,2,7,SR,3.0,14.0,2,3.28770691125578,1,5.176820733978931,195.2428653867507,206.70739303198542,5,3,3.0,19.0,0,4.0
uepP012,7,2,8,SR,3.0,18.0,2,3.5529821013032974,1,3.5270766008889223,206.70739303198542,216.78745173417764,5,3,3.0,19.0,0,4.0
uepP012,7,2,9,SR,3.0,20.0,2,3.7767934062457944,1,5.079494425992443,216.78745173417764,228.64373956641586,5,3,3.0,19.0,0,4.0
uepP012,7,2,10,SR,3.0,18.0,2,2.2586176489328595,1,4.130238728452036,228.64373956641586,238.03259594380077,5,3,3.0,19.0,0,4.0
