subjectId,runId,blockId,trialId,condition,leftAnswer,rightAnswer,choiceDuration,isiDuration,feedbackDuration,itiDuration,stimOnset,itiOffset,leftColor,rightColor,mu1,mu2,sd1,sd2
uepP004,6,2,1,SR,12.0,-17.0,2,2.8453562841419915,1,4.374312142439162,128.03589655918242,138.25556498576356,2,1,12.0,-16.0,0,4.0
uepP004,6,2,2,SR,12.0,-15.0,2,2.237717486728599,1,6.299176744837636,138.25556498576356,149.7924592173298,2,1,12.0,-16.0,0,4.0
uepP004,6,2,3,SR,12.0,-21.0,2,2.727006620324421,1,5.133957966226096,149.7924592173298,160.65342380388032,2,1,12.0,-16.0,0,4.0
uepP004,6,2,4,SR,12.0,-11.0,2,2.3257778393491617,1,5.755498724924302,160.65342380388032,171.7347003681538,2,1,12.0,-16.0,0,4.0
uepP004,6,2,5,SR,12.0,-23.0,2,3.4233334530235,1,4.923201730334293,171.7347003681538,183.08123555151158,2,1,12.0,-16.0,0,4.0
uepP004,6,2,6,SR,12.0,-18.0,2,4.469387729336131,1,3.565688098460821,183.08123555151158,194.1163113793085,2,1,12.0,-16.0,0,4.0
uepP004,6,2,7,SR,12.0,-19.0,2,4.846637138747453,1,4.631102562898373,194.1163113793085,206.59405108095433,2,1,12.0,-16.0,0,4.0
uepP004,6,2,8,SR,12.0,-18.0,2,3.016646433244488,1,6.2855740324337575,206.59405108095433,218.8962715466326,2,1,12.0,-16.0,0,4.0
uepP004,6,2,9,SR,12.0,-15.0,2,1.9020414029807706,1,3.44474015459496,218.8962715466326,227.24305310420831,2,1,12.0,-16.0,0,4.0
uepP004,6,2,10,SR,12.0,-10.0,2,2.0579557631926817,1,3.5458271976626503,227.24305310420831,235.84683606506366,2,1,12.0,-16.0,0,4.0
