subjectId,runId,blockId,trialId,condition,leftAnswer,rightAnswer,choiceDuration,isiDuration,feedbackDuration,itiDuration,stimOnset,itiOffset,leftColor,rightColor,mu1,mu2,sd1,sd2
uepP058,2,1,1,RR,2.0,-15.0,2,4.273293249374102,1,3.0197088195536566,16,26.29300206892776,7,0,-4.0,-13.0,4.0,4.0
uepP058,2,1,2,RR,-0.0,-11.0,2,4.485220281738251,1,3.040517776115663,26.29300206892776,36.81874012678168,7,0,-4.0,-13.0,4.0,4.0
uepP058,2,1,3,RR,-4.0,-3.0,2,4.395176097449684,1,3.8777568951446924,36.81874012678168,48.091673119376054,7,0,-4.0,-13.0,4.0,4.0
uepP058,2,1,4,RR,-8.0,-11.0,2,3.2415916760305796,1,4.251505451873332,48.091673119376054,58.58477024727997,7,0,-4.0,-13.0,4.0,4.0
uepP058,2,1,5,RR,-1.0,-13.0,2,4.342098097327149,1,4.292441931764288,58.58477024727997,70.2193102763714,7,0,-4.0,-13.0,4.0,4.0
uepP058,2,1,6,RR,-9.0,-12.0,2,2.5929720209911062,1,4.213178264012308,70.2193102763714,80.02546056137483,7,0,-4.0,-13.0,4.0,4.0
uepP058,2,1,7,RR,-4.0,-9.0,2,2.2057026249041125,1,4.834440005156989,80.02546056137483,90.06560319143593,7,0,-4.0,-13.0,4.0,4.0
uepP058,2,1,8,RR,-6.0,-11.0,2,3.3589982178080486,1,5.852314180581563,90.06560319143593,102.27691558982553,7,0,-4.0,-13.0,4.0,4.0
uepP058,2,1,9,RR,-11.0,-8.0,2,4.400721504694202,1,4.770993740738201,102.27691558982553,114.44863083525794,7,0,-4.0,-13.0,4.0,4.0
uepP058,2,1,10,RR,-6.0,-17.0,2,3.1968614011997816,1,3.5581126157144873,114.44863083525794,124.20360485217222,7,0,-4.0,-13.0,4.0,4.0
