subjectId,runId,blockId,trialId,condition,leftAnswer,rightAnswer,choiceDuration,isiDuration,feedbackDuration,itiDuration,stimOnset,itiOffset,leftColor,rightColor,mu1,mu2,sd1,sd2
uepP034,1,4,1,SS,-10.0,5.0,2,3.8244602906804457,1,5.717257794165908,370.15743586304353,382.6991539478899,7,0,-10.0,5.0,0,0
uepP034,1,4,2,SS,-10.0,5.0,2,4.039184733548303,1,3.6305262296847416,382.6991539478899,393.36886491112296,7,0,-10.0,5.0,0,0
uepP034,1,4,3,SS,-10.0,5.0,2,2.999084864905837,1,4.8526397761163444,393.36886491112296,404.22058955214516,7,0,-10.0,5.0,0,0
uepP034,1,4,4,SS,-10.0,5.0,2,2.2870845766690544,1,3.2220958680654035,404.22058955214516,412.7297699968796,7,0,-10.0,5.0,0,0
uepP034,1,4,5,SS,-10.0,5.0,2,2.46207623464365,1,5.45424251093252,412.7297699968796,423.6460887424558,7,0,-10.0,5.0,0,0
uepP034,1,4,6,SS,-10.0,5.0,2,3.8008495812594445,1,3.6887962705827406,423.6460887424558,434.13573459429796,7,0,-10.0,5.0,0,0
uepP034,1,4,7,SS,-10.0,5.0,2,4.3958350315256,1,3.981601860458201,434.13573459429796,445.5131714862818,7,0,-10.0,5.0,0,0
uepP034,1,4,8,SS,-10.0,5.0,2,2.4555564531937963,1,3.8406907319496923,445.5131714862818,454.8094186714253,7,0,-10.0,5.0,0,0
uepP034,1,4,9,SS,-10.0,5.0,2,3.480557332523063,1,3.65912984864978,454.8094186714253,464.94910585259817,7,0,-10.0,5.0,0,0
uepP034,1,4,10,SS,-10.0,5.0,2,1.609515458490775,1,4.441378688911307,464.94910585259817,474.0000000000002,7,0,-10.0,5.0,0,0
