subjectId,runId,blockId,trialId,condition,leftAnswer,rightAnswer,choiceDuration,isiDuration,feedbackDuration,itiDuration,stimOnset,itiOffset,leftColor,rightColor,mu1,mu2,sd1,sd2
uepP057,1,1,1,RS,-3.0,-9.0,2,2.944798553030352,1,5.103430727444806,16,27.04822928047516,3,1,-0.0,-9.0,4.0,0
uepP057,1,1,2,RS,-2.0,-9.0,2,2.722877330331292,1,5.270398741434828,27.04822928047516,38.04150535224129,3,1,-0.0,-9.0,4.0,0
uepP057,1,1,3,RS,-1.0,-9.0,2,3.8337146441995014,1,3.4331376512271814,38.04150535224129,48.308357647667975,3,1,-0.0,-9.0,4.0,0
uepP057,1,1,4,RS,3.0,-9.0,2,4.740913145239597,1,5.218798308824856,48.308357647667975,61.26806910173243,3,1,-0.0,-9.0,4.0,0
uepP057,1,1,5,RS,2.0,-9.0,2,2.3772355639440756,1,5.086640080839287,61.26806910173243,71.7319447465158,3,1,-0.0,-9.0,4.0,0
uepP057,1,1,6,RS,1.0,-9.0,2,3.402117628894374,1,4.652114369148689,71.7319447465158,82.78617674455886,3,1,-0.0,-9.0,4.0,0
uepP057,1,1,7,RS,3.0,-9.0,2,3.8334737618843526,1,4.793782063593094,82.78617674455886,94.4134325700363,3,1,-0.0,-9.0,4.0,0
uepP057,1,1,8,RS,-3.0,-9.0,2,4.5752414874302065,1,5.747574900117167,94.4134325700363,107.73624895758368,3,1,-0.0,-9.0,4.0,0
uepP057,1,1,9,RS,-4.0,-9.0,2,2.5300369338171285,1,4.76444842776569,107.73624895758368,118.0307343191665,3,1,-0.0,-9.0,4.0,0
uepP057,1,1,10,RS,4.0,-9.0,2,4.031487608421152,1,5.500625146772328,118.0307343191665,130.56284707435998,3,1,-0.0,-9.0,4.0,0
