subjectId,runId,blockId,trialId,condition,leftAnswer,rightAnswer,choiceDuration,isiDuration,feedbackDuration,itiDuration,stimOnset,itiOffset,leftColor,rightColor,mu1,mu2,sd1,sd2
uepP057,5,3,1,SR,-18.0,7.0,2,4.384210838946204,1,5.900087828258558,248.90607297985613,262.1903716470609,3,2,-18.0,9.0,0,4.0
uepP057,5,3,2,SR,-18.0,4.0,2,3.3566480358941484,1,5.470115309647698,262.1903716470609,274.01713499260273,3,2,-18.0,9.0,0,4.0
uepP057,5,3,3,SR,-18.0,10.0,2,2.6255024144059695,1,6.381970690937391,274.01713499260273,286.0246080979461,3,2,-18.0,9.0,0,4.0
uepP057,5,3,4,SR,-18.0,8.0,2,1.6525719921501631,1,3.535447776137512,286.0246080979461,294.2126278662338,3,2,-18.0,9.0,0,4.0
uepP057,5,3,5,SR,-18.0,4.0,2,2.739321562899222,1,5.449533614341637,294.2126278662338,305.4014830434747,3,2,-18.0,9.0,0,4.0
uepP057,5,3,6,SR,-18.0,17.0,2,2.921581060134601,1,5.345646410627765,305.4014830434747,316.66871051423703,3,2,-18.0,9.0,0,4.0
uepP057,5,3,7,SR,-18.0,3.0,2,4.040299514811466,1,4.591185166792076,316.66871051423703,328.30019519584056,3,2,-18.0,9.0,0,4.0
uepP057,5,3,8,SR,-18.0,9.0,2,3.8566302655323215,1,5.326560481602927,328.30019519584056,340.4833859429758,3,2,-18.0,9.0,0,4.0
uepP057,5,3,9,SR,-18.0,6.0,2,3.956524989765817,1,3.671190523331706,340.4833859429758,351.1111014560733,3,2,-18.0,9.0,0,4.0
uepP057,5,3,10,SR,-18.0,8.0,2,3.1459981076221517,1,6.291636429984739,351.1111014560733,363.5487359936802,3,2,-18.0,9.0,0,4.0
