subjectId,runId,blockId,trialId,condition,leftAnswer,rightAnswer,choiceDuration,isiDuration,feedbackDuration,itiDuration,stimOnset,itiOffset,leftColor,rightColor,mu1,mu2,sd1,sd2
uepP040,5,4,1,RR,4.0,-5.0,2,2.5124585819665173,1,5.562454852649275,361.66220294901876,372.7371163836346,1,5,4.0,-4.0,4.0,4.0
uepP040,5,4,2,RR,8.0,-5.0,2,2.564649079308738,1,5.456767032716036,372.7371163836346,383.7585324956594,1,5,4.0,-4.0,4.0,4.0
uepP040,5,4,3,RR,-0.0,-1.0,2,3.6535782713397986,1,5.1391390137257265,383.7585324956594,395.55124978072496,1,5,4.0,-4.0,4.0,4.0
uepP040,5,4,4,RR,10.0,-1.0,2,3.1885142721074904,1,5.955998826509629,395.55124978072496,407.6957628793421,1,5,4.0,-4.0,4.0,4.0
uepP040,5,4,5,RR,8.0,-4.0,2,3.19729732951427,1,5.160636078597471,407.6957628793421,419.0536962874538,1,5,4.0,-4.0,4.0,4.0
uepP040,5,4,6,RR,-4.0,2.0,2,3.831199200641068,1,4.7286978082350135,419.0536962874538,430.61359329632995,1,5,4.0,-4.0,4.0,4.0
uepP040,5,4,7,RR,0.0,-2.0,2,3.843697027533819,1,4.182170653805716,430.61359329632995,441.6394609776695,1,5,4.0,-4.0,4.0,4.0
uepP040,5,4,8,RR,3.0,-2.0,2,1.8208136814216258,1,4.550510109441135,441.6394609776695,451.01078476853223,1,5,4.0,-4.0,4.0,4.0
uepP040,5,4,9,RR,5.0,-4.0,2,3.9450005833724906,1,4.2373754762112155,451.01078476853223,462.193160828116,1,5,4.0,-4.0,4.0,4.0
uepP040,5,4,10,RR,13.0,-10.0,2,4.343079706836321,1,4.463759465047818,462.193160828116,474.0000000000001,1,5,4.0,-4.0,4.0,4.0
