subjectId,runId,blockId,trialId,condition,leftAnswer,rightAnswer,choiceDuration,isiDuration,feedbackDuration,itiDuration,stimOnset,itiOffset,leftColor,rightColor,mu1,mu2,sd1,sd2
uepP055,8,2,1,SR,-6.0,3.0,2,3.5392570531006755,1,6.236287039607577,131.8779973373055,144.65354143001375,2,1,-6.0,1.0,0,4.0
uepP055,8,2,2,SR,-6.0,4.0,2,1.920612820057975,1,5.58843271784711,144.65354143001375,155.16258696791883,2,1,-6.0,1.0,0,4.0
uepP055,8,2,3,SR,-6.0,1.0,2,3.3961590938289135,1,4.103747393819701,155.16258696791883,165.66249345556744,2,1,-6.0,1.0,0,4.0
uepP055,8,2,4,SR,-6.0,4.0,2,4.3760860796021905,1,6.1837389224780175,165.66249345556744,179.22231845764767,2,1,-6.0,1.0,0,4.0
uepP055,8,2,5,SR,-6.0,6.0,2,4.371291328997599,1,5.44236116603432,179.22231845764767,192.03597095267958,2,1,-6.0,1.0,0,4.0
uepP055,8,2,6,SR,-6.0,-0.0,2,3.732227913004973,1,4.214995933867405,192.03597095267958,202.98319479955197,2,1,-6.0,1.0,0,4.0
uepP055,8,2,7,SR,-6.0,3.0,2,2.339495226677642,1,4.5687166448811665,202.98319479955197,212.8914066711108,2,1,-6.0,1.0,0,4.0
uepP055,8,2,8,SR,-6.0,4.0,2,3.4113849169900234,1,4.2527922041594275,212.8914066711108,223.55558379226022,2,1,-6.0,1.0,0,4.0
uepP055,8,2,9,SR,-6.0,-4.0,2,2.432450965817504,1,4.867748454336874,223.55558379226022,233.8557832124146,2,1,-6.0,1.0,0,4.0
uepP055,8,2,10,SR,-6.0,-2.0,2,4.683660520175741,1,5.0509120320477585,233.8557832124146,246.5903557646381,2,1,-6.0,1.0,0,4.0
