subjectId,runId,blockId,trialId,condition,leftAnswer,rightAnswer,choiceDuration,isiDuration,feedbackDuration,itiDuration,stimOnset,itiOffset,leftColor,rightColor,mu1,mu2,sd1,sd2
uepP060,1,1,1,RR,6.0,10.0,2,1.6430932885732152,1,5.255796448060968,16,25.89888973663418,4,0,4.0,8.0,4.0,4.0
uepP060,1,1,2,RR,-2.0,5.0,2,4.336759888381895,1,3.699033794952412,25.89888973663418,36.93468341996849,4,0,4.0,8.0,4.0,4.0
uepP060,1,1,3,RR,6.0,11.0,2,2.6114044962124265,1,5.2091573361539565,36.93468341996849,47.75524525233488,4,0,4.0,8.0,4.0,4.0
uepP060,1,1,4,RR,4.0,10.0,2,4.498233551653878,1,4.684602004014187,47.75524525233488,59.938080808002944,4,0,4.0,8.0,4.0,4.0
uepP060,1,1,5,RR,10.0,14.0,2,4.291812942208596,1,5.8029808789766255,59.938080808002944,73.03287462918817,4,0,4.0,8.0,4.0,4.0
uepP060,1,1,6,RR,2.0,13.0,2,3.7031889880473594,1,6.231880876890426,73.03287462918817,85.96794449412596,4,0,4.0,8.0,4.0,4.0
uepP060,1,1,7,RR,-0.0,8.0,2,4.651058236049033,1,4.187094562717171,85.96794449412596,97.80609729289216,4,0,4.0,8.0,4.0,4.0
uepP060,1,1,8,RR,2.0,13.0,2,3.717137705979186,1,4.665605361517972,97.80609729289216,109.18884036038932,4,0,4.0,8.0,4.0,4.0
uepP060,1,1,9,RR,11.0,11.0,2,4.264739949963154,1,4.0865988498433,109.18884036038932,120.54017916019578,4,0,4.0,8.0,4.0,4.0
uepP060,1,1,10,RR,3.0,4.0,2,2.368959903473528,1,3.5296222969137463,120.54017916019578,129.43876136058304,4,0,4.0,8.0,4.0,4.0
