subjectId,runId,blockId,trialId,condition,leftAnswer,rightAnswer,choiceDuration,isiDuration,feedbackDuration,itiDuration,stimOnset,itiOffset,leftColor,rightColor,mu1,mu2,sd1,sd2
uepP018,2,1,1,SS,-5.0,-1.0,2,2.490884641198744,1,4.739373992208607,16,26.230258633407352,7,6,-5.0,-1.0,0,0
uepP018,2,1,2,SS,-5.0,-1.0,2,4.4764919765503945,1,4.99632421957369,26.230258633407352,38.70307482953143,7,6,-5.0,-1.0,0,0
uepP018,2,1,3,SS,-5.0,-1.0,2,1.8736465399395292,1,3.7048317793029457,38.70307482953143,47.2815531487739,7,6,-5.0,-1.0,0,0
uepP018,2,1,4,SS,-5.0,-1.0,2,4.273276660618465,1,3.452407482956523,47.2815531487739,58.00723729234889,7,6,-5.0,-1.0,0,0
uepP018,2,1,5,SS,-5.0,-1.0,2,2.2856405619829183,1,5.575339521071048,58.00723729234889,68.86821737540285,7,6,-5.0,-1.0,0,0
uepP018,2,1,6,SS,-5.0,-1.0,2,1.9953990328707714,1,5.958901194668873,68.86821737540285,79.82251760294248,7,6,-5.0,-1.0,0,0
uepP018,2,1,7,SS,-5.0,-1.0,2,2.7888090669886862,1,6.125827279946363,79.82251760294248,91.73715394987754,7,6,-5.0,-1.0,0,0
uepP018,2,1,8,SS,-5.0,-1.0,2,4.033130254849875,1,5.298824329962617,91.73715394987754,104.06910853469003,7,6,-5.0,-1.0,0,0
uepP018,2,1,9,SS,-5.0,-1.0,2,2.80731026456316,1,4.487091586803068,104.06910853469003,114.36351038605625,7,6,-5.0,-1.0,0,0
uepP018,2,1,10,SS,-5.0,-1.0,2,2.157399520787213,1,3.446730215820955,114.36351038605625,122.9676401226644,7,6,-5.0,-1.0,0,0
