subjectId,runId,blockId,trialId,condition,leftAnswer,rightAnswer,choiceDuration,isiDuration,feedbackDuration,itiDuration,stimOnset,itiOffset,leftColor,rightColor,mu1,mu2,sd1,sd2
uepP025,2,1,1,RR,5.0,-9.0,2,2.372364856207032,1,3.2945134284464284,16,24.66687828465346,4,5,5.0,-9.0,4.0,4.0
uepP025,2,1,2,RR,10.0,-10.0,2,4.041857181986676,1,5.813399176014576,24.66687828465346,37.52213464265471,4,5,5.0,-9.0,4.0,4.0
uepP025,2,1,3,RR,3.0,-5.0,2,4.326852067708641,1,5.095015469815897,37.52213464265471,49.944002180179254,4,5,5.0,-9.0,4.0,4.0
uepP025,2,1,4,RR,11.0,-11.0,2,2.7683480625574246,1,4.195123413096734,49.944002180179254,59.907473655833414,4,5,5.0,-9.0,4.0,4.0
uepP025,2,1,5,RR,2.0,-12.0,2,3.8694055913133663,1,5.260404099621789,59.907473655833414,72.03728334676858,4,5,5.0,-9.0,4.0,4.0
uepP025,2,1,6,RR,8.0,-9.0,2,3.6369106899396164,1,5.237015398774449,72.03728334676858,83.91120943548263,4,5,5.0,-9.0,4.0,4.0
uepP025,2,1,7,RR,2.0,-11.0,2,3.2974861740580024,1,5.870595353603346,83.91120943548263,96.07929096314399,4,5,5.0,-9.0,4.0,4.0
uepP025,2,1,8,RR,2.0,-6.0,2,2.7535843497603576,1,3.932366917902385,96.07929096314399,105.76524223080673,4,5,5.0,-9.0,4.0,4.0
uepP025,2,1,9,RR,0.0,-14.0,2,2.9079435260495456,1,5.538641970664681,105.76524223080673,117.21182772752097,4,5,5.0,-9.0,4.0,4.0
uepP025,2,1,10,RR,4.0,-9.0,2,2.34033441143175,1,4.435437149762915,117.21182772752097,126.98759928871564,4,5,5.0,-9.0,4.0,4.0
