subjectId,runId,blockId,trialId,condition,leftAnswer,rightAnswer,choiceDuration,isiDuration,feedbackDuration,itiDuration,stimOnset,itiOffset,leftColor,rightColor,mu1,mu2,sd1,sd2
uepP007,6,1,1,RR,-3.0,24.0,2,2.1560454958341917,1,4.414122085109371,16,25.57016758094356,0,1,-5.0,23.0,4.0,4.0
uepP007,6,1,2,RR,-9.0,26.0,2,2.991180311014931,1,5.9914062941031725,25.57016758094356,37.55275418606166,0,1,-5.0,23.0,4.0,4.0
uepP007,6,1,3,RR,-5.0,26.0,2,4.77806107969885,1,4.314891605359819,37.55275418606166,49.64570687112033,0,1,-5.0,23.0,4.0,4.0
uepP007,6,1,4,RR,-5.0,21.0,2,3.2729543191886585,1,3.4330426218868015,49.64570687112033,59.35170381219579,0,1,-5.0,23.0,4.0,4.0
uepP007,6,1,5,RR,-4.0,24.0,2,2.484739874818394,1,5.430364172457482,59.35170381219579,70.26680785947167,0,1,-5.0,23.0,4.0,4.0
uepP007,6,1,6,RR,-1.0,22.0,2,4.459455973438947,1,3.9534344204877847,70.26680785947167,81.6796982533984,0,1,-5.0,23.0,4.0,4.0
uepP007,6,1,7,RR,-2.0,16.0,2,2.864148951180047,1,6.172732370856285,81.6796982533984,93.71657957543472,0,1,-5.0,23.0,4.0,4.0
uepP007,6,1,8,RR,-1.0,20.0,2,3.139469626290642,1,5.805344840381262,93.71657957543472,105.66139404210664,0,1,-5.0,23.0,4.0,4.0
uepP007,6,1,9,RR,-5.0,21.0,2,4.055781598123137,1,6.394943476791358,105.66139404210664,119.11211911702112,0,1,-5.0,23.0,4.0,4.0
uepP007,6,1,10,RR,-2.0,23.0,2,3.534503349120639,1,6.259164662671534,119.11211911702112,131.9057871288133,0,1,-5.0,23.0,4.0,4.0
