subjectId,runId,blockId,trialId,condition,leftAnswer,rightAnswer,choiceDuration,isiDuration,feedbackDuration,itiDuration,stimOnset,itiOffset,leftColor,rightColor,mu1,mu2,sd1,sd2
uepP049,8,1,1,RR,5.0,18.0,2,3.413159642955329,1,4.771863565945044,16,27.185023208900372,0,3,5.0,12.0,4.0,4.0
uepP049,8,1,2,RR,4.0,10.0,2,2.295949245152676,1,4.248682640607534,27.185023208900372,36.72965509466058,0,3,5.0,12.0,4.0,4.0
uepP049,8,1,3,RR,-4.0,15.0,2,2.1299391387476834,1,4.127018707492885,36.72965509466058,45.986612940901146,0,3,5.0,12.0,4.0,4.0
uepP049,8,1,4,RR,9.0,14.0,2,2.0174753086450874,1,6.2172626024080255,45.986612940901146,57.22135085195426,0,3,5.0,12.0,4.0,4.0
uepP049,8,1,5,RR,-1.0,14.0,2,2.465735376595887,1,5.670277047590159,57.22135085195426,68.3573632761403,0,3,5.0,12.0,4.0,4.0
uepP049,8,1,6,RR,9.0,14.0,2,4.20176703382836,1,5.214509686107986,68.3573632761403,80.77363999607665,0,3,5.0,12.0,4.0,4.0
uepP049,8,1,7,RR,3.0,10.0,2,1.6802719014172454,1,6.0214206925973395,80.77363999607665,91.47533259009124,0,3,5.0,12.0,4.0,4.0
uepP049,8,1,8,RR,6.0,4.0,2,4.705201900260001,1,3.7390514985073637,91.47533259009124,102.91958598885861,0,3,5.0,12.0,4.0,4.0
uepP049,8,1,9,RR,6.0,6.0,2,1.6994026028894382,1,6.1659834847023065,102.91958598885861,113.78497207645036,0,3,5.0,12.0,4.0,4.0
uepP049,8,1,10,RR,9.0,14.0,2,2.1571272071068153,1,6.198842877491678,113.78497207645036,125.14094216104886,0,3,5.0,12.0,4.0,4.0
