subjectId,runId,blockId,trialId,condition,leftAnswer,rightAnswer,choiceDuration,isiDuration,feedbackDuration,itiDuration,stimOnset,itiOffset,leftColor,rightColor,mu1,mu2,sd1,sd2
uepP017,2,1,1,SR,-30.0,2.0,2,2.8800925528093697,1,4.237540033036972,16,26.11763258584634,6,1,-30.0,9.0,0,4.0
uepP017,2,1,2,SR,-30.0,5.0,2,4.834731499641446,1,4.422172167881007,26.11763258584634,38.374536253368795,6,1,-30.0,9.0,0,4.0
uepP017,2,1,3,SR,-30.0,6.0,2,2.0476481003980314,1,6.275298671128211,38.374536253368795,49.697483024895035,6,1,-30.0,9.0,0,4.0
uepP017,2,1,4,SR,-30.0,10.0,2,2.0367153241728517,1,5.640769624585703,49.697483024895035,60.37496797365359,6,1,-30.0,9.0,0,4.0
uepP017,2,1,5,SR,-30.0,11.0,2,2.375264134531081,1,4.9264971519175855,60.37496797365359,70.67672926010226,6,1,-30.0,9.0,0,4.0
uepP017,2,1,6,SR,-30.0,5.0,2,3.7099533599060157,1,5.6565285879960125,70.67672926010226,83.04321120800428,6,1,-30.0,9.0,0,4.0
uepP017,2,1,7,SR,-30.0,7.0,2,4.0297626877151975,1,3.715464498204492,83.04321120800428,93.78843839392397,6,1,-30.0,9.0,0,4.0
uepP017,2,1,8,SR,-30.0,8.0,2,2.408157098515154,1,4.624515919610086,93.78843839392397,103.8211114120492,6,1,-30.0,9.0,0,4.0
uepP017,2,1,9,SR,-30.0,10.0,2,4.682606736378167,1,5.69919451123212,103.8211114120492,117.20291265965949,6,1,-30.0,9.0,0,4.0
uepP017,2,1,10,SR,-30.0,5.0,2,4.425758600516581,1,3.6339671898999817,117.20291265965949,128.26263845007605,6,1,-30.0,9.0,0,4.0
