subjectId,runId,blockId,trialId,condition,leftAnswer,rightAnswer,choiceDuration,isiDuration,feedbackDuration,itiDuration,stimOnset,itiOffset,leftColor,rightColor,mu1,mu2,sd1,sd2
uepP004,1,2,1,SR,-4.0,15.0,2,2.718547474116479,1,6.050232010479893,128.152762142415,139.9215416270114,6,7,-4.0,11.0,0,4.0
uepP004,1,2,2,SR,-4.0,12.0,2,3.148019179910542,1,3.9923339621621037,139.9215416270114,150.06189476908403,6,7,-4.0,11.0,0,4.0
uepP004,1,2,3,SR,-4.0,10.0,2,2.1351915940298154,1,5.17982084410367,150.06189476908403,160.3769072072175,6,7,-4.0,11.0,0,4.0
uepP004,1,2,4,SR,-4.0,2.0,2,3.8578825524948535,1,4.353307219488797,160.3769072072175,171.58809697920114,6,7,-4.0,11.0,0,4.0
uepP004,1,2,5,SR,-4.0,8.0,2,2.4116488881425333,1,6.03585939160336,171.58809697920114,183.03560525894704,6,7,-4.0,11.0,0,4.0
uepP004,1,2,6,SR,-4.0,9.0,2,4.388107294794254,1,3.235023303561392,183.03560525894704,193.6587358573027,6,7,-4.0,11.0,0,4.0
uepP004,1,2,7,SR,-4.0,14.0,2,2.2107401734966503,1,3.198025165870586,193.6587358573027,202.06750119666992,6,7,-4.0,11.0,0,4.0
uepP004,1,2,8,SR,-4.0,13.0,2,3.102321888019588,1,6.109729247277815,202.06750119666992,214.27955233196732,6,7,-4.0,11.0,0,4.0
uepP004,1,2,9,SR,-4.0,11.0,2,3.608309865419714,1,5.944805517009444,214.27955233196732,226.8326677143965,6,7,-4.0,11.0,0,4.0
uepP004,1,2,10,SR,-4.0,8.0,2,4.575788876969481,1,3.5456024453368826,226.8326677143965,237.95405903670286,6,7,-4.0,11.0,0,4.0
