subjectId,runId,blockId,trialId,condition,leftAnswer,rightAnswer,choiceDuration,isiDuration,feedbackDuration,itiDuration,stimOnset,itiOffset,leftColor,rightColor,mu1,mu2,sd1,sd2
uepP059,2,4,1,SS,5.0,19.0,2,4.52609912719813,1,4.590674257312086,359.4156639053203,371.53243728983045,1,6,5.0,19.0,0,0
uepP059,2,4,2,SS,5.0,19.0,2,2.441823979631322,1,4.480612163348414,371.53243728983045,381.4548734328102,1,6,5.0,19.0,0,0
uepP059,2,4,3,SS,5.0,19.0,2,1.6980130494993892,1,5.664843850398881,381.4548734328102,391.81773033270844,1,6,5.0,19.0,0,0
uepP059,2,4,4,SS,5.0,19.0,2,2.3910285937903772,1,5.73685817118049,391.81773033270844,402.9456170976793,1,6,5.0,19.0,0,0
uepP059,2,4,5,SS,5.0,19.0,2,3.2774219497138675,1,3.841301497022393,402.9456170976793,413.0643405444156,1,6,5.0,19.0,0,0
uepP059,2,4,6,SS,5.0,19.0,2,4.211377959244945,1,3.9424278319090624,413.0643405444156,424.2181463355696,1,6,5.0,19.0,0,0
uepP059,2,4,7,SS,5.0,19.0,2,4.440423273584269,1,6.035102364914875,424.2181463355696,437.6936719740687,1,6,5.0,19.0,0,0
uepP059,2,4,8,SS,5.0,19.0,2,2.50617342755178,1,5.220749481325273,437.6936719740687,448.4205948829458,1,6,5.0,19.0,0,0
uepP059,2,4,9,SS,5.0,19.0,2,3.0420197174613843,1,6.178654733987114,448.4205948829458,460.6412693343943,1,6,5.0,19.0,0,0
uepP059,2,4,10,SS,5.0,19.0,2,4.70202214407609,1,5.656708521529602,460.6412693343943,473.99999999999994,1,6,5.0,19.0,0,0
