subjectId,runId,blockId,trialId,condition,leftAnswer,rightAnswer,choiceDuration,isiDuration,feedbackDuration,itiDuration,stimOnset,itiOffset,leftColor,rightColor,mu1,mu2,sd1,sd2
uepP041,4,4,1,RS,-15.0,2.0,2,4.197447302159307,1,4.6803720203505526,366.0173137347973,377.8951330573072,5,1,-8.0,2.0,4.0,0
uepP041,4,4,2,RS,-2.0,2.0,2,2.381399037549503,1,4.428962336370617,377.8951330573072,387.7054944312273,5,1,-8.0,2.0,4.0,0
uepP041,4,4,3,RS,-7.0,2.0,2,2.167641155606718,1,3.7885018646635413,387.7054944312273,396.66163745149754,5,1,-8.0,2.0,4.0,0
uepP041,4,4,4,RS,-10.0,2.0,2,4.111038429992226,1,5.948722715923002,396.66163745149754,409.72139859741276,5,1,-8.0,2.0,4.0,0
uepP041,4,4,5,RS,-5.0,2.0,2,4.3290958882141375,1,3.2359580558720626,409.72139859741276,420.28645254149893,5,1,-8.0,2.0,4.0,0
uepP041,4,4,6,RS,-13.0,2.0,2,4.658880076936943,1,3.2791416516316616,420.28645254149893,431.22447427006756,5,1,-8.0,2.0,4.0,0
uepP041,4,4,7,RS,-9.0,2.0,2,4.269194908973132,1,3.6077479585536207,431.22447427006756,442.1014171375943,5,1,-8.0,2.0,4.0,0
uepP041,4,4,8,RS,-5.0,2.0,2,3.5207640692797293,1,4.8266204798593035,442.1014171375943,453.4488016867333,5,1,-8.0,2.0,4.0,0
uepP041,4,4,9,RS,-13.0,2.0,2,4.310136729253527,1,5.3978864279410725,453.4488016867333,466.1568248439279,5,1,-8.0,2.0,4.0,0
uepP041,4,4,10,RS,-4.0,2.0,2,1.5696704147313627,1,3.2735047413407745,466.1568248439279,474.00000000000006,5,1,-8.0,2.0,4.0,0
