subjectId,runId,blockId,trialId,condition,leftAnswer,rightAnswer,choiceDuration,isiDuration,feedbackDuration,itiDuration,stimOnset,itiOffset,leftColor,rightColor,mu1,mu2,sd1,sd2
uepP048,8,2,1,RR,20.0,-4.0,2,3.968523764908324,1,3.8050127487308307,132.15252909403068,142.92606560766984,7,5,30.0,0.0,4.0,4.0
uepP048,8,2,2,RR,34.0,-4.0,2,4.529003832894045,1,6.115483613007513,142.92606560766984,156.5705530535714,7,5,30.0,0.0,4.0,4.0
uepP048,8,2,3,RR,33.0,2.0,2,1.8648697076336636,1,5.090863120527038,156.5705530535714,166.5262858817321,7,5,30.0,0.0,4.0,4.0
uepP048,8,2,4,RR,38.0,1.0,2,3.129939276937574,1,6.3234936079112005,166.5262858817321,178.97971876658085,7,5,30.0,0.0,4.0,4.0
uepP048,8,2,5,RR,36.0,-7.0,2,2.4482016180266295,1,3.8643953827115847,178.97971876658085,188.29231576731905,7,5,30.0,0.0,4.0,4.0
uepP048,8,2,6,RR,28.0,-2.0,2,3.944222949420479,1,4.936504019207003,188.29231576731905,200.17304273594655,7,5,30.0,0.0,4.0,4.0
uepP048,8,2,7,RR,32.0,-3.0,2,2.4010084191634213,1,4.414014557044141,200.17304273594655,209.9880657121541,7,5,30.0,0.0,4.0,4.0
uepP048,8,2,8,RR,31.0,1.0,2,3.217317062665417,1,6.130907142909884,209.9880657121541,222.3362899177294,7,5,30.0,0.0,4.0,4.0
uepP048,8,2,9,RR,32.0,6.0,2,2.530588274690527,1,3.5244742588170888,222.3362899177294,231.39135245123703,7,5,30.0,0.0,4.0,4.0
uepP048,8,2,10,RR,28.0,-8.0,2,4.10726000302169,1,5.251826955260288,231.39135245123703,243.750439409519,7,5,30.0,0.0,4.0,4.0
