subjectId,runId,blockId,trialId,condition,leftAnswer,rightAnswer,choiceDuration,isiDuration,feedbackDuration,itiDuration,stimOnset,itiOffset,leftColor,rightColor,mu1,mu2,sd1,sd2
uepP003,2,4,1,SS,-5.0,1.0,2,4.696681474911892,1,4.677832199128209,360.6977490088783,373.0722626829184,1,4,-5.0,1.0,0,0
uepP003,2,4,2,SS,-5.0,1.0,2,3.3767932586479317,1,4.3587778929534124,373.0722626829184,383.8078338345197,1,4,-5.0,1.0,0,0
uepP003,2,4,3,SS,-5.0,1.0,2,2.1030319095521763,1,5.618312233791599,383.8078338345197,394.52917797786347,1,4,-5.0,1.0,0,0
uepP003,2,4,4,SS,-5.0,1.0,2,4.72397414537962,1,5.083455468031159,394.52917797786347,407.33660759127423,1,4,-5.0,1.0,0,0
uepP003,2,4,5,SS,-5.0,1.0,2,2.320218776375132,1,5.980058317236075,407.33660759127423,418.63688468488544,1,4,-5.0,1.0,0,0
uepP003,2,4,6,SS,-5.0,1.0,2,2.5359412111508903,1,6.052968741503163,418.63688468488544,430.2257946375395,1,4,-5.0,1.0,0,0
uepP003,2,4,7,SS,-5.0,1.0,2,4.5123652028801935,1,3.5012267096781517,430.2257946375395,441.23938655009783,1,4,-5.0,1.0,0,0
uepP003,2,4,8,SS,-5.0,1.0,2,2.4844159835390247,1,5.105887328404787,441.23938655009783,451.8296898620416,1,4,-5.0,1.0,0,0
uepP003,2,4,9,SS,-5.0,1.0,2,4.52969831481451,1,5.613967585848075,451.8296898620416,464.97335576270416,1,4,-5.0,1.0,0,0
uepP003,2,4,10,SS,-5.0,1.0,2,2.1388485549229554,1,3.8877956823728166,464.97335576270416,473.99999999999994,1,4,-5.0,1.0,0,0
