subjectId,runId,blockId,trialId,condition,leftAnswer,rightAnswer,choiceDuration,isiDuration,feedbackDuration,itiDuration,stimOnset,itiOffset,leftColor,rightColor,mu1,mu2,sd1,sd2
uepP056,2,2,1,RS,4.0,-6.0,2,2.03034143227682,1,4.392899825926911,134.48373717838862,143.90697843659237,4,2,2.0,-6.0,4.0,0
uepP056,2,2,2,RS,8.0,-6.0,2,3.585489082881954,1,3.6583416513607347,143.90697843659237,154.15080917083506,4,2,2.0,-6.0,4.0,0
uepP056,2,2,3,RS,4.0,-6.0,2,4.7127330370128515,1,4.497901152752922,154.15080917083506,166.36144336060082,4,2,2.0,-6.0,4.0,0
uepP056,2,2,4,RS,-2.0,-6.0,2,3.1220444819180737,1,3.7234889630094217,166.36144336060082,176.2069768055283,4,2,2.0,-6.0,4.0,0
uepP056,2,2,5,RS,8.0,-6.0,2,2.195829199872817,1,5.818124083798837,176.2069768055283,187.22093008919995,4,2,2.0,-6.0,4.0,0
uepP056,2,2,6,RS,2.0,-6.0,2,2.7302197836602655,1,5.624156097314301,187.22093008919995,198.57530597017453,4,2,2.0,-6.0,4.0,0
uepP056,2,2,7,RS,-4.0,-6.0,2,2.625130301694679,1,6.427133017311778,198.57530597017453,210.62756928918097,4,2,2.0,-6.0,4.0,0
uepP056,2,2,8,RS,2.0,-6.0,2,2.937584980813531,1,4.6286054852018985,210.62756928918097,221.1937597551964,4,2,2.0,-6.0,4.0,0
uepP056,2,2,9,RS,8.0,-6.0,2,4.8463647720112215,1,5.7873362933370505,221.1937597551964,234.82746082054467,4,2,2.0,-6.0,4.0,0
uepP056,2,2,10,RS,4.0,-6.0,2,4.112764781780657,1,4.088638349729852,234.82746082054467,246.0288639520552,4,2,2.0,-6.0,4.0,0
