subjectId,runId,blockId,trialId,condition,leftAnswer,rightAnswer,choiceDuration,isiDuration,feedbackDuration,itiDuration,stimOnset,itiOffset,leftColor,rightColor,mu1,mu2,sd1,sd2
uepP006,4,2,1,SS,-2.0,-12.0,2,1.7168293437287954,1,5.3198306511540725,135.85992146350446,145.89658145838732,7,2,-2.0,-12.0,0,0
uepP006,4,2,2,SS,-2.0,-12.0,2,3.2181585331677858,1,5.47766774953224,145.89658145838732,157.59240774108733,7,2,-2.0,-12.0,0,0
uepP006,4,2,3,SS,-2.0,-12.0,2,3.7509764826675154,1,5.090511697830672,157.59240774108733,169.4338959215855,7,2,-2.0,-12.0,0,0
uepP006,4,2,4,SS,-2.0,-12.0,2,2.1092170239762407,1,5.739256233058927,169.4338959215855,180.28236917862068,7,2,-2.0,-12.0,0,0
uepP006,4,2,5,SS,-2.0,-12.0,2,4.084131177950736,1,4.692902903870809,180.28236917862068,192.05940326044222,7,2,-2.0,-12.0,0,0
uepP006,4,2,6,SS,-2.0,-12.0,2,3.305592239803549,1,5.118227852197076,192.05940326044222,203.48322335244285,7,2,-2.0,-12.0,0,0
uepP006,4,2,7,SS,-2.0,-12.0,2,4.179323488639634,1,5.702420667226006,203.48322335244285,216.36496750830847,7,2,-2.0,-12.0,0,0
uepP006,4,2,8,SS,-2.0,-12.0,2,3.109731490164811,1,4.719264664849826,216.36496750830847,227.1939636633231,7,2,-2.0,-12.0,0,0
uepP006,4,2,9,SS,-2.0,-12.0,2,3.5786153959367515,1,3.17293849592067,227.1939636633231,236.94551755518054,7,2,-2.0,-12.0,0,0
uepP006,4,2,10,SS,-2.0,-12.0,2,4.4295394166890825,1,5.7014480796501985,236.94551755518054,250.07650505151983,7,2,-2.0,-12.0,0,0
