subjectId,runId,blockId,trialId,condition,leftAnswer,rightAnswer,choiceDuration,isiDuration,feedbackDuration,itiDuration,stimOnset,itiOffset,leftColor,rightColor,mu1,mu2,sd1,sd2
uepP042,3,1,1,SS,-7.0,-7.0,2,2.1511034325138767,1,4.267093524989807,16,25.418196957503685,6,1,-7.0,-7.0,0,0
uepP042,3,1,2,SS,-7.0,-7.0,2,2.975753846487556,1,5.734499316126288,25.418196957503685,37.12845012011753,6,1,-7.0,-7.0,0,0
uepP042,3,1,3,SS,-7.0,-7.0,2,2.3588464300164955,1,5.419870807743342,37.12845012011753,47.90716735787737,6,1,-7.0,-7.0,0,0
uepP042,3,1,4,SS,-7.0,-7.0,2,3.6752605835918177,1,4.995843381270455,47.90716735787737,59.57827132273964,6,1,-7.0,-7.0,0,0
uepP042,3,1,5,SS,-7.0,-7.0,2,2.812019321361057,1,3.571439219949221,59.57827132273964,68.96172986404993,6,1,-7.0,-7.0,0,0
uepP042,3,1,6,SS,-7.0,-7.0,2,1.7717931775708484,1,4.192746598559016,68.96172986404993,77.92626964017978,6,1,-7.0,-7.0,0,0
uepP042,3,1,7,SS,-7.0,-7.0,2,3.424433042157484,1,3.6894211152797767,77.92626964017978,88.04012379761704,6,1,-7.0,-7.0,0,0
uepP042,3,1,8,SS,-7.0,-7.0,2,4.23923134868325,1,5.149312223701606,88.04012379761704,100.42866737000189,6,1,-7.0,-7.0,0,0
uepP042,3,1,9,SS,-7.0,-7.0,2,2.542348252866926,1,5.912626509145072,100.42866737000189,111.88364213201389,6,1,-7.0,-7.0,0,0
uepP042,3,1,10,SS,-7.0,-7.0,2,3.5112186577365816,1,4.354257240400375,111.88364213201389,122.74911803015084,6,1,-7.0,-7.0,0,0
