subjectId,runId,blockId,trialId,condition,leftAnswer,rightAnswer,choiceDuration,isiDuration,feedbackDuration,itiDuration,stimOnset,itiOffset,leftColor,rightColor,mu1,mu2,sd1,sd2
uepP056,7,2,1,RR,2.0,11.0,2,2.856481621211024,1,5.502710325910899,132.08575923107333,143.44495117819525,7,3,2.0,13.0,4.0,4.0
uepP056,7,2,2,RR,-3.0,10.0,2,4.2275785429720845,1,5.73052898841133,143.44495117819525,156.40305870957866,7,3,2.0,13.0,4.0,4.0
uepP056,7,2,3,RR,2.0,9.0,2,2.68053254982399,1,4.21362555396025,156.40305870957866,166.2972168133629,7,3,2.0,13.0,4.0,4.0
uepP056,7,2,4,RR,3.0,9.0,2,3.6120262321132697,1,4.6957395288207096,166.2972168133629,177.60498257429686,7,3,2.0,13.0,4.0,4.0
uepP056,7,2,5,RR,8.0,15.0,2,2.2560747805451813,1,5.220488628517311,177.60498257429686,188.08154598335935,7,3,2.0,13.0,4.0,4.0
uepP056,7,2,6,RR,-0.0,11.0,2,2.1013626189525305,1,4.028891777307657,188.08154598335935,197.21180037961952,7,3,2.0,13.0,4.0,4.0
uepP056,7,2,7,RR,-1.0,15.0,2,4.663747386341585,1,4.090046627027877,197.21180037961952,208.96559439298898,7,3,2.0,13.0,4.0,4.0
uepP056,7,2,8,RR,7.0,11.0,2,3.3418377159002244,1,4.105467222617157,208.96559439298898,219.41289933150637,7,3,2.0,13.0,4.0,4.0
uepP056,7,2,9,RR,3.0,13.0,2,3.540145633657641,1,4.408984940861797,219.41289933150637,230.36202990602578,7,3,2.0,13.0,4.0,4.0
uepP056,7,2,10,RR,-2.0,16.0,2,2.5786412907802614,1,3.50303474332145,230.36202990602578,239.4437059401275,7,3,2.0,13.0,4.0,4.0
