subjectId,runId,blockId,trialId,condition,leftAnswer,rightAnswer,choiceDuration,isiDuration,feedbackDuration,itiDuration,stimOnset,itiOffset,leftColor,rightColor,mu1,mu2,sd1,sd2
uepP029,1,3,1,SR,10.0,3.0,2,1.8299781462265439,1,4.544021715445669,255.39392364501444,264.76792350668666,3,7,10.0,9.0,0,4.0
uepP029,1,3,2,SR,10.0,9.0,2,2.0317396898558933,1,5.733748729404934,264.76792350668666,275.53341192594746,3,7,10.0,9.0,0,4.0
uepP029,1,3,3,SR,10.0,9.0,2,1.8800776762880174,1,3.848810788766146,275.53341192594746,284.26230039100165,3,7,10.0,9.0,0,4.0
uepP029,1,3,4,SR,10.0,8.0,2,3.5186832388002336,1,4.901788644412364,284.26230039100165,295.68277227421424,3,7,10.0,9.0,0,4.0
uepP029,1,3,5,SR,10.0,9.0,2,2.8237126442253397,1,3.791923427989623,295.68277227421424,305.2984083464292,3,7,10.0,9.0,0,4.0
uepP029,1,3,6,SR,10.0,14.0,2,2.2398922634424294,1,3.427223724900361,305.2984083464292,313.965524334772,3,7,10.0,9.0,0,4.0
uepP029,1,3,7,SR,10.0,10.0,2,4.003122484972945,1,4.8540995966497915,313.965524334772,325.82274641639475,3,7,10.0,9.0,0,4.0
uepP029,1,3,8,SR,10.0,14.0,2,4.545805365612497,1,6.1718766078366505,325.82274641639475,339.5404283898439,3,7,10.0,9.0,0,4.0
uepP029,1,3,9,SR,10.0,9.0,2,4.172756244872655,1,4.414915165797649,339.5404283898439,351.1280998005142,3,7,10.0,9.0,0,4.0
uepP029,1,3,10,SR,10.0,6.0,2,2.738840352241045,1,4.6075976735983,351.1280998005142,361.4745378263535,3,7,10.0,9.0,0,4.0
