subjectId,runId,blockId,trialId,condition,leftAnswer,rightAnswer,choiceDuration,isiDuration,feedbackDuration,itiDuration,stimOnset,itiOffset,leftColor,rightColor,mu1,mu2,sd1,sd2
uepP012,4,1,1,SR,-2.0,-15.0,2,3.5321943393647146,1,4.091356556209549,16,26.62355089557426,6,0,-2.0,-3.0,0,4.0
uepP012,4,1,2,SR,-2.0,1.0,2,4.169010217466121,1,3.5957350757269686,26.62355089557426,37.388296188767356,6,0,-2.0,-3.0,0,4.0
uepP012,4,1,3,SR,-2.0,-11.0,2,4.441280931125201,1,3.738390508656323,37.388296188767356,48.56796762854888,6,0,-2.0,-3.0,0,4.0
uepP012,4,1,4,SR,-2.0,-10.0,2,4.503595233816155,1,3.720693306518949,48.56796762854888,59.79225616888398,6,0,-2.0,-3.0,0,4.0
uepP012,4,1,5,SR,-2.0,-9.0,2,3.9318259365349415,1,3.692555370323451,59.79225616888398,70.41663747574236,6,0,-2.0,-3.0,0,4.0
uepP012,4,1,6,SR,-2.0,0.0,2,1.9885963340819288,1,3.503878846834866,70.41663747574236,78.90911265665916,6,0,-2.0,-3.0,0,4.0
uepP012,4,1,7,SR,-2.0,-1.0,2,2.246959197093949,1,6.299673240566849,78.90911265665916,90.45574509431995,6,0,-2.0,-3.0,0,4.0
uepP012,4,1,8,SR,-2.0,-4.0,2,3.6509657212176134,1,5.604542022632015,90.45574509431995,102.71125283816959,6,0,-2.0,-3.0,0,4.0
uepP012,4,1,9,SR,-2.0,-7.0,2,2.292821475870396,1,3.7029564438916194,102.71125283816959,111.7070307579316,6,0,-2.0,-3.0,0,4.0
uepP012,4,1,10,SR,-2.0,0.0,2,1.8246362046457962,1,3.534881210897549,111.7070307579316,120.06654817347496,6,0,-2.0,-3.0,0,4.0
