subjectId,runId,blockId,trialId,condition,leftAnswer,rightAnswer,choiceDuration,isiDuration,feedbackDuration,itiDuration,stimOnset,itiOffset,leftColor,rightColor,mu1,mu2,sd1,sd2
uepP049,5,3,1,SS,-12.0,-13.0,2,3.0242912701687663,1,4.413317428603931,242.24117977633506,252.67878847510775,5,0,-12.0,-13.0,0,0
uepP049,5,3,2,SS,-12.0,-13.0,2,1.711102693357013,1,3.4268197746071594,252.67878847510775,260.81671094307194,5,0,-12.0,-13.0,0,0
uepP049,5,3,3,SS,-12.0,-13.0,2,3.660514303730424,1,4.8069439519121815,260.81671094307194,272.28416919871455,5,0,-12.0,-13.0,0,0
uepP049,5,3,4,SS,-12.0,-13.0,2,2.400490988484154,1,6.038343459606746,272.28416919871455,283.7230036468054,5,0,-12.0,-13.0,0,0
uepP049,5,3,5,SS,-12.0,-13.0,2,4.894522717753048,1,4.4363008425777934,283.7230036468054,296.05382720713624,5,0,-12.0,-13.0,0,0
uepP049,5,3,6,SS,-12.0,-13.0,2,3.7518767454977975,1,4.620143716758831,296.05382720713624,307.42584766939285,5,0,-12.0,-13.0,0,0
uepP049,5,3,7,SS,-12.0,-13.0,2,1.9552834819525335,1,4.275351417559238,307.42584766939285,316.6564825689046,5,0,-12.0,-13.0,0,0
uepP049,5,3,8,SS,-12.0,-13.0,2,2.8385478889886584,1,5.656903960364795,316.6564825689046,328.15193441825807,5,0,-12.0,-13.0,0,0
uepP049,5,3,9,SS,-12.0,-13.0,2,4.723230828361964,1,6.08276913240815,328.15193441825807,341.9579343790282,5,0,-12.0,-13.0,0,0
uepP049,5,3,10,SS,-12.0,-13.0,2,4.418399478362675,1,6.508444180236663,341.9579343790282,355.88477803762754,5,0,-12.0,-13.0,0,0
