subjectId,runId,blockId,trialId,condition,leftAnswer,rightAnswer,choiceDuration,isiDuration,feedbackDuration,itiDuration,stimOnset,itiOffset,leftColor,rightColor,mu1,mu2,sd1,sd2
uepP042,6,1,1,SS,-9.0,23.0,2,3.815144208586594,1,4.531054177235188,16,27.346198385821783,7,0,-9.0,23.0,0,0
uepP042,6,1,2,SS,-9.0,23.0,2,3.7450263648373627,1,3.411326890525849,27.346198385821783,37.50255164118499,7,0,-9.0,23.0,0,0
uepP042,6,1,3,SS,-9.0,23.0,2,2.148723464236213,1,5.895032459099553,37.50255164118499,48.54630756452076,7,0,-9.0,23.0,0,0
uepP042,6,1,4,SS,-9.0,23.0,2,2.8425706450058295,1,4.171227290321464,48.54630756452076,58.56010549984805,7,0,-9.0,23.0,0,0
uepP042,6,1,5,SS,-9.0,23.0,2,3.0040593442039865,1,4.711853010481699,58.56010549984805,69.27601785453375,7,0,-9.0,23.0,0,0
uepP042,6,1,6,SS,-9.0,23.0,2,3.580172465235452,1,4.620742201421422,69.27601785453375,80.47693252119062,7,0,-9.0,23.0,0,0
uepP042,6,1,7,SS,-9.0,23.0,2,1.9547167764753712,1,3.6384063490716017,80.47693252119062,89.07005564673759,7,0,-9.0,23.0,0,0
uepP042,6,1,8,SS,-9.0,23.0,2,1.6901971733803658,1,5.900382135565821,89.07005564673759,99.66063495568378,7,0,-9.0,23.0,0,0
uepP042,6,1,9,SS,-9.0,23.0,2,2.1548074358691305,1,3.958562893236036,99.66063495568378,108.77400528478894,7,0,-9.0,23.0,0,0
uepP042,6,1,10,SS,-9.0,23.0,2,3.146582595716814,1,4.827451117899822,108.77400528478894,119.74803899840558,7,0,-9.0,23.0,0,0
