subjectId,runId,blockId,trialId,condition,leftAnswer,rightAnswer,choiceDuration,isiDuration,feedbackDuration,itiDuration,stimOnset,itiOffset,leftColor,rightColor,mu1,mu2,sd1,sd2
uepP049,5,2,1,RS,4.0,-18.0,2,2.155450889838286,1,3.930036769257219,128.15474948886174,137.24023714795723,4,3,8.0,-18.0,4.0,0
uepP049,5,2,2,RS,11.0,-18.0,2,2.1995240817944617,1,6.1779661630823925,137.24023714795723,148.6177273928341,4,3,8.0,-18.0,4.0,0
uepP049,5,2,3,RS,6.0,-18.0,2,4.265281812909083,1,4.2284179900843615,148.6177273928341,160.11142719582753,4,3,8.0,-18.0,4.0,0
uepP049,5,2,4,RS,14.0,-18.0,2,3.5306574984292087,1,5.719037982129633,160.11142719582753,172.36112267638637,4,3,8.0,-18.0,4.0,0
uepP049,5,2,5,RS,8.0,-18.0,2,2.0699975260911327,1,3.9687346426237693,172.36112267638637,181.39985484510126,4,3,8.0,-18.0,4.0,0
uepP049,5,2,6,RS,9.0,-18.0,2,4.326316336003733,1,4.571929258805322,181.39985484510126,193.2981004399103,4,3,8.0,-18.0,4.0,0
uepP049,5,2,7,RS,4.0,-18.0,2,3.3745170933636417,1,4.908961744994329,193.2981004399103,204.5815792782683,4,3,8.0,-18.0,4.0,0
uepP049,5,2,8,RS,-0.0,-18.0,2,3.487896360556486,1,3.7084068027161416,204.5815792782683,214.77788244154092,4,3,8.0,-18.0,4.0,0
uepP049,5,2,9,RS,6.0,-18.0,2,2.176328744255669,1,4.258599568204166,214.77788244154092,224.21281075400077,4,3,8.0,-18.0,4.0,0
uepP049,5,2,10,RS,8.0,-18.0,2,2.7359109532447343,1,6.292458069089534,224.21281075400077,236.24117977633506,4,3,8.0,-18.0,4.0,0
