subjectId,runId,blockId,trialId,condition,leftAnswer,rightAnswer,choiceDuration,isiDuration,feedbackDuration,itiDuration,stimOnset,itiOffset,leftColor,rightColor,mu1,mu2,sd1,sd2
uepP012,1,3,1,RR,-12.0,12.0,2,4.144324907739321,1,5.357124280510916,253.98282344915737,266.48427263740757,2,5,-11.0,12.0,4.0,4.0
uepP012,1,3,2,RR,-14.0,14.0,2,2.8863967874035374,1,4.5009993350609605,266.48427263740757,276.8716687598721,2,5,-11.0,12.0,4.0,4.0
uepP012,1,3,3,RR,-15.0,13.0,2,4.662642811312167,1,3.309362011764037,276.8716687598721,287.84367358294827,2,5,-11.0,12.0,4.0,4.0
uepP012,1,3,4,RR,-13.0,20.0,2,4.737203561759441,1,4.522446649635285,287.84367358294827,300.103323794343,2,5,-11.0,12.0,4.0,4.0
uepP012,1,3,5,RR,-13.0,12.0,2,1.8402130063368696,1,4.646138931806699,300.103323794343,309.58967573248657,2,5,-11.0,12.0,4.0,4.0
uepP012,1,3,6,RR,-23.0,10.0,2,1.6562913172878344,1,5.221202037422604,309.58967573248657,319.46716908719696,2,5,-11.0,12.0,4.0,4.0
uepP012,1,3,7,RR,-4.0,16.0,2,1.9832445627970134,1,6.107546680695346,319.46716908719696,330.55796033068935,2,5,-11.0,12.0,4.0,4.0
uepP012,1,3,8,RR,-10.0,5.0,2,3.235098012263936,1,3.2977127899958973,330.55796033068935,340.0907711329492,2,5,-11.0,12.0,4.0,4.0
uepP012,1,3,9,RR,-9.0,16.0,2,3.430252126176452,1,5.850769412037957,340.0907711329492,352.37179267116363,2,5,-11.0,12.0,4.0,4.0
uepP012,1,3,10,RR,-17.0,19.0,2,3.9256244041588233,1,4.505980194647444,352.37179267116363,363.80339726996993,2,5,-11.0,12.0,4.0,4.0
