subjectId,runId,blockId,trialId,condition,leftAnswer,rightAnswer,choiceDuration,isiDuration,feedbackDuration,itiDuration,stimOnset,itiOffset,leftColor,rightColor,mu1,mu2,sd1,sd2
uepP050,7,4,1,SR,17.0,-3.0,2,2.580504450264458,1,3.2175547484362084,361.4430212666156,370.24108046531626,4,5,17.0,8.0,0,4.0
uepP050,7,4,2,SR,17.0,10.0,2,2.197460419601499,1,5.918308256559089,370.24108046531626,381.35684914147686,4,5,17.0,8.0,0,4.0
uepP050,7,4,3,SR,17.0,5.0,2,1.6372005438319537,1,4.333616641904974,381.35684914147686,390.3276663272138,4,5,17.0,8.0,0,4.0
uepP050,7,4,4,SR,17.0,9.0,2,4.03840936991972,1,6.2930201647792625,390.3276663272138,403.6590958619128,4,5,17.0,8.0,0,4.0
uepP050,7,4,5,SR,17.0,4.0,2,3.415049200775597,1,6.02760607704781,403.6590958619128,416.1017511397362,4,5,17.0,8.0,0,4.0
uepP050,7,4,6,SR,17.0,7.0,2,2.0776223352677747,1,3.229910133463289,416.1017511397362,424.4092836084673,4,5,17.0,8.0,0,4.0
uepP050,7,4,7,SR,17.0,2.0,2,4.220125563913064,1,5.961729823013479,424.4092836084673,437.59113899539386,4,5,17.0,8.0,0,4.0
uepP050,7,4,8,SR,17.0,6.0,2,2.548935777680602,1,6.094574721343641,437.59113899539386,449.2346494944181,4,5,17.0,8.0,0,4.0
uepP050,7,4,9,SR,17.0,7.0,2,3.036594122320047,1,5.953849203154752,449.2346494944181,461.22509281989284,4,5,17.0,8.0,0,4.0
uepP050,7,4,10,SR,17.0,3.0,2,4.4365575630372485,1,5.338349617069977,461.22509281989284,474.00000000000006,4,5,17.0,8.0,0,4.0
