subjectId,runId,blockId,trialId,condition,leftAnswer,rightAnswer,choiceDuration,isiDuration,feedbackDuration,itiDuration,stimOnset,itiOffset,leftColor,rightColor,mu1,mu2,sd1,sd2
uepP059,3,1,1,SS,14.0,-15.0,2,2.900770072144568,1,6.113639431824071,16,28.014409503968636,2,0,14.0,-15.0,0,0
uepP059,3,1,2,SS,14.0,-15.0,2,4.06060747060902,1,4.345574853889661,28.014409503968636,39.420591828467316,2,0,14.0,-15.0,0,0
uepP059,3,1,3,SS,14.0,-15.0,2,4.351938001326104,1,6.3362673300996235,39.420591828467316,53.108797159893044,2,0,14.0,-15.0,0,0
uepP059,3,1,4,SS,14.0,-15.0,2,3.5482847968834026,1,3.445352548138056,53.108797159893044,63.1024345049145,2,0,14.0,-15.0,0,0
uepP059,3,1,5,SS,14.0,-15.0,2,2.3776268140535146,1,5.252123827648234,63.1024345049145,73.73218514661625,2,0,14.0,-15.0,0,0
uepP059,3,1,6,SS,14.0,-15.0,2,3.1806488678573572,1,6.016785012838574,73.73218514661625,85.92961902731217,2,0,14.0,-15.0,0,0
uepP059,3,1,7,SS,14.0,-15.0,2,4.456470933413222,1,3.8379007156620673,85.92961902731217,97.22399067638747,2,0,14.0,-15.0,0,0
uepP059,3,1,8,SS,14.0,-15.0,2,3.5791439099793942,1,4.870746994014368,97.22399067638747,108.67388158038123,2,0,14.0,-15.0,0,0
uepP059,3,1,9,SS,14.0,-15.0,2,3.193042744883167,1,3.4900005804788834,108.67388158038123,118.35692490574328,2,0,14.0,-15.0,0,0
uepP059,3,1,10,SS,14.0,-15.0,2,3.442997313443782,1,4.420302561231509,118.35692490574328,129.22022478041856,2,0,14.0,-15.0,0,0
