subjectId,runId,blockId,trialId,condition,leftAnswer,rightAnswer,choiceDuration,isiDuration,feedbackDuration,itiDuration,stimOnset,itiOffset,leftColor,rightColor,mu1,mu2,sd1,sd2
uepP019,3,1,1,SS,34.0,-0.0,2,4.658636157326807,1,3.6512075904560195,16,27.30984374778283,7,3,34.0,-0.0,0,0
uepP019,3,1,2,SS,34.0,-0.0,2,3.904306221559404,1,4.704520429527961,27.30984374778283,38.91867039887019,7,3,34.0,-0.0,0,0
uepP019,3,1,3,SS,34.0,-0.0,2,2.079643196737445,1,4.981126605104807,38.91867039887019,48.97944020071244,7,3,34.0,-0.0,0,0
uepP019,3,1,4,SS,34.0,-0.0,2,1.5807479546553391,1,3.623077230701382,48.97944020071244,57.18326538606916,7,3,34.0,-0.0,0,0
uepP019,3,1,5,SS,34.0,-0.0,2,1.6405314771561095,1,5.90158390299919,57.18326538606916,67.72538076622446,7,3,34.0,-0.0,0,0
uepP019,3,1,6,SS,34.0,-0.0,2,2.5969170182154593,1,3.249946361833376,67.72538076622446,76.5722441462733,7,3,34.0,-0.0,0,0
uepP019,3,1,7,SS,34.0,-0.0,2,3.306758890217499,1,4.032442729403506,76.5722441462733,86.91144576589431,7,3,34.0,-0.0,0,0
uepP019,3,1,8,SS,34.0,-0.0,2,2.742868079856324,1,4.826542556548309,86.91144576589431,97.48085640229894,7,3,34.0,-0.0,0,0
uepP019,3,1,9,SS,34.0,-0.0,2,3.270490518067815,1,4.982858788923406,97.48085640229894,108.73420570929017,7,3,34.0,-0.0,0,0
uepP019,3,1,10,SS,34.0,-0.0,2,3.0512062244135323,1,4.4803302222138885,108.73420570929017,119.2657421559176,7,3,34.0,-0.0,0,0
