subjectId,runId,blockId,trialId,condition,leftAnswer,rightAnswer,choiceDuration,isiDuration,feedbackDuration,itiDuration,stimOnset,itiOffset,leftColor,rightColor,mu1,mu2,sd1,sd2
uepP045,6,2,1,SR,-8.0,-4.0,2,2.0147638982116725,1,6.107122792067958,127.6741987261282,138.79608541640783,7,1,-8.0,-3.0,0,4.0
uepP045,6,2,2,SR,-8.0,-1.0,2,2.599181215341813,1,3.9128408749798016,138.79608541640783,148.30810750672944,7,1,-8.0,-3.0,0,4.0
uepP045,6,2,3,SR,-8.0,-2.0,2,1.8843052657352561,1,5.6696936274476215,148.30810750672944,158.86210639991234,7,1,-8.0,-3.0,0,4.0
uepP045,6,2,4,SR,-8.0,-9.0,2,1.6654162113087532,1,5.924562883235201,158.86210639991234,169.4520854944563,7,1,-8.0,-3.0,0,4.0
uepP045,6,2,5,SR,-8.0,1.0,2,3.767777310649747,1,3.2910765208505883,169.4520854944563,179.51093932595663,7,1,-8.0,-3.0,0,4.0
uepP045,6,2,6,SR,-8.0,-4.0,2,4.8586876612669005,1,5.237844735932361,179.51093932595663,192.6074717231559,7,1,-8.0,-3.0,0,4.0
uepP045,6,2,7,SR,-8.0,-2.0,2,3.481490706946157,1,4.231342986862983,192.6074717231559,203.32030541696503,7,1,-8.0,-3.0,0,4.0
uepP045,6,2,8,SR,-8.0,-3.0,2,4.0768009166004076,1,5.066166829703805,203.32030541696503,215.46327316326924,7,1,-8.0,-3.0,0,4.0
uepP045,6,2,9,SR,-8.0,-3.0,2,2.3706150570104514,1,5.395735623386881,215.46327316326924,226.22962384366656,7,1,-8.0,-3.0,0,4.0
uepP045,6,2,10,SR,-8.0,-5.0,2,3.468080778254375,1,4.5116982602351845,226.22962384366656,237.20940288215613,7,1,-8.0,-3.0,0,4.0
