subjectId,runId,blockId,trialId,condition,leftAnswer,rightAnswer,choiceDuration,isiDuration,feedbackDuration,itiDuration,stimOnset,itiOffset,leftColor,rightColor,mu1,mu2,sd1,sd2
uepP012,7,1,1,RS,12.0,2.0,2,2.5281081659077267,1,6.161610849600368,16,27.689719015508096,2,4,6.0,2.0,4.0,0
uepP012,7,1,2,RS,12.0,2.0,2,2.6113844676807174,1,6.171688299576848,27.689719015508096,39.47279178276566,2,4,6.0,2.0,4.0,0
uepP012,7,1,3,RS,3.0,2.0,2,2.51106056041887,1,4.676850893772248,39.47279178276566,49.66070323695678,2,4,6.0,2.0,4.0,0
uepP012,7,1,4,RS,-1.0,2.0,2,2.7989201801975376,1,5.970268914750826,49.66070323695678,61.429892331905144,2,4,6.0,2.0,4.0,0
uepP012,7,1,5,RS,6.0,2.0,2,1.9815179027185188,1,3.7580337777939183,61.429892331905144,70.16944401241757,2,4,6.0,2.0,4.0,0
uepP012,7,1,6,RS,2.0,2.0,2,2.0867156518210668,1,4.345489078691274,70.16944401241757,79.60164874292991,2,4,6.0,2.0,4.0,0
uepP012,7,1,7,RS,4.0,2.0,2,2.3329800081759733,1,3.1646282272276167,79.60164874292991,88.0992569783335,2,4,6.0,2.0,4.0,0
uepP012,7,1,8,RS,2.0,2.0,2,3.958557785870572,1,5.383426531040498,88.0992569783335,100.44124129524457,2,4,6.0,2.0,4.0,0
uepP012,7,1,9,RS,7.0,2.0,2,2.9881392994686236,1,5.710776075039842,100.44124129524457,112.14015666975304,2,4,6.0,2.0,4.0,0
uepP012,7,1,10,RS,16.0,2.0,2,2.6980621432985936,1,6.035090073907662,112.14015666975304,123.87330888695931,2,4,6.0,2.0,4.0,0
