subjectId,runId,blockId,trialId,condition,leftAnswer,rightAnswer,choiceDuration,isiDuration,feedbackDuration,itiDuration,stimOnset,itiOffset,leftColor,rightColor,mu1,mu2,sd1,sd2
uepP053,6,1,1,RS,3.0,-13.0,2,4.0650362951323915,1,5.61500398895132,16,28.68004028408371,4,2,5.0,-13.0,4.0,0
uepP053,6,1,2,RS,4.0,-13.0,2,3.30873976789321,1,3.6693370223657555,28.68004028408371,38.65811707434267,4,2,5.0,-13.0,4.0,0
uepP053,6,1,3,RS,5.0,-13.0,2,2.2144967339184274,1,6.1347425684294015,38.65811707434267,50.0073563766905,4,2,5.0,-13.0,4.0,0
uepP053,6,1,4,RS,-2.0,-13.0,2,4.3611061828255115,1,5.724826021030329,50.0073563766905,63.09328858054634,4,2,5.0,-13.0,4.0,0
uepP053,6,1,5,RS,12.0,-13.0,2,4.42507903528393,1,5.827664588358638,63.09328858054634,76.34603220418892,4,2,5.0,-13.0,4.0,0
uepP053,6,1,6,RS,1.0,-13.0,2,2.925011436824013,1,3.7650672849921305,76.34603220418892,86.03611092600505,4,2,5.0,-13.0,4.0,0
uepP053,6,1,7,RS,3.0,-13.0,2,3.8011056690461507,1,4.052119100015412,86.03611092600505,96.88933569506662,4,2,5.0,-13.0,4.0,0
uepP053,6,1,8,RS,3.0,-13.0,2,3.0212821246517994,1,3.1664933739982484,96.88933569506662,106.07711119371668,4,2,5.0,-13.0,4.0,0
uepP053,6,1,9,RS,6.0,-13.0,2,2.289350925629486,1,4.9653999302546294,106.07711119371668,116.3318620496008,4,2,5.0,-13.0,4.0,0
uepP053,6,1,10,RS,11.0,-13.0,2,3.793346772371297,1,5.425750105799748,116.3318620496008,128.55095892777183,4,2,5.0,-13.0,4.0,0
