subjectId,runId,blockId,trialId,condition,leftAnswer,rightAnswer,choiceDuration,isiDuration,feedbackDuration,itiDuration,stimOnset,itiOffset,leftColor,rightColor,mu1,mu2,sd1,sd2
uepP042,3,4,1,RS,-7.0,-3.0,2,3.3593740309730356,1,4.45719802257674,365.4073964396916,376.22396849324133,4,2,-7.0,-3.0,4.0,0
uepP042,3,4,2,RS,-11.0,-3.0,2,3.0326537414956185,1,5.472503373411843,376.22396849324133,387.72912560814876,4,2,-7.0,-3.0,4.0,0
uepP042,3,4,3,RS,-8.0,-3.0,2,3.255143724411324,1,4.658680156883929,387.72912560814876,398.642949489444,4,2,-7.0,-3.0,4.0,0
uepP042,3,4,4,RS,-13.0,-3.0,2,3.4048569783323392,1,4.788223692523956,398.642949489444,409.8360301603003,4,2,-7.0,-3.0,4.0,0
uepP042,3,4,5,RS,-14.0,-3.0,2,3.659331432729336,1,5.33891282297681,409.8360301603003,421.83427441600645,4,2,-7.0,-3.0,4.0,0
uepP042,3,4,6,RS,-6.0,-3.0,2,3.0561660018237986,1,4.916892512239164,421.83427441600645,432.8073329300694,4,2,-7.0,-3.0,4.0,0
uepP042,3,4,7,RS,-9.0,-3.0,2,2.1931466929708794,1,4.5347763840132576,432.8073329300694,442.5352560070535,4,2,-7.0,-3.0,4.0,0
uepP042,3,4,8,RS,-10.0,-3.0,2,4.219718620674393,1,5.374127746569812,442.5352560070535,455.12910237429764,4,2,-7.0,-3.0,4.0,0
uepP042,3,4,9,RS,-6.0,-3.0,2,2.4609293994835815,1,3.8818327137801263,455.12910237429764,464.47186448756133,4,2,-7.0,-3.0,4.0,0
uepP042,3,4,10,RS,-10.0,-3.0,2,3.1970345743722453,1,3.3311009380661627,464.47186448756133,473.9999999999998,4,2,-7.0,-3.0,4.0,0
