subjectId,runId,blockId,trialId,condition,leftAnswer,rightAnswer,choiceDuration,isiDuration,feedbackDuration,itiDuration,stimOnset,itiOffset,leftColor,rightColor,mu1,mu2,sd1,sd2
uepP050,4,1,1,SS,-18.0,-14.0,2,2.99262056922213,1,3.7236185212958444,16,25.716239090517973,7,2,-18.0,-14.0,0,0
uepP050,4,1,2,SS,-18.0,-14.0,2,3.2703973845727083,1,5.042273407861809,25.716239090517973,37.02890988295249,7,2,-18.0,-14.0,0,0
uepP050,4,1,3,SS,-18.0,-14.0,2,3.9087928217949663,1,5.053897651692534,37.02890988295249,48.99160035643999,7,2,-18.0,-14.0,0,0
uepP050,4,1,4,SS,-18.0,-14.0,2,2.755811869221087,1,4.328630249020627,48.99160035643999,59.0760424746817,7,2,-18.0,-14.0,0,0
uepP050,4,1,5,SS,-18.0,-14.0,2,4.128488897841702,1,5.969702072058957,59.0760424746817,72.17423344458236,7,2,-18.0,-14.0,0,0
uepP050,4,1,6,SS,-18.0,-14.0,2,3.65319323409976,1,3.2238841072539786,72.17423344458236,82.0513107859361,7,2,-18.0,-14.0,0,0
uepP050,4,1,7,SS,-18.0,-14.0,2,4.216528852334907,1,4.4016739964385545,82.0513107859361,93.66951363470956,7,2,-18.0,-14.0,0,0
uepP050,4,1,8,SS,-18.0,-14.0,2,3.5428054900963666,1,3.575691008134882,93.66951363470956,103.78801013294081,7,2,-18.0,-14.0,0,0
uepP050,4,1,9,SS,-18.0,-14.0,2,3.98599962143747,1,5.090681391087826,103.78801013294081,115.86469114546611,7,2,-18.0,-14.0,0,0
uepP050,4,1,10,SS,-18.0,-14.0,2,2.8649016905907487,1,3.590281439592951,115.86469114546611,125.31987427564982,7,2,-18.0,-14.0,0,0
