subjectId,runId,blockId,trialId,condition,leftAnswer,rightAnswer,choiceDuration,isiDuration,feedbackDuration,itiDuration,stimOnset,itiOffset,leftColor,rightColor,mu1,mu2,sd1,sd2
uepP054,7,1,1,SR,1.0,-11.0,2,2.5503092430551306,1,5.948618899488099,16,27.49892814254323,0,5,1.0,-4.0,0,4.0
uepP054,7,1,2,SR,1.0,-7.0,2,1.6817938898654932,1,5.790393805598519,27.49892814254323,37.97111583800724,0,5,1.0,-4.0,0,4.0
uepP054,7,1,3,SR,1.0,-2.0,2,2.50524743833578,1,4.089529251699348,37.97111583800724,47.56589252804237,0,5,1.0,-4.0,0,4.0
uepP054,7,1,4,SR,1.0,-7.0,2,4.002735493349042,1,4.687875364918522,47.56589252804237,59.25650338630993,0,5,1.0,-4.0,0,4.0
uepP054,7,1,5,SR,1.0,2.0,2,1.8830479708891334,1,4.409249940052503,59.25650338630993,68.54880129725156,0,5,1.0,-4.0,0,4.0
uepP054,7,1,6,SR,1.0,-2.0,2,2.817290137175152,1,5.633535856655223,68.54880129725156,79.99962729108194,0,5,1.0,-4.0,0,4.0
uepP054,7,1,7,SR,1.0,8.0,2,2.4274192926674596,1,4.806436949399963,79.99962729108194,90.23348353314937,0,5,1.0,-4.0,0,4.0
uepP054,7,1,8,SR,1.0,-2.0,2,3.5364703526691397,1,6.074788027591175,90.23348353314937,102.84474191340968,0,5,1.0,-4.0,0,4.0
uepP054,7,1,9,SR,1.0,-6.0,2,4.540776063650746,1,5.196528575310483,102.84474191340968,115.58204655237091,0,5,1.0,-4.0,0,4.0
uepP054,7,1,10,SR,1.0,-6.0,2,4.026634913751799,1,3.8515023494768212,115.58204655237091,126.46018381559952,0,5,1.0,-4.0,0,4.0
