subjectId,runId,blockId,trialId,condition,leftAnswer,rightAnswer,choiceDuration,isiDuration,feedbackDuration,itiDuration,stimOnset,itiOffset,leftColor,rightColor,mu1,mu2,sd1,sd2
uepP004,7,2,1,RR,-6.0,-4.0,2,4.2880692209914475,1,3.962222568411664,134.949405067387,146.19969685679013,2,5,-2.0,-8.0,4.0,4.0
uepP004,7,2,2,RR,1.0,-8.0,2,2.2817114812844106,1,5.322572688079251,146.19969685679013,156.8039810261538,2,5,-2.0,-8.0,4.0,4.0
uepP004,7,2,3,RR,1.0,-10.0,2,2.824131049700173,1,6.254125838994029,156.8039810261538,168.88223791484802,2,5,-2.0,-8.0,4.0,4.0
uepP004,7,2,4,RR,-3.0,-7.0,2,2.259856856453636,1,4.9526613401774044,168.88223791484802,179.09475611147906,2,5,-2.0,-8.0,4.0,4.0
uepP004,7,2,5,RR,-3.0,-8.0,2,4.291197331380237,1,5.21859050256147,179.09475611147906,191.60454394542077,2,5,-2.0,-8.0,4.0,4.0
uepP004,7,2,6,RR,-1.0,-4.0,2,3.183605727575222,1,5.266959351033704,191.60454394542077,203.0551090240297,2,5,-2.0,-8.0,4.0,4.0
uepP004,7,2,7,RR,-3.0,-7.0,2,4.074497716893647,1,3.689718197085154,203.0551090240297,213.8193249380085,2,5,-2.0,-8.0,4.0,4.0
uepP004,7,2,8,RR,-0.0,-11.0,2,4.24422002259858,1,4.472628541104746,213.8193249380085,225.5361735017118,2,5,-2.0,-8.0,4.0,4.0
uepP004,7,2,9,RR,-1.0,-14.0,2,3.3595571169303677,1,4.308056026595085,225.5361735017118,236.20378664523727,2,5,-2.0,-8.0,4.0,4.0
uepP004,7,2,10,RR,-1.0,-8.0,2,1.9177769840318313,1,5.206660188919614,236.20378664523727,246.32822381818872,2,5,-2.0,-8.0,4.0,4.0
