subjectId,runId,blockId,trialId,condition,leftAnswer,rightAnswer,choiceDuration,isiDuration,feedbackDuration,itiDuration,stimOnset,itiOffset,leftColor,rightColor,mu1,mu2,sd1,sd2
uepP029,1,2,1,SS,18.0,-13.0,2,2.591076980604948,1,5.822491073584967,133.47540008461456,144.88896813880447,5,0,18.0,-13.0,0,0
uepP029,1,2,2,SS,18.0,-13.0,2,3.2744749778440996,1,4.586250933462794,144.88896813880447,155.74969405011137,5,0,18.0,-13.0,0,0
uepP029,1,2,3,SS,18.0,-13.0,2,3.1295129044372354,1,5.9759756660307755,155.74969405011137,167.85518262057937,5,0,18.0,-13.0,0,0
uepP029,1,2,4,SS,18.0,-13.0,2,3.797349528831464,1,6.457516861693905,167.85518262057937,181.11004901110473,5,0,18.0,-13.0,0,0
uepP029,1,2,5,SS,18.0,-13.0,2,2.8195885276899726,1,6.291482095568908,181.11004901110473,193.22111963436362,5,0,18.0,-13.0,0,0
uepP029,1,2,6,SS,18.0,-13.0,2,2.8422735108171824,1,5.911746113295666,193.22111963436362,204.97513925847647,5,0,18.0,-13.0,0,0
uepP029,1,2,7,SS,18.0,-13.0,2,2.8547009790122457,1,5.578256108219962,204.97513925847647,216.40809634570869,5,0,18.0,-13.0,0,0
uepP029,1,2,8,SS,18.0,-13.0,2,2.30705718961619,1,5.329454458613815,216.40809634570869,227.04460799393868,5,0,18.0,-13.0,0,0
uepP029,1,2,9,SS,18.0,-13.0,2,3.339556458574809,1,4.5993469422882995,227.04460799393868,237.98351139480178,5,0,18.0,-13.0,0,0
uepP029,1,2,10,SS,18.0,-13.0,2,3.5010188476443114,1,4.909393402568354,237.98351139480178,249.39392364501444,5,0,18.0,-13.0,0,0
