subjectId,runId,blockId,trialId,condition,leftAnswer,rightAnswer,choiceDuration,isiDuration,feedbackDuration,itiDuration,stimOnset,itiOffset,leftColor,rightColor,mu1,mu2,sd1,sd2
uepP010,7,3,1,SS,-9.0,3.0,2,3.242312270642453,1,4.200155325444683,247.53184053075458,257.9743081268417,7,5,-9.0,3.0,0,0
uepP010,7,3,2,SS,-9.0,3.0,2,1.7980378995017394,1,4.9696141566892,257.9743081268417,267.7419601830327,7,5,-9.0,3.0,0,0
uepP010,7,3,3,SS,-9.0,3.0,2,3.8209191133462634,1,5.962744894946097,267.7419601830327,280.525624191325,7,5,-9.0,3.0,0,0
uepP010,7,3,4,SS,-9.0,3.0,2,4.201968096484373,1,5.5841391245645955,280.525624191325,293.311731412374,7,5,-9.0,3.0,0,0
uepP010,7,3,5,SS,-9.0,3.0,2,3.0420551928984714,1,4.560371630414045,293.311731412374,303.91415823568656,7,5,-9.0,3.0,0,0
uepP010,7,3,6,SS,-9.0,3.0,2,3.9227805989945743,1,6.3465690971640045,303.91415823568656,317.1835079318451,7,5,-9.0,3.0,0,0
uepP010,7,3,7,SS,-9.0,3.0,2,3.3079346656512083,1,5.241783953096761,317.1835079318451,328.7332265505931,7,5,-9.0,3.0,0,0
uepP010,7,3,8,SS,-9.0,3.0,2,2.7327473852524085,1,4.4252705333088995,328.7332265505931,338.8912444691544,7,5,-9.0,3.0,0,0
uepP010,7,3,9,SS,-9.0,3.0,2,2.535528709755301,1,4.720375821241501,338.8912444691544,349.14714900015116,7,5,-9.0,3.0,0,0
uepP010,7,3,10,SS,-9.0,3.0,2,3.9170997517508606,1,5.394442105851254,349.14714900015116,361.45869085775325,7,5,-9.0,3.0,0,0
