subjectId,runId,blockId,trialId,condition,leftAnswer,rightAnswer,choiceDuration,isiDuration,feedbackDuration,itiDuration,stimOnset,itiOffset,leftColor,rightColor,mu1,mu2,sd1,sd2
uepP054,1,4,1,RS,9.0,6.0,2,2.7853205228153874,1,4.129955317189741,361.83107111812876,371.74634695813387,6,3,5.0,6.0,4.0,0
uepP054,1,4,2,RS,-2.0,6.0,2,4.697637707207942,1,6.333205703087973,371.74634695813387,385.7771903684298,6,3,5.0,6.0,4.0,0
uepP054,1,4,3,RS,5.0,6.0,2,3.845383353608383,1,3.493195596748853,385.7771903684298,396.11576931878704,6,3,5.0,6.0,4.0,0
uepP054,1,4,4,RS,4.0,6.0,2,2.807607090936918,1,3.8860990520722796,396.11576931878704,405.80947546179624,6,3,5.0,6.0,4.0,0
uepP054,1,4,5,RS,1.0,6.0,2,4.395844878023281,1,4.0914302178996085,405.80947546179624,417.2967505577191,6,3,5.0,6.0,4.0,0
uepP054,1,4,6,RS,4.0,6.0,2,2.467672600654467,1,3.6824070519251686,417.2967505577191,426.44683021029874,6,3,5.0,6.0,4.0,0
uepP054,1,4,7,RS,2.0,6.0,2,3.8962750382457902,1,4.6133348604594335,426.44683021029874,437.95644010900395,6,3,5.0,6.0,4.0,0
uepP054,1,4,8,RS,7.0,6.0,2,2.378792164695414,1,6.196608703206175,437.95644010900395,449.5318409769055,6,3,5.0,6.0,4.0,0
uepP054,1,4,9,RS,1.0,6.0,2,3.077353145975841,1,5.922841177473508,449.5318409769055,461.5320353003549,6,3,5.0,6.0,4.0,0
uepP054,1,4,10,RS,6.0,6.0,2,4.568857447237114,1,4.899107252407844,461.5320353003549,473.99999999999983,6,3,5.0,6.0,4.0,0
