subjectId,runId,blockId,trialId,condition,leftAnswer,rightAnswer,choiceDuration,isiDuration,feedbackDuration,itiDuration,stimOnset,itiOffset,leftColor,rightColor,mu1,mu2,sd1,sd2
uepP049,3,4,1,RR,-9.0,-3.0,2,4.331095258620813,1,3.9194134539767216,361.6809297905263,372.93143850312384,5,4,-8.0,-4.0,4.0,4.0
uepP049,3,4,2,RR,1.0,-1.0,2,2.297760586358077,1,3.3035322297028813,372.93143850312384,381.5327313191848,5,4,-8.0,-4.0,4.0,4.0
uepP049,3,4,3,RR,-11.0,-5.0,2,2.884696607860292,1,5.890969421534102,381.5327313191848,393.3083973485792,5,4,-8.0,-4.0,4.0,4.0
uepP049,3,4,4,RR,-14.0,-3.0,2,2.1883920069910148,1,5.467685901669941,393.3083973485792,403.96447525724017,5,4,-8.0,-4.0,4.0,4.0
uepP049,3,4,5,RR,-2.0,-2.0,2,4.457174309887859,1,6.165073051237701,403.96447525724017,417.58672261836574,5,4,-8.0,-4.0,4.0,4.0
uepP049,3,4,6,RR,-2.0,-2.0,2,4.449138957511134,1,5.775871639222054,417.58672261836574,430.8117332150989,5,4,-8.0,-4.0,4.0,4.0
uepP049,3,4,7,RR,-12.0,-1.0,2,4.3192924369855845,1,5.009471935500183,430.8117332150989,443.14049758758466,5,4,-8.0,-4.0,4.0,4.0
uepP049,3,4,8,RR,-9.0,-9.0,2,2.5858508512129403,1,3.2692027527317906,443.14049758758466,451.99555119152944,5,4,-8.0,-4.0,4.0,4.0
uepP049,3,4,9,RR,-10.0,-3.0,2,4.310929312410442,1,4.060907570863961,451.99555119152944,463.36738807480384,5,4,-8.0,-4.0,4.0,4.0
uepP049,3,4,10,RR,-13.0,-4.0,2,2.49643165449317,1,5.136180270703083,463.36738807480384,474.0000000000001,5,4,-8.0,-4.0,4.0,4.0
