subjectId,runId,blockId,trialId,condition,leftAnswer,rightAnswer,choiceDuration,isiDuration,feedbackDuration,itiDuration,stimOnset,itiOffset,leftColor,rightColor,mu1,mu2,sd1,sd2
uepP032,6,4,1,RS,1.0,1.0,2,1.8078381012625573,1,4.73026908905927,360.85060364325545,370.3887108335773,0,7,3.0,1.0,4.0,0
uepP032,6,4,2,RS,4.0,1.0,2,4.602723387448709,1,6.302743812209602,370.3887108335773,384.2941780332356,0,7,3.0,1.0,4.0,0
uepP032,6,4,3,RS,10.0,1.0,2,1.611524801538386,1,4.563148911459686,384.2941780332356,393.46885174623367,0,7,3.0,1.0,4.0,0
uepP032,6,4,4,RS,2.0,1.0,2,4.728929896747718,1,6.105820908740895,393.46885174623367,407.3036025517223,0,7,3.0,1.0,4.0,0
uepP032,6,4,5,RS,3.0,1.0,2,3.4607214187064193,1,4.223778397809737,407.3036025517223,417.98810236823846,0,7,3.0,1.0,4.0,0
uepP032,6,4,6,RS,7.0,1.0,2,4.094992602029934,1,5.398486485647256,417.98810236823846,430.48158145591566,0,7,3.0,1.0,4.0,0
uepP032,6,4,7,RS,3.0,1.0,2,4.218963312387553,1,3.3815409743463385,430.48158145591566,441.08208574264955,0,7,3.0,1.0,4.0,0
uepP032,6,4,8,RS,2.0,1.0,2,3.6060547759350112,1,5.252527956861277,441.08208574264955,452.9406684754459,0,7,3.0,1.0,4.0,0
uepP032,6,4,9,RS,5.0,1.0,2,2.6091470707376128,1,5.331327536410809,452.9406684754459,463.8811430825943,0,7,3.0,1.0,4.0,0
uepP032,6,4,10,RS,0.0,1.0,2,1.6272458738555502,1,5.491611043550295,463.8811430825943,474.0000000000001,0,7,3.0,1.0,4.0,0
