subjectId,runId,blockId,trialId,condition,leftAnswer,rightAnswer,choiceDuration,isiDuration,feedbackDuration,itiDuration,stimOnset,itiOffset,leftColor,rightColor,mu1,mu2,sd1,sd2
uepP017,7,2,1,RS,25.0,2.0,2,3.1749141739222866,1,5.967177260457577,130.8747768326309,143.01686826701075,2,6,18.0,2.0,4.0,0
uepP017,7,2,2,RS,24.0,2.0,2,2.751488428529481,1,6.240315017350051,143.01686826701075,155.00867171289028,2,6,18.0,2.0,4.0,0
uepP017,7,2,3,RS,25.0,2.0,2,1.7895896338825317,1,5.692746201501238,155.00867171289028,165.49100754827407,2,6,18.0,2.0,4.0,0
uepP017,7,2,4,RS,14.0,2.0,2,2.4807694881779243,1,5.873520837361408,165.49100754827407,176.8452978738134,2,6,18.0,2.0,4.0,0
uepP017,7,2,5,RS,25.0,2.0,2,2.229141840592902,1,4.043331139865206,176.8452978738134,186.11777085427153,2,6,18.0,2.0,4.0,0
uepP017,7,2,6,RS,21.0,2.0,2,3.043033130313341,1,6.477451407456439,186.11777085427153,198.63825539204132,2,6,18.0,2.0,4.0,0
uepP017,7,2,7,RS,18.0,2.0,2,4.467524670880108,1,5.495551783192974,198.63825539204132,211.6013318461144,2,6,18.0,2.0,4.0,0
uepP017,7,2,8,RS,25.0,2.0,2,4.839598091687295,1,5.861301921774503,211.6013318461144,225.30223185957618,2,6,18.0,2.0,4.0,0
uepP017,7,2,9,RS,16.0,2.0,2,2.4110386860642525,1,3.7179691659798,225.30223185957618,234.43123971162024,2,6,18.0,2.0,4.0,0
uepP017,7,2,10,RS,19.0,2.0,2,2.3431025669223446,1,4.874966675001174,234.43123971162024,244.64930895354374,2,6,18.0,2.0,4.0,0
