subjectId,runId,blockId,trialId,condition,leftAnswer,rightAnswer,choiceDuration,isiDuration,feedbackDuration,itiDuration,stimOnset,itiOffset,leftColor,rightColor,mu1,mu2,sd1,sd2
uepP009,1,1,1,SS,-8.0,-18.0,2,2.5241736393672185,1,4.074764094211583,16,25.5989377335788,7,0,-8.0,-18.0,0,0
uepP009,1,1,2,SS,-8.0,-18.0,2,2.8065712657394224,1,6.417987598585622,25.5989377335788,37.82349659790384,7,0,-8.0,-18.0,0,0
uepP009,1,1,3,SS,-8.0,-18.0,2,3.8819054685774343,1,4.534450427402489,37.82349659790384,49.23985249388377,7,0,-8.0,-18.0,0,0
uepP009,1,1,4,SS,-8.0,-18.0,2,4.00919623746081,1,6.405539643639099,49.23985249388377,62.654588374983675,7,0,-8.0,-18.0,0,0
uepP009,1,1,5,SS,-8.0,-18.0,2,4.118468408035321,1,6.279084963893533,62.654588374983675,76.05214174691254,7,0,-8.0,-18.0,0,0
uepP009,1,1,6,SS,-8.0,-18.0,2,4.746868711620122,1,3.375579209197035,76.05214174691254,87.17458966772969,7,0,-8.0,-18.0,0,0
uepP009,1,1,7,SS,-8.0,-18.0,2,3.8997247234162415,1,5.205035477352986,87.17458966772969,99.27934986849891,7,0,-8.0,-18.0,0,0
uepP009,1,1,8,SS,-8.0,-18.0,2,3.094004774800487,1,4.636860933213997,99.27934986849891,110.01021557651339,7,0,-8.0,-18.0,0,0
uepP009,1,1,9,SS,-8.0,-18.0,2,3.7848987383824078,1,5.3904867413292035,110.01021557651339,122.185601056225,7,0,-8.0,-18.0,0,0
uepP009,1,1,10,SS,-8.0,-18.0,2,3.8597454697979865,1,4.8199692026021586,122.185601056225,133.86531572862515,7,0,-8.0,-18.0,0,0
