subjectId,runId,blockId,trialId,condition,leftAnswer,rightAnswer,choiceDuration,isiDuration,feedbackDuration,itiDuration,stimOnset,itiOffset,leftColor,rightColor,mu1,mu2,sd1,sd2
uepP055,5,1,1,RS,10.0,-8.0,2,2.741874314472564,1,6.408935668219369,16,28.150809982691932,0,6,7.0,-8.0,4.0,0
uepP055,5,1,2,RS,11.0,-8.0,2,2.1875729978816603,1,6.371521872318673,28.150809982691932,39.709904852892265,0,6,7.0,-8.0,4.0,0
uepP055,5,1,3,RS,7.0,-8.0,2,3.6239264275554897,1,5.715202529859396,39.709904852892265,52.04903381030715,0,6,7.0,-8.0,4.0,0
uepP055,5,1,4,RS,7.0,-8.0,2,4.398178409933984,1,5.539600922986195,52.04903381030715,64.98681314322732,0,6,7.0,-8.0,4.0,0
uepP055,5,1,5,RS,14.0,-8.0,2,3.8374771560234167,1,3.885124573620887,64.98681314322732,75.70941487287162,0,6,7.0,-8.0,4.0,0
uepP055,5,1,6,RS,8.0,-8.0,2,4.448849047341304,1,4.248164156001305,75.70941487287162,87.40642807621423,0,6,7.0,-8.0,4.0,0
uepP055,5,1,7,RS,9.0,-8.0,2,4.660374761021838,1,5.935848468068842,87.40642807621423,101.00265130530491,0,6,7.0,-8.0,4.0,0
uepP055,5,1,8,RS,11.0,-8.0,2,3.1037501629327484,1,4.5872814372267054,101.00265130530491,111.69368290546437,0,6,7.0,-8.0,4.0,0
uepP055,5,1,9,RS,5.0,-8.0,2,1.7025411157580856,1,3.6979257383790243,111.69368290546437,120.09414975960148,0,6,7.0,-8.0,4.0,0
uepP055,5,1,10,RS,7.0,-8.0,2,3.295164006045822,1,5.057636812364044,120.09414975960148,131.44695057801135,0,6,7.0,-8.0,4.0,0
