subjectId,runId,blockId,trialId,condition,leftAnswer,rightAnswer,choiceDuration,isiDuration,feedbackDuration,itiDuration,stimOnset,itiOffset,leftColor,rightColor,mu1,mu2,sd1,sd2
uepP048,8,1,1,RS,9.0,3.0,2,4.691580854650387,1,4.806316391044369,16,28.497897245694755,6,3,3.0,3.0,4.0,0
uepP048,8,1,2,RS,3.0,3.0,2,2.502165420351856,1,4.788809443398399,28.497897245694755,38.78887210944501,6,3,3.0,3.0,4.0,0
uepP048,8,1,3,RS,-4.0,3.0,2,2.5240851418430923,1,3.899710025682492,38.78887210944501,48.2126672769706,6,3,3.0,3.0,4.0,0
uepP048,8,1,4,RS,3.0,3.0,2,1.626754282288739,1,5.062765042397699,48.2126672769706,57.902186601657036,6,3,3.0,3.0,4.0,0
uepP048,8,1,5,RS,-1.0,3.0,2,4.441176363662537,1,5.509221059578559,57.902186601657036,70.85258402489814,6,3,3.0,3.0,4.0,0
uepP048,8,1,6,RS,11.0,3.0,2,3.440023314874909,1,4.521921928354633,70.85258402489814,81.81452926812767,6,3,3.0,3.0,4.0,0
uepP048,8,1,7,RS,-2.0,3.0,2,2.709016052059894,1,3.764496467688197,81.81452926812767,91.28804178787576,6,3,3.0,3.0,4.0,0
uepP048,8,1,8,RS,1.0,3.0,2,3.7876782813114667,1,4.030307682315988,91.28804178787576,102.10602775150322,6,3,3.0,3.0,4.0,0
uepP048,8,1,9,RS,5.0,3.0,2,4.057632665780927,1,6.270383316893227,102.10602775150322,115.43404373417738,6,3,3.0,3.0,4.0,0
uepP048,8,1,10,RS,7.0,3.0,2,3.5234470354375254,1,4.1950383244157585,115.43404373417738,126.15252909403067,6,3,3.0,3.0,4.0,0
