subjectId,runId,blockId,trialId,condition,leftAnswer,rightAnswer,choiceDuration,isiDuration,feedbackDuration,itiDuration,stimOnset,itiOffset,leftColor,rightColor,mu1,mu2,sd1,sd2
uepP048,2,4,1,RS,-11.0,-3.0,2,3.5496451836961445,1,6.362402111519976,358.0700205912621,370.98206788647826,5,3,-8.0,-3.0,4.0,0
uepP048,2,4,2,RS,-4.0,-3.0,2,3.531232215793511,1,5.092082744276613,370.98206788647826,382.6053828465484,5,3,-8.0,-3.0,4.0,0
uepP048,2,4,3,RS,-3.0,-3.0,2,4.555809692675662,1,5.812337647170376,382.6053828465484,395.97353018639444,5,3,-8.0,-3.0,4.0,0
uepP048,2,4,4,RS,-7.0,-3.0,2,3.2343997308566212,1,4.156081341605028,395.97353018639444,406.3640112588561,5,3,-8.0,-3.0,4.0,0
uepP048,2,4,5,RS,2.0,-3.0,2,3.8850321353443116,1,4.963017703427452,406.3640112588561,418.2120610976279,5,3,-8.0,-3.0,4.0,0
uepP048,2,4,6,RS,-9.0,-3.0,2,4.2022690313444215,1,4.183423073609228,418.2120610976279,429.59775320258154,5,3,-8.0,-3.0,4.0,0
uepP048,2,4,7,RS,-10.0,-3.0,2,2.6167814283756377,1,5.168160345593903,429.59775320258154,440.3826949765511,5,3,-8.0,-3.0,4.0,0
uepP048,2,4,8,RS,-5.0,-3.0,2,1.9096491330649135,1,5.493655508197617,440.3826949765511,450.7859996178136,5,3,-8.0,-3.0,4.0,0
uepP048,2,4,9,RS,-16.0,-3.0,2,2.0174079432375036,1,6.218939273520936,450.7859996178136,462.0223468345721,5,3,-8.0,-3.0,4.0,0
uepP048,2,4,10,RS,-3.0,-3.0,2,2.6532301570389474,1,6.324423008389188,462.0223468345721,474.0000000000002,5,3,-8.0,-3.0,4.0,0
