subjectId,runId,blockId,trialId,condition,leftAnswer,rightAnswer,choiceDuration,isiDuration,feedbackDuration,itiDuration,stimOnset,itiOffset,leftColor,rightColor,mu1,mu2,sd1,sd2
uepP057,8,2,1,SR,10.0,-4.0,2,4.700862405175387,1,6.4377281970491715,135.11501128212214,149.25360188434672,7,5,10.0,-7.0,0,4.0
uepP057,8,2,2,SR,10.0,-8.0,2,2.0534137057013586,1,5.366568069260783,149.25360188434672,159.67358365930886,7,5,10.0,-7.0,0,4.0
uepP057,8,2,3,SR,10.0,-2.0,2,3.355699636333885,1,4.590306449117189,159.67358365930886,170.61958974475994,7,5,10.0,-7.0,0,4.0
uepP057,8,2,4,SR,10.0,-10.0,2,3.382097575256981,1,5.102676251327926,170.61958974475994,182.10436357134483,7,5,10.0,-7.0,0,4.0
uepP057,8,2,5,SR,10.0,-3.0,2,3.350865008297491,1,4.027861714640783,182.10436357134483,192.4830902942831,7,5,10.0,-7.0,0,4.0
uepP057,8,2,6,SR,10.0,-15.0,2,2.8146390520651963,1,3.781482834298231,192.4830902942831,202.07921218064652,7,5,10.0,-7.0,0,4.0
uepP057,8,2,7,SR,10.0,-4.0,2,1.8799507061964997,1,4.043741687616143,202.07921218064652,211.00290457445917,7,5,10.0,-7.0,0,4.0
uepP057,8,2,8,SR,10.0,-7.0,2,1.7474962526200466,1,4.7532920819421856,211.00290457445917,220.5036929090214,7,5,10.0,-7.0,0,4.0
uepP057,8,2,9,SR,10.0,-13.0,2,2.191457353090875,1,5.585923763405133,220.5036929090214,231.2810740255174,7,5,10.0,-7.0,0,4.0
uepP057,8,2,10,SR,10.0,-8.0,2,3.54971182065798,1,3.4173461128635636,231.2810740255174,241.24813195903894,7,5,10.0,-7.0,0,4.0
