subjectId,runId,blockId,trialId,condition,leftAnswer,rightAnswer,choiceDuration,isiDuration,feedbackDuration,itiDuration,stimOnset,itiOffset,leftColor,rightColor,mu1,mu2,sd1,sd2
uepP050,2,3,1,SR,1.0,11.0,2,2.7044507206244788,1,3.4133762779736823,250.2055044180043,259.32333141660246,0,4,1.0,10.0,0,4.0
uepP050,2,3,2,SR,1.0,12.0,2,2.5463506673372134,1,5.6682627987497565,259.32333141660246,270.53794488268943,0,4,1.0,10.0,0,4.0
uepP050,2,3,3,SR,1.0,11.0,2,4.85422641037693,1,4.320618815231675,270.53794488268943,282.71279010829807,0,4,1.0,10.0,0,4.0
uepP050,2,3,4,SR,1.0,16.0,2,3.105531518934784,1,5.702279030598437,282.71279010829807,294.5206006578313,0,4,1.0,10.0,0,4.0
uepP050,2,3,5,SR,1.0,11.0,2,3.2214366563968513,1,3.432283642704844,294.5206006578313,304.174320956933,0,4,1.0,10.0,0,4.0
uepP050,2,3,6,SR,1.0,9.0,2,2.5262394458870925,1,5.7261615286428595,304.174320956933,315.42672193146296,0,4,1.0,10.0,0,4.0
uepP050,2,3,7,SR,1.0,0.0,2,3.183163343784223,1,5.92052718836871,315.42672193146296,327.5304124636159,0,4,1.0,10.0,0,4.0
uepP050,2,3,8,SR,1.0,12.0,2,3.0838463140032863,1,6.646202431041612,327.5304124636159,340.2604612086608,0,4,1.0,10.0,0,4.0
uepP050,2,3,9,SR,1.0,9.0,2,3.0065205307424256,1,3.7879996945055,340.2604612086608,350.0549814339087,0,4,1.0,10.0,0,4.0
uepP050,2,3,10,SR,1.0,10.0,2,1.6679734934624169,1,4.831784527435558,350.0549814339087,359.5547394548067,0,4,1.0,10.0,0,4.0
