subjectId,runId,blockId,trialId,condition,leftAnswer,rightAnswer,choiceDuration,isiDuration,feedbackDuration,itiDuration,stimOnset,itiOffset,leftColor,rightColor,mu1,mu2,sd1,sd2
uepP032,3,4,1,SR,-4.0,-0.0,2,2.5715423518575173,1,5.344145449445233,368.5669478565147,379.48263565781747,4,3,-4.0,-2.0,0,4.0
uepP032,3,4,2,SR,-4.0,-0.0,2,3.6978165365616413,1,5.017274002589083,379.48263565781747,391.1977261969682,4,3,-4.0,-2.0,0,4.0
uepP032,3,4,3,SR,-4.0,-2.0,2,3.5633519694952933,1,4.648396548107265,391.1977261969682,402.4094747145707,4,3,-4.0,-2.0,0,4.0
uepP032,3,4,4,SR,-4.0,-1.0,2,1.6284059833846107,1,5.0147511054610066,402.4094747145707,412.0526318034163,4,3,-4.0,-2.0,0,4.0
uepP032,3,4,5,SR,-4.0,-6.0,2,2.5357448630809905,1,3.5009026185739103,412.0526318034163,421.0892792850712,4,3,-4.0,-2.0,0,4.0
uepP032,3,4,6,SR,-4.0,-2.0,2,2.468659448466727,1,3.8325812720627956,421.0892792850712,430.3905200056007,4,3,-4.0,-2.0,0,4.0
uepP032,3,4,7,SR,-4.0,-8.0,2,2.5001891144233093,1,4.333702455941604,430.3905200056007,440.22441157596563,4,3,-4.0,-2.0,0,4.0
uepP032,3,4,8,SR,-4.0,0.0,2,2.2784844964125286,1,4.9001040788629755,440.22441157596563,450.40300015124114,4,3,-4.0,-2.0,0,4.0
uepP032,3,4,9,SR,-4.0,-2.0,2,4.739332257399574,1,4.315812509218772,450.40300015124114,462.45814491785944,4,3,-4.0,-2.0,0,4.0
uepP032,3,4,10,SR,-4.0,-9.0,2,4.114696143183267,1,4.427158938957091,462.45814491785944,473.9999999999998,4,3,-4.0,-2.0,0,4.0
