subjectId,runId,blockId,trialId,condition,leftAnswer,rightAnswer,choiceDuration,isiDuration,feedbackDuration,itiDuration,stimOnset,itiOffset,leftColor,rightColor,mu1,mu2,sd1,sd2
uepP008,5,2,1,SS,3.0,-6.0,2,4.290255886917903,1,5.7807186836447615,131.77897683204088,144.84995140260352,0,3,3.0,-6.0,0,0
uepP008,5,2,2,SS,3.0,-6.0,2,3.54854176135002,1,3.320539608543305,144.84995140260352,154.71903277249683,0,3,3.0,-6.0,0,0
uepP008,5,2,3,SS,3.0,-6.0,2,4.094141719271608,1,5.520227966221168,154.71903277249683,167.33340245798962,0,3,3.0,-6.0,0,0
uepP008,5,2,4,SS,3.0,-6.0,2,3.7330575456209254,1,4.521253120289094,167.33340245798962,178.58771312389965,0,3,3.0,-6.0,0,0
uepP008,5,2,5,SS,3.0,-6.0,2,2.354209897208549,1,4.897626374934782,178.58771312389965,188.839549396043,0,3,3.0,-6.0,0,0
uepP008,5,2,6,SS,3.0,-6.0,2,2.743736393111411,1,3.277630555516842,188.839549396043,197.86091634467127,0,3,3.0,-6.0,0,0
uepP008,5,2,7,SS,3.0,-6.0,2,1.7012278098734048,1,4.602298840989698,197.86091634467127,207.1644429955344,0,3,3.0,-6.0,0,0
uepP008,5,2,8,SS,3.0,-6.0,2,4.021138541403236,1,3.5573895511274025,207.1644429955344,217.74297108806505,0,3,3.0,-6.0,0,0
uepP008,5,2,9,SS,3.0,-6.0,2,4.480207933559001,1,3.668811172081001,217.74297108806505,228.89199019370506,0,3,3.0,-6.0,0,0
uepP008,5,2,10,SS,3.0,-6.0,2,1.627376121415081,1,5.7661012024894065,228.89199019370506,239.28546751760953,0,3,3.0,-6.0,0,0
