subjectId,runId,blockId,trialId,condition,leftAnswer,rightAnswer,choiceDuration,isiDuration,feedbackDuration,itiDuration,stimOnset,itiOffset,leftColor,rightColor,mu1,mu2,sd1,sd2
uepP003,4,4,1,SR,5.0,4.0,2,3.472139225106516,1,4.350469134993742,365.8440383123592,376.6666466724594,5,3,5.0,6.0,0,4.0
uepP003,4,4,2,SR,5.0,9.0,2,2.0860117061314276,1,4.306403417874167,376.6666466724594,386.059061796465,5,3,5.0,6.0,0,4.0
uepP003,4,4,3,SR,5.0,7.0,2,3.5932451969246015,1,4.266948178447798,386.059061796465,396.91925517183745,5,3,5.0,6.0,0,4.0
uepP003,4,4,4,SR,5.0,2.0,2,3.2401066946549073,1,4.520662041720363,396.91925517183745,407.6800239082127,5,3,5.0,6.0,0,4.0
uepP003,4,4,5,SR,5.0,3.0,2,4.075954488675022,1,5.410093723367399,407.6800239082127,420.16607212025514,5,3,5.0,6.0,0,4.0
uepP003,4,4,6,SR,5.0,3.0,2,4.53795192876257,1,5.098318072758318,420.16607212025514,432.80234212177606,5,3,5.0,6.0,0,4.0
uepP003,4,4,7,SR,5.0,12.0,2,2.213867481587307,1,5.657830043842352,432.80234212177606,443.67403964720575,5,3,5.0,6.0,0,4.0
uepP003,4,4,8,SR,5.0,10.0,2,1.8544074497379412,1,4.165624630451267,443.67403964720575,452.69407172739494,5,3,5.0,6.0,0,4.0
uepP003,4,4,9,SR,5.0,10.0,2,1.9980698571024589,1,4.824879555186182,452.69407172739494,462.51702113968355,5,3,5.0,6.0,0,4.0
uepP003,4,4,10,SR,5.0,12.0,2,3.889426381195279,1,4.593552479121237,462.51702113968355,474.00000000000006,5,3,5.0,6.0,0,4.0
