subjectId,runId,blockId,trialId,condition,leftAnswer,rightAnswer,choiceDuration,isiDuration,feedbackDuration,itiDuration,stimOnset,itiOffset,leftColor,rightColor,mu1,mu2,sd1,sd2
uepP016,4,3,1,SS,-7.0,-8.0,2,2.523512438145316,1,3.366872734682112,244.4671294853028,253.3575146581302,1,5,-7.0,-8.0,0,0
uepP016,4,3,2,SS,-7.0,-8.0,2,3.3799523220879224,1,5.138797904033258,253.3575146581302,264.8762648842514,1,5,-7.0,-8.0,0,0
uepP016,4,3,3,SS,-7.0,-8.0,2,2.9523228552316665,1,4.9228050539170125,264.8762648842514,275.75139279340004,1,5,-7.0,-8.0,0,0
uepP016,4,3,4,SS,-7.0,-8.0,2,3.4924983927469033,1,3.6943138028144835,275.75139279340004,285.9382049889614,1,5,-7.0,-8.0,0,0
uepP016,4,3,5,SS,-7.0,-8.0,2,2.982017809840527,1,6.146705358080687,285.9382049889614,298.06692815688257,1,5,-7.0,-8.0,0,0
uepP016,4,3,6,SS,-7.0,-8.0,2,3.8804947902083677,1,5.846894566403629,298.06692815688257,310.7943175134946,1,5,-7.0,-8.0,0,0
uepP016,4,3,7,SS,-7.0,-8.0,2,4.2505340886351455,1,4.419505817131188,310.7943175134946,322.464357419261,1,5,-7.0,-8.0,0,0
uepP016,4,3,8,SS,-7.0,-8.0,2,2.798928757038882,1,5.0850142846596595,322.464357419261,333.34830046095954,1,5,-7.0,-8.0,0,0
uepP016,4,3,9,SS,-7.0,-8.0,2,4.296266653223768,1,3.2059845333838175,333.34830046095954,343.8505516475671,1,5,-7.0,-8.0,0,0
uepP016,4,3,10,SS,-7.0,-8.0,2,4.50897555294592,1,5.813344327955443,343.8505516475671,357.1728715284685,1,5,-7.0,-8.0,0,0
