subjectId,runId,blockId,trialId,condition,leftAnswer,rightAnswer,choiceDuration,isiDuration,feedbackDuration,itiDuration,stimOnset,itiOffset,leftColor,rightColor,mu1,mu2,sd1,sd2
uepP035,5,2,1,SR,5.0,-3.0,2,2.9588550563986744,1,5.595911108423542,129.6043789190323,141.15914508385453,5,3,5.0,3.0,0,4.0
uepP035,5,2,2,SR,5.0,-2.0,2,3.6345254932201443,1,5.809215149060465,141.15914508385453,153.60288572613513,5,3,5.0,3.0,0,4.0
uepP035,5,2,3,SR,5.0,4.0,2,1.5984389586799557,1,4.2002971604246175,153.60288572613513,162.4016218452397,5,3,5.0,3.0,0,4.0
uepP035,5,2,4,SR,5.0,4.0,2,4.044242687440369,1,5.6680532435018325,162.4016218452397,175.11391777618192,5,3,5.0,3.0,0,4.0
uepP035,5,2,5,SR,5.0,5.0,2,3.4432936869964017,1,6.280475717012114,175.11391777618192,187.83768718019044,5,3,5.0,3.0,0,4.0
uepP035,5,2,6,SR,5.0,3.0,2,3.383923261487529,1,4.083542437554111,187.83768718019044,198.30515287923208,5,3,5.0,3.0,0,4.0
uepP035,5,2,7,SR,5.0,-0.0,2,2.005590706835211,1,4.89829668995722,198.30515287923208,208.20904027602452,5,3,5.0,3.0,0,4.0
uepP035,5,2,8,SR,5.0,4.0,2,3.570833749124171,1,4.573098691401871,208.20904027602452,219.35297271655057,5,3,5.0,3.0,0,4.0
uepP035,5,2,9,SR,5.0,-1.0,2,2.815460063179578,1,3.412301822493088,219.35297271655057,228.58073460222323,5,3,5.0,3.0,0,4.0
uepP035,5,2,10,SR,5.0,6.0,2,4.265328502102729,1,5.290856433555215,228.58073460222323,241.13691953788117,5,3,5.0,3.0,0,4.0
