subjectId,runId,blockId,trialId,condition,leftAnswer,rightAnswer,choiceDuration,isiDuration,feedbackDuration,itiDuration,stimOnset,itiOffset,leftColor,rightColor,mu1,mu2,sd1,sd2
uepP006,1,4,1,SS,10.0,-9.0,2,1.827615505077691,1,6.101874537167398,363.26277426325623,374.19226430550134,6,2,10.0,-9.0,0,0
uepP006,1,4,2,SS,10.0,-9.0,2,4.115206491841724,1,5.289801452172826,374.19226430550134,386.59727224951587,6,2,10.0,-9.0,0,0
uepP006,1,4,3,SS,10.0,-9.0,2,3.5794325409626095,1,6.204893417866883,386.59727224951587,399.38159820834534,6,2,10.0,-9.0,0,0
uepP006,1,4,4,SS,10.0,-9.0,2,2.9469892834701175,1,5.853670522225104,399.38159820834534,411.1822580140406,6,2,10.0,-9.0,0,0
uepP006,1,4,5,SS,10.0,-9.0,2,1.8446782898456744,1,3.6373143198799225,411.1822580140406,419.6642506237662,6,2,10.0,-9.0,0,0
uepP006,1,4,6,SS,10.0,-9.0,2,2.372657150493847,1,3.797417091945881,419.6642506237662,428.8343248662059,6,2,10.0,-9.0,0,0
uepP006,1,4,7,SS,10.0,-9.0,2,2.5444714065532286,1,5.27408664133502,428.8343248662059,439.65288291409416,6,2,10.0,-9.0,0,0
uepP006,1,4,8,SS,10.0,-9.0,2,2.4266931673782204,1,3.7948476316882314,439.65288291409416,448.87442371316064,6,2,10.0,-9.0,0,0
uepP006,1,4,9,SS,10.0,-9.0,2,4.651954397498609,1,3.9630291311556833,448.87442371316064,460.48940724181494,6,2,10.0,-9.0,0,0
uepP006,1,4,10,SS,10.0,-9.0,2,4.539992598343519,1,5.970600159841517,460.48940724181494,474.0,6,2,10.0,-9.0,0,0
