subjectId,runId,blockId,trialId,condition,leftAnswer,rightAnswer,choiceDuration,isiDuration,feedbackDuration,itiDuration,stimOnset,itiOffset,leftColor,rightColor,mu1,mu2,sd1,sd2
uepP040,2,3,1,RR,-1.0,11.0,2,2.53105781992602,1,6.233124927666884,245.91791081203064,257.6820935596235,3,0,-4.0,8.0,4.0,4.0
uepP040,2,3,2,RR,-1.0,7.0,2,4.0824720496774844,1,5.80339649472863,257.6820935596235,270.5679621040297,3,0,-4.0,8.0,4.0,4.0
uepP040,2,3,3,RR,5.0,5.0,2,4.163958925532862,1,5.365856204360909,270.5679621040297,283.09777723392347,3,0,-4.0,8.0,4.0,4.0
uepP040,2,3,4,RR,-4.0,4.0,2,2.1340039161713857,1,4.394349184007291,283.09777723392347,292.62613033410213,3,0,-4.0,8.0,4.0,4.0
uepP040,2,3,5,RR,6.0,7.0,2,2.386903020473369,1,3.8971255766804607,292.62613033410213,301.910158931256,3,0,-4.0,8.0,4.0,4.0
uepP040,2,3,6,RR,1.0,4.0,2,4.477101445645338,1,5.050197836551054,301.910158931256,314.4374582134524,3,0,-4.0,8.0,4.0,4.0
uepP040,2,3,7,RR,-3.0,7.0,2,3.701162906471035,1,3.3165000192858725,314.4374582134524,324.45512113920927,3,0,-4.0,8.0,4.0,4.0
uepP040,2,3,8,RR,4.0,10.0,2,2.7198575311880573,1,4.875429056821781,324.45512113920927,335.05040772721907,3,0,-4.0,8.0,4.0,4.0
uepP040,2,3,9,RR,-2.0,3.0,2,2.3057871787662774,1,4.221026519541879,335.05040772721907,344.57722142552717,3,0,-4.0,8.0,4.0,4.0
uepP040,2,3,10,RR,-6.0,9.0,2,4.698305325193866,1,4.975303318526103,344.57722142552717,357.2508300692472,3,0,-4.0,8.0,4.0,4.0
