subjectId,runId,blockId,trialId,condition,leftAnswer,rightAnswer,choiceDuration,isiDuration,feedbackDuration,itiDuration,stimOnset,itiOffset,leftColor,rightColor,mu1,mu2,sd1,sd2
uepP040,5,3,1,SS,-19.0,-2.0,2,3.5905838597679582,1,5.784474946113351,249.20247817953816,261.57753698541944,4,0,-19.0,-2.0,0,0
uepP040,5,3,2,SS,-19.0,-2.0,2,3.1456574252226175,1,5.4636134850806615,261.57753698541944,273.1868078957227,4,0,-19.0,-2.0,0,0
uepP040,5,3,3,SS,-19.0,-2.0,2,3.999534184904717,1,4.876171658205859,273.1868078957227,285.0625137388333,4,0,-19.0,-2.0,0,0
uepP040,5,3,4,SS,-19.0,-2.0,2,2.2973063693134135,1,3.6082859094412076,285.0625137388333,293.9681060175879,4,0,-19.0,-2.0,0,0
uepP040,5,3,5,SS,-19.0,-2.0,2,4.395585646575075,1,3.6135803372614115,293.9681060175879,304.97727200142435,4,0,-19.0,-2.0,0,0
uepP040,5,3,6,SS,-19.0,-2.0,2,3.2339643042807085,1,4.848400235715207,304.97727200142435,316.0596365414203,4,0,-19.0,-2.0,0,0
uepP040,5,3,7,SS,-19.0,-2.0,2,2.6299836447216465,1,3.7366314146798247,316.0596365414203,325.42625160082173,4,0,-19.0,-2.0,0,0
uepP040,5,3,8,SS,-19.0,-2.0,2,3.0240944776386933,1,4.024061241782231,325.42625160082173,335.4744073202427,4,0,-19.0,-2.0,0,0
uepP040,5,3,9,SS,-19.0,-2.0,2,2.0781055370964294,1,5.844212000443859,335.4744073202427,346.39672485778294,4,0,-19.0,-2.0,0,0
uepP040,5,3,10,SS,-19.0,-2.0,2,2.754281853243581,1,3.5111962379922246,346.39672485778294,355.66220294901876,4,0,-19.0,-2.0,0,0
