subjectId,runId,blockId,trialId,condition,leftAnswer,rightAnswer,choiceDuration,isiDuration,feedbackDuration,itiDuration,stimOnset,itiOffset,leftColor,rightColor,mu1,mu2,sd1,sd2
uepP036,7,2,1,RS,18.0,-7.0,2,4.0489285274978135,1,3.8330588969358104,130.27291748205494,141.15490490648858,5,1,22.0,-7.0,4.0,0
uepP036,7,2,2,RS,22.0,-7.0,2,2.9056320296923106,1,6.43013684389943,141.15490490648858,153.4906737800803,5,1,22.0,-7.0,4.0,0
uepP036,7,2,3,RS,18.0,-7.0,2,3.0700056714137083,1,5.670920330315063,153.4906737800803,165.23159978180905,5,1,22.0,-7.0,4.0,0
uepP036,7,2,4,RS,25.0,-7.0,2,3.2920218281122624,1,4.715850956120799,165.23159978180905,176.2394725660421,5,1,22.0,-7.0,4.0,0
uepP036,7,2,5,RS,20.0,-7.0,2,4.282485183245182,1,5.876780633515301,176.2394725660421,189.39873838280258,5,1,22.0,-7.0,4.0,0
uepP036,7,2,6,RS,22.0,-7.0,2,3.710010418302865,1,3.291939340645557,189.39873838280258,199.400688141751,5,1,22.0,-7.0,4.0,0
uepP036,7,2,7,RS,24.0,-7.0,2,3.634523206653204,1,4.227804095510492,199.400688141751,210.2630154439147,5,1,22.0,-7.0,4.0,0
uepP036,7,2,8,RS,21.0,-7.0,2,2.007114661678348,1,4.157321144161878,210.2630154439147,219.4274512497549,5,1,22.0,-7.0,4.0,0
uepP036,7,2,9,RS,25.0,-7.0,2,2.659548573507207,1,5.471035892281448,219.4274512497549,230.55803571554355,5,1,22.0,-7.0,4.0,0
uepP036,7,2,10,RS,19.0,-7.0,2,1.9841066250691444,1,4.912391533605701,230.55803571554355,240.45453387421838,5,1,22.0,-7.0,4.0,0
