subjectId,runId,blockId,trialId,condition,leftAnswer,rightAnswer,choiceDuration,isiDuration,feedbackDuration,itiDuration,stimOnset,itiOffset,leftColor,rightColor,mu1,mu2,sd1,sd2
uepP023,3,4,1,SR,11.0,23.0,2,2.789859883782635,1,3.652852456098925,360.7452913132041,370.1880036530857,3,6,11.0,25.0,0,4.0
uepP023,3,4,2,SR,11.0,29.0,2,4.355931931611138,1,6.196251982003812,370.1880036530857,383.74018756670057,3,6,11.0,25.0,0,4.0
uepP023,3,4,3,SR,11.0,19.0,2,3.4548433728173595,1,5.136770307602952,383.74018756670057,395.3318012471209,3,6,11.0,25.0,0,4.0
uepP023,3,4,4,SR,11.0,29.0,2,3.1679193499098264,1,6.342848831479298,395.3318012471209,407.84256942851,3,6,11.0,25.0,0,4.0
uepP023,3,4,5,SR,11.0,30.0,2,4.161145927153937,1,4.276720759554503,407.84256942851,419.28043611521844,3,6,11.0,25.0,0,4.0
uepP023,3,4,6,SR,11.0,24.0,2,1.7024263767675263,1,4.000033820165593,419.28043611521844,427.9828963121515,3,6,11.0,25.0,0,4.0
uepP023,3,4,7,SR,11.0,25.0,2,3.980150505951556,1,3.8668656200166427,427.9828963121515,438.8299124381197,3,6,11.0,25.0,0,4.0
uepP023,3,4,8,SR,11.0,26.0,2,2.378649065273028,1,5.987381754670789,438.8299124381197,450.1959432580635,3,6,11.0,25.0,0,4.0
uepP023,3,4,9,SR,11.0,27.0,2,3.9863658496365115,1,5.455336621556937,450.1959432580635,462.6376457292569,3,6,11.0,25.0,0,4.0
uepP023,3,4,10,SR,11.0,29.0,2,2.2235804755846984,1,6.138773795158207,462.6376457292569,473.99999999999983,3,6,11.0,25.0,0,4.0
