subjectId,runId,blockId,trialId,condition,leftAnswer,rightAnswer,choiceDuration,isiDuration,feedbackDuration,itiDuration,stimOnset,itiOffset,leftColor,rightColor,mu1,mu2,sd1,sd2
uepP036,6,2,1,RR,7.0,0.0,2,3.0784488585067162,1,5.987326211543463,130.5721865885899,142.63796165864005,6,1,5.0,-1.0,4.0,4.0
uepP036,6,2,2,RR,11.0,-3.0,2,1.9200790266460597,1,4.825877097963417,142.63796165864005,152.38391778324953,6,1,5.0,-1.0,4.0,4.0
uepP036,6,2,3,RR,1.0,4.0,2,2.5826101396679677,1,3.2003164265661668,152.38391778324953,161.16684434948365,6,1,5.0,-1.0,4.0,4.0
uepP036,6,2,4,RR,4.0,1.0,2,3.3138227208977082,1,5.284782193230198,161.16684434948365,172.76544926361157,6,1,5.0,-1.0,4.0,4.0
uepP036,6,2,5,RR,9.0,-4.0,2,4.126744717054515,1,5.5982453373918055,172.76544926361157,185.4904393180579,6,1,5.0,-1.0,4.0,4.0
uepP036,6,2,6,RR,2.0,2.0,2,4.47430585761969,1,6.027078964200277,185.4904393180579,198.99182413987788,6,1,5.0,-1.0,4.0,4.0
uepP036,6,2,7,RR,1.0,3.0,2,3.814268239898869,1,5.478872839060381,198.99182413987788,211.28496521883713,6,1,5.0,-1.0,4.0,4.0
uepP036,6,2,8,RR,6.0,-6.0,2,3.127471932864315,1,4.129992649764821,211.28496521883713,221.54242980146628,6,1,5.0,-1.0,4.0,4.0
uepP036,6,2,9,RR,-4.0,-1.0,2,4.423094145494308,1,4.479900563360811,221.54242980146628,233.4454245103214,6,1,5.0,-1.0,4.0,4.0
uepP036,6,2,10,RR,9.0,-1.0,2,3.0169242489367174,1,6.388790183146709,233.4454245103214,245.85113894240482,6,1,5.0,-1.0,4.0,4.0
