subjectId,runId,blockId,trialId,condition,leftAnswer,rightAnswer,choiceDuration,isiDuration,feedbackDuration,itiDuration,stimOnset,itiOffset,leftColor,rightColor,mu1,mu2,sd1,sd2
uepP045,2,4,1,RR,-31.0,2.0,2,3.7989497869742834,1,5.662925255276126,367.08131510366167,379.5431901459121,5,3,-29.0,-3.0,4.0,4.0
uepP045,2,4,2,RR,-29.0,-5.0,2,1.7794243097850382,1,5.23427911923352,379.5431901459121,389.55689357493065,5,3,-29.0,-3.0,4.0,4.0
uepP045,2,4,3,RR,-27.0,-2.0,2,4.025069379944194,1,4.502514719615327,389.55689357493065,401.08447767449013,5,3,-29.0,-3.0,4.0,4.0
uepP045,2,4,4,RR,-26.0,-4.0,2,3.4035041955044516,1,3.1997265706980333,401.08447767449013,410.68770844069263,5,3,-29.0,-3.0,4.0,4.0
uepP045,2,4,5,RR,-29.0,-4.0,2,2.1628877678010703,1,3.2853735881456463,410.68770844069263,419.13596979663936,5,3,-29.0,-3.0,4.0,4.0
uepP045,2,4,6,RR,-38.0,-2.0,2,2.375441162869893,1,5.242602611454337,419.13596979663936,429.7540135709636,5,3,-29.0,-3.0,4.0,4.0
uepP045,2,4,7,RR,-31.0,0.0,2,4.613319843251401,1,3.5407733418309597,429.7540135709636,440.908106756046,5,3,-29.0,-3.0,4.0,4.0
uepP045,2,4,8,RR,-33.0,-7.0,2,3.7604883438194316,1,4.507488998875004,440.908106756046,452.1760840987404,5,3,-29.0,-3.0,4.0,4.0
uepP045,2,4,9,RR,-26.0,-7.0,2,2.6876386139932564,1,5.500822418301871,452.1760840987404,463.3645451310355,5,3,-29.0,-3.0,4.0,4.0
uepP045,2,4,10,RR,-33.0,2.0,2,2.6847815674403632,1,4.950673301524199,463.3645451310355,474.0000000000001,5,3,-29.0,-3.0,4.0,4.0
