subjectId,runId,blockId,trialId,condition,leftAnswer,rightAnswer,choiceDuration,isiDuration,feedbackDuration,itiDuration,stimOnset,itiOffset,leftColor,rightColor,mu1,mu2,sd1,sd2
uepP042,4,4,1,SR,3.0,4.0,2,2.4510092087328856,1,5.586081600513506,370.7864064214537,381.8234972307001,2,3,3.0,12.0,0,4.0
uepP042,4,4,2,SR,3.0,6.0,2,3.372089677489306,1,3.9536664484727013,381.8234972307001,392.14925335666214,2,3,3.0,12.0,0,4.0
uepP042,4,4,3,SR,3.0,12.0,2,2.6364235205006867,1,4.903214981357871,392.14925335666214,402.68889185852066,2,3,3.0,12.0,0,4.0
uepP042,4,4,4,SR,3.0,12.0,2,4.316620677556997,1,4.84018401959547,402.68889185852066,414.84569655567316,2,3,3.0,12.0,0,4.0
uepP042,4,4,5,SR,3.0,10.0,2,2.19529536805245,1,6.120855028456281,414.84569655567316,426.16184695218186,2,3,3.0,12.0,0,4.0
uepP042,4,4,6,SR,3.0,13.0,2,2.282239599259256,1,3.5936737766928473,426.16184695218186,435.03776032813397,2,3,3.0,12.0,0,4.0
uepP042,4,4,7,SR,3.0,9.0,2,1.869122229820042,1,3.263990459575536,435.03776032813397,443.1708730175296,2,3,3.0,12.0,0,4.0
uepP042,4,4,8,SR,3.0,10.0,2,1.7316238841687412,1,5.250721394396442,443.1708730175296,453.1532182960948,2,3,3.0,12.0,0,4.0
uepP042,4,4,9,SR,3.0,17.0,2,4.766992267587629,1,4.07891807007567,453.1532182960948,464.99912863375806,2,3,3.0,12.0,0,4.0
uepP042,4,4,10,SR,3.0,10.0,2,2.1443320962355013,1,3.856539270006429,464.99912863375806,473.99999999999994,2,3,3.0,12.0,0,4.0
