subjectId,runId,blockId,trialId,condition,leftAnswer,rightAnswer,choiceDuration,isiDuration,feedbackDuration,itiDuration,stimOnset,itiOffset,leftColor,rightColor,mu1,mu2,sd1,sd2
uepP036,4,1,1,RR,-9.0,-7.0,2,4.201919333640139,1,3.3098938393725974,16,26.511813173012737,2,1,-14.0,-1.0,4.0,4.0
uepP036,4,1,2,RR,-9.0,-4.0,2,2.3872872728319403,1,5.615769365260905,26.511813173012737,37.514869811105584,2,1,-14.0,-1.0,4.0,4.0
uepP036,4,1,3,RR,-13.0,-1.0,2,3.728829295543466,1,3.4719713175040354,37.514869811105584,47.71567042415308,2,1,-14.0,-1.0,4.0,4.0
uepP036,4,1,4,RR,-14.0,-2.0,2,2.169684013845368,1,3.394616767096471,47.71567042415308,56.279971205094924,2,1,-14.0,-1.0,4.0,4.0
uepP036,4,1,5,RR,-19.0,-11.0,2,4.021611275962953,1,6.346258224991507,56.279971205094924,69.64784070604938,2,1,-14.0,-1.0,4.0,4.0
uepP036,4,1,6,RR,-19.0,-8.0,2,4.830576150687648,1,5.024606600363893,69.64784070604938,82.50302345710092,2,1,-14.0,-1.0,4.0,4.0
uepP036,4,1,7,RR,-17.0,4.0,2,2.9863014179859433,1,4.619213140103464,82.50302345710092,93.10853801519033,2,1,-14.0,-1.0,4.0,4.0
uepP036,4,1,8,RR,-19.0,0.0,2,3.914950944194979,1,4.069663976355809,93.10853801519033,104.09315293574113,2,1,-14.0,-1.0,4.0,4.0
uepP036,4,1,9,RR,-9.0,-6.0,2,1.792293782731676,1,4.038924953927376,104.09315293574113,112.92437167240018,2,1,-14.0,-1.0,4.0,4.0
uepP036,4,1,10,RR,-14.0,-1.0,2,3.820370913749122,1,5.90566945288575,112.92437167240018,125.65041203903505,2,1,-14.0,-1.0,4.0,4.0
