subjectId,runId,blockId,trialId,condition,leftAnswer,rightAnswer,choiceDuration,isiDuration,feedbackDuration,itiDuration,stimOnset,itiOffset,leftColor,rightColor,mu1,mu2,sd1,sd2
uepP044,2,4,1,RS,12.0,3.0,2,3.916338492567051,1,4.791968624165468,365.9153405642429,377.6236476809754,5,1,10.0,3.0,4.0,0
uepP044,2,4,2,RS,6.0,3.0,2,2.5988333199153812,1,5.24127931150247,377.6236476809754,388.4637603123933,5,1,10.0,3.0,4.0,0
uepP044,2,4,3,RS,10.0,3.0,2,2.021180524677751,1,3.790206090646788,388.4637603123933,397.2751469277178,5,1,10.0,3.0,4.0,0
uepP044,2,4,4,RS,12.0,3.0,2,4.7027610937964806,1,5.482004557991761,397.2751469277178,410.45991257950607,5,1,10.0,3.0,4.0,0
uepP044,2,4,5,RS,10.0,3.0,2,3.047557207510938,1,4.275518147203744,410.45991257950607,420.7829879342207,5,1,10.0,3.0,4.0,0
uepP044,2,4,6,RS,11.0,3.0,2,3.454786528991825,1,4.766360602335866,420.7829879342207,432.0041350655484,5,1,10.0,3.0,4.0,0
uepP044,2,4,7,RS,5.0,3.0,2,4.59486830202168,1,4.5915525482853825,432.0041350655484,444.19055591585544,5,1,10.0,3.0,4.0,0
uepP044,2,4,8,RS,18.0,3.0,2,1.597495398063372,1,3.7339386225933304,444.19055591585544,452.5219899365121,5,1,10.0,3.0,4.0,0
uepP044,2,4,9,RS,14.0,3.0,2,3.07732603874224,1,5.291785795648822,452.5219899365121,463.89110177090316,5,1,10.0,3.0,4.0,0
uepP044,2,4,10,RS,12.0,3.0,2,2.6537184225461647,1,4.455179806550557,463.89110177090316,473.9999999999999,5,1,10.0,3.0,4.0,0
