subjectId,runId,blockId,trialId,condition,leftAnswer,rightAnswer,choiceDuration,isiDuration,feedbackDuration,itiDuration,stimOnset,itiOffset,leftColor,rightColor,mu1,mu2,sd1,sd2
uepP045,4,1,1,SS,7.0,-19.0,2,1.9599871049702318,1,5.758518306105305,16,26.718505411075537,6,1,7.0,-19.0,0,0
uepP045,4,1,2,SS,7.0,-19.0,2,4.179614888252716,1,6.256622877633044,26.718505411075537,40.1547431769613,6,1,7.0,-19.0,0,0
uepP045,4,1,3,SS,7.0,-19.0,2,1.7182970761382148,1,6.032071204234787,40.1547431769613,50.9051114573343,6,1,7.0,-19.0,0,0
uepP045,4,1,4,SS,7.0,-19.0,2,4.846592034545455,1,3.4275068103675697,50.9051114573343,62.17921030224732,6,1,7.0,-19.0,0,0
uepP045,4,1,5,SS,7.0,-19.0,2,3.664003583692242,1,5.101719040479329,62.17921030224732,73.9449329264189,6,1,7.0,-19.0,0,0
uepP045,4,1,6,SS,7.0,-19.0,2,2.675078959681816,1,3.6363374191979596,73.9449329264189,83.25634930529867,6,1,7.0,-19.0,0,0
uepP045,4,1,7,SS,7.0,-19.0,2,3.24393497165805,1,4.996007840663665,83.25634930529867,94.49629211762038,6,1,7.0,-19.0,0,0
uepP045,4,1,8,SS,7.0,-19.0,2,3.7061291777574032,1,6.385997115961617,94.49629211762038,107.5884184113394,6,1,7.0,-19.0,0,0
uepP045,4,1,9,SS,7.0,-19.0,2,3.863302706074215,1,6.413520230146402,107.5884184113394,120.86524134756003,6,1,7.0,-19.0,0,0
uepP045,4,1,10,SS,7.0,-19.0,2,2.4813676134183233,1,3.91532212348902,120.86524134756003,130.2619310844674,6,1,7.0,-19.0,0,0
