subjectId,runId,blockId,trialId,condition,leftAnswer,rightAnswer,choiceDuration,isiDuration,feedbackDuration,itiDuration,stimOnset,itiOffset,leftColor,rightColor,mu1,mu2,sd1,sd2
uepP046,4,2,1,SR,-4.0,-15.0,2,1.7517972799261927,1,3.554762533555117,131.5933151208834,139.8998749343647,3,0,-4.0,-14.0,0,4.0
uepP046,4,2,2,SR,-4.0,-15.0,2,3.6979335660919412,1,6.111200721254773,139.8998749343647,152.7090092217114,3,0,-4.0,-14.0,0,4.0
uepP046,4,2,3,SR,-4.0,-13.0,2,4.315634905832853,1,6.111914605416405,152.7090092217114,166.13655873296068,3,0,-4.0,-14.0,0,4.0
uepP046,4,2,4,SR,-4.0,-12.0,2,2.880332979745802,1,4.932632016547412,166.13655873296068,176.94952372925388,3,0,-4.0,-14.0,0,4.0
uepP046,4,2,5,SR,-4.0,-15.0,2,2.906395659363757,1,4.332789646840375,176.94952372925388,187.18870903545803,3,0,-4.0,-14.0,0,4.0
uepP046,4,2,6,SR,-4.0,-15.0,2,1.6923904880914036,1,5.969840611649498,187.18870903545803,197.85094013519893,3,0,-4.0,-14.0,0,4.0
uepP046,4,2,7,SR,-4.0,-25.0,2,2.782265792642704,1,4.666771496654081,197.85094013519893,208.29997742449572,3,0,-4.0,-14.0,0,4.0
uepP046,4,2,8,SR,-4.0,-15.0,2,4.424395503540795,1,4.142615093382925,208.29997742449572,219.86698802141944,3,0,-4.0,-14.0,0,4.0
uepP046,4,2,9,SR,-4.0,-11.0,2,4.18231745507039,1,6.108788607000096,219.86698802141944,233.15809408348994,3,0,-4.0,-14.0,0,4.0
uepP046,4,2,10,SR,-4.0,-11.0,2,3.1605868652705333,1,4.968090500053937,233.15809408348994,244.28677144881442,3,0,-4.0,-14.0,0,4.0
