subjectId,runId,blockId,trialId,condition,leftAnswer,rightAnswer,choiceDuration,isiDuration,feedbackDuration,itiDuration,stimOnset,itiOffset,leftColor,rightColor,mu1,mu2,sd1,sd2
uepP054,2,4,1,SR,-4.0,-24.0,2,2.6052026320663084,1,4.433766551353699,364.3974102718405,374.4363794552605,3,4,-4.0,-18.0,0,4.0
uepP054,2,4,2,SR,-4.0,-15.0,2,3.3209598831586744,1,5.892232357509859,374.4363794552605,386.649571695929,3,4,-4.0,-18.0,0,4.0
uepP054,2,4,3,SR,-4.0,-19.0,2,3.197424470987932,1,6.037953975640553,386.649571695929,398.8849501425575,3,4,-4.0,-18.0,0,4.0
uepP054,2,4,4,SR,-4.0,-20.0,2,3.698424816294182,1,4.969061408086094,398.8849501425575,410.55243636693774,3,4,-4.0,-18.0,0,4.0
uepP054,2,4,5,SR,-4.0,-16.0,2,3.6279429357778614,1,5.354101741211825,410.55243636693774,422.5344810439274,3,4,-4.0,-18.0,0,4.0
uepP054,2,4,6,SR,-4.0,-22.0,2,4.243099805418749,1,3.242893838307131,422.5344810439274,433.0204746876533,3,4,-4.0,-18.0,0,4.0
uepP054,2,4,7,SR,-4.0,-10.0,2,1.8027544068536454,1,4.522553216044601,433.0204746876533,442.34578231055156,3,4,-4.0,-18.0,0,4.0
uepP054,2,4,8,SR,-4.0,-16.0,2,3.209387962524909,1,5.316153233748551,442.34578231055156,453.871323506825,3,4,-4.0,-18.0,0,4.0
uepP054,2,4,9,SR,-4.0,-13.0,2,2.962536168620108,1,3.2064706236537193,453.871323506825,463.0403302990988,3,4,-4.0,-18.0,0,4.0
uepP054,2,4,10,SR,-4.0,-12.0,2,4.520294280423745,1,3.4393754204774103,463.0403302990988,473.99999999999994,3,4,-4.0,-18.0,0,4.0
