subjectId,runId,blockId,trialId,condition,leftAnswer,rightAnswer,choiceDuration,isiDuration,feedbackDuration,itiDuration,stimOnset,itiOffset,leftColor,rightColor,mu1,mu2,sd1,sd2
uepP033,6,4,1,SS,-12.0,18.0,2,1.7379937946761426,1,6.066791000770396,359.2283356411256,370.0331204365722,4,2,-12.0,18.0,0,0
uepP033,6,4,2,SS,-12.0,18.0,2,4.277543596949517,1,4.116032048533657,370.0331204365722,381.42669608205534,4,2,-12.0,18.0,0,0
uepP033,6,4,3,SS,-12.0,18.0,2,4.65578780525509,1,4.817300892016204,381.42669608205534,393.89978477932664,4,2,-12.0,18.0,0,0
uepP033,6,4,4,SS,-12.0,18.0,2,2.2638334558854654,1,4.30906311877151,393.89978477932664,403.4726813539836,4,2,-12.0,18.0,0,0
uepP033,6,4,5,SS,-12.0,18.0,2,3.068871594634104,1,4.155658012880766,403.4726813539836,413.6972109614985,4,2,-12.0,18.0,0,0
uepP033,6,4,6,SS,-12.0,18.0,2,3.2699599136878885,1,5.272210712947663,413.6972109614985,425.23938158813405,4,2,-12.0,18.0,0,0
uepP033,6,4,7,SS,-12.0,18.0,2,3.580771893331043,1,4.436989537210323,425.23938158813405,436.2571430186754,4,2,-12.0,18.0,0,0
uepP033,6,4,8,SS,-12.0,18.0,2,4.647468620284865,1,4.267589283671403,436.2571430186754,448.17220092263165,4,2,-12.0,18.0,0,0
uepP033,6,4,9,SS,-12.0,18.0,2,4.313309357257694,1,5.008158261490023,448.17220092263165,460.49366854137935,4,2,-12.0,18.0,0,0
uepP033,6,4,10,SS,-12.0,18.0,2,4.256809786495601,1,6.249521672125067,460.49366854137935,474.0,4,2,-12.0,18.0,0,0
