subjectId,runId,blockId,trialId,condition,leftAnswer,rightAnswer,choiceDuration,isiDuration,feedbackDuration,itiDuration,stimOnset,itiOffset,leftColor,rightColor,mu1,mu2,sd1,sd2
uepP042,1,2,1,RS,5.0,-13.0,2,3.5376601353860946,1,5.655209689819801,131.37008456299128,143.56295438819717,0,1,1.0,-13.0,4.0,0
uepP042,1,2,2,RS,-1.0,-13.0,2,3.730425763403478,1,4.86442087479786,143.56295438819717,155.15780102639852,0,1,1.0,-13.0,4.0,0
uepP042,1,2,3,RS,-3.0,-13.0,2,2.4951069275190423,1,6.131855765700647,155.15780102639852,166.78476371961818,0,1,1.0,-13.0,4.0,0
uepP042,1,2,4,RS,-4.0,-13.0,2,3.7935264981354524,1,3.8447183913685494,166.78476371961818,177.4230086091222,0,1,1.0,-13.0,4.0,0
uepP042,1,2,5,RS,0.0,-13.0,2,2.163425657367489,1,5.820587293063322,177.4230086091222,188.40702155955302,0,1,1.0,-13.0,4.0,0
uepP042,1,2,6,RS,-1.0,-13.0,2,2.0953295086467816,1,3.7299018905491796,188.40702155955302,197.23225295874897,0,1,1.0,-13.0,4.0,0
uepP042,1,2,7,RS,-0.0,-13.0,2,3.244555840246121,1,4.00919284626441,197.23225295874897,207.48600164525948,0,1,1.0,-13.0,4.0,0
uepP042,1,2,8,RS,3.0,-13.0,2,4.357470204964999,1,3.2368747103736952,207.48600164525948,218.08034656059817,0,1,1.0,-13.0,4.0,0
uepP042,1,2,9,RS,-3.0,-13.0,2,2.727676535516341,1,4.419302453436317,218.08034656059817,228.22732554955084,0,1,1.0,-13.0,4.0,0
uepP042,1,2,10,RS,7.0,-13.0,2,1.762512218548578,1,5.079078247375429,228.22732554955084,238.06891601547485,0,1,1.0,-13.0,4.0,0
