subjectId,runId,blockId,trialId,condition,leftAnswer,rightAnswer,choiceDuration,isiDuration,feedbackDuration,itiDuration,stimOnset,itiOffset,leftColor,rightColor,mu1,mu2,sd1,sd2
uepP015,5,1,1,SS,5.0,2.0,2,2.8670938468866254,1,6.148015846494822,16,28.015109693381447,6,7,5.0,2.0,0,0
uepP015,5,1,2,SS,5.0,2.0,2,3.7229986368673735,1,4.7641695560344735,28.015109693381447,39.502277886283295,6,7,5.0,2.0,0,0
uepP015,5,1,3,SS,5.0,2.0,2,2.0284513805003854,1,3.481036207458152,39.502277886283295,48.011765474241834,6,7,5.0,2.0,0,0
uepP015,5,1,4,SS,5.0,2.0,2,3.4553385401654992,1,4.813604757237826,48.011765474241834,59.28070877164516,6,7,5.0,2.0,0,0
uepP015,5,1,5,SS,5.0,2.0,2,1.8361277044155702,1,3.615146397123696,59.28070877164516,67.73198287318442,6,7,5.0,2.0,0,0
uepP015,5,1,6,SS,5.0,2.0,2,3.7233714960719975,1,3.3690779699601356,67.73198287318442,77.82443233921654,6,7,5.0,2.0,0,0
uepP015,5,1,7,SS,5.0,2.0,2,1.73770029407116,1,3.9753942257546293,77.82443233921654,86.53752685904233,6,7,5.0,2.0,0,0
uepP015,5,1,8,SS,5.0,2.0,2,2.8062464520012402,1,4.999166571887753,86.53752685904233,97.34293988293133,6,7,5.0,2.0,0,0
uepP015,5,1,9,SS,5.0,2.0,2,4.316282619858095,1,3.7371093092358505,97.34293988293133,108.39633181202528,6,7,5.0,2.0,0,0
uepP015,5,1,10,SS,5.0,2.0,2,4.655758624518818,1,5.95194622101524,108.39633181202528,122.00403665755933,6,7,5.0,2.0,0,0
