subjectId,runId,blockId,trialId,condition,leftAnswer,rightAnswer,choiceDuration,isiDuration,feedbackDuration,itiDuration,stimOnset,itiOffset,leftColor,rightColor,mu1,mu2,sd1,sd2
uepP018,8,3,1,SR,8.0,-3.0,2,3.4652745964872227,1,3.8132413749616583,245.572436470701,255.8509524421499,4,5,8.0,-7.0,0,4.0
uepP018,8,3,2,SR,8.0,-6.0,2,4.895802678240057,1,3.8709557779663983,255.8509524421499,267.61771089835634,4,5,8.0,-7.0,0,4.0
uepP018,8,3,3,SR,8.0,-7.0,2,2.9123324029956197,1,6.452392053342021,267.61771089835634,279.98243535469396,4,5,8.0,-7.0,0,4.0
uepP018,8,3,4,SR,8.0,-8.0,2,1.8027906808589527,1,3.861720897319427,279.98243535469396,288.6469469328723,4,5,8.0,-7.0,0,4.0
uepP018,8,3,5,SR,8.0,-1.0,2,3.7246424449454847,1,4.796335871311571,288.6469469328723,300.1679252491293,4,5,8.0,-7.0,0,4.0
uepP018,8,3,6,SR,8.0,-8.0,2,3.998003539759697,1,4.150629122333315,300.1679252491293,311.31655791122233,4,5,8.0,-7.0,0,4.0
uepP018,8,3,7,SR,8.0,-5.0,2,3.6881709926860204,1,6.40383822274248,311.31655791122233,324.40856712665084,4,5,8.0,-7.0,0,4.0
uepP018,8,3,8,SR,8.0,-6.0,2,3.161088801716413,1,4.4836825461642205,324.40856712665084,335.0533384745315,4,5,8.0,-7.0,0,4.0
uepP018,8,3,9,SR,8.0,-10.0,2,2.68473482607495,1,3.6415977340504493,335.0533384745315,344.37967103465684,4,5,8.0,-7.0,0,4.0
uepP018,8,3,10,SR,8.0,-9.0,2,3.9990110716105276,1,5.347577127562583,344.37967103465684,356.72625923383,4,5,8.0,-7.0,0,4.0
