subjectId,runId,blockId,trialId,condition,leftAnswer,rightAnswer,choiceDuration,isiDuration,feedbackDuration,itiDuration,stimOnset,itiOffset,leftColor,rightColor,mu1,mu2,sd1,sd2
uepP052,6,2,1,RS,-9.0,-2.0,2,3.1020632643713695,1,5.682997591146155,134.52580657298842,146.31086742850593,1,0,-12.0,-2.0,4.0,0
uepP052,6,2,2,RS,-12.0,-2.0,2,2.6279725424051277,1,4.756472008784819,146.31086742850593,156.69531197969587,1,0,-12.0,-2.0,4.0,0
uepP052,6,2,3,RS,-17.0,-2.0,2,3.0452064199129287,1,5.432446912707213,156.69531197969587,168.172965312316,1,0,-12.0,-2.0,4.0,0
uepP052,6,2,4,RS,-13.0,-2.0,2,1.6078225455402824,1,4.32893413714236,168.172965312316,177.10972199499864,1,0,-12.0,-2.0,4.0,0
uepP052,6,2,5,RS,-12.0,-2.0,2,3.064810054653098,1,4.0926581413281085,177.10972199499864,187.26719019097985,1,0,-12.0,-2.0,4.0,0
uepP052,6,2,6,RS,-7.0,-2.0,2,4.2715269924195525,1,3.356860659700669,187.26719019097985,197.89557784310006,1,0,-12.0,-2.0,4.0,0
uepP052,6,2,7,RS,-14.0,-2.0,2,2.299451219374147,1,6.012652186266889,197.89557784310006,209.20768124874107,1,0,-12.0,-2.0,4.0,0
uepP052,6,2,8,RS,-12.0,-2.0,2,4.237179714547607,1,3.8517822326204585,209.20768124874107,220.29664319590913,1,0,-12.0,-2.0,4.0,0
uepP052,6,2,9,RS,-9.0,-2.0,2,4.235634410372804,1,3.7914627059286157,220.29664319590913,231.32374031221053,1,0,-12.0,-2.0,4.0,0
uepP052,6,2,10,RS,-14.0,-2.0,2,4.441234093674258,1,4.920844761333555,231.32374031221053,243.68581916721837,1,0,-12.0,-2.0,4.0,0
