subjectId,runId,blockId,trialId,condition,leftAnswer,rightAnswer,choiceDuration,isiDuration,feedbackDuration,itiDuration,stimOnset,itiOffset,leftColor,rightColor,mu1,mu2,sd1,sd2
uepP046,2,1,1,SS,16.0,-14.0,2,2.9494797496059566,1,6.014494329512486,16,27.963974079118444,3,2,16.0,-14.0,0,0
uepP046,2,1,2,SS,16.0,-14.0,2,3.2101594420823307,1,4.482938972492546,27.963974079118444,38.65707249369332,3,2,16.0,-14.0,0,0
uepP046,2,1,3,SS,16.0,-14.0,2,3.589328204877648,1,4.6972421580927,38.65707249369332,49.943642856663665,3,2,16.0,-14.0,0,0
uepP046,2,1,4,SS,16.0,-14.0,2,3.7546652581841653,1,4.991526965544153,49.943642856663665,61.68983508039199,3,2,16.0,-14.0,0,0
uepP046,2,1,5,SS,16.0,-14.0,2,4.2295658790252215,1,3.2872158341642788,61.68983508039199,72.20661679358147,3,2,16.0,-14.0,0,0
uepP046,2,1,6,SS,16.0,-14.0,2,3.087199192560102,1,4.149046193701792,72.20661679358147,82.44286217984337,3,2,16.0,-14.0,0,0
uepP046,2,1,7,SS,16.0,-14.0,2,4.412773569153801,1,3.797265775313387,82.44286217984337,93.65290152431056,3,2,16.0,-14.0,0,0
uepP046,2,1,8,SS,16.0,-14.0,2,4.298688312449444,1,4.438896308959621,93.65290152431056,105.39048614571963,3,2,16.0,-14.0,0,0
uepP046,2,1,9,SS,16.0,-14.0,2,4.1629350615964995,1,4.397868654505516,105.39048614571963,116.95128986182165,3,2,16.0,-14.0,0,0
uepP046,2,1,10,SS,16.0,-14.0,2,3.381925855241939,1,4.82240621535185,116.95128986182165,128.15562193241544,3,2,16.0,-14.0,0,0
