subjectId,runId,blockId,trialId,condition,leftAnswer,rightAnswer,choiceDuration,isiDuration,feedbackDuration,itiDuration,stimOnset,itiOffset,leftColor,rightColor,mu1,mu2,sd1,sd2
uepP016,1,3,1,RS,-8.0,-1.0,2,3.485980997142563,1,3.8589145974879604,251.37027869632482,261.71517429095536,1,6,-6.0,-1.0,4.0,0
uepP016,1,3,2,RS,-5.0,-1.0,2,1.765284464871212,1,4.191804780327631,261.71517429095536,270.6722635361542,1,6,-6.0,-1.0,4.0,0
uepP016,1,3,3,RS,-4.0,-1.0,2,3.233018527881501,1,3.6536260216605765,270.6722635361542,280.55890808569626,1,6,-6.0,-1.0,4.0,0
uepP016,1,3,4,RS,-8.0,-1.0,2,2.058376604065202,1,3.508472950898219,280.55890808569626,289.1257576406597,1,6,-6.0,-1.0,4.0,0
uepP016,1,3,5,RS,-9.0,-1.0,2,4.786887308728261,1,4.230408079323812,289.1257576406597,301.14305302871173,1,6,-6.0,-1.0,4.0,0
uepP016,1,3,6,RS,-0.0,-1.0,2,4.4577739761264885,1,5.968161895384759,301.14305302871173,314.56898890022296,1,6,-6.0,-1.0,4.0,0
uepP016,1,3,7,RS,-5.0,-1.0,2,3.0478474657393866,1,5.296471051700157,314.56898890022296,325.9133074176625,1,6,-6.0,-1.0,4.0,0
uepP016,1,3,8,RS,-9.0,-1.0,2,2.6946136606547157,1,3.9543088339040366,325.9133074176625,335.56222991222126,1,6,-6.0,-1.0,4.0,0
uepP016,1,3,9,RS,-3.0,-1.0,2,3.173653004560406,1,4.149787000576007,335.56222991222126,345.88566991735763,1,6,-6.0,-1.0,4.0,0
uepP016,1,3,10,RS,-5.0,-1.0,2,3.340967604032713,1,6.479288253688377,345.88566991735763,358.7059257750787,1,6,-6.0,-1.0,4.0,0
