subjectId,runId,blockId,trialId,condition,leftAnswer,rightAnswer,choiceDuration,isiDuration,feedbackDuration,itiDuration,stimOnset,itiOffset,leftColor,rightColor,mu1,mu2,sd1,sd2
uepP039,8,3,1,RR,10.0,2.0,2,2.6169878602659047,1,5.956849376919837,243.63480482514635,255.2086420623321,6,4,7.0,2.0,4.0,4.0
uepP039,8,3,2,RR,6.0,-5.0,2,3.2949453182406296,1,3.865926545335057,255.2086420623321,265.3695139259078,6,4,7.0,2.0,4.0,4.0
uepP039,8,3,3,RR,-0.0,3.0,2,2.9569840915323145,1,3.7982318204960963,265.3695139259078,275.12472983793623,6,4,7.0,2.0,4.0,4.0
uepP039,8,3,4,RR,10.0,2.0,2,3.433531985910171,1,3.731013146269255,275.12472983793623,285.2892749701157,6,4,7.0,2.0,4.0,4.0
uepP039,8,3,5,RR,5.0,9.0,2,2.651745756972662,1,6.191548755121027,285.2892749701157,297.13256948220936,6,4,7.0,2.0,4.0,4.0
uepP039,8,3,6,RR,12.0,-1.0,2,2.555080848026037,1,5.504234997240185,297.13256948220936,308.1918853274756,6,4,7.0,2.0,4.0,4.0
uepP039,8,3,7,RR,5.0,7.0,2,2.9917054738654496,1,4.426495745524414,308.1918853274756,318.61008654686543,6,4,7.0,2.0,4.0,4.0
uepP039,8,3,8,RR,6.0,-1.0,2,3.6991523662332346,1,6.20380730021771,318.61008654686543,331.5130462133164,6,4,7.0,2.0,4.0,4.0
uepP039,8,3,9,RR,1.0,1.0,2,3.162985753203457,1,5.905109550665386,331.5130462133164,343.5811415171852,6,4,7.0,2.0,4.0,4.0
uepP039,8,3,10,RR,2.0,-3.0,2,1.995297467330563,1,3.9304446448330164,343.5811415171852,352.50688362934875,6,4,7.0,2.0,4.0,4.0
