subjectId,runId,blockId,trialId,condition,leftAnswer,rightAnswer,choiceDuration,isiDuration,feedbackDuration,itiDuration,stimOnset,itiOffset,leftColor,rightColor,mu1,mu2,sd1,sd2
uepP006,4,1,1,RR,-0.0,-9.0,2,2.940160439586105,1,5.117371569555546,16,27.057532009141653,1,4,-0.0,-9.0,4.0,4.0
uepP006,4,1,2,RR,-3.0,-11.0,2,2.7497580534535855,1,5.888165828886872,27.057532009141653,38.69545589148211,1,4,-0.0,-9.0,4.0,4.0
uepP006,4,1,3,RR,1.0,-12.0,2,4.055074885064239,1,4.30991697086603,38.69545589148211,50.060447747412375,1,4,-0.0,-9.0,4.0,4.0
uepP006,4,1,4,RR,-3.0,-8.0,2,4.719987016713591,1,5.238513297231713,50.060447747412375,63.018948061357676,1,4,-0.0,-9.0,4.0,4.0
uepP006,4,1,5,RR,-1.0,-4.0,2,4.277639689789076,1,4.72293584212381,63.018948061357676,75.01952359327055,1,4,-0.0,-9.0,4.0,4.0
uepP006,4,1,6,RR,3.0,-18.0,2,3.915414311636124,1,6.169446682425533,75.01952359327055,88.1043845873322,1,4,-0.0,-9.0,4.0,4.0
uepP006,4,1,7,RR,2.0,-14.0,2,3.8376519060803864,1,5.293035879938631,88.1043845873322,100.23507237335122,1,4,-0.0,-9.0,4.0,4.0
uepP006,4,1,8,RR,-4.0,-8.0,2,1.885565466694861,1,3.7129994018733163,100.23507237335122,108.83363724191939,1,4,-0.0,-9.0,4.0,4.0
uepP006,4,1,9,RR,-1.0,-8.0,2,3.9354393176462295,1,4.798427676135058,108.83363724191939,120.56750423570068,1,4,-0.0,-9.0,4.0,4.0
uepP006,4,1,10,RR,-7.0,-12.0,2,2.0893254885007564,1,4.203091739303027,120.56750423570068,129.85992146350446,1,4,-0.0,-9.0,4.0,4.0
