subjectId,runId,blockId,trialId,condition,leftAnswer,rightAnswer,choiceDuration,isiDuration,feedbackDuration,itiDuration,stimOnset,itiOffset,leftColor,rightColor,mu1,mu2,sd1,sd2
uepP049,7,2,1,RS,7.0,-6.0,2,2.863021071112804,1,4.216654394766042,139.94949202474453,150.02916749062337,4,6,3.0,-6.0,4.0,0
uepP049,7,2,2,RS,-1.0,-6.0,2,4.282795880365797,1,4.936378143963927,150.02916749062337,162.2483415149531,4,6,3.0,-6.0,4.0,0
uepP049,7,2,3,RS,3.0,-6.0,2,1.9199116442117052,1,4.24454233065161,162.2483415149531,171.4127954898164,4,6,3.0,-6.0,4.0,0
uepP049,7,2,4,RS,3.0,-6.0,2,4.342343470181816,1,4.443312034827999,171.4127954898164,183.19845099482623,4,6,3.0,-6.0,4.0,0
uepP049,7,2,5,RS,0.0,-6.0,2,3.319367420938666,1,3.6974972270825344,183.19845099482623,193.21531564284743,4,6,3.0,-6.0,4.0,0
uepP049,7,2,6,RS,8.0,-6.0,2,2.7735937186788795,1,5.880883807468663,193.21531564284743,204.869793168995,4,6,3.0,-6.0,4.0,0
uepP049,7,2,7,RS,-2.0,-6.0,2,3.721643126224558,1,5.850807742687784,204.869793168995,217.44224403790733,4,6,3.0,-6.0,4.0,0
uepP049,7,2,8,RS,1.0,-6.0,2,3.740097923335718,1,4.281593909770316,217.44224403790733,228.46393587101338,4,6,3.0,-6.0,4.0,0
uepP049,7,2,9,RS,3.0,-6.0,2,3.0085100744226136,1,4.566058736300541,228.46393587101338,239.03850468173653,4,6,3.0,-6.0,4.0,0
uepP049,7,2,10,RS,1.0,-6.0,2,3.4109975376652715,1,4.760999522036446,239.03850468173653,250.21050174143826,4,6,3.0,-6.0,4.0,0
