subjectId,runId,blockId,trialId,condition,leftAnswer,rightAnswer,choiceDuration,isiDuration,feedbackDuration,itiDuration,stimOnset,itiOffset,leftColor,rightColor,mu1,mu2,sd1,sd2
uepP038,8,1,1,SR,-1.0,-2.0,2,2.661566124707375,1,4.07983758110575,16,25.741403705813124,3,7,-1.0,-0.0,0,4.0
uepP038,8,1,2,SR,-1.0,-3.0,2,4.390882726940926,1,4.064342715335852,25.741403705813124,37.196629148089905,3,7,-1.0,-0.0,0,4.0
uepP038,8,1,3,SR,-1.0,-3.0,2,4.0481369811538555,1,5.740180564678049,37.196629148089905,49.984946693921806,3,7,-1.0,-0.0,0,4.0
uepP038,8,1,4,SR,-1.0,-2.0,2,1.6978654546323597,1,3.1184343511822123,49.984946693921806,57.80124649973637,3,7,-1.0,-0.0,0,4.0
uepP038,8,1,5,SR,-1.0,6.0,2,3.4154238436220785,1,6.125100952255654,57.80124649973637,70.34177129561411,3,7,-1.0,-0.0,0,4.0
uepP038,8,1,6,SR,-1.0,2.0,2,2.4204034582133875,1,5.352017235694339,70.34177129561411,81.11419198952183,3,7,-1.0,-0.0,0,4.0
uepP038,8,1,7,SR,-1.0,-4.0,2,4.287305179558736,1,5.53571143390851,81.11419198952183,93.93720860298907,3,7,-1.0,-0.0,0,4.0
uepP038,8,1,8,SR,-1.0,11.0,2,4.462462518250575,1,3.3067855904705277,93.93720860298907,104.70645671171017,3,7,-1.0,-0.0,0,4.0
uepP038,8,1,9,SR,-1.0,3.0,2,4.625317972122548,1,4.922668584927448,104.70645671171017,117.25444326876017,3,7,-1.0,-0.0,0,4.0
uepP038,8,1,10,SR,-1.0,2.0,2,1.6553408485267231,1,4.5943785826062555,117.25444326876017,126.50416269989314,3,7,-1.0,-0.0,0,4.0
