subjectId,runId,blockId,trialId,condition,leftAnswer,rightAnswer,choiceDuration,isiDuration,feedbackDuration,itiDuration,stimOnset,itiOffset,leftColor,rightColor,mu1,mu2,sd1,sd2
uepP042,5,3,1,SS,-9.0,-20.0,2,3.3926112031646958,1,5.779272083068085,243.06693450726175,255.23881779349455,7,3,-9.0,-20.0,0,0
uepP042,5,3,2,SS,-9.0,-20.0,2,2.3095707292584797,1,5.972966864036232,255.23881779349455,266.52135538678925,7,3,-9.0,-20.0,0,0
uepP042,5,3,3,SS,-9.0,-20.0,2,2.1048562324731717,1,4.508235172097941,266.52135538678925,276.1344467913604,7,3,-9.0,-20.0,0,0
uepP042,5,3,4,SS,-9.0,-20.0,2,3.9341761117958214,1,6.043349877839437,276.1344467913604,289.11197278099564,7,3,-9.0,-20.0,0,0
uepP042,5,3,5,SS,-9.0,-20.0,2,4.231088807410613,1,3.2705588759934736,289.11197278099564,299.61362046439973,7,3,-9.0,-20.0,0,0
uepP042,5,3,6,SS,-9.0,-20.0,2,2.577930589801309,1,5.825223208438655,299.61362046439973,311.01677426263973,7,3,-9.0,-20.0,0,0
uepP042,5,3,7,SS,-9.0,-20.0,2,2.2787587678832857,1,4.807008876963465,311.01677426263973,321.1025419074865,7,3,-9.0,-20.0,0,0
uepP042,5,3,8,SS,-9.0,-20.0,2,4.127870932948259,1,5.167699425332928,321.1025419074865,333.39811226576774,7,3,-9.0,-20.0,0,0
uepP042,5,3,9,SS,-9.0,-20.0,2,3.115175690340675,1,5.878844962370823,333.39811226576774,345.3921329184792,7,3,-9.0,-20.0,0,0
uepP042,5,3,10,SS,-9.0,-20.0,2,2.4636582497732773,1,5.104449368990583,345.3921329184792,355.96024053724307,7,3,-9.0,-20.0,0,0
