subjectId,runId,blockId,trialId,condition,leftAnswer,rightAnswer,choiceDuration,isiDuration,feedbackDuration,itiDuration,stimOnset,itiOffset,leftColor,rightColor,mu1,mu2,sd1,sd2
uepP020,5,1,1,SR,6.0,-4.0,2,2.1153317258266506,1,6.254121351323242,16,27.369453077149892,1,0,6.0,1.0,0,4.0
uepP020,5,1,2,SR,6.0,2.0,2,4.8478390415181964,1,4.8511939400477795,27.369453077149892,40.06848605871587,1,0,6.0,1.0,0,4.0
uepP020,5,1,3,SR,6.0,5.0,2,3.8074831789358425,1,6.53614635155985,40.06848605871587,53.41211558921156,1,0,6.0,1.0,0,4.0
uepP020,5,1,4,SR,6.0,6.0,2,2.3612720500761575,1,4.556805666212191,53.41211558921156,63.33019330549991,1,0,6.0,1.0,0,4.0
uepP020,5,1,5,SR,6.0,-1.0,2,1.9709440610840727,1,4.75806281648113,63.33019330549991,73.0592001830651,1,0,6.0,1.0,0,4.0
uepP020,5,1,6,SR,6.0,3.0,2,2.7610497798198024,1,3.878894316470217,73.0592001830651,82.69914427935512,1,0,6.0,1.0,0,4.0
uepP020,5,1,7,SR,6.0,-2.0,2,3.64912712517453,1,5.782971386023272,82.69914427935512,95.13124279055293,1,0,6.0,1.0,0,4.0
uepP020,5,1,8,SR,6.0,-1.0,2,3.64637932215684,1,6.1981303456832695,95.13124279055293,107.97575245839305,1,0,6.0,1.0,0,4.0
uepP020,5,1,9,SR,6.0,-1.0,2,2.657317539442374,1,5.104870754692446,107.97575245839305,118.73794075252786,1,0,6.0,1.0,0,4.0
uepP020,5,1,10,SR,6.0,-1.0,2,1.9870597596388229,1,6.553418588510376,118.73794075252786,130.27841910067707,1,0,6.0,1.0,0,4.0
