subjectId,runId,blockId,trialId,condition,leftAnswer,rightAnswer,choiceDuration,isiDuration,feedbackDuration,itiDuration,stimOnset,itiOffset,leftColor,rightColor,mu1,mu2,sd1,sd2
uepP059,1,3,1,SS,-5.0,-1.0,2,2.772054468622198,1,4.97997965057827,248.5704118327066,259.32244595190707,0,7,-5.0,-1.0,0,0
uepP059,1,3,2,SS,-5.0,-1.0,2,3.405375635912626,1,4.189526576178869,259.32244595190707,269.91734816399855,0,7,-5.0,-1.0,0,0
uepP059,1,3,3,SS,-5.0,-1.0,2,2.1403296492526445,1,3.5937546701216987,269.91734816399855,278.6514324833729,0,7,-5.0,-1.0,0,0
uepP059,1,3,4,SS,-5.0,-1.0,2,4.195616252306331,1,4.435642398826462,278.6514324833729,290.2826911345057,0,7,-5.0,-1.0,0,0
uepP059,1,3,5,SS,-5.0,-1.0,2,4.350862633614378,1,6.140274659602452,290.2826911345057,303.7738284277225,0,7,-5.0,-1.0,0,0
uepP059,1,3,6,SS,-5.0,-1.0,2,3.5479446679377356,1,5.772181242074465,303.7738284277225,316.09395433773466,0,7,-5.0,-1.0,0,0
uepP059,1,3,7,SS,-5.0,-1.0,2,4.404698123397731,1,6.003307778545158,316.09395433773466,329.50196023967754,0,7,-5.0,-1.0,0,0
uepP059,1,3,8,SS,-5.0,-1.0,2,2.4511729996106486,1,4.394159432756484,329.50196023967754,339.3472926720447,0,7,-5.0,-1.0,0,0
uepP059,1,3,9,SS,-5.0,-1.0,2,2.189986867978936,1,3.4749713001016276,339.3472926720447,348.01225084012526,0,7,-5.0,-1.0,0,0
uepP059,1,3,10,SS,-5.0,-1.0,2,1.9060743776649973,1,5.2294416125970065,348.01225084012526,358.14776683038724,0,7,-5.0,-1.0,0,0
