subjectId,runId,blockId,trialId,condition,leftAnswer,rightAnswer,choiceDuration,isiDuration,feedbackDuration,itiDuration,stimOnset,itiOffset,leftColor,rightColor,mu1,mu2,sd1,sd2
uepP019,6,4,1,RR,11.0,11.0,2,4.21603651211568,1,5.620962734166105,368.40076003721856,381.23775928350034,3,6,8.0,10.0,4.0,4.0
uepP019,6,4,2,RR,9.0,13.0,2,2.1001850911611766,1,3.7426431292219897,381.23775928350034,390.0805875038835,3,6,8.0,10.0,4.0,4.0
uepP019,6,4,3,RR,14.0,10.0,2,1.926809757336791,1,3.581545240778152,390.0805875038835,398.5889425019985,3,6,8.0,10.0,4.0,4.0
uepP019,6,4,4,RR,11.0,8.0,2,3.4126638293413736,1,4.371629668805014,398.5889425019985,409.37323600014486,3,6,8.0,10.0,4.0,4.0
uepP019,6,4,5,RR,10.0,15.0,2,3.5716031346878667,1,3.9738472519458,409.37323600014486,419.9186863867785,3,6,8.0,10.0,4.0,4.0
uepP019,6,4,6,RR,5.0,21.0,2,4.410379588554826,1,5.664734975579813,419.9186863867785,432.9938009509131,3,6,8.0,10.0,4.0,4.0
uepP019,6,4,7,RR,0.0,13.0,2,2.4448493547174586,1,5.1763564065116405,432.9938009509131,443.6150067121422,3,6,8.0,10.0,4.0,4.0
uepP019,6,4,8,RR,9.0,16.0,2,2.923875546913741,1,4.016365134920226,443.6150067121422,453.5552473939762,3,6,8.0,10.0,4.0,4.0
uepP019,6,4,9,RR,11.0,13.0,2,3.5701942240501965,1,4.471230796433643,453.5552473939762,464.59667241446,3,6,8.0,10.0,4.0,4.0
uepP019,6,4,10,RR,12.0,9.0,2,2.3097511682017235,1,4.093576417338291,464.59667241446,474.0,3,6,8.0,10.0,4.0,4.0
