subjectId,runId,blockId,trialId,condition,leftAnswer,rightAnswer,choiceDuration,isiDuration,feedbackDuration,itiDuration,stimOnset,itiOffset,leftColor,rightColor,mu1,mu2,sd1,sd2
uepP010,2,2,1,SS,-13.0,-3.0,2,4.127172284822429,1,5.53189420779677,137.4883286922052,150.14739518482438,5,3,-13.0,-3.0,0,0
uepP010,2,2,2,SS,-13.0,-3.0,2,3.6435964523870497,1,4.891960384947167,150.14739518482438,161.6829520221586,5,3,-13.0,-3.0,0,0
uepP010,2,2,3,SS,-13.0,-3.0,2,2.6412564369248113,1,4.056867624241546,161.6829520221586,171.38107608332493,5,3,-13.0,-3.0,0,0
uepP010,2,2,4,SS,-13.0,-3.0,2,3.7498711179487154,1,3.439354817799362,171.38107608332493,181.570302019073,5,3,-13.0,-3.0,0,0
uepP010,2,2,5,SS,-13.0,-3.0,2,3.70825446809501,1,4.501313904355352,181.570302019073,192.7798703915234,5,3,-13.0,-3.0,0,0
uepP010,2,2,6,SS,-13.0,-3.0,2,3.5694919017457263,1,5.766031248243679,192.7798703915234,205.1153935415128,5,3,-13.0,-3.0,0,0
uepP010,2,2,7,SS,-13.0,-3.0,2,4.539946875907424,1,6.035752130618576,205.1153935415128,218.6910925480388,5,3,-13.0,-3.0,0,0
uepP010,2,2,8,SS,-13.0,-3.0,2,2.848683240954146,1,3.720656648154331,218.6910925480388,228.26043243714727,5,3,-13.0,-3.0,0,0
uepP010,2,2,9,SS,-13.0,-3.0,2,2.13105580236297,1,6.427947913932432,228.26043243714727,239.81943615344267,5,3,-13.0,-3.0,0,0
uepP010,2,2,10,SS,-13.0,-3.0,2,2.141260779498927,1,5.9603242770362215,239.81943615344267,250.92102120997782,5,3,-13.0,-3.0,0,0
