subjectId,runId,blockId,trialId,condition,leftAnswer,rightAnswer,choiceDuration,isiDuration,feedbackDuration,itiDuration,stimOnset,itiOffset,leftColor,rightColor,mu1,mu2,sd1,sd2
uepP010,1,4,1,SR,16.0,8.0,2,4.820892458654541,1,3.4907091424112515,362.4310948926852,373.74269649375105,7,2,16.0,3.0,0,4.0
uepP010,1,4,2,SR,16.0,0.0,2,3.3856362319904556,1,5.119035844236291,373.74269649375105,385.2473685699778,7,2,16.0,3.0,0,4.0
uepP010,1,4,3,SR,16.0,5.0,2,2.941964094562034,1,5.078593542291581,385.2473685699778,396.2679262068314,7,2,16.0,3.0,0,4.0
uepP010,1,4,4,SR,16.0,5.0,2,1.8806586929148839,1,4.853555740640525,396.2679262068314,406.0021406403868,7,2,16.0,3.0,0,4.0
uepP010,1,4,5,SR,16.0,8.0,2,4.469898424627106,1,5.9783047499422795,406.0021406403868,419.45034381495617,7,2,16.0,3.0,0,4.0
uepP010,1,4,6,SR,16.0,-1.0,2,2.647135257919241,1,5.070287015478503,419.45034381495617,430.1677660883539,7,2,16.0,3.0,0,4.0
uepP010,1,4,7,SR,16.0,-1.0,2,2.0212118534615753,1,4.67374452926578,430.1677660883539,439.86272247108127,7,2,16.0,3.0,0,4.0
uepP010,1,4,8,SR,16.0,5.0,2,4.701808440256582,1,4.947710493658257,439.86272247108127,452.5122414049961,7,2,16.0,3.0,0,4.0
uepP010,1,4,9,SR,16.0,1.0,2,1.618649705365624,1,3.9882619141619275,452.5122414049961,461.1191530245236,7,2,16.0,3.0,0,4.0
uepP010,1,4,10,SR,16.0,0.0,2,4.292091375517796,1,5.58875559995846,461.1191530245236,473.99999999999983,7,2,16.0,3.0,0,4.0
