subjectId,runId,blockId,trialId,condition,leftAnswer,rightAnswer,choiceDuration,isiDuration,feedbackDuration,itiDuration,stimOnset,itiOffset,leftColor,rightColor,mu1,mu2,sd1,sd2
uepP020,8,2,1,SR,4.0,5.0,2,2.2865642050806443,1,3.184986575143461,135.38947384643424,143.86102462665835,2,3,4.0,4.0,0,4.0
uepP020,8,2,2,SR,4.0,3.0,2,3.323848075008192,1,5.104098726948383,143.86102462665835,155.28897142861493,2,3,4.0,4.0,0,4.0
uepP020,8,2,3,SR,4.0,10.0,2,3.850374531821623,1,6.241818389769463,155.28897142861493,168.381164350206,2,3,4.0,4.0,0,4.0
uepP020,8,2,4,SR,4.0,4.0,2,2.192219507032703,1,3.553978945353274,168.381164350206,177.12736280259196,2,3,4.0,4.0,0,4.0
uepP020,8,2,5,SR,4.0,8.0,2,3.931987556167509,1,5.126968634986405,177.12736280259196,189.18631899374589,2,3,4.0,4.0,0,4.0
uepP020,8,2,6,SR,4.0,8.0,2,2.842139838355293,1,4.615254723312672,189.18631899374589,199.64371355541383,2,3,4.0,4.0,0,4.0
uepP020,8,2,7,SR,4.0,4.0,2,1.8056076071466185,1,3.3618370148794083,199.64371355541383,207.81115817743984,2,3,4.0,4.0,0,4.0
uepP020,8,2,8,SR,4.0,5.0,2,3.3540329697524487,1,5.975848759581095,207.81115817743984,220.14103990677336,2,3,4.0,4.0,0,4.0
uepP020,8,2,9,SR,4.0,-1.0,2,4.062670266812267,1,3.4776087603420325,220.14103990677336,230.68131893392766,2,3,4.0,4.0,0,4.0
uepP020,8,2,10,SR,4.0,3.0,2,2.8402082282455985,1,4.832550097963528,230.68131893392766,241.35407726013676,2,3,4.0,4.0,0,4.0
