subjectId,runId,blockId,trialId,condition,leftAnswer,rightAnswer,choiceDuration,isiDuration,feedbackDuration,itiDuration,stimOnset,itiOffset,leftColor,rightColor,mu1,mu2,sd1,sd2
uepP019,7,3,1,SS,5.0,5.0,2,1.6500579492837175,1,6.001874195832263,245.69641978705613,256.3483519321721,0,7,5.0,5.0,0,0
uepP019,7,3,2,SS,5.0,5.0,2,2.4728951652388393,1,4.17110723584596,256.3483519321721,265.9923543332569,0,7,5.0,5.0,0,0
uepP019,7,3,3,SS,5.0,5.0,2,2.1969075998212686,1,5.976938792028739,265.9923543332569,277.16620072510693,0,7,5.0,5.0,0,0
uepP019,7,3,4,SS,5.0,5.0,2,2.9156645780466186,1,3.7663122784631042,277.16620072510693,286.84817758161665,0,7,5.0,5.0,0,0
uepP019,7,3,5,SS,5.0,5.0,2,3.6028793825854857,1,5.115081458634937,286.84817758161665,298.5661384228371,0,7,5.0,5.0,0,0
uepP019,7,3,6,SS,5.0,5.0,2,4.642727020496754,1,5.663609038727215,298.5661384228371,311.8724744820611,0,7,5.0,5.0,0,0
uepP019,7,3,7,SS,5.0,5.0,2,4.749679828682237,1,4.568460465522999,311.8724744820611,324.19061477626633,0,7,5.0,5.0,0,0
uepP019,7,3,8,SS,5.0,5.0,2,3.858689057627188,1,4.1458051911055245,324.19061477626633,335.19510902499906,0,7,5.0,5.0,0,0
uepP019,7,3,9,SS,5.0,5.0,2,3.2650271677808558,1,3.4642127537308722,335.19510902499906,344.92434894651075,0,7,5.0,5.0,0,0
uepP019,7,3,10,SS,5.0,5.0,2,4.1275179585643285,1,4.76716001079613,344.92434894651075,356.81902691587123,0,7,5.0,5.0,0,0
