subjectId,runId,blockId,trialId,condition,leftAnswer,rightAnswer,choiceDuration,isiDuration,feedbackDuration,itiDuration,stimOnset,itiOffset,leftColor,rightColor,mu1,mu2,sd1,sd2
uepP004,1,4,1,SS,4.0,1.0,2,4.68606819356569,1,5.618815675703874,358.7704307131042,372.0753145823738,1,3,4.0,1.0,0,0
uepP004,1,4,2,SS,4.0,1.0,2,3.244569590168888,1,5.361795512637961,372.0753145823738,383.68167968518065,1,3,4.0,1.0,0,0
uepP004,1,4,3,SS,4.0,1.0,2,2.8092173844903887,1,5.217499621195962,383.68167968518065,394.708396690867,1,3,4.0,1.0,0,0
uepP004,1,4,4,SS,4.0,1.0,2,4.3431482541594395,1,5.454699357451636,394.708396690867,407.5062443024781,1,3,4.0,1.0,0,0
uepP004,1,4,5,SS,4.0,1.0,2,2.4588882540515677,1,5.581259368225019,407.5062443024781,418.54639192475463,1,3,4.0,1.0,0,0
uepP004,1,4,6,SS,4.0,1.0,2,1.799942098750243,1,6.237269129808307,418.54639192475463,429.58360315331316,1,3,4.0,1.0,0,0
uepP004,1,4,7,SS,4.0,1.0,2,3.532317045121331,1,3.3974264527623173,429.58360315331316,439.5133466511968,1,3,4.0,1.0,0,0
uepP004,1,4,8,SS,4.0,1.0,2,4.72878733608339,1,4.15003897155212,439.5133466511968,451.3921729588323,1,3,4.0,1.0,0,0
uepP004,1,4,9,SS,4.0,1.0,2,4.322305874254047,1,5.775408726677516,451.3921729588323,464.4898875597639,1,3,4.0,1.0,0,0
uepP004,1,4,10,SS,4.0,1.0,2,3.2947306818559907,1,3.2153817583802207,464.4898875597639,474.00000000000006,1,3,4.0,1.0,0,0
