subjectId,runId,blockId,trialId,condition,leftAnswer,rightAnswer,choiceDuration,isiDuration,feedbackDuration,itiDuration,stimOnset,itiOffset,leftColor,rightColor,mu1,mu2,sd1,sd2
uepP057,6,4,1,SR,4.0,4.0,2,2.950041072291998,1,3.585503109955389,363.85728630437217,373.3928304866195,4,0,4.0,-2.0,0,4.0
uepP057,6,4,2,SR,4.0,-3.0,2,1.9568377777473933,1,5.169675816331071,373.3928304866195,383.519344080698,4,0,4.0,-2.0,0,4.0
uepP057,6,4,3,SR,4.0,-0.0,2,4.613693457843954,1,3.3010363235833906,383.519344080698,394.43407386212533,4,0,4.0,-2.0,0,4.0
uepP057,6,4,4,SR,4.0,4.0,2,3.411210260531315,1,3.2461373209107287,394.43407386212533,404.0914214435674,4,0,4.0,-2.0,0,4.0
uepP057,6,4,5,SR,4.0,-8.0,2,3.301051640088888,1,6.172376969515132,404.0914214435674,416.5648500531714,4,0,4.0,-2.0,0,4.0
uepP057,6,4,6,SR,4.0,-1.0,2,2.5449918878230724,1,6.024390057828266,416.5648500531714,428.13423199882277,4,0,4.0,-2.0,0,4.0
uepP057,6,4,7,SR,4.0,-0.0,2,3.4334458387413505,1,5.222450718589762,428.13423199882277,439.7901285561539,4,0,4.0,-2.0,0,4.0
uepP057,6,4,8,SR,4.0,-1.0,2,2.2929149202178736,1,5.466271832657029,439.7901285561539,450.54931530902877,4,0,4.0,-2.0,0,4.0
uepP057,6,4,9,SR,4.0,-3.0,2,4.676748490658512,1,3.543364565463314,450.54931530902877,461.7694283651506,4,0,4.0,-2.0,0,4.0
uepP057,6,4,10,SR,4.0,-5.0,2,4.517208923806085,1,4.713362711043329,461.7694283651506,474.0,4,0,4.0,-2.0,0,4.0
