subjectId,runId,blockId,trialId,condition,leftAnswer,rightAnswer,choiceDuration,isiDuration,feedbackDuration,itiDuration,stimOnset,itiOffset,leftColor,rightColor,mu1,mu2,sd1,sd2
uepP050,1,3,1,RS,-2.0,-1.0,2,4.679149606528735,1,4.454896652015105,246.93670786559312,259.07075412413695,4,1,-7.0,-1.0,4.0,0
uepP050,1,3,2,RS,-5.0,-1.0,2,2.6955762413079216,1,4.071997673461664,259.07075412413695,268.8383280389066,4,1,-7.0,-1.0,4.0,0
uepP050,1,3,3,RS,-8.0,-1.0,2,3.3019860312221136,1,3.5193358616993318,268.8383280389066,278.659649931828,4,1,-7.0,-1.0,4.0,0
uepP050,1,3,4,RS,-6.0,-1.0,2,4.4562324666982365,1,4.734067826869947,278.659649931828,290.8499502253962,4,1,-7.0,-1.0,4.0,0
uepP050,1,3,5,RS,-13.0,-1.0,2,2.5251832291148224,1,3.4365176447439727,290.8499502253962,299.81165109925496,4,1,-7.0,-1.0,4.0,0
uepP050,1,3,6,RS,-6.0,-1.0,2,3.4675267117101787,1,5.455186942242329,299.81165109925496,311.7343647532075,4,1,-7.0,-1.0,4.0,0
uepP050,1,3,7,RS,-11.0,-1.0,2,4.236136641036508,1,5.942140820270879,311.7343647532075,324.9126422145149,4,1,-7.0,-1.0,4.0,0
uepP050,1,3,8,RS,-10.0,-1.0,2,3.0384710861491335,1,6.133733856340064,324.9126422145149,337.0848471570041,4,1,-7.0,-1.0,4.0,0
uepP050,1,3,9,RS,-9.0,-1.0,2,3.474431557904597,1,3.226256834617461,337.0848471570041,346.7855355495262,4,1,-7.0,-1.0,4.0,0
uepP050,1,3,10,RS,-3.0,-1.0,2,3.663762634475243,1,6.192055836902864,346.7855355495262,359.64135402090426,4,1,-7.0,-1.0,4.0,0
