subjectId,runId,blockId,trialId,condition,leftAnswer,rightAnswer,choiceDuration,isiDuration,feedbackDuration,itiDuration,stimOnset,itiOffset,leftColor,rightColor,mu1,mu2,sd1,sd2
uepP021,5,1,1,RS,-2.0,-14.0,2,3.082714859395654,1,5.749619956577561,16,27.832334815973216,7,5,5.0,-14.0,4.0,0
uepP021,5,1,2,RS,6.0,-14.0,2,3.8560078817203314,1,4.660781867155932,27.832334815973216,39.34912456484948,7,5,5.0,-14.0,4.0,0
uepP021,5,1,3,RS,4.0,-14.0,2,4.387126410801491,1,3.45525072238336,39.34912456484948,50.19150169803434,7,5,5.0,-14.0,4.0,0
uepP021,5,1,4,RS,10.0,-14.0,2,3.389794021096748,1,6.2526400245934415,50.19150169803434,62.833935743724524,7,5,5.0,-14.0,4.0,0
uepP021,5,1,5,RS,1.0,-14.0,2,4.209993285286253,1,3.6890478727418934,62.833935743724524,73.73297690175268,7,5,5.0,-14.0,4.0,0
uepP021,5,1,6,RS,0.0,-14.0,2,3.8868605022159324,1,3.1829551723233274,73.73297690175268,83.80279257629195,7,5,5.0,-14.0,4.0,0
uepP021,5,1,7,RS,10.0,-14.0,2,4.442961295837361,1,3.689768031275052,83.80279257629195,94.93552190340436,7,5,5.0,-14.0,4.0,0
uepP021,5,1,8,RS,14.0,-14.0,2,1.6833822898935478,1,5.972081056053888,94.93552190340436,105.5909852493518,7,5,5.0,-14.0,4.0,0
uepP021,5,1,9,RS,3.0,-14.0,2,3.1932095162831984,1,3.417863249099968,105.5909852493518,115.20205801473497,7,5,5.0,-14.0,4.0,0
uepP021,5,1,10,RS,0.0,-14.0,2,3.7377896291650328,1,4.869725747776059,115.20205801473497,126.80957339167607,7,5,5.0,-14.0,4.0,0
