subjectId,runId,blockId,trialId,condition,leftAnswer,rightAnswer,choiceDuration,isiDuration,feedbackDuration,itiDuration,stimOnset,itiOffset,leftColor,rightColor,mu1,mu2,sd1,sd2
uepP035,5,3,1,RS,-8.0,-7.0,2,2.807308220073679,1,5.334743528097478,247.13691953788117,258.27897128605235,0,1,-14.0,-7.0,4.0,0
uepP035,5,3,2,RS,-11.0,-7.0,2,4.628146987489839,1,5.623552269552439,258.27897128605235,271.53067054309463,0,1,-14.0,-7.0,4.0,0
uepP035,5,3,3,RS,-15.0,-7.0,2,2.705295304563407,1,3.2811583077854674,271.53067054309463,280.51712415544347,0,1,-14.0,-7.0,4.0,0
uepP035,5,3,4,RS,-18.0,-7.0,2,2.5821342294180525,1,3.2874598214655237,280.51712415544347,289.38671820632703,0,1,-14.0,-7.0,4.0,0
uepP035,5,3,5,RS,-10.0,-7.0,2,3.241424366542542,1,3.8855412673087693,289.38671820632703,299.5136838401784,0,1,-14.0,-7.0,4.0,0
uepP035,5,3,6,RS,-14.0,-7.0,2,2.1659914960036946,1,5.529746684280258,299.5136838401784,310.20942202046234,0,1,-14.0,-7.0,4.0,0
uepP035,5,3,7,RS,-20.0,-7.0,2,3.856694833234008,1,4.027662071738725,310.20942202046234,321.0937789254351,0,1,-14.0,-7.0,4.0,0
uepP035,5,3,8,RS,-10.0,-7.0,2,1.75932686810984,1,5.902059558097099,321.0937789254351,331.75516535164206,0,1,-14.0,-7.0,4.0,0
uepP035,5,3,9,RS,-12.0,-7.0,2,3.762819032858652,1,5.765309748073577,331.75516535164206,344.28329413257427,0,1,-14.0,-7.0,4.0,0
uepP035,5,3,10,RS,-6.0,-7.0,2,2.9299930321271335,1,5.797032382037503,344.28329413257427,356.0103195467389,0,1,-14.0,-7.0,4.0,0
