subjectId,runId,blockId,trialId,condition,leftAnswer,rightAnswer,choiceDuration,isiDuration,feedbackDuration,itiDuration,stimOnset,itiOffset,leftColor,rightColor,mu1,mu2,sd1,sd2
uepP047,8,3,1,RS,-5.0,-11.0,2,2.853637437146486,1,5.104836314440115,249.73516579698054,260.69363954856715,3,7,-5.0,-11.0,4.0,0
uepP047,8,3,2,RS,-8.0,-11.0,2,4.491517886437161,1,5.418040079952391,260.69363954856715,273.6031975149567,3,7,-5.0,-11.0,4.0,0
uepP047,8,3,3,RS,-9.0,-11.0,2,2.326608742289979,1,5.384388383560806,273.6031975149567,284.3141946408075,3,7,-5.0,-11.0,4.0,0
uepP047,8,3,4,RS,-4.0,-11.0,2,4.461322739150116,1,4.229292493655813,284.3141946408075,296.0048098736134,3,7,-5.0,-11.0,4.0,0
uepP047,8,3,5,RS,-10.0,-11.0,2,4.089579687471915,1,3.7316924780156584,296.0048098736134,306.826082039101,3,7,-5.0,-11.0,4.0,0
uepP047,8,3,6,RS,-4.0,-11.0,2,3.5620789323555724,1,5.342283401801578,306.826082039101,318.73044437325814,3,7,-5.0,-11.0,4.0,0
uepP047,8,3,7,RS,-6.0,-11.0,2,4.086608947707855,1,3.267121129937721,318.73044437325814,329.08417445090373,3,7,-5.0,-11.0,4.0,0
uepP047,8,3,8,RS,-5.0,-11.0,2,2.5692368274078143,1,3.1582116162209584,329.08417445090373,337.8116228945325,3,7,-5.0,-11.0,4.0,0
uepP047,8,3,9,RS,-3.0,-11.0,2,4.441423445751805,1,3.5305480825702715,337.8116228945325,348.78359442285455,3,7,-5.0,-11.0,4.0,0
uepP047,8,3,10,RS,-3.0,-11.0,2,2.10049595090938,1,5.672596701971757,348.78359442285455,359.5566870757357,3,7,-5.0,-11.0,4.0,0
