subjectId,runId,blockId,trialId,condition,leftAnswer,rightAnswer,choiceDuration,isiDuration,feedbackDuration,itiDuration,stimOnset,itiOffset,leftColor,rightColor,mu1,mu2,sd1,sd2
uepP028,8,2,1,SS,-21.0,7.0,2,3.6350374095706175,1,5.019617989446572,130.06122684244517,141.71588224146237,2,6,-21.0,7.0,0,0
uepP028,8,2,2,SS,-21.0,7.0,2,3.695862995863936,1,4.683101549769511,141.71588224146237,153.0948467870958,2,6,-21.0,7.0,0,0
uepP028,8,2,3,SS,-21.0,7.0,2,4.217293457391363,1,4.978238423715317,153.0948467870958,165.29037866820246,2,6,-21.0,7.0,0,0
uepP028,8,2,4,SS,-21.0,7.0,2,3.40577316460266,1,3.760722424619605,165.29037866820246,175.45687425742474,2,6,-21.0,7.0,0,0
uepP028,8,2,5,SS,-21.0,7.0,2,3.4228999206161053,1,3.938526298758924,175.45687425742474,185.81830047679978,2,6,-21.0,7.0,0,0
uepP028,8,2,6,SS,-21.0,7.0,2,2.4793024486187645,1,4.602298649704622,185.81830047679978,195.89990157512318,2,6,-21.0,7.0,0,0
uepP028,8,2,7,SS,-21.0,7.0,2,2.804005859808356,1,5.185953397452841,195.89990157512318,206.88986083238436,2,6,-21.0,7.0,0,0
uepP028,8,2,8,SS,-21.0,7.0,2,4.226115400085571,1,3.7074558109629825,206.88986083238436,217.82343204343292,2,6,-21.0,7.0,0,0
uepP028,8,2,9,SS,-21.0,7.0,2,2.215279283400306,1,3.3454476652333467,217.82343204343292,226.38415899206655,2,6,-21.0,7.0,0,0
uepP028,8,2,10,SS,-21.0,7.0,2,4.448405703627749,1,4.4359149951729355,226.38415899206655,238.26847969086722,2,6,-21.0,7.0,0,0
