subjectId,runId,blockId,trialId,condition,leftAnswer,rightAnswer,choiceDuration,isiDuration,feedbackDuration,itiDuration,stimOnset,itiOffset,leftColor,rightColor,mu1,mu2,sd1,sd2
uepP018,5,1,1,SR,-12.0,12.0,2,2.0508701048012807,1,4.422479613608055,16,25.473349718409334,5,0,-12.0,11.0,0,4.0
uepP018,5,1,2,SR,-12.0,8.0,2,4.414763622938326,1,4.743192584707084,25.473349718409334,37.63130592605474,5,0,-12.0,11.0,0,4.0
uepP018,5,1,3,SR,-12.0,5.0,2,4.524910900470179,1,6.018639160178015,37.63130592605474,51.17485598670294,5,0,-12.0,11.0,0,4.0
uepP018,5,1,4,SR,-12.0,9.0,2,2.578262377939767,1,4.988703299598965,51.17485598670294,61.74182166424167,5,0,-12.0,11.0,0,4.0
uepP018,5,1,5,SR,-12.0,9.0,2,2.895504189285098,1,5.081151576855701,61.74182166424167,72.71847743038246,5,0,-12.0,11.0,0,4.0
uepP018,5,1,6,SR,-12.0,14.0,2,2.9405079243188332,1,4.168783224068591,72.71847743038246,82.82776857876989,5,0,-12.0,11.0,0,4.0
uepP018,5,1,7,SR,-12.0,3.0,2,4.545102730268247,1,4.1194671469222035,82.82776857876989,94.49233845596034,5,0,-12.0,11.0,0,4.0
uepP018,5,1,8,SR,-12.0,14.0,2,3.790952672401496,1,4.534293404077203,94.49233845596034,105.81758453243904,5,0,-12.0,11.0,0,4.0
uepP018,5,1,9,SR,-12.0,11.0,2,2.7678150899110703,1,5.037768609439121,105.81758453243904,116.62316823178924,5,0,-12.0,11.0,0,4.0
uepP018,5,1,10,SR,-12.0,17.0,2,2.571764716355705,1,4.893034452917771,116.62316823178924,127.08796740106271,5,0,-12.0,11.0,0,4.0
