subjectId,runId,blockId,trialId,condition,leftAnswer,rightAnswer,choiceDuration,isiDuration,feedbackDuration,itiDuration,stimOnset,itiOffset,leftColor,rightColor,mu1,mu2,sd1,sd2
uepP022,8,2,1,SR,3.0,-3.0,2,4.4279110709536145,1,4.5483797756290185,129.20629387670425,141.1825847232869,3,2,3.0,-1.0,0,4.0
uepP022,8,2,2,SR,3.0,0.0,2,4.3097884460408,1,4.4983187978133525,141.1825847232869,152.99069196714106,3,2,3.0,-1.0,0,4.0
uepP022,8,2,3,SR,3.0,-0.0,2,3.260443998588365,1,5.536635151975875,152.99069196714106,164.7877711177053,3,2,3.0,-1.0,0,4.0
uepP022,8,2,4,SR,3.0,-8.0,2,3.888830130062808,1,3.486247081412889,164.7877711177053,175.162848329181,3,2,3.0,-1.0,0,4.0
uepP022,8,2,5,SR,3.0,-3.0,2,2.195412017436014,1,3.4378694682617197,175.162848329181,183.79612981487873,3,2,3.0,-1.0,0,4.0
uepP022,8,2,6,SR,3.0,-2.0,2,2.1941071204621907,1,4.88555848091933,183.79612981487873,193.87579541626025,3,2,3.0,-1.0,0,4.0
uepP022,8,2,7,SR,3.0,-1.0,2,2.9780324280248234,1,5.336319524109902,193.87579541626025,205.19014736839497,3,2,3.0,-1.0,0,4.0
uepP022,8,2,8,SR,3.0,-7.0,2,3.5541266524382964,1,3.50366048985173,205.19014736839497,215.247934510685,3,2,3.0,-1.0,0,4.0
uepP022,8,2,9,SR,3.0,2.0,2,3.895418679562779,1,4.176007361030092,215.247934510685,226.31936055127787,3,2,3.0,-1.0,0,4.0
uepP022,8,2,10,SR,3.0,4.0,2,1.8518849386108889,1,5.751617150002668,226.31936055127787,236.9228626398914,3,2,3.0,-1.0,0,4.0
