subjectId,runId,blockId,trialId,condition,leftAnswer,rightAnswer,choiceDuration,isiDuration,feedbackDuration,itiDuration,stimOnset,itiOffset,leftColor,rightColor,mu1,mu2,sd1,sd2
uepP051,8,2,1,SS,-3.0,-9.0,2,2.1342970634227836,1,4.568018368867959,129.83438667735732,139.53670210964808,2,4,-3.0,-9.0,0,0
uepP051,8,2,2,SS,-3.0,-9.0,2,2.2851820249242536,1,4.997099309855066,139.53670210964808,149.81898344442737,2,4,-3.0,-9.0,0,0
uepP051,8,2,3,SS,-3.0,-9.0,2,4.079056366542017,1,4.33338886135325,149.81898344442737,161.23142867232264,2,4,-3.0,-9.0,0,0
uepP051,8,2,4,SS,-3.0,-9.0,2,4.486231834885595,1,5.408030693480778,161.23142867232264,174.125691200689,2,4,-3.0,-9.0,0,0
uepP051,8,2,5,SS,-3.0,-9.0,2,3.143094764403108,1,5.080901317222649,174.125691200689,185.34968728231476,2,4,-3.0,-9.0,0,0
uepP051,8,2,6,SS,-3.0,-9.0,2,3.26717394838468,1,4.810590915710341,185.34968728231476,196.4274521464098,2,4,-3.0,-9.0,0,0
uepP051,8,2,7,SS,-3.0,-9.0,2,2.869772562932144,1,3.6517367770694342,196.4274521464098,205.94896148641138,2,4,-3.0,-9.0,0,0
uepP051,8,2,8,SS,-3.0,-9.0,2,3.7725100702585124,1,4.756209808290852,205.94896148641138,217.47768136496074,2,4,-3.0,-9.0,0,0
uepP051,8,2,9,SS,-3.0,-9.0,2,2.9245999790777164,1,6.119915202904347,217.47768136496074,229.5221965469428,2,4,-3.0,-9.0,0,0
uepP051,8,2,10,SS,-3.0,-9.0,2,3.7266097863232934,1,5.801526222747245,229.5221965469428,242.05033255601333,2,4,-3.0,-9.0,0,0
