subjectId,runId,blockId,trialId,condition,leftAnswer,rightAnswer,choiceDuration,isiDuration,feedbackDuration,itiDuration,stimOnset,itiOffset,leftColor,rightColor,mu1,mu2,sd1,sd2
uepP035,7,3,1,SR,-5.0,-4.0,2,4.332123953642224,1,3.389154158624477,247.59686549048553,258.31814360275223,7,1,-5.0,-12.0,0,4.0
uepP035,7,3,2,SR,-5.0,-11.0,2,3.2041869174614814,1,5.425146297937853,258.31814360275223,269.94747681815153,7,1,-5.0,-12.0,0,4.0
uepP035,7,3,3,SR,-5.0,-12.0,2,3.564452719502227,1,6.4996440833399545,269.94747681815153,283.0115736209937,7,1,-5.0,-12.0,0,4.0
uepP035,7,3,4,SR,-5.0,-1.0,2,2.4387942944815197,1,5.619447968463659,283.0115736209937,294.0698158839389,7,1,-5.0,-12.0,0,4.0
uepP035,7,3,5,SR,-5.0,-7.0,2,1.7952460754125168,1,3.38655576412202,294.0698158839389,302.25161772347343,7,1,-5.0,-12.0,0,4.0
uepP035,7,3,6,SR,-5.0,-7.0,2,2.0560573360972594,1,3.629454154964909,302.25161772347343,310.93712921453556,7,1,-5.0,-12.0,0,4.0
uepP035,7,3,7,SR,-5.0,-12.0,2,4.263759039617291,1,6.599142078618716,310.93712921453556,324.8000303327716,7,1,-5.0,-12.0,0,4.0
uepP035,7,3,8,SR,-5.0,-14.0,2,4.422207067345737,1,4.147474573643233,324.8000303327716,336.36971197376056,7,1,-5.0,-12.0,0,4.0
uepP035,7,3,9,SR,-5.0,-9.0,2,2.546307367405306,1,3.5009384421664507,336.36971197376056,345.4169577833323,7,1,-5.0,-12.0,0,4.0
uepP035,7,3,10,SR,-5.0,-10.0,2,4.362280808854145,1,4.532975592665167,345.4169577833323,357.31221418485165,7,1,-5.0,-12.0,0,4.0
