subjectId,runId,blockId,trialId,condition,leftAnswer,rightAnswer,choiceDuration,isiDuration,feedbackDuration,itiDuration,stimOnset,itiOffset,leftColor,rightColor,mu1,mu2,sd1,sd2
uepP005,5,3,1,SS,-3.0,-3.0,2,3.5285920802197706,1,5.613573131720759,248.05013642712922,260.19230163906974,2,6,-3.0,-3.0,0,0
uepP005,5,3,2,SS,-3.0,-3.0,2,1.8326213492597228,1,6.459365940665434,260.19230163906974,271.4842889289949,2,6,-3.0,-3.0,0,0
uepP005,5,3,3,SS,-3.0,-3.0,2,1.7902027341457942,1,5.480501564544821,271.4842889289949,281.7549932276855,2,6,-3.0,-3.0,0,0
uepP005,5,3,4,SS,-3.0,-3.0,2,2.5667246267920674,1,4.766070922248161,281.7549932276855,292.0877887767257,2,6,-3.0,-3.0,0,0
uepP005,5,3,5,SS,-3.0,-3.0,2,2.9964036603938897,1,3.938479035603777,292.0877887767257,302.02267147272335,2,6,-3.0,-3.0,0,0
uepP005,5,3,6,SS,-3.0,-3.0,2,3.388460541921708,1,3.928118557042398,302.02267147272335,312.33925057168744,2,6,-3.0,-3.0,0,0
uepP005,5,3,7,SS,-3.0,-3.0,2,2.1419978776213484,1,3.5639023564695265,312.33925057168744,321.04515080577835,2,6,-3.0,-3.0,0,0
uepP005,5,3,8,SS,-3.0,-3.0,2,2.738524428749206,1,5.166843971599128,321.04515080577835,331.95051920612667,2,6,-3.0,-3.0,0,0
uepP005,5,3,9,SS,-3.0,-3.0,2,4.978758836650773,1,4.3480738470851295,331.95051920612667,344.2773518898626,2,6,-3.0,-3.0,0,0
uepP005,5,3,10,SS,-3.0,-3.0,2,2.3334463105537737,1,3.779189372193896,344.2773518898626,353.38998757261027,2,6,-3.0,-3.0,0,0
