subjectId,runId,blockId,trialId,condition,leftAnswer,rightAnswer,choiceDuration,isiDuration,feedbackDuration,itiDuration,stimOnset,itiOffset,leftColor,rightColor,mu1,mu2,sd1,sd2
uepP005,4,3,1,SS,5.0,-11.0,2,1.780141372120116,1,5.212462763291334,251.47105303399988,261.46365716941136,7,3,5.0,-11.0,0,0
uepP005,4,3,2,SS,5.0,-11.0,2,3.463824924724009,1,3.6102472807517536,261.46365716941136,271.53772937488714,7,3,5.0,-11.0,0,0
uepP005,4,3,3,SS,5.0,-11.0,2,2.1097909759575235,1,5.105029290582198,271.53772937488714,281.75254964142687,7,3,5.0,-11.0,0,0
uepP005,4,3,4,SS,5.0,-11.0,2,4.116731753172297,1,5.614270998196591,281.75254964142687,294.4835523927958,7,3,5.0,-11.0,0,0
uepP005,4,3,5,SS,5.0,-11.0,2,2.20544971055504,1,3.404831441207131,294.4835523927958,303.093833544558,7,3,5.0,-11.0,0,0
uepP005,4,3,6,SS,5.0,-11.0,2,2.1504885198257204,1,5.520564946977674,303.093833544558,313.7648870113614,7,3,5.0,-11.0,0,0
uepP005,4,3,7,SS,5.0,-11.0,2,4.5090396118334475,1,3.9478954953636847,313.7648870113614,325.2218221185585,7,3,5.0,-11.0,0,0
uepP005,4,3,8,SS,5.0,-11.0,2,3.36299533229018,1,5.97727190970263,325.2218221185585,337.5620893605513,7,3,5.0,-11.0,0,0
uepP005,4,3,9,SS,5.0,-11.0,2,2.87662862737164,1,6.171716807805781,337.5620893605513,349.61043479572874,7,3,5.0,-11.0,0,0
uepP005,4,3,10,SS,5.0,-11.0,2,2.354229555282475,1,3.5108309529554718,349.61043479572874,358.4754953039667,7,3,5.0,-11.0,0,0
