subjectId,runId,blockId,trialId,condition,leftAnswer,rightAnswer,choiceDuration,isiDuration,feedbackDuration,itiDuration,stimOnset,itiOffset,leftColor,rightColor,mu1,mu2,sd1,sd2
uepP050,6,2,1,RR,-2.0,1.0,2,1.6617056261613872,1,4.783687437561471,134.81620147279236,144.26159453651522,4,5,-1.0,6.0,4.0,4.0
uepP050,6,2,2,RR,-3.0,8.0,2,2.378826750123655,1,6.320201241797392,144.26159453651522,155.96062252843626,4,5,-1.0,6.0,4.0,4.0
uepP050,6,2,3,RR,-3.0,0.0,2,3.462210247581337,1,5.223249888480416,155.96062252843626,167.646082664498,4,5,-1.0,6.0,4.0,4.0
uepP050,6,2,4,RR,5.0,2.0,2,2.5124612481816757,1,5.378124793868581,167.646082664498,178.53666870654826,4,5,-1.0,6.0,4.0,4.0
uepP050,6,2,5,RR,-6.0,8.0,2,4.571794482120827,1,6.403738207887576,178.53666870654826,192.51220139655666,4,5,-1.0,6.0,4.0,4.0
uepP050,6,2,6,RR,4.0,7.0,2,1.7776124839107073,1,6.3461125765391,192.51220139655666,203.63592645700646,4,5,-1.0,6.0,4.0,4.0
uepP050,6,2,7,RR,-3.0,3.0,2,2.4139324338618153,1,4.105083284811718,203.63592645700646,213.15494217568,4,5,-1.0,6.0,4.0,4.0
uepP050,6,2,8,RR,3.0,9.0,2,1.8961970528752774,1,5.021865145238272,213.15494217568,223.07300437379354,4,5,-1.0,6.0,4.0,4.0
uepP050,6,2,9,RR,0.0,2.0,2,2.9366890756793484,1,5.041276862479542,223.07300437379354,234.05097031195243,4,5,-1.0,6.0,4.0,4.0
uepP050,6,2,10,RR,-3.0,11.0,2,3.0108339348636872,1,5.101529762445692,234.05097031195243,245.1633340092618,4,5,-1.0,6.0,4.0,4.0
