subjectId,runId,blockId,trialId,condition,leftAnswer,rightAnswer,choiceDuration,isiDuration,feedbackDuration,itiDuration,stimOnset,itiOffset,leftColor,rightColor,mu1,mu2,sd1,sd2
uepP029,6,1,1,RS,-19.0,-16.0,2,2.9039713205513604,1,4.56569857543673,16,26.46966989598809,2,7,-22.0,-16.0,4.0,0
uepP029,6,1,2,RS,-23.0,-16.0,2,4.7411511835638995,1,5.267650776195804,26.46966989598809,39.4784718557478,2,7,-22.0,-16.0,4.0,0
uepP029,6,1,3,RS,-21.0,-16.0,2,3.507951414841529,1,4.49482560265107,39.4784718557478,50.481248873240396,2,7,-22.0,-16.0,4.0,0
uepP029,6,1,4,RS,-19.0,-16.0,2,1.8697008079915316,1,4.029640270402204,50.481248873240396,59.380589951634136,2,7,-22.0,-16.0,4.0,0
uepP029,6,1,5,RS,-17.0,-16.0,2,3.209736970983256,1,6.071285584364239,59.380589951634136,71.66161250698163,2,7,-22.0,-16.0,4.0,0
uepP029,6,1,6,RS,-26.0,-16.0,2,2.844535959804055,1,6.008135688774822,71.66161250698163,83.5142841555605,2,7,-22.0,-16.0,4.0,0
uepP029,6,1,7,RS,-18.0,-16.0,2,4.186368402864445,1,5.2151924713079785,83.5142841555605,95.91584502973292,2,7,-22.0,-16.0,4.0,0
uepP029,6,1,8,RS,-21.0,-16.0,2,3.50597281961247,1,5.815927269603245,95.91584502973292,108.23774511894864,2,7,-22.0,-16.0,4.0,0
uepP029,6,1,9,RS,-15.0,-16.0,2,4.590839691571766,1,5.004190611924919,108.23774511894864,120.83277542244531,2,7,-22.0,-16.0,4.0,0
uepP029,6,1,10,RS,-17.0,-16.0,2,2.0636206056377144,1,4.650966616330636,120.83277542244531,130.54736264441365,2,7,-22.0,-16.0,4.0,0
