subjectId,runId,blockId,trialId,condition,leftAnswer,rightAnswer,choiceDuration,isiDuration,feedbackDuration,itiDuration,stimOnset,itiOffset,leftColor,rightColor,mu1,mu2,sd1,sd2
uepP014,6,2,1,SR,16.0,4.0,2,4.12511655167922,1,6.295985348611271,140.00188442870626,153.42298632899676,4,3,16.0,9.0,0,4.0
uepP014,6,2,2,SR,16.0,10.0,2,3.467661885643512,1,3.837742338040096,153.42298632899676,163.72839055268037,4,3,16.0,9.0,0,4.0
uepP014,6,2,3,SR,16.0,7.0,2,3.056854076287025,1,4.585226868991765,163.72839055268037,174.37047149795916,4,3,16.0,9.0,0,4.0
uepP014,6,2,4,SR,16.0,15.0,2,3.652761929875399,1,5.646093442675667,174.37047149795916,186.66932687051022,4,3,16.0,9.0,0,4.0
uepP014,6,2,5,SR,16.0,8.0,2,3.8113744993424237,1,3.609221496939497,186.66932687051022,197.08992286679214,4,3,16.0,9.0,0,4.0
uepP014,6,2,6,SR,16.0,15.0,2,2.7474997107793198,1,3.835632536097722,197.08992286679214,206.6730551136692,4,3,16.0,9.0,0,4.0
uepP014,6,2,7,SR,16.0,11.0,2,4.551166809548587,1,5.555944920463811,206.6730551136692,219.7801668436816,4,3,16.0,9.0,0,4.0
uepP014,6,2,8,SR,16.0,7.0,2,3.3208090127015724,1,4.964461279237073,219.7801668436816,231.06543713562024,4,3,16.0,9.0,0,4.0
uepP014,6,2,9,SR,16.0,4.0,2,2.179134249087867,1,6.241730394949861,231.06543713562024,242.48630177965796,4,3,16.0,9.0,0,4.0
uepP014,6,2,10,SR,16.0,9.0,2,2.8005904463723312,1,4.692406990078219,242.48630177965796,252.9792992161085,4,3,16.0,9.0,0,4.0
