subjectId,runId,blockId,trialId,condition,leftAnswer,rightAnswer,choiceDuration,isiDuration,feedbackDuration,itiDuration,stimOnset,itiOffset,leftColor,rightColor,mu1,mu2,sd1,sd2
uepP033,6,3,1,RS,-3.0,17.0,2,3.4266178819599125,1,4.821438651564066,249.8180983530693,261.06615488659327,3,7,-5.0,17.0,4.0,0
uepP033,6,3,2,RS,-3.0,17.0,2,2.9158179885442346,1,3.7985887369446614,261.06615488659327,270.7805616120822,3,7,-5.0,17.0,4.0,0
uepP033,6,3,3,RS,-7.0,17.0,2,1.8530636031979646,1,3.8094506856087675,270.7805616120822,279.4430759008889,3,7,-5.0,17.0,4.0,0
uepP033,6,3,4,RS,-4.0,17.0,2,1.9540111527223174,1,4.357384280159703,279.4430759008889,288.75447133377094,3,7,-5.0,17.0,4.0,0
uepP033,6,3,5,RS,-3.0,17.0,2,3.3326942960133956,1,3.697953219211584,288.75447133377094,298.7851188489959,3,7,-5.0,17.0,4.0,0
uepP033,6,3,6,RS,-7.0,17.0,2,3.580975574370124,1,5.883462007876277,298.7851188489959,311.24955643124235,3,7,-5.0,17.0,4.0,0
uepP033,6,3,7,RS,-7.0,17.0,2,2.6237115491119316,1,3.432050094740659,311.24955643124235,320.30531807509493,3,7,-5.0,17.0,4.0,0
uepP033,6,3,8,RS,-5.0,17.0,2,2.5136899285773016,1,3.8529218999929613,320.30531807509493,329.6719299036652,3,7,-5.0,17.0,4.0,0
uepP033,6,3,9,RS,-7.0,17.0,2,4.302032277628512,1,5.1586754725589685,329.6719299036652,342.13263765385267,3,7,-5.0,17.0,4.0,0
uepP033,6,3,10,RS,0.0,17.0,2,4.539243291644666,1,3.556454695628329,342.13263765385267,353.2283356411256,3,7,-5.0,17.0,4.0,0
