subjectId,runId,blockId,trialId,condition,leftAnswer,rightAnswer,choiceDuration,isiDuration,feedbackDuration,itiDuration,stimOnset,itiOffset,leftColor,rightColor,mu1,mu2,sd1,sd2
uepP027,8,2,1,RR,9.0,-10.0,2,2.3609513194942804,1,5.062896948087832,135.47191402867654,145.89576229625865,3,6,7.0,-12.0,4.0,4.0
uepP027,8,2,2,RR,4.0,-12.0,2,2.6399388617479724,1,6.2356368826526305,145.89576229625865,157.77133804065926,3,6,7.0,-12.0,4.0,4.0
uepP027,8,2,3,RR,9.0,-16.0,2,2.0597761875536147,1,3.3542095357009263,157.77133804065926,166.1853237639138,3,6,7.0,-12.0,4.0,4.0
uepP027,8,2,4,RR,8.0,-9.0,2,4.297920282393384,1,3.4286135166029785,166.1853237639138,176.91185756291017,3,6,7.0,-12.0,4.0,4.0
uepP027,8,2,5,RR,5.0,-17.0,2,3.6275103722582056,1,6.184824454541013,176.91185756291017,189.72419238970937,3,6,7.0,-12.0,4.0,4.0
uepP027,8,2,6,RR,6.0,-12.0,2,4.086212891318757,1,5.241545347611784,189.72419238970937,202.0519506286399,3,6,7.0,-12.0,4.0,4.0
uepP027,8,2,7,RR,7.0,-10.0,2,4.518787804318661,1,4.80639791487002,202.0519506286399,214.37713634782858,3,6,7.0,-12.0,4.0,4.0
uepP027,8,2,8,RR,6.0,-11.0,2,4.57019154161645,1,5.0763966216452765,214.37713634782858,227.0237245110903,3,6,7.0,-12.0,4.0,4.0
uepP027,8,2,9,RR,5.0,-6.0,2,2.2628083752627712,1,3.7770007158756522,227.0237245110903,236.06353360222874,3,6,7.0,-12.0,4.0,4.0
uepP027,8,2,10,RR,6.0,-7.0,2,2.6932060975782597,1,4.149298243371851,236.06353360222874,245.90603794317886,3,6,7.0,-12.0,4.0,4.0
