subjectId,runId,blockId,trialId,condition,leftAnswer,rightAnswer,choiceDuration,isiDuration,feedbackDuration,itiDuration,stimOnset,itiOffset,leftColor,rightColor,mu1,mu2,sd1,sd2
uepP012,6,4,1,SR,-6.0,14.0,2,3.379524648928324,1,5.559890532801119,362.14631853755606,374.0857337192855,7,6,-6.0,14.0,0,4.0
uepP012,6,4,2,SR,-6.0,9.0,2,2.8571336642714225,1,5.096580613062486,374.0857337192855,385.0394479966194,7,6,-6.0,14.0,0,4.0
uepP012,6,4,3,SR,-6.0,14.0,2,3.679751641292377,1,6.0123236318261215,385.0394479966194,397.7315232697379,7,6,-6.0,14.0,0,4.0
uepP012,6,4,4,SR,-6.0,11.0,2,3.127873232656906,1,3.975898324987036,397.7315232697379,407.83529482738186,7,6,-6.0,14.0,0,4.0
uepP012,6,4,5,SR,-6.0,17.0,2,4.160019692105021,1,3.6696070161557404,407.83529482738186,418.66492153564263,7,6,-6.0,14.0,0,4.0
uepP012,6,4,6,SR,-6.0,18.0,2,3.0942057779212053,1,5.7594310676243525,418.66492153564263,430.5185583811882,7,6,-6.0,14.0,0,4.0
uepP012,6,4,7,SR,-6.0,19.0,2,1.9752406559814921,1,6.113684777810973,430.5185583811882,441.6074838149807,7,6,-6.0,14.0,0,4.0
uepP012,6,4,8,SR,-6.0,17.0,2,1.9971704509542096,1,5.1253152746343575,441.6074838149807,451.7299695405693,7,6,-6.0,14.0,0,4.0
uepP012,6,4,9,SR,-6.0,7.0,2,3.4649268624610987,1,5.8998588110082615,451.7299695405693,464.0947552140386,7,6,-6.0,14.0,0,4.0
uepP012,6,4,10,SR,-6.0,8.0,2,2.3152761633723067,1,4.5899686225891445,464.0947552140386,474.00000000000006,7,6,-6.0,14.0,0,4.0
