subjectId,runId,blockId,trialId,condition,leftAnswer,rightAnswer,choiceDuration,isiDuration,feedbackDuration,itiDuration,stimOnset,itiOffset,leftColor,rightColor,mu1,mu2,sd1,sd2
uepP018,3,2,1,SS,-9.0,-4.0,2,2.0307649306749442,1,3.5342176991003984,130.39071120650118,138.9556938362765,4,3,-9.0,-4.0,0,0
uepP018,3,2,2,SS,-9.0,-4.0,2,3.4587292335163595,1,4.3599299345410065,138.9556938362765,149.77435300433388,4,3,-9.0,-4.0,0,0
uepP018,3,2,3,SS,-9.0,-4.0,2,3.447326993077339,1,3.823783720109,149.77435300433388,160.0454637175202,4,3,-9.0,-4.0,0,0
uepP018,3,2,4,SS,-9.0,-4.0,2,2.206686241366712,1,6.056126078377036,160.0454637175202,171.30827603726397,4,3,-9.0,-4.0,0,0
uepP018,3,2,5,SS,-9.0,-4.0,2,4.618821874507108,1,6.523646848577988,171.30827603726397,185.45074476034907,4,3,-9.0,-4.0,0,0
uepP018,3,2,6,SS,-9.0,-4.0,2,3.3330657311805507,1,5.558747111726317,185.45074476034907,197.34255760325593,4,3,-9.0,-4.0,0,0
uepP018,3,2,7,SS,-9.0,-4.0,2,2.1819151935588432,1,5.090374667744731,197.34255760325593,207.6148474645595,4,3,-9.0,-4.0,0,0
uepP018,3,2,8,SS,-9.0,-4.0,2,4.5396582422843945,1,4.310832725178382,207.6148474645595,219.46533843202226,4,3,-9.0,-4.0,0,0
uepP018,3,2,9,SS,-9.0,-4.0,2,3.219305365886137,1,5.712720198823749,219.46533843202226,231.39736399673214,4,3,-9.0,-4.0,0,0
uepP018,3,2,10,SS,-9.0,-4.0,2,3.9704301244528533,1,6.256119995084275,231.39736399673214,244.62391411626928,4,3,-9.0,-4.0,0,0
