subjectId,runId,blockId,trialId,condition,leftAnswer,rightAnswer,choiceDuration,isiDuration,feedbackDuration,itiDuration,stimOnset,itiOffset,leftColor,rightColor,mu1,mu2,sd1,sd2
uepP057,5,4,1,RR,-3.0,-7.0,2,1.9864707766253424,1,3.4096430431416818,369.5487359936802,377.94484981344726,0,6,3.0,-8.0,4.0,4.0
uepP057,5,4,2,RR,5.0,-4.0,2,3.3767267008573327,1,3.4162891948279133,377.94484981344726,387.7378657091325,0,6,3.0,-8.0,4.0,4.0
uepP057,5,4,3,RR,15.0,-7.0,2,2.432000569125069,1,4.595685810037699,387.7378657091325,397.7655520882953,0,6,3.0,-8.0,4.0,4.0
uepP057,5,4,4,RR,1.0,2.0,2,3.4571799790709954,1,4.0119233441548126,397.7655520882953,408.2346554115211,0,6,3.0,-8.0,4.0,4.0
uepP057,5,4,5,RR,-1.0,-6.0,2,1.8536871399881891,1,3.9353843614403634,408.2346554115211,417.02372691294966,0,6,3.0,-8.0,4.0,4.0
uepP057,5,4,6,RR,-5.0,-12.0,2,4.307336393187764,1,6.5145602666124445,417.02372691294966,430.84562357274984,0,6,3.0,-8.0,4.0,4.0
uepP057,5,4,7,RR,8.0,-3.0,2,3.4527245389078582,1,4.309037103740184,430.84562357274984,441.60738521539787,0,6,3.0,-8.0,4.0,4.0
uepP057,5,4,8,RR,1.0,-12.0,2,2.7968846719162097,1,3.736235487737516,441.60738521539787,451.1405053750516,0,6,3.0,-8.0,4.0,4.0
uepP057,5,4,9,RR,7.0,-10.0,2,4.794489774837091,1,5.1090808805188255,451.1405053750516,464.0440760304075,0,6,3.0,-8.0,4.0,4.0
uepP057,5,4,10,RR,4.0,-4.0,2,2.0058707027394775,1,4.950053266853037,464.0440760304075,474.0,0,6,3.0,-8.0,4.0,4.0
