subjectId,runId,blockId,trialId,condition,leftAnswer,rightAnswer,choiceDuration,isiDuration,feedbackDuration,itiDuration,stimOnset,itiOffset,leftColor,rightColor,mu1,mu2,sd1,sd2
uepP020,4,4,1,SR,-2.0,-4.0,2,3.3384546036611176,1,3.2517358588834866,365.94116910726717,375.53135956981174,1,6,-2.0,-5.0,0,4.0
uepP020,4,4,2,SR,-2.0,-5.0,2,2.3556290352964706,1,4.078557896183327,375.53135956981174,384.96554650129156,1,6,-2.0,-5.0,0,4.0
uepP020,4,4,3,SR,-2.0,-4.0,2,2.736224685743651,1,4.491332102010384,384.96554650129156,395.1931032890456,1,6,-2.0,-5.0,0,4.0
uepP020,4,4,4,SR,-2.0,-5.0,2,2.1299872836822438,1,5.578910775178976,395.1931032890456,405.90200134790683,1,6,-2.0,-5.0,0,4.0
uepP020,4,4,5,SR,-2.0,-12.0,2,4.4380015676570155,1,6.015810787711767,405.90200134790683,419.3558137032756,1,6,-2.0,-5.0,0,4.0
uepP020,4,4,6,SR,-2.0,1.0,2,4.014562979893337,1,4.007954820024175,419.3558137032756,430.3783315031931,1,6,-2.0,-5.0,0,4.0
uepP020,4,4,7,SR,-2.0,-8.0,2,4.586306841508144,1,5.170902564433954,430.3783315031931,443.1355409091352,1,6,-2.0,-5.0,0,4.0
uepP020,4,4,8,SR,-2.0,-3.0,2,2.4827871619827446,1,5.5894370327683,443.1355409091352,454.20776510388623,1,6,-2.0,-5.0,0,4.0
uepP020,4,4,9,SR,-2.0,-12.0,2,2.3739121392398435,1,5.034825498570606,454.20776510388623,464.6165027416967,1,6,-2.0,-5.0,0,4.0
uepP020,4,4,10,SR,-2.0,-6.0,2,2.371279228774156,1,4.012218029529057,464.6165027416967,473.9999999999999,1,6,-2.0,-5.0,0,4.0
