subjectId,runId,blockId,trialId,condition,leftAnswer,rightAnswer,choiceDuration,isiDuration,feedbackDuration,itiDuration,stimOnset,itiOffset,leftColor,rightColor,mu1,mu2,sd1,sd2
uepP054,5,3,1,SS,-21.0,-8.0,2,2.796228371676702,1,4.895195688918702,240.4172041657785,251.1086282263739,6,4,-21.0,-8.0,0,0
uepP054,5,3,2,SS,-21.0,-8.0,2,2.796033476562251,1,5.146303432959246,251.1086282263739,262.0509651358954,6,4,-21.0,-8.0,0,0
uepP054,5,3,3,SS,-21.0,-8.0,2,4.7811701511397775,1,6.232667413437108,262.0509651358954,276.06480270047234,6,4,-21.0,-8.0,0,0
uepP054,5,3,4,SS,-21.0,-8.0,2,2.7625606981868214,1,4.133629876701174,276.06480270047234,285.9609932753603,6,4,-21.0,-8.0,0,0
uepP054,5,3,5,SS,-21.0,-8.0,2,3.7577831107388575,1,6.221781830353051,285.9609932753603,298.9405582164522,6,4,-21.0,-8.0,0,0
uepP054,5,3,6,SS,-21.0,-8.0,2,3.46140019581174,1,5.423693887231923,298.9405582164522,310.82565229949586,6,4,-21.0,-8.0,0,0
uepP054,5,3,7,SS,-21.0,-8.0,2,1.8435184602858388,1,4.421835832113449,310.82565229949586,320.09100659189517,6,4,-21.0,-8.0,0,0
uepP054,5,3,8,SS,-21.0,-8.0,2,1.9152874001966063,1,5.032841892749162,320.09100659189517,330.03913588484096,6,4,-21.0,-8.0,0,0
uepP054,5,3,9,SS,-21.0,-8.0,2,3.4402627691188457,1,6.002939085722728,330.03913588484096,342.4823377396826,6,4,-21.0,-8.0,0,0
uepP054,5,3,10,SS,-21.0,-8.0,2,3.1026211821278897,1,3.42389651151888,342.4823377396826,352.00885543332936,6,4,-21.0,-8.0,0,0
