subjectId,runId,blockId,trialId,condition,leftAnswer,rightAnswer,choiceDuration,isiDuration,feedbackDuration,itiDuration,stimOnset,itiOffset,leftColor,rightColor,mu1,mu2,sd1,sd2
uepP002,3,4,1,SR,-16.0,-8.0,2,3.606885918504696,1,5.8487637493456965,360.1550602203895,372.6107098882399,5,0,-16.0,-7.0,0,4.0
uepP002,3,4,2,SR,-16.0,-4.0,2,2.2903896523351412,1,3.6888562428401803,372.6107098882399,381.58995578341523,5,0,-16.0,-7.0,0,4.0
uepP002,3,4,3,SR,-16.0,-15.0,2,3.955367974208628,1,6.196401687810409,381.58995578341523,394.74172544543427,5,0,-16.0,-7.0,0,4.0
uepP002,3,4,4,SR,-16.0,-12.0,2,4.548659485956032,1,4.478468250113882,394.74172544543427,406.7688531815042,5,0,-16.0,-7.0,0,4.0
uepP002,3,4,5,SR,-16.0,-8.0,2,1.9395764721899575,1,3.407967928470716,406.7688531815042,415.1163975821649,5,0,-16.0,-7.0,0,4.0
uepP002,3,4,6,SR,-16.0,-7.0,2,2.288398313015018,1,5.518970286837893,415.1163975821649,425.9237661820178,5,0,-16.0,-7.0,0,4.0
uepP002,3,4,7,SR,-16.0,-14.0,2,4.301758666126428,1,4.692237260515358,425.9237661820178,437.9177621086596,5,0,-16.0,-7.0,0,4.0
uepP002,3,4,8,SR,-16.0,-5.0,2,3.027873138546476,1,6.165001169771158,437.9177621086596,450.1106364169772,5,0,-16.0,-7.0,0,4.0
uepP002,3,4,9,SR,-16.0,-9.0,2,4.430922560659915,1,5.058557574607377,450.1106364169772,462.60011655224446,5,0,-16.0,-7.0,0,4.0
uepP002,3,4,10,SR,-16.0,-6.0,2,4.4179193912006225,1,3.9819640565549363,462.60011655224446,474.0,5,0,-16.0,-7.0,0,4.0
