subjectId,runId,blockId,trialId,condition,leftAnswer,rightAnswer,choiceDuration,isiDuration,feedbackDuration,itiDuration,stimOnset,itiOffset,leftColor,rightColor,mu1,mu2,sd1,sd2
uepP041,6,4,1,SR,6.0,-10.0,2,2.9833502779026584,1,4.353506534017065,371.0652414247959,381.40209823671563,1,4,6.0,-10.0,0,4.0
uepP041,6,4,2,SR,6.0,1.0,2,3.4029502527433344,1,3.4074446583924605,381.40209823671563,391.21249314785143,1,4,6.0,-10.0,0,4.0
uepP041,6,4,3,SR,6.0,-13.0,2,3.8099283698177135,1,3.5246876710680874,391.21249314785143,401.54710918873724,1,4,6.0,-10.0,0,4.0
uepP041,6,4,4,SR,6.0,-12.0,2,2.550366271820779,1,5.536561900575082,401.54710918873724,412.6340373611331,1,4,6.0,-10.0,0,4.0
uepP041,6,4,5,SR,6.0,-11.0,2,4.751509890993168,1,3.8122185390575014,412.6340373611331,424.19776579118377,1,4,6.0,-10.0,0,4.0
uepP041,6,4,6,SR,6.0,-15.0,2,2.251595916644372,1,3.4902560443858057,424.19776579118377,432.93961775221396,1,4,6.0,-10.0,0,4.0
uepP041,6,4,7,SR,6.0,-12.0,2,2.0619535048656794,1,4.439046822926505,432.93961775221396,442.4406180800062,1,4,6.0,-10.0,0,4.0
uepP041,6,4,8,SR,6.0,-9.0,2,3.1111624634955355,1,3.33722912937664,442.4406180800062,451.88900967287833,1,4,6.0,-10.0,0,4.0
uepP041,6,4,9,SR,6.0,-9.0,2,2.9176416773875125,1,6.131754922795723,451.88900967287833,463.93840627306156,1,4,6.0,-10.0,0,4.0
uepP041,6,4,10,SR,6.0,-15.0,2,3.744200454869529,1,3.317393272068912,463.93840627306156,474.0,1,4,6.0,-10.0,0,4.0
