subjectId,runId,blockId,trialId,condition,leftAnswer,rightAnswer,choiceDuration,isiDuration,feedbackDuration,itiDuration,stimOnset,itiOffset,leftColor,rightColor,mu1,mu2,sd1,sd2
uepP009,1,4,1,SR,0.0,-4.0,2,2.2428819833138656,1,6.301417302711026,363.8572777702276,375.40157705625245,4,2,0.0,-1.0,0,4.0
uepP009,1,4,2,SR,0.0,-6.0,2,2.097372842887757,1,5.011572470868645,375.40157705625245,385.51052237000886,4,2,0.0,-1.0,0,4.0
uepP009,1,4,3,SR,0.0,-2.0,2,3.298756355042362,1,3.895600165362018,385.51052237000886,395.7048788904132,4,2,0.0,-1.0,0,4.0
uepP009,1,4,4,SR,0.0,0.0,2,3.4006770680599745,1,6.217772185016975,395.7048788904132,408.3233281434902,4,2,0.0,-1.0,0,4.0
uepP009,1,4,5,SR,0.0,-6.0,2,1.9652690122725143,1,6.3785073046311975,408.3233281434902,419.6671044603939,4,2,0.0,-1.0,0,4.0
uepP009,1,4,6,SR,0.0,-3.0,2,3.4963440187202695,1,5.782961244202098,419.6671044603939,431.94640972331626,4,2,0.0,-1.0,0,4.0
uepP009,1,4,7,SR,0.0,2.0,2,2.139640642907562,1,3.452953700930179,431.94640972331626,440.539004067154,4,2,0.0,-1.0,0,4.0
uepP009,1,4,8,SR,0.0,-2.0,2,3.8355343144631733,1,3.930613378859103,440.539004067154,451.3051517604763,4,2,0.0,-1.0,0,4.0
uepP009,1,4,9,SR,0.0,-2.0,2,4.737846559222094,1,4.220963099017525,451.3051517604763,463.2639614187159,4,2,0.0,-1.0,0,4.0
uepP009,1,4,10,SR,0.0,-4.0,2,2.155469584312172,1,5.580568996971884,463.2639614187159,473.99999999999994,4,2,0.0,-1.0,0,4.0
