subjectId,runId,blockId,trialId,condition,leftAnswer,rightAnswer,choiceDuration,isiDuration,feedbackDuration,itiDuration,stimOnset,itiOffset,leftColor,rightColor,mu1,mu2,sd1,sd2
uepP013,4,1,1,SR,-20.0,1.0,2,2.904038186208165,1,3.833251118692162,16,25.737289304900326,1,7,-20.0,2.0,0,4.0
uepP013,4,1,2,SR,-20.0,3.0,2,2.4487692103806102,1,5.78270297914369,25.737289304900326,36.968761494424626,1,7,-20.0,2.0,0,4.0
uepP013,4,1,3,SR,-20.0,7.0,2,3.720193432845011,1,3.803644565589929,36.968761494424626,47.49259949285956,1,7,-20.0,2.0,0,4.0
uepP013,4,1,4,SR,-20.0,-3.0,2,4.757259026112119,1,3.9665710062122157,47.49259949285956,59.21642952518389,1,7,-20.0,2.0,0,4.0
uepP013,4,1,5,SR,-20.0,4.0,2,2.299563599032026,1,6.173544873345688,59.21642952518389,70.68953799756162,1,7,-20.0,2.0,0,4.0
uepP013,4,1,6,SR,-20.0,2.0,2,3.500778587449433,1,4.13805669819148,70.68953799756162,81.32837328320252,1,7,-20.0,2.0,0,4.0
uepP013,4,1,7,SR,-20.0,3.0,2,3.1081003288442277,1,4.434464104413677,81.32837328320252,91.87093771646043,1,7,-20.0,2.0,0,4.0
uepP013,4,1,8,SR,-20.0,-2.0,2,3.276770035339399,1,3.7057726129813706,91.87093771646043,101.8534803647812,1,7,-20.0,2.0,0,4.0
uepP013,4,1,9,SR,-20.0,3.0,2,2.472208720752333,1,5.913729721329581,101.8534803647812,113.23941880686311,1,7,-20.0,2.0,0,4.0
uepP013,4,1,10,SR,-20.0,2.0,2,3.1510001789127227,1,5.935860388251069,113.23941880686311,125.32627937402691,1,7,-20.0,2.0,0,4.0
