subjectId,runId,blockId,trialId,condition,leftAnswer,rightAnswer,choiceDuration,isiDuration,feedbackDuration,itiDuration,stimOnset,itiOffset,leftColor,rightColor,mu1,mu2,sd1,sd2
uepP038,4,1,1,RS,-10.0,-3.0,2,3.2918780886001433,1,3.17646634173378,16,25.46834443033392,4,6,-12.0,-3.0,4.0,0
uepP038,4,1,2,RS,-3.0,-3.0,2,2.703424208231928,1,5.237632352395419,25.46834443033392,36.409400990961274,4,6,-12.0,-3.0,4.0,0
uepP038,4,1,3,RS,-8.0,-3.0,2,1.5932767128238887,1,3.458431278613069,36.409400990961274,44.46110898239823,4,6,-12.0,-3.0,4.0,0
uepP038,4,1,4,RS,-14.0,-3.0,2,2.44778815297255,1,5.605667861620842,44.46110898239823,55.51456499699162,4,6,-12.0,-3.0,4.0,0
uepP038,4,1,5,RS,-12.0,-3.0,2,3.4985223939798185,1,4.264478554260427,55.51456499699162,66.27756594523187,4,6,-12.0,-3.0,4.0,0
uepP038,4,1,6,RS,-11.0,-3.0,2,2.7567874255830866,1,5.58868412419835,66.27756594523187,77.6230374950133,4,6,-12.0,-3.0,4.0,0
uepP038,4,1,7,RS,-11.0,-3.0,2,2.9650679839879452,1,3.500681551800289,77.6230374950133,87.08878703080154,4,6,-12.0,-3.0,4.0,0
uepP038,4,1,8,RS,-16.0,-3.0,2,4.08312853307478,1,5.691955507361718,87.08878703080154,99.86387107123804,4,6,-12.0,-3.0,4.0,0
uepP038,4,1,9,RS,-8.0,-3.0,2,4.448268783780962,1,4.816669954215602,99.86387107123804,112.1288098092346,4,6,-12.0,-3.0,4.0,0
uepP038,4,1,10,RS,-13.0,-3.0,2,2.5077000941065863,1,4.426115939668251,112.1288098092346,122.06262584300943,4,6,-12.0,-3.0,4.0,0
