subjectId,runId,blockId,trialId,condition,leftAnswer,rightAnswer,choiceDuration,isiDuration,feedbackDuration,itiDuration,stimOnset,itiOffset,leftColor,rightColor,mu1,mu2,sd1,sd2
uepP029,2,1,1,RR,-4.0,-7.0,2,2.5320768722639166,1,4.369824709746089,16,25.901901582010005,2,7,-4.0,-10.0,4.0,4.0
uepP029,2,1,2,RR,-5.0,-14.0,2,2.407463307839971,1,3.555799142589476,25.901901582010005,34.86516403243945,2,7,-4.0,-10.0,4.0,4.0
uepP029,2,1,3,RR,-4.0,-16.0,2,1.965083324243568,1,3.1187124956372783,34.86516403243945,42.94895985232029,2,7,-4.0,-10.0,4.0,4.0
uepP029,2,1,4,RR,-5.0,-9.0,2,3.2099515840051285,1,5.9747231353644255,42.94895985232029,55.133634571689846,2,7,-4.0,-10.0,4.0,4.0
uepP029,2,1,5,RR,-4.0,-13.0,2,3.082134774342572,1,5.05864312174729,55.133634571689846,66.27441246777971,2,7,-4.0,-10.0,4.0,4.0
uepP029,2,1,6,RR,3.0,-8.0,2,2.3975523014627047,1,5.894006396490393,66.27441246777971,77.56597116573282,2,7,-4.0,-10.0,4.0,4.0
uepP029,2,1,7,RR,-7.0,-9.0,2,4.251186748593825,1,5.7134406592725755,77.56597116573282,90.53059857359922,2,7,-4.0,-10.0,4.0,4.0
uepP029,2,1,8,RR,-0.0,-6.0,2,2.5142141808308014,1,5.509079581721287,90.53059857359922,101.5538923361513,2,7,-4.0,-10.0,4.0,4.0
uepP029,2,1,9,RR,-6.0,-14.0,2,3.2675169022374484,1,3.855867301282261,101.5538923361513,111.67727653967101,2,7,-4.0,-10.0,4.0,4.0
uepP029,2,1,10,RR,-3.0,-2.0,2,1.755725797383589,1,3.111318396794094,111.67727653967101,119.54432073384869,2,7,-4.0,-10.0,4.0,4.0
