subjectId,runId,blockId,trialId,condition,leftAnswer,rightAnswer,choiceDuration,isiDuration,feedbackDuration,itiDuration,stimOnset,itiOffset,leftColor,rightColor,mu1,mu2,sd1,sd2
uepP002,6,4,1,SR,12.0,8.0,2,3.2068477019192745,1,6.087172478484663,363.952840802363,376.246860982767,4,6,12.0,6.0,0,4.0
uepP002,6,4,2,SR,12.0,4.0,2,3.5695441754507495,1,3.7328925128648085,376.246860982767,386.5492976710825,4,6,12.0,6.0,0,4.0
uepP002,6,4,3,SR,12.0,3.0,2,4.289423823593002,1,5.990235724919886,386.5492976710825,399.8289572195954,4,6,12.0,6.0,0,4.0
uepP002,6,4,4,SR,12.0,10.0,2,2.081336528489811,1,3.7061070450046034,399.8289572195954,408.61640079308984,4,6,12.0,6.0,0,4.0
uepP002,6,4,5,SR,12.0,2.0,2,2.218078944032131,1,5.584319789057889,408.61640079308984,419.41879952617984,4,6,12.0,6.0,0,4.0
uepP002,6,4,6,SR,12.0,9.0,2,4.309194756202722,1,4.686367148014356,419.41879952617984,431.4143614303969,4,6,12.0,6.0,0,4.0
uepP002,6,4,7,SR,12.0,6.0,2,4.004977701704851,1,3.7657561185232575,431.4143614303969,442.185095250625,4,6,12.0,6.0,0,4.0
uepP002,6,4,8,SR,12.0,4.0,2,3.0877016198240947,1,4.789495691329596,442.185095250625,453.0622925617787,4,6,12.0,6.0,0,4.0
uepP002,6,4,9,SR,12.0,8.0,2,2.8469224906451287,1,3.9788145095024006,453.0622925617787,462.8880295619262,4,6,12.0,6.0,0,4.0
uepP002,6,4,10,SR,12.0,3.0,2,2.12575675244419,1,5.986213685629474,462.8880295619262,473.9999999999999,4,6,12.0,6.0,0,4.0
