subjectId,runId,blockId,trialId,condition,leftAnswer,rightAnswer,choiceDuration,isiDuration,feedbackDuration,itiDuration,stimOnset,itiOffset,leftColor,rightColor,mu1,mu2,sd1,sd2
uepP035,3,4,1,SS,-0.0,-6.0,2,3.7244226059928423,1,3.2389971853696164,363.53703987652534,373.5004596678878,0,6,-0.0,-6.0,0,0
uepP035,3,4,2,SS,-0.0,-6.0,2,2.642979868930659,1,5.301372764540879,373.5004596678878,384.4448123013593,0,6,-0.0,-6.0,0,0
uepP035,3,4,3,SS,-0.0,-6.0,2,4.297036700352275,1,4.532577761885122,384.4448123013593,396.27442676359675,0,6,-0.0,-6.0,0,0
uepP035,3,4,4,SS,-0.0,-6.0,2,2.8782019518958024,1,3.748436298432733,396.27442676359675,405.9010650139253,0,6,-0.0,-6.0,0,0
uepP035,3,4,5,SS,-0.0,-6.0,2,4.3390910546894315,1,5.85138148990574,405.9010650139253,419.0915375585205,0,6,-0.0,-6.0,0,0
uepP035,3,4,6,SS,-0.0,-6.0,2,2.1935652232093212,1,3.9138035849995036,419.0915375585205,428.1989063667293,0,6,-0.0,-6.0,0,0
uepP035,3,4,7,SS,-0.0,-6.0,2,4.008848285389643,1,5.5874332039025445,428.1989063667293,440.7951878560215,0,6,-0.0,-6.0,0,0
uepP035,3,4,8,SS,-0.0,-6.0,2,4.087890257119354,1,4.066636500605081,440.7951878560215,451.9497146137459,0,6,-0.0,-6.0,0,0
uepP035,3,4,9,SS,-0.0,-6.0,2,2.8300985374855605,1,4.1090527302162965,451.9497146137459,461.8888658814478,0,6,-0.0,-6.0,0,0
uepP035,3,4,10,SS,-0.0,-6.0,2,3.079938445496405,1,6.031195673055842,461.8888658814478,474.00000000000006,0,6,-0.0,-6.0,0,0
