subjectId,runId,blockId,trialId,condition,leftAnswer,rightAnswer,choiceDuration,isiDuration,feedbackDuration,itiDuration,stimOnset,itiOffset,leftColor,rightColor,mu1,mu2,sd1,sd2
uepP047,3,4,1,SS,9.0,11.0,2,2.6534509502197006,1,4.894755935791056,358.8841119062117,369.4323187922224,1,4,9.0,11.0,0,0
uepP047,3,4,2,SS,9.0,11.0,2,4.26449706265908,1,5.580285817318705,369.4323187922224,382.2771016722002,1,4,9.0,11.0,0,0
uepP047,3,4,3,SS,9.0,11.0,2,3.7177466670905384,1,3.9406538524991794,382.2771016722002,392.9355021917899,1,4,9.0,11.0,0,0
uepP047,3,4,4,SS,9.0,11.0,2,4.095717529075966,1,5.375571825637692,392.9355021917899,405.40679154650354,1,4,9.0,11.0,0,0
uepP047,3,4,5,SS,9.0,11.0,2,4.317210559965993,1,4.6402036749929785,405.40679154650354,417.3642057814625,1,4,9.0,11.0,0,0
uepP047,3,4,6,SS,9.0,11.0,2,4.3116207802454865,1,5.758067012549833,417.3642057814625,430.4338935742578,1,4,9.0,11.0,0,0
uepP047,3,4,7,SS,9.0,11.0,2,2.9213065401823513,1,5.97422594136558,430.4338935742578,442.32942605580575,1,4,9.0,11.0,0,0
uepP047,3,4,8,SS,9.0,11.0,2,3.2895154462803458,1,3.5101351142874075,442.32942605580575,452.1290766163735,1,4,9.0,11.0,0,0
uepP047,3,4,9,SS,9.0,11.0,2,3.8635344834178387,1,3.9237184262064777,452.1290766163735,462.9163295259978,1,4,9.0,11.0,0,0
uepP047,3,4,10,SS,9.0,11.0,2,2.1598065288299266,1,5.923863945172209,462.9163295259978,473.99999999999994,1,4,9.0,11.0,0,0
