subjectId,runId,blockId,trialId,condition,leftAnswer,rightAnswer,choiceDuration,isiDuration,feedbackDuration,itiDuration,stimOnset,itiOffset,leftColor,rightColor,mu1,mu2,sd1,sd2
uepP033,1,4,1,SS,-5.0,8.0,2,3.428773344647792,1,3.60968078573568,362.5598693469586,372.59832347734203,4,7,-5.0,8.0,0,0
uepP033,1,4,2,SS,-5.0,8.0,2,4.285456146241495,1,5.059122211071593,372.59832347734203,384.9429018346551,4,7,-5.0,8.0,0,0
uepP033,1,4,3,SS,-5.0,8.0,2,3.1694774475348098,1,6.100335580152621,384.9429018346551,397.2127148623425,4,7,-5.0,8.0,0,0
uepP033,1,4,4,SS,-5.0,8.0,2,3.679323482929994,1,6.095391423136962,397.2127148623425,409.98742976840947,4,7,-5.0,8.0,0,0
uepP033,1,4,5,SS,-5.0,8.0,2,1.9125958106850114,1,4.435266644447771,409.98742976840947,419.33529222354224,4,7,-5.0,8.0,0,0
uepP033,1,4,6,SS,-5.0,8.0,2,4.420784812501681,1,4.312681412574847,419.33529222354224,431.0687584486187,4,7,-5.0,8.0,0,0
uepP033,1,4,7,SS,-5.0,8.0,2,2.635387186890045,1,3.247053488650712,431.0687584486187,439.9511991241595,4,7,-5.0,8.0,0,0
uepP033,1,4,8,SS,-5.0,8.0,2,1.7052941220275224,1,3.535738326869474,439.9511991241595,448.19223157305646,4,7,-5.0,8.0,0,0
uepP033,1,4,9,SS,-5.0,8.0,2,3.2416804581923744,1,6.254219195239715,448.19223157305646,460.68813122648857,4,7,-5.0,8.0,0,0
uepP033,1,4,10,SS,-5.0,8.0,2,3.9743787652815055,1,6.337490008229882,460.68813122648857,474.0,4,7,-5.0,8.0,0,0
