subjectId,runId,blockId,trialId,condition,leftAnswer,rightAnswer,choiceDuration,isiDuration,feedbackDuration,itiDuration,stimOnset,itiOffset,leftColor,rightColor,mu1,mu2,sd1,sd2
uepP022,7,2,1,RS,-1.0,9.0,2,2.8643341817249377,1,4.9957739879016225,128.94222459842197,139.80233276804853,4,6,3.0,9.0,4.0,0
uepP022,7,2,2,RS,-2.0,9.0,2,3.5125910415956487,1,5.274161728636926,139.80233276804853,151.5890855382811,4,6,3.0,9.0,4.0,0
uepP022,7,2,3,RS,3.0,9.0,2,3.5710915757444397,1,3.7140040191557837,151.5890855382811,161.87418113318134,4,6,3.0,9.0,4.0,0
uepP022,7,2,4,RS,12.0,9.0,2,3.047078642179703,1,6.117164462005464,161.87418113318134,174.0384242373665,4,6,3.0,9.0,4.0,0
uepP022,7,2,5,RS,8.0,9.0,2,2.184058484819902,1,6.205830696574229,174.0384242373665,185.42831341876064,4,6,3.0,9.0,4.0,0
uepP022,7,2,6,RS,-1.0,9.0,2,2.7369814372989683,1,3.2726379647122825,185.42831341876064,194.4379328207719,4,6,3.0,9.0,4.0,0
uepP022,7,2,7,RS,1.0,9.0,2,2.1759139610218066,1,4.013030920418606,194.4379328207719,203.6268777022123,4,6,3.0,9.0,4.0,0
uepP022,7,2,8,RS,-2.0,9.0,2,2.6556115476262545,1,6.378719379812232,203.6268777022123,215.6612086296508,4,6,3.0,9.0,4.0,0
uepP022,7,2,9,RS,1.0,9.0,2,2.3693559221683014,1,3.748306923666889,215.6612086296508,224.77887147548597,4,6,3.0,9.0,4.0,0
uepP022,7,2,10,RS,-5.0,9.0,2,4.482074633212337,1,5.213547734181462,224.77887147548597,237.47449384287978,4,6,3.0,9.0,4.0,0
