subjectId,runId,blockId,trialId,condition,leftAnswer,rightAnswer,choiceDuration,isiDuration,feedbackDuration,itiDuration,stimOnset,itiOffset,leftColor,rightColor,mu1,mu2,sd1,sd2
uepP042,8,3,1,RR,7.0,-23.0,2,2.8157970586953187,1,4.894652428460167,244.698503949624,255.4089534367795,5,6,3.0,-16.0,4.0,4.0
uepP042,8,3,2,RR,8.0,-14.0,2,3.689606721264477,1,3.483409551120159,255.4089534367795,265.58196970916407,5,6,3.0,-16.0,4.0,4.0
uepP042,8,3,3,RR,2.0,-20.0,2,4.3540671305350065,1,4.88246138766558,265.58196970916407,277.8184982273646,5,6,3.0,-16.0,4.0,4.0
uepP042,8,3,4,RR,2.0,-14.0,2,2.8602280863205243,1,4.437854077389847,277.8184982273646,288.116580391075,5,6,3.0,-16.0,4.0,4.0
uepP042,8,3,5,RR,3.0,-25.0,2,4.338508288896249,1,4.895748882632674,288.116580391075,300.35083756260394,5,6,3.0,-16.0,4.0,4.0
uepP042,8,3,6,RR,8.0,-18.0,2,3.9676418856471,1,6.355656073258247,300.35083756260394,313.6741355215093,5,6,3.0,-16.0,4.0,4.0
uepP042,8,3,7,RR,-1.0,-17.0,2,3.8847307017613586,1,5.7203505369432595,313.6741355215093,326.27921676021396,5,6,3.0,-16.0,4.0,4.0
uepP042,8,3,8,RR,3.0,-19.0,2,2.5260243863166867,1,4.800350698367567,326.27921676021396,336.60559184489824,5,6,3.0,-16.0,4.0,4.0
uepP042,8,3,9,RR,-0.0,-5.0,2,3.388260744317262,1,4.723006829577103,336.60559184489824,347.71685941879264,5,6,3.0,-16.0,4.0,4.0
uepP042,8,3,10,RR,-1.0,-21.0,2,3.129754263705359,1,6.233915657217719,347.71685941879264,360.0805293397157,5,6,3.0,-16.0,4.0,4.0
