subjectId,runId,blockId,trialId,condition,leftAnswer,rightAnswer,choiceDuration,isiDuration,feedbackDuration,itiDuration,stimOnset,itiOffset,leftColor,rightColor,mu1,mu2,sd1,sd2
uepP040,2,4,1,SS,2.0,13.0,2,3.5410401629029957,1,3.734676708327829,363.2508300692472,373.526546940478,2,1,2.0,13.0,0,0
uepP040,2,4,2,SS,2.0,13.0,2,4.260371587639519,1,3.1820197233439296,373.526546940478,383.96893825146145,2,1,2.0,13.0,0,0
uepP040,2,4,3,SS,2.0,13.0,2,2.8393604415952622,1,5.935420532620464,383.96893825146145,395.7437192256772,2,1,2.0,13.0,0,0
uepP040,2,4,4,SS,2.0,13.0,2,3.22962951093282,1,4.59789882462376,395.7437192256772,406.57124756123375,2,1,2.0,13.0,0,0
uepP040,2,4,5,SS,2.0,13.0,2,4.41760390019986,1,6.3022395495547245,406.57124756123375,420.29109101098834,2,1,2.0,13.0,0,0
uepP040,2,4,6,SS,2.0,13.0,2,2.2631696879793455,1,5.108603225521048,420.29109101098834,430.66286392448876,2,1,2.0,13.0,0,0
uepP040,2,4,7,SS,2.0,13.0,2,3.635596423099942,1,4.989514645131331,430.66286392448876,442.2879749927201,2,1,2.0,13.0,0,0
uepP040,2,4,8,SS,2.0,13.0,2,2.1749528277715826,1,5.774009507312121,442.2879749927201,453.2369373278038,2,1,2.0,13.0,0,0
uepP040,2,4,9,SS,2.0,13.0,2,1.6908178537319833,1,4.677087978993605,453.2369373278038,462.60484316052936,2,1,2.0,13.0,0,0
uepP040,2,4,10,SS,2.0,13.0,2,3.825731648923816,1,4.5694251905468475,462.60484316052936,474.0,2,1,2.0,13.0,0,0
