subjectId,runId,blockId,trialId,condition,leftAnswer,rightAnswer,choiceDuration,isiDuration,feedbackDuration,itiDuration,stimOnset,itiOffset,leftColor,rightColor,mu1,mu2,sd1,sd2
uepP042,5,1,1,RS,-25.0,-4.0,2,4.161288616227442,1,3.3793486692266455,16,26.540637285454086,1,2,-19.0,-4.0,4.0,0
uepP042,5,1,2,RS,-21.0,-4.0,2,2.3681583572609997,1,3.2420417094213234,26.540637285454086,35.150837352136406,1,2,-19.0,-4.0,4.0,0
uepP042,5,1,3,RS,-15.0,-4.0,2,4.045670694590397,1,4.279218294468712,35.150837352136406,46.47572634119552,1,2,-19.0,-4.0,4.0,0
uepP042,5,1,4,RS,-16.0,-4.0,2,4.55053598272706,1,3.9503204636426426,46.47572634119552,57.97658278756522,1,2,-19.0,-4.0,4.0,0
uepP042,5,1,5,RS,-21.0,-4.0,2,2.624846265117867,1,5.347210368899861,57.97658278756522,68.94863942158295,1,2,-19.0,-4.0,4.0,0
uepP042,5,1,6,RS,-15.0,-4.0,2,2.6331133711514454,1,5.164025042627026,68.94863942158295,79.74577783536142,1,2,-19.0,-4.0,4.0,0
uepP042,5,1,7,RS,-16.0,-4.0,2,2.8743507540581423,1,3.702280817973069,79.74577783536142,89.32240940739263,1,2,-19.0,-4.0,4.0,0
uepP042,5,1,8,RS,-14.0,-4.0,2,2.5773349992297043,1,6.080894339161047,89.32240940739263,100.98063874578338,1,2,-19.0,-4.0,4.0,0
uepP042,5,1,9,RS,-25.0,-4.0,2,2.9367241186642397,1,3.2924454401595398,100.98063874578338,110.20980830460717,1,2,-19.0,-4.0,4.0,0
uepP042,5,1,10,RS,-12.0,-4.0,2,3.243426923034709,1,5.865243148218147,110.20980830460717,122.31847837586001,1,2,-19.0,-4.0,4.0,0
