subjectId,runId,blockId,trialId,condition,leftAnswer,rightAnswer,choiceDuration,isiDuration,feedbackDuration,itiDuration,stimOnset,itiOffset,leftColor,rightColor,mu1,mu2,sd1,sd2
uepP043,2,4,1,SR,13.0,2.0,2,4.025886635276916,1,5.195354650363862,361.35154052615655,373.5727818117973,6,7,13.0,1.0,0,4.0
uepP043,2,4,2,SR,13.0,-2.0,2,3.1669545034402224,1,4.296456148348262,373.5727818117973,384.0361924635858,6,7,13.0,1.0,0,4.0
uepP043,2,4,3,SR,13.0,2.0,2,3.294061463722561,1,6.1459576128242155,384.0361924635858,396.47621154013257,6,7,13.0,1.0,0,4.0
uepP043,2,4,4,SR,13.0,1.0,2,2.6109594606192306,1,4.289100403532736,396.47621154013257,406.3762714042846,6,7,13.0,1.0,0,4.0
uepP043,2,4,5,SR,13.0,2.0,2,3.920520618403062,1,4.771114187851933,406.3762714042846,418.0679062105396,6,7,13.0,1.0,0,4.0
uepP043,2,4,6,SR,13.0,3.0,2,4.387169154257377,1,5.826638172148879,418.0679062105396,431.28171353694586,6,7,13.0,1.0,0,4.0
uepP043,2,4,7,SR,13.0,-3.0,2,4.163015178254023,1,5.409875688576736,431.28171353694586,443.8546044037766,6,7,13.0,1.0,0,4.0
uepP043,2,4,8,SR,13.0,2.0,2,3.930043711652519,1,3.605504872687982,443.8546044037766,454.39015298811705,6,7,13.0,1.0,0,4.0
uepP043,2,4,9,SR,13.0,-2.0,2,2.4364436022687195,1,3.7116900875527503,454.39015298811705,463.5382866779385,6,7,13.0,1.0,0,4.0
uepP043,2,4,10,SR,13.0,-1.0,2,2.0630135119210196,1,5.398699810140549,463.5382866779385,474.0000000000001,6,7,13.0,1.0,0,4.0
