subjectId,runId,blockId,trialId,condition,leftAnswer,rightAnswer,choiceDuration,isiDuration,feedbackDuration,itiDuration,stimOnset,itiOffset,leftColor,rightColor,mu1,mu2,sd1,sd2
uepP057,6,3,1,RS,8.0,7.0,2,2.9691658379634007,1,3.977209000800394,246.47601452858902,256.4223893673528,1,3,6.0,7.0,4.0,0
uepP057,6,3,2,RS,5.0,7.0,2,4.7804406190602835,1,5.472438869730465,256.4223893673528,269.6752688561436,1,3,6.0,7.0,4.0,0
uepP057,6,3,3,RS,5.0,7.0,2,1.8853626311950942,1,3.431830143837993,269.6752688561436,277.9924616311767,1,3,6.0,7.0,4.0,0
uepP057,6,3,4,RS,3.0,7.0,2,2.073281122885634,1,5.684549819041596,277.9924616311767,288.75029257310393,1,3,6.0,7.0,4.0,0
uepP057,6,3,5,RS,8.0,7.0,2,1.829717028174016,1,6.076766390517101,288.75029257310393,299.65677599179503,1,3,6.0,7.0,4.0,0
uepP057,6,3,6,RS,6.0,7.0,2,4.805182117097867,1,5.684296954121836,299.65677599179503,313.14625506301473,1,3,6.0,7.0,4.0,0
uepP057,6,3,7,RS,0.0,7.0,2,2.407022694235171,1,4.223831478741379,313.14625506301473,322.7771092359913,1,3,6.0,7.0,4.0,0
uepP057,6,3,8,RS,7.0,7.0,2,2.021951440840902,1,3.416354096740935,322.7771092359913,331.2154147735731,1,3,6.0,7.0,4.0,0
uepP057,6,3,9,RS,8.0,7.0,2,4.536779745740845,1,6.012121620578592,331.2154147735731,344.7643161398925,1,3,6.0,7.0,4.0,0
uepP057,6,3,10,RS,12.0,7.0,2,4.652512298870459,1,5.440457865609202,344.7643161398925,357.85728630437217,1,3,6.0,7.0,4.0,0
