subjectId,runId,blockId,trialId,condition,leftAnswer,rightAnswer,choiceDuration,isiDuration,feedbackDuration,itiDuration,stimOnset,itiOffset,leftColor,rightColor,mu1,mu2,sd1,sd2
uepP054,7,2,1,SS,4.0,20.0,2,2.2477923048202886,1,4.372636993386193,132.46018381559952,142.08061311380598,2,3,4.0,20.0,0,0
uepP054,7,2,2,SS,4.0,20.0,2,1.853258099227878,1,4.7716868893188185,142.08061311380598,151.70555810235268,2,3,4.0,20.0,0,0
uepP054,7,2,3,SS,4.0,20.0,2,4.181423984775468,1,6.5253562734497725,151.70555810235268,165.41233836057793,2,3,4.0,20.0,0,0
uepP054,7,2,4,SS,4.0,20.0,2,4.363149265313555,1,5.444049148870488,165.41233836057793,178.21953677476196,2,3,4.0,20.0,0,0
uepP054,7,2,5,SS,4.0,20.0,2,1.9574124240108985,1,5.632014844798529,178.21953677476196,188.8089640435714,2,3,4.0,20.0,0,0
uepP054,7,2,6,SS,4.0,20.0,2,2.911150137338693,1,3.7835784589193198,188.8089640435714,198.5036926398294,2,3,4.0,20.0,0,0
uepP054,7,2,7,SS,4.0,20.0,2,3.557779597109314,1,4.580854597371263,198.5036926398294,209.64232683430998,2,3,4.0,20.0,0,0
uepP054,7,2,8,SS,4.0,20.0,2,4.162540970739574,1,5.643256892756594,209.64232683430998,222.44812469780615,2,3,4.0,20.0,0,0
uepP054,7,2,9,SS,4.0,20.0,2,2.603344080432977,1,5.934144072209271,222.44812469780615,233.9856128504484,2,3,4.0,20.0,0,0
uepP054,7,2,10,SS,4.0,20.0,2,2.6645951842238653,1,4.655282118175522,233.9856128504484,244.3054901528478,2,3,4.0,20.0,0,0
