subjectId,runId,blockId,trialId,condition,leftAnswer,rightAnswer,choiceDuration,isiDuration,feedbackDuration,itiDuration,stimOnset,itiOffset,leftColor,rightColor,mu1,mu2,sd1,sd2
uepP057,7,1,1,SS,3.0,8.0,2,4.279296330230381,1,5.260412662032014,16,28.539708992262394,6,2,3.0,8.0,0,0
uepP057,7,1,2,SS,3.0,8.0,2,3.4510306690944255,1,5.718725828972237,28.539708992262394,40.70946549032906,6,2,3.0,8.0,0,0
uepP057,7,1,3,SS,3.0,8.0,2,1.7931565692787743,1,3.6889513233086273,40.70946549032906,49.19157338291646,6,2,3.0,8.0,0,0
uepP057,7,1,4,SS,3.0,8.0,2,3.4162770265620597,1,3.808868922145241,49.19157338291646,59.41671933162376,6,2,3.0,8.0,0,0
uepP057,7,1,5,SS,3.0,8.0,2,2.0581940062443196,1,5.2349337312705915,59.41671933162376,69.70984706913868,6,2,3.0,8.0,0,0
uepP057,7,1,6,SS,3.0,8.0,2,1.7502061914314486,1,4.176326048254848,69.70984706913868,78.63637930882497,6,2,3.0,8.0,0,0
uepP057,7,1,7,SS,3.0,8.0,2,4.877513528435447,1,4.7407442788846454,78.63637930882497,91.25463711614506,6,2,3.0,8.0,0,0
uepP057,7,1,8,SS,3.0,8.0,2,3.359839816007102,1,5.937144176948201,91.25463711614506,103.55162110910035,6,2,3.0,8.0,0,0
uepP057,7,1,9,SS,3.0,8.0,2,4.603844345601675,1,5.08836537241714,103.55162110910035,116.24383082711917,6,2,3.0,8.0,0,0
uepP057,7,1,10,SS,3.0,8.0,2,4.746689459426003,1,5.732591464759181,116.24383082711917,129.72311175130434,6,2,3.0,8.0,0,0
