subjectId,runId,blockId,trialId,condition,leftAnswer,rightAnswer,choiceDuration,isiDuration,feedbackDuration,itiDuration,stimOnset,itiOffset,leftColor,rightColor,mu1,mu2,sd1,sd2
uepP033,7,4,1,RS,-3.0,4.0,2,4.112747033726407,1,6.259422237992675,360.05649490729184,373.4286641790109,5,7,-9.0,4.0,4.0,0
uepP033,7,4,2,RS,-13.0,4.0,2,3.019221857360597,1,5.917206739261042,373.4286641790109,385.36509277563255,5,7,-9.0,4.0,4.0,0
uepP033,7,4,3,RS,-20.0,4.0,2,4.654016735863625,1,5.936998175105089,385.36509277563255,398.9561076866013,5,7,-9.0,4.0,4.0,0
uepP033,7,4,4,RS,-13.0,4.0,2,3.028657383889099,1,3.6646763453111104,398.9561076866013,408.6494414158015,5,7,-9.0,4.0,4.0,0
uepP033,7,4,5,RS,-6.0,4.0,2,2.108808684603594,1,4.112877395950211,408.6494414158015,417.8711274963553,5,7,-9.0,4.0,4.0,0
uepP033,7,4,6,RS,-1.0,4.0,2,2.500359626593199,1,5.910248722197548,417.8711274963553,429.28173584514604,5,7,-9.0,4.0,4.0,0
uepP033,7,4,7,RS,-6.0,4.0,2,3.177571933926111,1,5.187106484071936,429.28173584514604,440.6464142631441,5,7,-9.0,4.0,4.0,0
uepP033,7,4,8,RS,-11.0,4.0,2,4.505791844994499,1,5.701329729198395,440.6464142631441,453.853535837337,5,7,-9.0,4.0,4.0,0
uepP033,7,4,9,RS,-4.0,4.0,2,3.014874676078327,1,3.6097478674821213,453.853535837337,463.4781583808974,5,7,-9.0,4.0,4.0,0
uepP033,7,4,10,RS,-11.0,4.0,2,4.1965762382918745,1,3.3252653808107695,463.4781583808974,474.00000000000006,5,7,-9.0,4.0,4.0,0
