subjectId,runId,blockId,trialId,condition,leftAnswer,rightAnswer,choiceDuration,isiDuration,feedbackDuration,itiDuration,stimOnset,itiOffset,leftColor,rightColor,mu1,mu2,sd1,sd2
uepP041,8,4,1,SR,-6.0,3.0,2,3.126602613134428,1,5.474458700149736,361.5999849114639,373.20104622474804,3,5,-6.0,0.0,0,4.0
uepP041,8,4,2,SR,-6.0,1.0,2,3.6405853056416846,1,4.646526061815634,373.20104622474804,384.48815759220537,3,5,-6.0,0.0,0,4.0
uepP041,8,4,3,SR,-6.0,-3.0,2,2.937617380481857,1,5.920372820087195,384.48815759220537,396.34614779277445,3,5,-6.0,0.0,0,4.0
uepP041,8,4,4,SR,-6.0,2.0,2,3.7465491546901744,1,5.289572702810816,396.34614779277445,408.3822696502754,3,5,-6.0,0.0,0,4.0
uepP041,8,4,5,SR,-6.0,-3.0,2,2.6882107676731453,1,4.009938481491338,408.3822696502754,418.0804188994399,3,5,-6.0,0.0,0,4.0
uepP041,8,4,6,SR,-6.0,0.0,2,3.6254940257696764,1,5.28395898958088,418.0804188994399,429.98987191479046,3,5,-6.0,0.0,0,4.0
uepP041,8,4,7,SR,-6.0,-0.0,2,2.6729758157969274,1,4.3646241936182655,429.98987191479046,440.02747192420566,3,5,-6.0,0.0,0,4.0
uepP041,8,4,8,SR,-6.0,-5.0,2,2.612596049117474,1,6.19782785312057,440.02747192420566,451.8378958264437,3,5,-6.0,0.0,0,4.0
uepP041,8,4,9,SR,-6.0,-3.0,2,1.922826070743694,1,5.981222590799085,451.8378958264437,462.7419444879864,3,5,-6.0,0.0,0,4.0
uepP041,8,4,10,SR,-6.0,1.0,2,4.280773761971257,1,3.977281750042113,462.7419444879864,473.9999999999998,3,5,-6.0,0.0,0,4.0
