subjectId,runId,blockId,trialId,condition,leftAnswer,rightAnswer,choiceDuration,isiDuration,feedbackDuration,itiDuration,stimOnset,itiOffset,leftColor,rightColor,mu1,mu2,sd1,sd2
uepP028,6,4,1,SR,-3.0,-3.0,2,2.209982432264836,1,3.529299074422406,367.0868454654054,375.82612697209265,6,7,-3.0,-4.0,0,4.0
uepP028,6,4,2,SR,-3.0,-4.0,2,3.4044663869098017,1,4.666658264289124,375.82612697209265,386.8972516232916,6,7,-3.0,-4.0,0,4.0
uepP028,6,4,3,SR,-3.0,-1.0,2,2.6953818041509137,1,3.6414562297460233,386.8972516232916,396.2340896571886,6,7,-3.0,-4.0,0,4.0
uepP028,6,4,4,SR,-3.0,-9.0,2,3.57096830013836,1,5.65201357773005,396.2340896571886,408.45707153505697,6,7,-3.0,-4.0,0,4.0
uepP028,6,4,5,SR,-3.0,-2.0,2,2.026500597610509,1,4.573966159016104,408.45707153505697,418.05753829168356,6,7,-3.0,-4.0,0,4.0
uepP028,6,4,6,SR,-3.0,-4.0,2,3.7415904567632845,1,3.9530418290971503,418.05753829168356,428.752170577544,6,7,-3.0,-4.0,0,4.0
uepP028,6,4,7,SR,-3.0,-4.0,2,3.996145163980122,1,3.485269152534133,428.752170577544,439.2335848940583,6,7,-3.0,-4.0,0,4.0
uepP028,6,4,8,SR,-3.0,-5.0,2,4.150561677806704,1,4.736574619589013,439.2335848940583,451.12072119145404,6,7,-3.0,-4.0,0,4.0
uepP028,6,4,9,SR,-3.0,-3.0,2,2.796217631860122,1,5.883687186528869,451.12072119145404,462.80062600984303,6,7,-3.0,-4.0,0,4.0
uepP028,6,4,10,SR,-3.0,1.0,2,4.787791266466661,1,3.4115827236904517,462.80062600984303,474.00000000000017,6,7,-3.0,-4.0,0,4.0
