subjectId,runId,blockId,trialId,condition,leftAnswer,rightAnswer,choiceDuration,isiDuration,feedbackDuration,itiDuration,stimOnset,itiOffset,leftColor,rightColor,mu1,mu2,sd1,sd2
uepP033,3,1,1,RS,20.0,6.0,2,1.865251752846905,1,5.646078903739421,16,26.511330656586328,5,4,12.0,6.0,4.0,0
uepP033,3,1,2,RS,12.0,6.0,2,1.746318869344925,1,3.7279039467995676,26.511330656586328,34.98555347273082,5,4,12.0,6.0,4.0,0
uepP033,3,1,3,RS,8.0,6.0,2,4.066115247778224,1,3.577019615686632,34.98555347273082,45.62868833619567,5,4,12.0,6.0,4.0,0
uepP033,3,1,4,RS,11.0,6.0,2,3.4081785833784566,1,4.346919220814573,45.62868833619567,56.3837861403887,5,4,12.0,6.0,4.0,0
uepP033,3,1,5,RS,14.0,6.0,2,3.8433004280825402,1,3.973970408430426,56.3837861403887,67.20105697690167,5,4,12.0,6.0,4.0,0
uepP033,3,1,6,RS,8.0,6.0,2,2.887600617063393,1,4.621956223115549,67.20105697690167,77.71061381708061,5,4,12.0,6.0,4.0,0
uepP033,3,1,7,RS,19.0,6.0,2,4.188908740612792,1,5.936485630449097,77.71061381708061,90.8360081881425,5,4,12.0,6.0,4.0,0
uepP033,3,1,8,RS,8.0,6.0,2,3.7620577692014465,1,3.463878786399532,90.8360081881425,101.06194474374348,5,4,12.0,6.0,4.0,0
uepP033,3,1,9,RS,18.0,6.0,2,2.6393057031745593,1,3.832805666126531,101.06194474374348,110.53405611304457,5,4,12.0,6.0,4.0,0
uepP033,3,1,10,RS,6.0,6.0,2,4.060613770190337,1,3.9052244091770376,110.53405611304457,121.49989429241195,5,4,12.0,6.0,4.0,0
