subjectId,runId,blockId,trialId,condition,leftAnswer,rightAnswer,choiceDuration,isiDuration,feedbackDuration,itiDuration,stimOnset,itiOffset,leftColor,rightColor,mu1,mu2,sd1,sd2
uepP051,7,1,1,SR,14.0,1.0,2,1.7753359334942143,1,3.6913234672815936,16,24.46665940077581,2,1,14.0,1.0,0,4.0
uepP051,7,1,2,SR,14.0,1.0,2,3.6087108742225174,1,4.600081544335356,24.46665940077581,35.67545181933368,2,1,14.0,1.0,0,4.0
uepP051,7,1,3,SR,14.0,-1.0,2,3.9558224255641803,1,5.157257839416663,35.67545181933368,47.788532084314525,2,1,14.0,1.0,0,4.0
uepP051,7,1,4,SR,14.0,6.0,2,3.1326198958638973,1,5.232891311250052,47.788532084314525,59.15404329142847,2,1,14.0,1.0,0,4.0
uepP051,7,1,5,SR,14.0,-3.0,2,3.0473967794557457,1,5.273875941905222,59.15404329142847,70.47531601278943,2,1,14.0,1.0,0,4.0
uepP051,7,1,6,SR,14.0,1.0,2,3.505983001397104,1,3.7764796450120466,70.47531601278943,80.75777865919858,2,1,14.0,1.0,0,4.0
uepP051,7,1,7,SR,14.0,5.0,2,2.335970666097588,1,5.508181744286567,80.75777865919858,91.60193106958275,2,1,14.0,1.0,0,4.0
uepP051,7,1,8,SR,14.0,-1.0,2,3.8954948278093613,1,6.066910141134559,91.60193106958275,104.56433603852666,2,1,14.0,1.0,0,4.0
uepP051,7,1,9,SR,14.0,-6.0,2,3.925162121397125,1,4.057980777959116,104.56433603852666,115.5474789378829,2,1,14.0,1.0,0,4.0
uepP051,7,1,10,SR,14.0,3.0,2,4.568478674115844,1,5.911929065497858,115.5474789378829,129.02788667749658,2,1,14.0,1.0,0,4.0
