subjectId,runId,blockId,trialId,condition,leftAnswer,rightAnswer,choiceDuration,isiDuration,feedbackDuration,itiDuration,stimOnset,itiOffset,leftColor,rightColor,mu1,mu2,sd1,sd2
uepP053,4,1,1,SS,5.0,-2.0,2,3.8723775232279274,1,3.994160560729325,16,26.866538083957252,0,7,5.0,-2.0,0,0
uepP053,4,1,2,SS,5.0,-2.0,2,3.0835932416445644,1,5.10605701785211,26.866538083957252,38.056188343453925,0,7,5.0,-2.0,0,0
uepP053,4,1,3,SS,5.0,-2.0,2,1.7259986736538364,1,3.7483670540984697,38.056188343453925,46.530554071206225,0,7,5.0,-2.0,0,0
uepP053,4,1,4,SS,5.0,-2.0,2,4.36162981470189,1,4.9302456689364655,46.530554071206225,58.82242955484458,0,7,5.0,-2.0,0,0
uepP053,4,1,5,SS,5.0,-2.0,2,3.624707302158346,1,6.212496042729182,58.82242955484458,71.65963289973212,0,7,5.0,-2.0,0,0
uepP053,4,1,6,SS,5.0,-2.0,2,2.4215849886350354,1,6.075018019432971,71.65963289973212,83.15623590780012,0,7,5.0,-2.0,0,0
uepP053,4,1,7,SS,5.0,-2.0,2,4.0140582017803075,1,6.494757981109088,83.15623590780012,96.66505209068951,0,7,5.0,-2.0,0,0
uepP053,4,1,8,SS,5.0,-2.0,2,3.0392974158389388,1,4.506847293735813,96.66505209068951,107.21119680026428,0,7,5.0,-2.0,0,0
uepP053,4,1,9,SS,5.0,-2.0,2,2.0051429088915174,1,6.515832156668104,107.21119680026428,118.73217186582389,0,7,5.0,-2.0,0,0
uepP053,4,1,10,SS,5.0,-2.0,2,3.2698422673117618,1,4.484722899734765,118.73217186582389,129.48673703287042,0,7,5.0,-2.0,0,0
