subjectId,runId,blockId,trialId,condition,leftAnswer,rightAnswer,choiceDuration,isiDuration,feedbackDuration,itiDuration,stimOnset,itiOffset,leftColor,rightColor,mu1,mu2,sd1,sd2
uepP022,2,3,1,RR,-26.0,-3.0,2,4.541079626971004,1,4.8122806874850586,241.49858451319662,253.8519448276527,7,5,-20.0,-1.0,4.0,4.0
uepP022,2,3,2,RR,-24.0,1.0,2,3.715920150745608,1,3.444222978731839,253.8519448276527,264.0120879571301,7,5,-20.0,-1.0,4.0,4.0
uepP022,2,3,3,RR,-25.0,-3.0,2,2.9515816268321644,1,4.293835437975045,264.0120879571301,274.2575050219373,7,5,-20.0,-1.0,4.0,4.0
uepP022,2,3,4,RR,-20.0,0.0,2,3.1806174386363866,1,6.186909272134334,274.2575050219373,286.625031732708,7,5,-20.0,-1.0,4.0,4.0
uepP022,2,3,5,RR,-20.0,4.0,2,2.653326230005221,1,3.193197670124849,286.625031732708,295.4715556328381,7,5,-20.0,-1.0,4.0,4.0
uepP022,2,3,6,RR,-20.0,4.0,2,3.645716515060616,1,5.628297038655411,295.4715556328381,307.7455691865541,7,5,-20.0,-1.0,4.0,4.0
uepP022,2,3,7,RR,-15.0,3.0,2,4.385594148610826,1,5.256560218932754,307.7455691865541,320.3877235540977,7,5,-20.0,-1.0,4.0,4.0
uepP022,2,3,8,RR,-17.0,-1.0,2,1.6960825907674137,1,3.773374106081101,320.3877235540977,328.8571802509462,7,5,-20.0,-1.0,4.0,4.0
uepP022,2,3,9,RR,-25.0,0.0,2,4.006997752490327,1,6.1468075304208,328.8571802509462,342.01098553385737,7,5,-20.0,-1.0,4.0,4.0
uepP022,2,3,10,RR,-20.0,6.0,2,4.746213604430151,1,5.642984728638594,342.01098553385737,355.40018386692606,7,5,-20.0,-1.0,4.0,4.0
