subjectId,runId,blockId,trialId,condition,leftAnswer,rightAnswer,choiceDuration,isiDuration,feedbackDuration,itiDuration,stimOnset,itiOffset,leftColor,rightColor,mu1,mu2,sd1,sd2
uepP004,3,4,1,SR,10.0,-6.0,2,4.07264005693658,1,4.4911398158658145,359.4264517667949,370.9902316395973,7,3,10.0,0.0,0,4.0
uepP004,3,4,2,SR,10.0,4.0,2,1.8543932616992453,1,3.3802711774510397,370.9902316395973,379.22489607874763,7,3,10.0,0.0,0,4.0
uepP004,3,4,3,SR,10.0,2.0,2,4.412202714596125,1,5.612717909232402,379.22489607874763,392.24981670257614,7,3,10.0,0.0,0,4.0
uepP004,3,4,4,SR,10.0,-4.0,2,4.764334667166179,1,5.749679230776876,392.24981670257614,405.76383060051916,7,3,10.0,0.0,0,4.0
uepP004,3,4,5,SR,10.0,-2.0,2,3.7484025839869735,1,4.220394215477324,405.76383060051916,416.73262739998347,7,3,10.0,0.0,0,4.0
uepP004,3,4,6,SR,10.0,2.0,2,4.7938507296493995,1,3.407377847067926,416.73262739998347,427.93385597670084,7,3,10.0,0.0,0,4.0
uepP004,3,4,7,SR,10.0,-1.0,2,3.2256167961707387,1,6.0558631802669005,427.93385597670084,440.2153359531385,7,3,10.0,0.0,0,4.0
uepP004,3,4,8,SR,10.0,-2.0,2,2.9106561002730733,1,4.655238476774113,440.2153359531385,450.78123053018567,7,3,10.0,0.0,0,4.0
uepP004,3,4,9,SR,10.0,1.0,2,2.0475381663520973,1,4.911182743757451,450.78123053018567,460.7399514402952,7,3,10.0,0.0,0,4.0
uepP004,3,4,10,SR,10.0,-6.0,2,4.3531739934439235,1,5.906874566260833,460.7399514402952,474.0,7,3,10.0,0.0,0,4.0
