subjectId,runId,blockId,trialId,condition,leftAnswer,rightAnswer,choiceDuration,isiDuration,feedbackDuration,itiDuration,stimOnset,itiOffset,leftColor,rightColor,mu1,mu2,sd1,sd2
uepP011,7,2,1,RR,-5.0,-2.0,2,3.7540221883179026,1,3.7210794205312268,133.06518655365582,143.54028816250494,2,6,-4.0,-3.0,4.0,4.0
uepP011,7,2,2,RR,-9.0,-12.0,2,3.8026553761592377,1,5.832378612815131,143.54028816250494,156.1753221514793,2,6,-4.0,-3.0,4.0,4.0
uepP011,7,2,3,RR,-9.0,-0.0,2,3.485513202718585,1,3.5828869557241774,156.1753221514793,166.24372230992205,2,6,-4.0,-3.0,4.0,4.0
uepP011,7,2,4,RR,-4.0,-9.0,2,2.677209323688129,1,5.130128572162961,166.24372230992205,177.05106020577313,2,6,-4.0,-3.0,4.0,4.0
uepP011,7,2,5,RR,-6.0,-6.0,2,3.127880329898593,1,5.95375011959199,177.05106020577313,189.13269065526373,2,6,-4.0,-3.0,4.0,4.0
uepP011,7,2,6,RR,0.0,-4.0,2,3.8708045623903686,1,5.881926967704561,189.13269065526373,201.88542218535866,2,6,-4.0,-3.0,4.0,4.0
uepP011,7,2,7,RR,3.0,6.0,2,2.6517333544093193,1,3.2681934031961597,201.88542218535866,210.80534894296414,2,6,-4.0,-3.0,4.0,4.0
uepP011,7,2,8,RR,3.0,-8.0,2,1.893415623957093,1,3.190806194472535,210.80534894296414,218.88957076139377,2,6,-4.0,-3.0,4.0,4.0
uepP011,7,2,9,RR,4.0,8.0,2,3.398870141522303,1,5.129904592967681,218.88957076139377,230.41834549588376,2,6,-4.0,-3.0,4.0,4.0
uepP011,7,2,10,RR,-0.0,-6.0,2,2.5924760265103117,1,3.4312618275400824,230.41834549588376,239.44208334993414,2,6,-4.0,-3.0,4.0,4.0
