subjectId,runId,blockId,trialId,condition,leftAnswer,rightAnswer,choiceDuration,isiDuration,feedbackDuration,itiDuration,stimOnset,itiOffset,leftColor,rightColor,mu1,mu2,sd1,sd2
uepP058,1,3,1,SS,-9.0,-19.0,2,4.26746043519402,1,3.783414818609439,241.69003514243087,252.7409103962343,7,5,-9.0,-19.0,0,0
uepP058,1,3,2,SS,-9.0,-19.0,2,2.487198932288343,1,6.2900738095370805,252.7409103962343,264.5181831380597,7,5,-9.0,-19.0,0,0
uepP058,1,3,3,SS,-9.0,-19.0,2,2.0933147418122218,1,3.890575832014013,264.5181831380597,273.50207371188594,7,5,-9.0,-19.0,0,0
uepP058,1,3,4,SS,-9.0,-19.0,2,4.122560303048071,1,6.222633322306174,273.50207371188594,286.8472673372402,7,5,-9.0,-19.0,0,0
uepP058,1,3,5,SS,-9.0,-19.0,2,4.7633838097077685,1,5.540739109285189,286.8472673372402,300.1513902562332,7,5,-9.0,-19.0,0,0
uepP058,1,3,6,SS,-9.0,-19.0,2,3.2460682338128555,1,6.170431882408457,300.1513902562332,312.56789037245454,7,5,-9.0,-19.0,0,0
uepP058,1,3,7,SS,-9.0,-19.0,2,3.862116254307211,1,4.8005028674190235,312.56789037245454,324.2305094941808,7,5,-9.0,-19.0,0,0
uepP058,1,3,8,SS,-9.0,-19.0,2,2.222822679360316,1,3.994928760182408,324.2305094941808,333.44826093372353,7,5,-9.0,-19.0,0,0
uepP058,1,3,9,SS,-9.0,-19.0,2,4.777939869244258,1,3.7930526710655617,333.44826093372353,345.01925347403335,7,5,-9.0,-19.0,0,0
uepP058,1,3,10,SS,-9.0,-19.0,2,1.9160264747317546,1,5.893232923739427,345.01925347403335,355.8285128725046,7,5,-9.0,-19.0,0,0
