subjectId,runId,blockId,trialId,condition,leftAnswer,rightAnswer,choiceDuration,isiDuration,feedbackDuration,itiDuration,stimOnset,itiOffset,leftColor,rightColor,mu1,mu2,sd1,sd2
uepP059,3,2,1,RS,-8.0,-13.0,2,4.231506858864669,1,4.649643069208854,135.22022478041856,147.10137470849207,1,7,-13.0,-13.0,4.0,0
uepP059,3,2,2,RS,-21.0,-13.0,2,2.152000619157667,1,5.413621304225039,147.10137470849207,157.66699663187478,1,7,-13.0,-13.0,4.0,0
uepP059,3,2,3,RS,-11.0,-13.0,2,1.66295946720325,1,5.067345822736321,157.66699663187478,167.39730192181435,1,7,-13.0,-13.0,4.0,0
uepP059,3,2,4,RS,-14.0,-13.0,2,2.9537655258282967,1,6.164413320859859,167.39730192181435,179.5154807685025,1,7,-13.0,-13.0,4.0,0
uepP059,3,2,5,RS,-11.0,-13.0,2,2.5662666428452034,1,3.995974804846052,179.5154807685025,189.07772221619373,1,7,-13.0,-13.0,4.0,0
uepP059,3,2,6,RS,-10.0,-13.0,2,1.7466863633746217,1,3.6386489324670395,189.07772221619373,197.46305751203542,1,7,-13.0,-13.0,4.0,0
uepP059,3,2,7,RS,-15.0,-13.0,2,4.518543311508118,1,3.2723437620900544,197.46305751203542,208.2539445856336,1,7,-13.0,-13.0,4.0,0
uepP059,3,2,8,RS,-15.0,-13.0,2,3.444648886519102,1,3.9095186471166947,208.2539445856336,218.6081121192694,1,7,-13.0,-13.0,4.0,0
uepP059,3,2,9,RS,-10.0,-13.0,2,2.77990337194003,1,5.039734907065214,218.6081121192694,229.42775039827467,1,7,-13.0,-13.0,4.0,0
uepP059,3,2,10,RS,-20.0,-13.0,2,3.404794244380701,1,3.780286031574725,229.42775039827467,239.61283067423008,1,7,-13.0,-13.0,4.0,0
