subjectId,runId,blockId,trialId,condition,leftAnswer,rightAnswer,choiceDuration,isiDuration,feedbackDuration,itiDuration,stimOnset,itiOffset,leftColor,rightColor,mu1,mu2,sd1,sd2
uepP060,6,3,1,RS,-5.0,5.0,2,3.559399961364985,1,5.6271476674371055,246.88481987954566,259.07136750834775,2,7,-0.0,5.0,4.0,0
uepP060,6,3,2,RS,0.0,5.0,2,3.8134937066928947,1,3.220291011288497,259.07136750834775,269.10515222632915,2,7,-0.0,5.0,4.0,0
uepP060,6,3,3,RS,-1.0,5.0,2,2.223466292721244,1,4.554607753101804,269.10515222632915,278.88322627215217,2,7,-0.0,5.0,4.0,0
uepP060,6,3,4,RS,7.0,5.0,2,1.8923133249975221,1,4.4345758442703875,278.88322627215217,288.2101154414201,2,7,-0.0,5.0,4.0,0
uepP060,6,3,5,RS,-2.0,5.0,2,3.2257771955495094,1,4.993033100619999,288.2101154414201,299.42892573758957,2,7,-0.0,5.0,4.0,0
uepP060,6,3,6,RS,8.0,5.0,2,3.328819598010171,1,5.608531593062222,299.42892573758957,311.36627692866193,2,7,-0.0,5.0,4.0,0
uepP060,6,3,7,RS,-6.0,5.0,2,2.9441411914265814,1,5.23964745537034,311.36627692866193,322.55006557545886,2,7,-0.0,5.0,4.0,0
uepP060,6,3,8,RS,2.0,5.0,2,1.627015851879195,1,5.413393081435295,322.55006557545886,332.59047450877335,2,7,-0.0,5.0,4.0,0
uepP060,6,3,9,RS,-2.0,5.0,2,2.7963913005275707,1,4.240297806584078,332.59047450877335,342.62716361588497,2,7,-0.0,5.0,4.0,0
uepP060,6,3,10,RS,0.0,5.0,2,4.513621077866678,1,5.619601796705225,342.62716361588497,355.7603864904569,2,7,-0.0,5.0,4.0,0
