subjectId,runId,blockId,trialId,condition,leftAnswer,rightAnswer,choiceDuration,isiDuration,feedbackDuration,itiDuration,stimOnset,itiOffset,leftColor,rightColor,mu1,mu2,sd1,sd2
uepP053,8,3,1,RR,-15.0,-19.0,2,4.391065122284961,1,6.109488210037509,239.03387026563533,252.5344235979578,6,2,-17.0,-7.0,4.0,4.0
uepP053,8,3,2,RR,-21.0,-5.0,2,3.406877964335113,1,5.115808243694005,252.5344235979578,264.05710980598695,6,2,-17.0,-7.0,4.0,4.0
uepP053,8,3,3,RR,-22.0,-8.0,2,4.303901844036019,1,5.02125568583824,264.05710980598695,276.38226733586123,6,2,-17.0,-7.0,4.0,4.0
uepP053,8,3,4,RR,-19.0,-4.0,2,4.507030156611655,1,4.017475625326864,276.38226733586123,287.9067731177998,6,2,-17.0,-7.0,4.0,4.0
uepP053,8,3,5,RR,-15.0,-4.0,2,3.4011094052017246,1,5.248958648512492,287.9067731177998,299.556841171514,6,2,-17.0,-7.0,4.0,4.0
uepP053,8,3,6,RR,-22.0,-10.0,2,2.4997772979497253,1,4.815142077261347,299.556841171514,309.87176054672506,6,2,-17.0,-7.0,4.0,4.0
uepP053,8,3,7,RR,-14.0,-2.0,2,4.055554592463399,1,6.388848167221784,309.87176054672506,323.31616330641026,6,2,-17.0,-7.0,4.0,4.0
uepP053,8,3,8,RR,-19.0,-1.0,2,3.501945535355646,1,3.8461469245717494,323.31616330641026,333.6642557663377,6,2,-17.0,-7.0,4.0,4.0
uepP053,8,3,9,RR,-17.0,-9.0,2,4.5052794348026595,1,4.4432801708731215,333.6642557663377,345.6128153720135,6,2,-17.0,-7.0,4.0,4.0
uepP053,8,3,10,RR,-15.0,-8.0,2,4.280439289302523,1,4.9352316113446735,345.6128153720135,357.82848627266065,6,2,-17.0,-7.0,4.0,4.0
