subjectId,runId,blockId,trialId,condition,leftAnswer,rightAnswer,choiceDuration,isiDuration,feedbackDuration,itiDuration,stimOnset,itiOffset,leftColor,rightColor,mu1,mu2,sd1,sd2
uepP001,4,1,1,RR,-16.0,-11.0,2,3.4263933774970163,1,3.6757478575927447,16,26.10214123508976,2,5,-18.0,-15.0,4.0,4.0
uepP001,4,1,2,RR,-18.0,-9.0,2,4.705218858832885,1,5.548656202904426,26.10214123508976,39.35601629682707,2,5,-18.0,-15.0,4.0,4.0
uepP001,4,1,3,RR,-13.0,-16.0,2,3.999800698978477,1,3.788214903192344,39.35601629682707,50.144031898997895,2,5,-18.0,-15.0,4.0,4.0
uepP001,4,1,4,RR,-18.0,-15.0,2,2.1803579681258767,1,5.38727266785641,50.144031898997895,60.71166253498018,2,5,-18.0,-15.0,4.0,4.0
uepP001,4,1,5,RR,-13.0,-13.0,2,2.814573486340661,1,6.314112489598578,60.71166253498018,72.84034851091943,2,5,-18.0,-15.0,4.0,4.0
uepP001,4,1,6,RR,-20.0,-14.0,2,2.422729285684513,1,3.7718809384781644,72.84034851091943,82.0349587350821,2,5,-18.0,-15.0,4.0,4.0
uepP001,4,1,7,RR,-17.0,-20.0,2,3.69878602691454,1,4.112781734932665,82.0349587350821,92.8465264969293,2,5,-18.0,-15.0,4.0,4.0
uepP001,4,1,8,RR,-18.0,-17.0,2,1.981274793120914,1,3.926341759625771,92.8465264969293,101.75414304967599,2,5,-18.0,-15.0,4.0,4.0
uepP001,4,1,9,RR,-15.0,-17.0,2,3.414952275132403,1,4.297340129783336,101.75414304967599,112.46643545459173,2,5,-18.0,-15.0,4.0,4.0
uepP001,4,1,10,RR,-18.0,-11.0,2,3.421571104269963,1,4.848802892707813,112.46643545459173,123.7368094515695,2,5,-18.0,-15.0,4.0,4.0
