subjectId,runId,blockId,trialId,condition,leftAnswer,rightAnswer,choiceDuration,isiDuration,feedbackDuration,itiDuration,stimOnset,itiOffset,leftColor,rightColor,mu1,mu2,sd1,sd2
uepP011,3,3,1,RR,-3.0,-5.0,2,4.472708906512506,1,4.255409941637654,249.16047825337733,260.8885971015275,5,4,-1.0,-10.0,4.0,4.0
uepP011,3,3,2,RR,-4.0,-2.0,2,3.3574535124827833,1,5.397297970736525,260.8885971015275,272.64334858474683,5,4,-1.0,-10.0,4.0,4.0
uepP011,3,3,3,RR,-4.0,-7.0,2,3.192467000395358,1,3.245061430536642,272.64334858474683,282.0808770156788,5,4,-1.0,-10.0,4.0,4.0
uepP011,3,3,4,RR,-6.0,-10.0,2,2.3710679600484554,1,4.236231638683347,282.0808770156788,291.6881766144106,5,4,-1.0,-10.0,4.0,4.0
uepP011,3,3,5,RR,-3.0,-11.0,2,4.024345652194925,1,4.316053738558338,291.6881766144106,303.0285760051639,5,4,-1.0,-10.0,4.0,4.0
uepP011,3,3,6,RR,7.0,-6.0,2,3.011294977851867,1,4.129493106538372,303.0285760051639,313.16936408955416,5,4,-1.0,-10.0,4.0,4.0
uepP011,3,3,7,RR,-2.0,-4.0,2,2.6980779982379426,1,5.472408615049113,313.16936408955416,324.3398507028412,5,4,-1.0,-10.0,4.0,4.0
uepP011,3,3,8,RR,-2.0,-9.0,2,4.578879986243856,1,5.257871197089484,324.3398507028412,337.1766018861745,5,4,-1.0,-10.0,4.0,4.0
uepP011,3,3,9,RR,-4.0,-10.0,2,2.9472798620646246,1,5.808022933539422,337.1766018861745,348.9319046817786,5,4,-1.0,-10.0,4.0,4.0
uepP011,3,3,10,RR,2.0,-8.0,2,3.8441274815484006,1,5.4535855768186465,348.9319046817786,361.2296177401456,5,4,-1.0,-10.0,4.0,4.0
