subjectId,runId,blockId,trialId,condition,leftAnswer,rightAnswer,choiceDuration,isiDuration,feedbackDuration,itiDuration,stimOnset,itiOffset,leftColor,rightColor,mu1,mu2,sd1,sd2
uepP046,3,1,1,RS,15.0,-5.0,2,3.686020454050659,1,4.511010895952542,16,27.1970313500032,1,5,8.0,-5.0,4.0,0
uepP046,3,1,2,RS,6.0,-5.0,2,3.945511976298888,1,3.5203193973975524,27.1970313500032,37.66286272369964,1,5,8.0,-5.0,4.0,0
uepP046,3,1,3,RS,9.0,-5.0,2,1.820741424263821,1,4.77787169944737,37.66286272369964,47.26147584741083,1,5,8.0,-5.0,4.0,0
uepP046,3,1,4,RS,13.0,-5.0,2,4.771995843206675,1,5.012076346630285,47.26147584741083,60.04554803724779,1,5,8.0,-5.0,4.0,0
uepP046,3,1,5,RS,8.0,-5.0,2,1.9830946024987015,1,4.705217641823494,60.04554803724779,69.73386028156999,1,5,8.0,-5.0,4.0,0
uepP046,3,1,6,RS,4.0,-5.0,2,3.558952274459172,1,5.455365756272135,69.73386028156999,81.74817831230129,1,5,8.0,-5.0,4.0,0
uepP046,3,1,7,RS,5.0,-5.0,2,2.137576554662427,1,4.112761721291737,81.74817831230129,90.99851658825546,1,5,8.0,-5.0,4.0,0
uepP046,3,1,8,RS,7.0,-5.0,2,4.5649646164911815,1,5.856384577187319,90.99851658825546,104.41986578193395,1,5,8.0,-5.0,4.0,0
uepP046,3,1,9,RS,8.0,-5.0,2,1.695447893139301,1,4.109169482483839,104.41986578193395,113.22448315755709,1,5,8.0,-5.0,4.0,0
uepP046,3,1,10,RS,17.0,-5.0,2,3.559471159488803,1,5.157356329949083,113.22448315755709,124.94131064699498,1,5,8.0,-5.0,4.0,0
