subjectId,runId,blockId,trialId,condition,leftAnswer,rightAnswer,choiceDuration,isiDuration,feedbackDuration,itiDuration,stimOnset,itiOffset,leftColor,rightColor,mu1,mu2,sd1,sd2
uepP021,5,3,1,RR,15.0,5.0,2,4.484937921242455,1,5.751320033667213,249.02357266816995,262.25983062307955,2,6,10.0,5.0,4.0,4.0
uepP021,5,3,2,RR,4.0,-1.0,2,3.1459346525105074,1,5.842233631751992,262.25983062307955,274.24799890734204,2,6,10.0,5.0,4.0,4.0
uepP021,5,3,3,RR,16.0,9.0,2,1.7624419844894177,1,3.232334329622558,274.24799890734204,282.24277522145405,2,6,10.0,5.0,4.0,4.0
uepP021,5,3,4,RR,12.0,3.0,2,3.3478196169054697,1,5.114654796508613,282.24277522145405,293.70524963486815,2,6,10.0,5.0,4.0,4.0
uepP021,5,3,5,RR,8.0,6.0,2,1.6451732906094825,1,4.441473869699126,293.70524963486815,302.79189679517674,2,6,10.0,5.0,4.0,4.0
uepP021,5,3,6,RR,11.0,3.0,2,1.6922096067973555,1,3.561650951089233,302.79189679517674,311.0457573530633,2,6,10.0,5.0,4.0,4.0
uepP021,5,3,7,RR,17.0,9.0,2,4.452196323799829,1,3.9010093967183495,311.0457573530633,322.3989630735815,2,6,10.0,5.0,4.0,4.0
uepP021,5,3,8,RR,6.0,11.0,2,3.332056020490224,1,3.334953821048895,322.3989630735815,332.0659729151206,2,6,10.0,5.0,4.0,4.0
uepP021,5,3,9,RR,14.0,7.0,2,2.9005160708356494,1,6.052524810575945,332.0659729151206,344.0190137965322,2,6,10.0,5.0,4.0,4.0
uepP021,5,3,10,RR,6.0,9.0,2,4.609732238800185,1,5.385108964784642,344.0190137965322,357.013855000117,2,6,10.0,5.0,4.0,4.0
