subjectId,runId,blockId,trialId,condition,leftAnswer,rightAnswer,choiceDuration,isiDuration,feedbackDuration,itiDuration,stimOnset,itiOffset,leftColor,rightColor,mu1,mu2,sd1,sd2
uepP000,2,1,1,SR,-23.0,10.0,2,3.304690903019144,1,4.321322114401343,16,26.626013017420487,2,6,-23.0,8.0,0,4.0
uepP000,2,1,2,SR,-23.0,6.0,2,4.124530681819766,1,4.956640973578153,26.626013017420487,38.70718467281841,2,6,-23.0,8.0,0,4.0
uepP000,2,1,3,SR,-23.0,6.0,2,2.131167265859281,1,5.948266386231721,38.70718467281841,49.78661832490941,2,6,-23.0,8.0,0,4.0
uepP000,2,1,4,SR,-23.0,14.0,2,3.9053436820201406,1,3.339886500378191,49.78661832490941,60.03184850730774,2,6,-23.0,8.0,0,4.0
uepP000,2,1,5,SR,-23.0,9.0,2,1.88160662053568,1,4.2868283756546965,60.03184850730774,69.20028350349811,2,6,-23.0,8.0,0,4.0
uepP000,2,1,6,SR,-23.0,11.0,2,4.271074700730685,1,5.862568121735251,69.20028350349811,82.33392632596404,2,6,-23.0,8.0,0,4.0
uepP000,2,1,7,SR,-23.0,7.0,2,2.33312923657313,1,5.631266954927876,82.33392632596404,93.29832251746505,2,6,-23.0,8.0,0,4.0
uepP000,2,1,8,SR,-23.0,8.0,2,3.487989922674139,1,6.174051785895664,93.29832251746505,105.96036422603487,2,6,-23.0,8.0,0,4.0
uepP000,2,1,9,SR,-23.0,14.0,2,1.9294072731281395,1,3.1865989234396133,105.96036422603487,114.07637042260262,2,6,-23.0,8.0,0,4.0
uepP000,2,1,10,SR,-23.0,1.0,2,3.7121014508791004,1,3.462169689365164,114.07637042260262,124.2506415628469,2,6,-23.0,8.0,0,4.0
