subjectId,runId,blockId,trialId,condition,leftAnswer,rightAnswer,choiceDuration,isiDuration,feedbackDuration,itiDuration,stimOnset,itiOffset,leftColor,rightColor,mu1,mu2,sd1,sd2
uepP012,4,3,1,RS,3.0,0.0,2,4.7586752865152135,1,6.428126537774748,246.34015746563182,260.52695928992176,3,7,6.0,0.0,4.0,0
uepP012,4,3,2,RS,2.0,0.0,2,3.27304937739046,1,4.742546697995209,260.52695928992176,271.5425553653074,3,7,6.0,0.0,4.0,0
uepP012,4,3,3,RS,-7.0,0.0,2,4.13391570086026,1,6.159996992733497,271.5425553653074,284.8364680589012,3,7,6.0,0.0,4.0,0
uepP012,4,3,4,RS,-0.0,0.0,2,3.429832428044455,1,3.6960178199349736,284.8364680589012,294.9623183068806,3,7,6.0,0.0,4.0,0
uepP012,4,3,5,RS,6.0,0.0,2,3.002869608123435,1,5.975712243407949,294.9623183068806,306.940900158412,3,7,6.0,0.0,4.0,0
uepP012,4,3,6,RS,8.0,0.0,2,1.7370740728328935,1,3.3260586175840854,306.940900158412,315.00403284882896,3,7,6.0,0.0,4.0,0
uepP012,4,3,7,RS,9.0,0.0,2,1.9081853530911959,1,4.442786487595527,315.00403284882896,324.3550046895157,3,7,6.0,0.0,4.0,0
uepP012,4,3,8,RS,11.0,0.0,2,4.539471614108717,1,4.941577799553452,324.3550046895157,336.83605410317784,3,7,6.0,0.0,4.0,0
uepP012,4,3,9,RS,10.0,0.0,2,4.239842893997194,1,6.543549431935838,336.83605410317784,350.6194464291109,3,7,6.0,0.0,4.0,0
uepP012,4,3,10,RS,11.0,0.0,2,2.2889912711300684,1,4.0738021533714805,350.6194464291109,359.98223985361244,3,7,6.0,0.0,4.0,0
