subjectId,runId,blockId,trialId,condition,leftAnswer,rightAnswer,choiceDuration,isiDuration,feedbackDuration,itiDuration,stimOnset,itiOffset,leftColor,rightColor,mu1,mu2,sd1,sd2
uepP039,2,2,1,SS,-3.0,2.0,2,1.8070734589859334,1,5.078981160205475,136.18444478746173,146.07049940665314,6,1,-3.0,2.0,0,0
uepP039,2,2,2,SS,-3.0,2.0,2,4.439251371767582,1,4.035866340805651,146.07049940665314,157.54561711922636,6,1,-3.0,2.0,0,0
uepP039,2,2,3,SS,-3.0,2.0,2,3.4992934542237575,1,3.9937883088655926,157.54561711922636,168.0386988823157,6,1,-3.0,2.0,0,0
uepP039,2,2,4,SS,-3.0,2.0,2,3.221137713605555,1,5.600115313773737,168.0386988823157,179.85995190969498,6,1,-3.0,2.0,0,0
uepP039,2,2,5,SS,-3.0,2.0,2,2.1216366197775303,1,4.878227128064282,179.85995190969498,189.85981565753679,6,1,-3.0,2.0,0,0
uepP039,2,2,6,SS,-3.0,2.0,2,2.3951636924093576,1,4.7698305292397265,189.85981565753679,200.02480987918588,6,1,-3.0,2.0,0,0
uepP039,2,2,7,SS,-3.0,2.0,2,2.9554373663143734,1,3.9136576618675343,200.02480987918588,209.8939049073678,6,1,-3.0,2.0,0,0
uepP039,2,2,8,SS,-3.0,2.0,2,4.281709174893515,1,3.2659243076084157,209.8939049073678,220.44153838986975,6,1,-3.0,2.0,0,0
uepP039,2,2,9,SS,-3.0,2.0,2,2.645442858282842,1,4.8707544995707535,220.44153838986975,230.95773574772335,6,1,-3.0,2.0,0,0
uepP039,2,2,10,SS,-3.0,2.0,2,4.3634577403750745,1,5.327417630136571,230.95773574772335,243.648611118235,6,1,-3.0,2.0,0,0
