subjectId,runId,blockId,trialId,condition,leftAnswer,rightAnswer,choiceDuration,isiDuration,feedbackDuration,itiDuration,stimOnset,itiOffset,leftColor,rightColor,mu1,mu2,sd1,sd2
uepP012,5,2,1,SR,-0.0,2.0,2,3.892074568189727,1,4.094852786565397,133.7696005053164,144.75652786007151,4,7,-0.0,4.0,0,4.0
uepP012,5,2,2,SR,-0.0,4.0,2,4.207227450774755,1,5.3126374019526175,144.75652786007151,157.2763927127989,4,7,-0.0,4.0,0,4.0
uepP012,5,2,3,SR,-0.0,4.0,2,4.411888486713939,1,5.0445616974921315,157.2763927127989,169.73284289700496,4,7,-0.0,4.0,0,4.0
uepP012,5,2,4,SR,-0.0,4.0,2,3.9073114601248906,1,3.324728566328657,169.73284289700496,179.9648829234585,4,7,-0.0,4.0,0,4.0
uepP012,5,2,5,SR,-0.0,2.0,2,2.406541615277474,1,4.283884351303597,179.9648829234585,189.65530889003955,4,7,-0.0,4.0,0,4.0
uepP012,5,2,6,SR,-0.0,3.0,2,4.410641206670541,1,3.9485142607506045,189.65530889003955,201.0144643574607,4,7,-0.0,4.0,0,4.0
uepP012,5,2,7,SR,-0.0,4.0,2,3.7604396548415604,1,4.499392443267504,201.0144643574607,212.27429645556975,4,7,-0.0,4.0,0,4.0
uepP012,5,2,8,SR,-0.0,2.0,2,4.631764637082149,1,4.532477180042094,212.27429645556975,224.438538272694,4,7,-0.0,4.0,0,4.0
uepP012,5,2,9,SR,-0.0,5.0,2,4.529931097660889,1,5.105646734945634,224.438538272694,237.0741161053005,4,7,-0.0,4.0,0,4.0
uepP012,5,2,10,SR,-0.0,-7.0,2,3.528120068133198,1,4.718765720615171,237.0741161053005,248.3210018940489,4,7,-0.0,4.0,0,4.0
