subjectId,runId,blockId,trialId,condition,leftAnswer,rightAnswer,choiceDuration,isiDuration,feedbackDuration,itiDuration,stimOnset,itiOffset,leftColor,rightColor,mu1,mu2,sd1,sd2
uepP024,4,2,1,RR,-7.0,1.0,2,4.084788506503222,1,3.7669501828934036,134.9323496237676,145.78408831316423,5,6,-4.0,-3.0,4.0,4.0
uepP024,4,2,2,RR,-4.0,-2.0,2,4.556941352030481,1,4.73221383665569,145.78408831316423,158.0732435018504,5,6,-4.0,-3.0,4.0,4.0
uepP024,4,2,3,RR,-1.0,-7.0,2,2.2485605369320947,1,4.4133133484414,158.0732435018504,167.7351173872239,5,6,-4.0,-3.0,4.0,4.0
uepP024,4,2,4,RR,-1.0,-0.0,2,2.9628664171706856,1,3.421856858201724,167.7351173872239,177.11984066259632,5,6,-4.0,-3.0,4.0,4.0
uepP024,4,2,5,RR,-4.0,-10.0,2,3.4837175848422053,1,6.229646406140736,177.11984066259632,189.83320465357926,5,6,-4.0,-3.0,4.0,4.0
uepP024,4,2,6,RR,-8.0,-2.0,2,3.1027381519993695,1,5.444782639358656,189.83320465357926,201.3807254449373,5,6,-4.0,-3.0,4.0,4.0
uepP024,4,2,7,RR,-3.0,-9.0,2,2.8023828543449834,1,3.342762853952404,201.3807254449373,210.52587115323468,5,6,-4.0,-3.0,4.0,4.0
uepP024,4,2,8,RR,1.0,3.0,2,3.4903627383966214,1,5.019541607245713,210.52587115323468,222.035775498877,5,6,-4.0,-3.0,4.0,4.0
uepP024,4,2,9,RR,-10.0,-5.0,2,3.4253824169475533,1,3.7747198064710714,222.035775498877,232.2358777222956,5,6,-4.0,-3.0,4.0,4.0
uepP024,4,2,10,RR,-1.0,-7.0,2,2.0558960541297884,1,4.85464041366707,232.2358777222956,242.14641419009246,5,6,-4.0,-3.0,4.0,4.0
