subjectId,runId,blockId,trialId,condition,leftAnswer,rightAnswer,choiceDuration,isiDuration,feedbackDuration,itiDuration,stimOnset,itiOffset,leftColor,rightColor,mu1,mu2,sd1,sd2
uepP029,7,3,1,RS,6.0,15.0,2,3.9330901803049914,1,3.53501606692525,254.5354518196195,265.0035580668498,3,2,4.0,15.0,4.0,0
uepP029,7,3,2,RS,1.0,15.0,2,4.057231788004686,1,4.888000912835033,265.0035580668498,276.9487907676895,3,2,4.0,15.0,4.0,0
uepP029,7,3,3,RS,6.0,15.0,2,3.67039834612375,1,3.5810905517514025,276.9487907676895,287.20027966556466,3,2,4.0,15.0,4.0,0
uepP029,7,3,4,RS,11.0,15.0,2,1.8466305200575608,1,5.522165592064231,287.20027966556466,297.56907577768646,3,2,4.0,15.0,4.0,0
uepP029,7,3,5,RS,8.0,15.0,2,3.6752174698407467,1,3.8315383481905023,297.56907577768646,308.0758315957177,3,2,4.0,15.0,4.0,0
uepP029,7,3,6,RS,-0.0,15.0,2,3.7451162165309055,1,3.874677927174552,308.0758315957177,318.6956257394232,3,2,4.0,15.0,4.0,0
uepP029,7,3,7,RS,2.0,15.0,2,2.1675728316561167,1,3.9447381558803953,318.6956257394232,327.80793672695967,3,2,4.0,15.0,4.0,0
uepP029,7,3,8,RS,6.0,15.0,2,3.942097852353055,1,3.373817889252904,327.80793672695967,338.12385246856564,3,2,4.0,15.0,4.0,0
uepP029,7,3,9,RS,-1.0,15.0,2,1.782762893061819,1,4.417303206244008,338.12385246856564,347.3239185678715,3,2,4.0,15.0,4.0,0
uepP029,7,3,10,RS,9.0,15.0,2,4.52270989214133,1,4.338514481641869,347.3239185678715,359.1851429416547,3,2,4.0,15.0,4.0,0
