subjectId,runId,blockId,trialId,condition,leftAnswer,rightAnswer,choiceDuration,isiDuration,feedbackDuration,itiDuration,stimOnset,itiOffset,leftColor,rightColor,mu1,mu2,sd1,sd2
uepP043,3,2,1,SR,12.0,8.0,2,2.036956817350545,1,4.659167764546174,131.002909010816,140.69903359271274,0,6,12.0,8.0,0,4.0
uepP043,3,2,2,SR,12.0,19.0,2,3.262976764043386,1,5.446299355566133,140.69903359271274,152.40830971232225,0,6,12.0,8.0,0,4.0
uepP043,3,2,3,SR,12.0,6.0,2,4.723337776844962,1,4.2381445403401505,152.40830971232225,164.36979202950738,0,6,12.0,8.0,0,4.0
uepP043,3,2,4,SR,12.0,18.0,2,4.303704950299804,1,6.375842192351797,164.36979202950738,178.049339172159,0,6,12.0,8.0,0,4.0
uepP043,3,2,5,SR,12.0,4.0,2,2.9818371156997854,1,3.318083646277819,178.049339172159,187.3492599341366,0,6,12.0,8.0,0,4.0
uepP043,3,2,6,SR,12.0,18.0,2,2.249662760826047,1,6.072488533312921,187.3492599341366,198.6714112282756,0,6,12.0,8.0,0,4.0
uepP043,3,2,7,SR,12.0,15.0,2,2.8664843832461084,1,4.762685924477645,198.6714112282756,209.30058153599933,0,6,12.0,8.0,0,4.0
uepP043,3,2,8,SR,12.0,4.0,2,3.037315198439975,1,4.341236148023666,209.30058153599933,219.67913288246297,0,6,12.0,8.0,0,4.0
uepP043,3,2,9,SR,12.0,14.0,2,4.722967175697417,1,3.6784269622812453,219.67913288246297,231.08052702044162,0,6,12.0,8.0,0,4.0
uepP043,3,2,10,SR,12.0,10.0,2,2.5001508115940965,1,6.16993478665737,231.08052702044162,242.75061261869308,0,6,12.0,8.0,0,4.0
