subjectId,runId,blockId,trialId,condition,leftAnswer,rightAnswer,choiceDuration,isiDuration,feedbackDuration,itiDuration,stimOnset,itiOffset,leftColor,rightColor,mu1,mu2,sd1,sd2
uepP003,1,3,1,RR,14.0,11.0,2,1.843472645712616,1,3.857395842825838,254.93881148381087,263.6396799723493,0,1,11.0,13.0,4.0,4.0
uepP003,1,3,2,RR,10.0,12.0,2,2.7365687629138433,1,5.645594286659597,263.6396799723493,275.0218430219228,0,1,11.0,13.0,4.0,4.0
uepP003,1,3,3,RR,2.0,16.0,2,2.122007990370552,1,5.279649857443399,275.0218430219228,285.42350086973676,0,1,11.0,13.0,4.0,4.0
uepP003,1,3,4,RR,10.0,21.0,2,2.996498271129552,1,4.6124222743727,285.42350086973676,296.032421415239,0,1,11.0,13.0,4.0,4.0
uepP003,1,3,5,RR,12.0,9.0,2,2.918447498958794,1,5.791546262624538,296.032421415239,307.74241517682236,0,1,11.0,13.0,4.0,4.0
uepP003,1,3,6,RR,12.0,8.0,2,3.158432951682053,1,3.8885665704725385,307.74241517682236,317.789414698977,0,1,11.0,13.0,4.0,4.0
uepP003,1,3,7,RR,12.0,21.0,2,4.510601476018863,1,5.007017305725473,317.789414698977,330.3070334807213,0,1,11.0,13.0,4.0,4.0
uepP003,1,3,8,RR,9.0,14.0,2,1.951156266545455,1,5.5389180686365895,330.3070334807213,340.79710781590336,0,1,11.0,13.0,4.0,4.0
uepP003,1,3,9,RR,12.0,11.0,2,1.8416824717992397,1,5.051172765366342,340.79710781590336,350.68996305306894,0,1,11.0,13.0,4.0,4.0
uepP003,1,3,10,RR,11.0,12.0,2,1.8233281559995356,1,4.616006480860617,350.68996305306894,360.1292976899291,0,1,11.0,13.0,4.0,4.0
