subjectId,runId,blockId,trialId,condition,leftAnswer,rightAnswer,choiceDuration,isiDuration,feedbackDuration,itiDuration,stimOnset,itiOffset,leftColor,rightColor,mu1,mu2,sd1,sd2
uepP055,7,1,1,RR,-0.0,8.0,2,4.545126182330295,1,5.457458140371473,16,29.002584322701765,6,7,-1.0,11.0,4.0,4.0
uepP055,7,1,2,RR,4.0,13.0,2,4.712897554138218,1,4.744554711756028,29.002584322701765,41.46003658859601,6,7,-1.0,11.0,4.0,4.0
uepP055,7,1,3,RR,5.0,16.0,2,2.2467465730774965,1,6.262018347328407,41.46003658859601,52.96880150900191,6,7,-1.0,11.0,4.0,4.0
uepP055,7,1,4,RR,-3.0,11.0,2,2.724275293016347,1,6.034640748579777,52.96880150900191,64.72771755059804,6,7,-1.0,11.0,4.0,4.0
uepP055,7,1,5,RR,-8.0,6.0,2,4.0018665372661735,1,3.6522370203490047,64.72771755059804,75.38182110821322,6,7,-1.0,11.0,4.0,4.0
uepP055,7,1,6,RR,-0.0,12.0,2,1.7505723330539467,1,4.253469819550868,75.38182110821322,84.38586326081804,6,7,-1.0,11.0,4.0,4.0
uepP055,7,1,7,RR,-1.0,9.0,2,4.84706619417101,1,4.550766696420866,84.38586326081804,96.78369615140991,6,7,-1.0,11.0,4.0,4.0
uepP055,7,1,8,RR,0.0,13.0,2,1.6227962605241515,1,6.452246058282629,96.78369615140991,107.8587384702167,6,7,-1.0,11.0,4.0,4.0
uepP055,7,1,9,RR,1.0,5.0,2,2.4912546641994635,1,5.050266159450475,107.8587384702167,118.40025929386663,6,7,-1.0,11.0,4.0,4.0
uepP055,7,1,10,RR,1.0,7.0,2,2.2448701311200345,1,6.103259602266226,118.40025929386663,129.7483890272529,6,7,-1.0,11.0,4.0,4.0
