subjectId,runId,blockId,trialId,condition,leftAnswer,rightAnswer,choiceDuration,isiDuration,feedbackDuration,itiDuration,stimOnset,itiOffset,leftColor,rightColor,mu1,mu2,sd1,sd2
uepP055,6,1,1,SS,-8.0,-12.0,2,3.543041258123198,1,5.672283384660938,16,28.215324642784132,1,5,-8.0,-12.0,0,0
uepP055,6,1,2,SS,-8.0,-12.0,2,2.8820330849541413,1,3.170519198755498,28.215324642784132,37.26787692649377,1,5,-8.0,-12.0,0,0
uepP055,6,1,3,SS,-8.0,-12.0,2,4.135658366652796,1,5.762486130286067,37.26787692649377,50.16602142343264,1,5,-8.0,-12.0,0,0
uepP055,6,1,4,SS,-8.0,-12.0,2,4.352710586947464,1,4.430080715853567,50.16602142343264,61.94881272623367,1,5,-8.0,-12.0,0,0
uepP055,6,1,5,SS,-8.0,-12.0,2,2.5454698826606563,1,4.767704557439345,61.94881272623367,72.26198716633367,1,5,-8.0,-12.0,0,0
uepP055,6,1,6,SS,-8.0,-12.0,2,3.770228539912739,1,5.09236877885264,72.26198716633367,84.12458448509905,1,5,-8.0,-12.0,0,0
uepP055,6,1,7,SS,-8.0,-12.0,2,2.8810610215541184,1,5.905621079885674,84.12458448509905,95.91126658653884,1,5,-8.0,-12.0,0,0
uepP055,6,1,8,SS,-8.0,-12.0,2,3.0902474145456775,1,4.720648728865252,95.91126658653884,106.72216272994977,1,5,-8.0,-12.0,0,0
uepP055,6,1,9,SS,-8.0,-12.0,2,1.7392206339809255,1,5.663068303813092,106.72216272994977,117.12445166774378,1,5,-8.0,-12.0,0,0
uepP055,6,1,10,SS,-8.0,-12.0,2,4.102138981231672,1,3.6392479567701654,117.12445166774378,127.86583860574562,1,5,-8.0,-12.0,0,0
