subjectId,runId,blockId,trialId,condition,leftAnswer,rightAnswer,choiceDuration,isiDuration,feedbackDuration,itiDuration,stimOnset,itiOffset,leftColor,rightColor,mu1,mu2,sd1,sd2
uepP008,8,4,1,SS,9.0,-2.0,2,2.9326128191528866,1,6.112273411355733,368.4626830927676,380.5075693232762,1,0,9.0,-2.0,0,0
uepP008,8,4,2,SS,9.0,-2.0,2,2.6822266281267946,1,4.9635281496755805,380.5075693232762,391.15332410107857,1,0,9.0,-2.0,0,0
uepP008,8,4,3,SS,9.0,-2.0,2,2.615680502250071,1,4.535743733134844,391.15332410107857,401.3047483364635,1,0,9.0,-2.0,0,0
uepP008,8,4,4,SS,9.0,-2.0,2,1.6846061136409667,1,3.608847803165644,401.3047483364635,409.5982022532701,1,0,9.0,-2.0,0,0
uepP008,8,4,5,SS,9.0,-2.0,2,2.1464819806010746,1,5.3150086384443815,409.5982022532701,420.05969287231557,1,0,9.0,-2.0,0,0
uepP008,8,4,6,SS,9.0,-2.0,2,3.8924050364657545,1,6.27078991458309,420.05969287231557,433.2228878233644,1,0,9.0,-2.0,0,0
uepP008,8,4,7,SS,9.0,-2.0,2,3.1915280557673102,1,4.38182357561624,433.2228878233644,443.79623945474793,1,0,9.0,-2.0,0,0
uepP008,8,4,8,SS,9.0,-2.0,2,1.6098219816527373,1,4.6890032763425,443.79623945474793,453.0950647127431,1,0,9.0,-2.0,0,0
uepP008,8,4,9,SS,9.0,-2.0,2,2.1684612947017388,1,4.7996319121495254,453.0950647127431,463.0631579195944,1,0,9.0,-2.0,0,0
uepP008,8,4,10,SS,9.0,-2.0,2,1.8175496373436197,1,6.119292443061763,463.0631579195944,473.9999999999998,1,0,9.0,-2.0,0,0
