subjectId,runId,blockId,trialId,condition,leftAnswer,rightAnswer,choiceDuration,isiDuration,feedbackDuration,itiDuration,stimOnset,itiOffset,leftColor,rightColor,mu1,mu2,sd1,sd2
uepP037,7,4,1,RS,-2.0,4.0,2,1.7947478570325748,1,5.815687647980536,357.3951479677826,368.0055834727957,1,6,-7.0,4.0,4.0,0
uepP037,7,4,2,RS,-7.0,4.0,2,4.724952992097562,1,4.308752729696019,368.0055834727957,380.0392891945893,1,6,-7.0,4.0,4.0,0
uepP037,7,4,3,RS,-0.0,4.0,2,4.850617121798587,1,5.2668470420953994,380.0392891945893,393.15675335848323,1,6,-7.0,4.0,4.0,0
uepP037,7,4,4,RS,-10.0,4.0,2,3.557723114218599,1,5.096199214719288,393.15675335848323,404.8106756874211,1,6,-7.0,4.0,4.0,0
uepP037,7,4,5,RS,-4.0,4.0,2,2.280087730535516,1,5.724913300298674,404.8106756874211,415.8156767182553,1,6,-7.0,4.0,4.0,0
uepP037,7,4,6,RS,-5.0,4.0,2,2.1444673606016766,1,4.31750738722209,415.8156767182553,425.277651466079,1,6,-7.0,4.0,4.0,0
uepP037,7,4,7,RS,-13.0,4.0,2,4.048349050079005,1,6.341360337939432,425.277651466079,438.66736085409747,1,6,-7.0,4.0,4.0,0
uepP037,7,4,8,RS,-8.0,4.0,2,4.6363454653758165,1,5.629878862508717,438.66736085409747,451.933585181982,1,6,-7.0,4.0,4.0,0
uepP037,7,4,9,RS,-8.0,4.0,2,2.3822657835080183,1,4.38538601434649,451.933585181982,461.7012369798365,1,6,-7.0,4.0,4.0,0
uepP037,7,4,10,RS,-6.0,4.0,2,3.413608147863065,1,5.8851548723003795,461.7012369798365,473.99999999999994,1,6,-7.0,4.0,4.0,0
