subjectId,runId,blockId,trialId,condition,leftAnswer,rightAnswer,choiceDuration,isiDuration,feedbackDuration,itiDuration,stimOnset,itiOffset,leftColor,rightColor,mu1,mu2,sd1,sd2
uepP030,5,2,1,RR,3.0,11.0,2,4.203729771985316,1,5.262366923675801,130.81968712022336,143.28578381588449,0,5,-1.0,10.0,4.0,4.0
uepP030,5,2,2,RR,-8.0,9.0,2,3.4993939323280268,1,3.6396872233461526,143.28578381588449,153.42486497155866,0,5,-1.0,10.0,4.0,4.0
uepP030,5,2,3,RR,1.0,10.0,2,3.0073606447458023,1,5.213505963346244,153.42486497155866,164.64573157965071,0,5,-1.0,10.0,4.0,4.0
uepP030,5,2,4,RR,-0.0,15.0,2,3.764758323535234,1,5.779684498047909,164.64573157965071,177.19017440123386,0,5,-1.0,10.0,4.0,4.0
uepP030,5,2,5,RR,-0.0,11.0,2,3.6385284133887557,1,5.279382731585027,177.19017440123386,189.10808554620766,0,5,-1.0,10.0,4.0,4.0
uepP030,5,2,6,RR,-4.0,14.0,2,1.8956874214041248,1,6.089989891523671,189.10808554620766,200.09376285913544,0,5,-1.0,10.0,4.0,4.0
uepP030,5,2,7,RR,-2.0,2.0,2,1.8848508332106007,1,3.452042278719899,200.09376285913544,208.43065597106593,0,5,-1.0,10.0,4.0,4.0
uepP030,5,2,8,RR,1.0,13.0,2,1.8922671991758895,1,6.0079045194143434,208.43065597106593,219.33082768965616,0,5,-1.0,10.0,4.0,4.0
uepP030,5,2,9,RR,-3.0,8.0,2,2.1233383619081785,1,3.3968355447226486,219.33082768965616,227.85100159628698,0,5,-1.0,10.0,4.0,4.0
uepP030,5,2,10,RR,-3.0,14.0,2,2.3453882798403054,1,6.117238802156895,227.85100159628698,239.31362867828418,0,5,-1.0,10.0,4.0,4.0
