subjectId,runId,blockId,trialId,condition,leftAnswer,rightAnswer,choiceDuration,isiDuration,feedbackDuration,itiDuration,stimOnset,itiOffset,leftColor,rightColor,mu1,mu2,sd1,sd2
uepP028,2,1,1,RS,-4.0,-2.0,2,2.063915490162146,1,5.378091588532996,16,26.44200707869514,7,1,1.0,-2.0,4.0,0
uepP028,2,1,2,RS,-6.0,-2.0,2,3.371158763479447,1,3.718553650220082,26.44200707869514,36.531719492394664,7,1,1.0,-2.0,4.0,0
uepP028,2,1,3,RS,-4.0,-2.0,2,2.714609000695191,1,3.730682974541343,36.531719492394664,45.9770114676312,7,1,1.0,-2.0,4.0,0
uepP028,2,1,4,RS,3.0,-2.0,2,2.1742664151329736,1,4.943339033076627,45.9770114676312,56.0946169158408,7,1,1.0,-2.0,4.0,0
uepP028,2,1,5,RS,2.0,-2.0,2,4.3172755235149465,1,3.9974920055328207,56.0946169158408,67.40938444488857,7,1,1.0,-2.0,4.0,0
uepP028,2,1,6,RS,8.0,-2.0,2,2.478569988247725,1,4.0165233698432035,67.40938444488857,76.9044778029795,7,1,1.0,-2.0,4.0,0
uepP028,2,1,7,RS,7.0,-2.0,2,2.7983991657095992,1,3.24184827197388,76.9044778029795,85.94472524066298,7,1,1.0,-2.0,4.0,0
uepP028,2,1,8,RS,3.0,-2.0,2,4.343346133465243,1,5.311866672607565,85.94472524066298,98.59993804673579,7,1,1.0,-2.0,4.0,0
uepP028,2,1,9,RS,2.0,-2.0,2,2.956757782414966,1,6.015993931267642,98.59993804673579,110.5726897604184,7,1,1.0,-2.0,4.0,0
uepP028,2,1,10,RS,2.0,-2.0,2,2.359657157301084,1,4.858656695838295,110.5726897604184,120.79100361355778,7,1,1.0,-2.0,4.0,0
