subjectId,runId,blockId,trialId,condition,leftAnswer,rightAnswer,choiceDuration,isiDuration,feedbackDuration,itiDuration,stimOnset,itiOffset,leftColor,rightColor,mu1,mu2,sd1,sd2
uepP022,6,2,1,SS,12.0,11.0,2,2.8906306023314317,1,5.415841462646209,125.26138777340046,136.5678598383781,7,5,12.0,11.0,0,0
uepP022,6,2,2,SS,12.0,11.0,2,3.7111475532353246,1,4.8384224625662915,136.5678598383781,148.1174298541797,7,5,12.0,11.0,0,0
uepP022,6,2,3,SS,12.0,11.0,2,4.656308712159905,1,5.860604032404845,148.1174298541797,161.63434259874444,7,5,12.0,11.0,0,0
uepP022,6,2,4,SS,12.0,11.0,2,2.6114264710604,1,4.598341513703598,161.63434259874444,171.84411058350844,7,5,12.0,11.0,0,0
uepP022,6,2,5,SS,12.0,11.0,2,4.012558015573071,1,6.290115267275443,171.84411058350844,185.14678386635694,7,5,12.0,11.0,0,0
uepP022,6,2,6,SS,12.0,11.0,2,3.11745776791936,1,4.534381141498887,185.14678386635694,195.7986227757752,7,5,12.0,11.0,0,0
uepP022,6,2,7,SS,12.0,11.0,2,3.449108589158139,1,3.3123148232467736,195.7986227757752,205.56004618818008,7,5,12.0,11.0,0,0
uepP022,6,2,8,SS,12.0,11.0,2,2.662591821568994,1,3.4591917142671194,205.56004618818008,214.68182972401618,7,5,12.0,11.0,0,0
uepP022,6,2,9,SS,12.0,11.0,2,2.336784313461736,1,3.6856025329054347,214.68182972401618,223.70421657038338,7,5,12.0,11.0,0,0
uepP022,6,2,10,SS,12.0,11.0,2,4.004201387327078,1,6.251739428828148,223.70421657038338,236.9601573865386,7,5,12.0,11.0,0,0
