subjectId,runId,blockId,trialId,condition,leftAnswer,rightAnswer,choiceDuration,isiDuration,feedbackDuration,itiDuration,stimOnset,itiOffset,leftColor,rightColor,mu1,mu2,sd1,sd2
uepP052,7,1,1,RS,-14.0,-5.0,2,2.850721575145421,1,3.218438912660328,16,25.06916048780575,5,7,-16.0,-5.0,4.0,0
uepP052,7,1,2,RS,-13.0,-5.0,2,4.781516089040959,1,3.2210106372864513,25.06916048780575,36.07168721413316,5,7,-16.0,-5.0,4.0,0
uepP052,7,1,3,RS,-9.0,-5.0,2,4.3733570963598,1,5.176527151299317,36.07168721413316,48.62157146179228,5,7,-16.0,-5.0,4.0,0
uepP052,7,1,4,RS,-20.0,-5.0,2,2.6937167686615155,1,5.89628748223789,48.62157146179228,60.21157571269168,5,7,-16.0,-5.0,4.0,0
uepP052,7,1,5,RS,-15.0,-5.0,2,2.8609305840927926,1,5.67173373611797,60.21157571269168,71.74424003290245,5,7,-16.0,-5.0,4.0,0
uepP052,7,1,6,RS,-13.0,-5.0,2,3.3041734817061106,1,4.2424433553822105,71.74424003290245,82.29085686999078,5,7,-16.0,-5.0,4.0,0
uepP052,7,1,7,RS,-18.0,-5.0,2,4.336253086510716,1,4.7543777814570864,82.29085686999078,94.38148773795858,5,7,-16.0,-5.0,4.0,0
uepP052,7,1,8,RS,-18.0,-5.0,2,2.620716583080369,1,5.3297437918577035,94.38148773795858,105.33194811289665,5,7,-16.0,-5.0,4.0,0
uepP052,7,1,9,RS,-14.0,-5.0,2,2.4543732398680853,1,4.551769284518056,105.33194811289665,115.3380906372828,5,7,-16.0,-5.0,4.0,0
uepP052,7,1,10,RS,-7.0,-5.0,2,2.036740055093925,1,4.727407899886415,115.3380906372828,125.10223859226315,5,7,-16.0,-5.0,4.0,0
