subjectId,runId,blockId,trialId,condition,leftAnswer,rightAnswer,choiceDuration,isiDuration,feedbackDuration,itiDuration,stimOnset,itiOffset,leftColor,rightColor,mu1,mu2,sd1,sd2
uepP058,5,2,1,RR,-1.0,-0.0,2,1.6832672407502502,1,3.7597737783968825,136.1317406707217,144.57478168986884,6,5,-6.0,0.0,4.0,4.0
uepP058,5,2,2,RR,-11.0,0.0,2,2.0658471895266857,1,5.867756137306213,144.57478168986884,155.50838501670174,6,5,-6.0,0.0,4.0,4.0
uepP058,5,2,3,RR,-7.0,5.0,2,1.7266762218606506,1,6.312853700310503,155.50838501670174,166.5479149388729,6,5,-6.0,0.0,4.0,4.0
uepP058,5,2,4,RR,-9.0,-2.0,2,2.003893348529721,1,5.262822896081425,166.5479149388729,176.81463118348404,6,5,-6.0,0.0,4.0,4.0
uepP058,5,2,5,RR,-8.0,7.0,2,1.9743251555341992,1,4.393489664324124,176.81463118348404,186.18244600334236,6,5,-6.0,0.0,4.0,4.0
uepP058,5,2,6,RR,-9.0,4.0,2,2.801489735903642,1,5.450827833113645,186.18244600334236,197.43476357235963,6,5,-6.0,0.0,4.0,4.0
uepP058,5,2,7,RR,-7.0,4.0,2,4.384120478817723,1,5.2811686998734695,197.43476357235963,210.1000527510508,6,5,-6.0,0.0,4.0,4.0
uepP058,5,2,8,RR,-10.0,1.0,2,2.8046267618230654,1,5.26307535322391,210.1000527510508,221.1677548660978,6,5,-6.0,0.0,4.0,4.0
uepP058,5,2,9,RR,-10.0,5.0,2,2.6399948810330685,1,3.556495941255349,221.1677548660978,230.3642456883862,6,5,-6.0,0.0,4.0,4.0
uepP058,5,2,10,RR,-3.0,-0.0,2,2.406455124961306,1,3.560238857106831,230.3642456883862,239.33093967045434,6,5,-6.0,0.0,4.0,4.0
