subjectId,runId,blockId,trialId,condition,leftAnswer,rightAnswer,choiceDuration,isiDuration,feedbackDuration,itiDuration,stimOnset,itiOffset,leftColor,rightColor,mu1,mu2,sd1,sd2
uepP001,4,4,1,RS,4.0,-3.0,2,3.3654139143134016,1,6.1470455233468515,354.0320204509551,366.54447988861534,4,6,10.0,-3.0,4.0,0
uepP001,4,4,2,RS,6.0,-3.0,2,3.944704324407116,1,4.846529418358439,366.54447988861534,378.3357136313809,4,6,10.0,-3.0,4.0,0
uepP001,4,4,3,RS,8.0,-3.0,2,1.7509380098669443,1,4.972056395574523,378.3357136313809,388.05870803682234,4,6,10.0,-3.0,4.0,0
uepP001,4,4,4,RS,9.0,-3.0,2,4.002669227941385,1,6.3974224772001875,388.05870803682234,401.4587997419639,4,6,10.0,-3.0,4.0,0
uepP001,4,4,5,RS,8.0,-3.0,2,4.068623446447901,1,5.27627844352022,401.4587997419639,413.80370163193203,4,6,10.0,-3.0,4.0,0
uepP001,4,4,6,RS,7.0,-3.0,2,2.6506213024266168,1,4.199510518352799,413.80370163193203,423.6538334527114,4,6,10.0,-3.0,4.0,0
uepP001,4,4,7,RS,4.0,-3.0,2,4.789077134159501,1,4.1671680087838485,423.6538334527114,435.6100785956548,4,6,10.0,-3.0,4.0,0
uepP001,4,4,8,RS,8.0,-3.0,2,4.754904507998309,1,5.736998697621554,435.6100785956548,449.1019818012747,4,6,10.0,-3.0,4.0,0
uepP001,4,4,9,RS,10.0,-3.0,2,3.2809452754422255,1,5.022708014481464,449.1019818012747,460.40563509119835,4,6,10.0,-3.0,4.0,0
uepP001,4,4,10,RS,5.0,-3.0,2,4.585783714191126,1,6.008581194610511,460.40563509119835,473.99999999999994,4,6,10.0,-3.0,4.0,0
