subjectId,runId,blockId,trialId,condition,leftAnswer,rightAnswer,choiceDuration,isiDuration,feedbackDuration,itiDuration,stimOnset,itiOffset,leftColor,rightColor,mu1,mu2,sd1,sd2
uepP026,2,1,1,RS,-1.0,10.0,2,3.3498326079243066,1,5.219325282488855,16,27.56915789041316,4,1,-1.0,10.0,4.0,0
uepP026,2,1,2,RS,-4.0,10.0,2,4.155542368695101,1,4.5519640855415515,27.56915789041316,39.27666434464981,4,1,-1.0,10.0,4.0,0
uepP026,2,1,3,RS,3.0,10.0,2,4.6030613478648865,1,3.484475717149214,39.27666434464981,50.36420140966391,4,1,-1.0,10.0,4.0,0
uepP026,2,1,4,RS,-7.0,10.0,2,4.089441969355496,1,4.834879620340123,50.36420140966391,62.288522999359536,4,1,-1.0,10.0,4.0,0
uepP026,2,1,5,RS,7.0,10.0,2,2.232164636135232,1,4.749649497018242,62.288522999359536,72.27033713251302,4,1,-1.0,10.0,4.0,0
uepP026,2,1,6,RS,-4.0,10.0,2,4.703415741976571,1,5.122848586392933,72.27033713251302,85.09660146088252,4,1,-1.0,10.0,4.0,0
uepP026,2,1,7,RS,-1.0,10.0,2,1.804948076745781,1,3.470762629575731,85.09660146088252,93.37231216720404,4,1,-1.0,10.0,4.0,0
uepP026,2,1,8,RS,0.0,10.0,2,2.05758839144939,1,3.581082319010188,93.37231216720404,102.01098287766362,4,1,-1.0,10.0,4.0,0
uepP026,2,1,9,RS,2.0,10.0,2,2.9674321668430985,1,5.56251210227616,102.01098287766362,113.54092714678288,4,1,-1.0,10.0,4.0,0
uepP026,2,1,10,RS,0.0,10.0,2,3.1929463262063322,1,5.896434643693949,113.54092714678288,125.63030811668317,4,1,-1.0,10.0,4.0,0
