subjectId,runId,blockId,trialId,condition,leftAnswer,rightAnswer,choiceDuration,isiDuration,feedbackDuration,itiDuration,stimOnset,itiOffset,leftColor,rightColor,mu1,mu2,sd1,sd2
uepP013,6,4,1,SS,-9.0,-18.0,2,4.405673173192388,1,3.589233751199895,363.0866673982685,374.0815743226608,0,1,-9.0,-18.0,0,0
uepP013,6,4,2,SS,-9.0,-18.0,2,3.6519341812325186,1,3.272349262017015,374.0815743226608,384.0058577659103,0,1,-9.0,-18.0,0,0
uepP013,6,4,3,SS,-9.0,-18.0,2,4.18025090114547,1,4.230419812737835,384.0058577659103,395.4165284797936,0,1,-9.0,-18.0,0,0
uepP013,6,4,4,SS,-9.0,-18.0,2,3.872718439447146,1,4.466437419668183,395.4165284797936,406.75568433890896,0,1,-9.0,-18.0,0,0
uepP013,6,4,5,SS,-9.0,-18.0,2,3.830202791555661,1,6.08650987659786,406.75568433890896,419.6723970070625,0,1,-9.0,-18.0,0,0
uepP013,6,4,6,SS,-9.0,-18.0,2,4.6142347039592035,1,3.4195781077785217,419.6723970070625,430.70620981880023,0,1,-9.0,-18.0,0,0
uepP013,6,4,7,SS,-9.0,-18.0,2,2.865743191001893,1,6.308275490242164,430.70620981880023,442.8802285000443,0,1,-9.0,-18.0,0,0
uepP013,6,4,8,SS,-9.0,-18.0,2,1.8947510924950897,1,4.0368749412979055,442.8802285000443,451.81185453383733,0,1,-9.0,-18.0,0,0
uepP013,6,4,9,SS,-9.0,-18.0,2,3.5548157140754624,1,3.737384740788003,451.81185453383733,462.1040549887008,0,1,-9.0,-18.0,0,0
uepP013,6,4,10,SS,-9.0,-18.0,2,3.330734436031577,1,5.565210575267692,462.1040549887008,474.0000000000001,0,1,-9.0,-18.0,0,0
