subjectId,runId,blockId,trialId,condition,leftAnswer,rightAnswer,choiceDuration,isiDuration,feedbackDuration,itiDuration,stimOnset,itiOffset,leftColor,rightColor,mu1,mu2,sd1,sd2
uepP047,4,1,1,RR,-11.0,4.0,2,4.548849964252858,1,4.85378097184193,16,28.402630936094788,2,4,-12.0,5.0,4.0,4.0
uepP047,4,1,2,RR,-10.0,7.0,2,2.833813450032194,1,3.973380438178534,28.402630936094788,38.209824824305514,2,4,-12.0,5.0,4.0,4.0
uepP047,4,1,3,RR,-10.0,8.0,2,2.4624679881005984,1,3.285946954739039,38.209824824305514,46.95823976714515,2,4,-12.0,5.0,4.0,4.0
uepP047,4,1,4,RR,-15.0,-0.0,2,4.049760555944497,1,5.715565246546576,46.95823976714515,59.72356556963622,2,4,-12.0,5.0,4.0,4.0
uepP047,4,1,5,RR,-16.0,9.0,2,2.923669040304757,1,3.657220953103036,59.72356556963622,69.30445556304402,2,4,-12.0,5.0,4.0,4.0
uepP047,4,1,6,RR,-14.0,7.0,2,3.8860499338971732,1,3.8872540595240075,69.30445556304402,80.0777595564652,2,4,-12.0,5.0,4.0,4.0
uepP047,4,1,7,RR,-15.0,-0.0,2,4.587593132569106,1,6.1403945347993325,80.0777595564652,93.80574722383363,2,4,-12.0,5.0,4.0,4.0
uepP047,4,1,8,RR,-16.0,7.0,2,4.380524129453727,1,5.010881555370653,93.80574722383363,106.19715290865803,2,4,-12.0,5.0,4.0,4.0
uepP047,4,1,9,RR,-17.0,8.0,2,2.4715666261732907,1,4.994446100071248,106.19715290865803,116.66316563490255,2,4,-12.0,5.0,4.0,4.0
uepP047,4,1,10,RR,-10.0,4.0,2,4.36237404497209,1,5.691045273303616,116.66316563490255,129.71658495317826,2,4,-12.0,5.0,4.0,4.0
