subjectId,runId,blockId,trialId,condition,leftAnswer,rightAnswer,choiceDuration,isiDuration,feedbackDuration,itiDuration,stimOnset,itiOffset,leftColor,rightColor,mu1,mu2,sd1,sd2
uepP017,8,3,1,SR,4.0,-2.0,2,3.1354120751647896,1,4.214852351475264,248.81164851168091,259.161912938321,7,0,4.0,-5.0,0,4.0
uepP017,8,3,2,SR,4.0,-3.0,2,2.854018686282001,1,3.6537878708196985,259.161912938321,268.6697194954227,7,0,4.0,-5.0,0,4.0
uepP017,8,3,3,SR,4.0,-1.0,2,3.4804527149609683,1,5.028704765143101,268.6697194954227,280.1788769755268,7,0,4.0,-5.0,0,4.0
uepP017,8,3,4,SR,4.0,0.0,2,4.3519611014356245,1,5.489951672613748,280.1788769755268,293.0207897495762,7,0,4.0,-5.0,0,4.0
uepP017,8,3,5,SR,4.0,-8.0,2,2.826494504230062,1,4.7180325705194806,293.0207897495762,303.56531682432575,7,0,4.0,-5.0,0,4.0
uepP017,8,3,6,SR,4.0,-7.0,2,3.870225997991422,1,3.604981741431294,303.56531682432575,314.0405245637485,7,0,4.0,-5.0,0,4.0
uepP017,8,3,7,SR,4.0,-8.0,2,3.5310115529684953,1,5.712283877278828,314.0405245637485,326.2838199939958,7,0,4.0,-5.0,0,4.0
uepP017,8,3,8,SR,4.0,-4.0,2,4.336948078571053,1,3.3218388207113305,326.2838199939958,336.94260689327814,7,0,4.0,-5.0,0,4.0
uepP017,8,3,9,SR,4.0,-12.0,2,4.510188532572531,1,3.307013023073717,336.94260689327814,347.7598084489244,7,0,4.0,-5.0,0,4.0
uepP017,8,3,10,SR,4.0,-11.0,2,2.49197758524195,1,5.593102485589564,347.7598084489244,358.8448885197559,7,0,4.0,-5.0,0,4.0
