subjectId,runId,blockId,trialId,condition,leftAnswer,rightAnswer,choiceDuration,isiDuration,feedbackDuration,itiDuration,stimOnset,itiOffset,leftColor,rightColor,mu1,mu2,sd1,sd2
uepP033,7,3,1,SR,0.0,-8.0,2,2.2123878164679516,1,4.701939450842671,242.74048210860818,252.6548093759188,3,4,0.0,-9.0,0,4.0
uepP033,7,3,2,SR,0.0,-8.0,2,4.62719270724803,1,3.4632978038740525,252.6548093759188,263.7452998870409,3,4,0.0,-9.0,0,4.0
uepP033,7,3,3,SR,0.0,-9.0,2,4.429264955744439,1,4.237643924482141,263.7452998870409,275.4122087672675,3,4,0.0,-9.0,0,4.0
uepP033,7,3,4,SR,0.0,-6.0,2,4.452380402625676,1,6.161551348940519,275.4122087672675,289.0261405188337,3,4,0.0,-9.0,0,4.0
uepP033,7,3,5,SR,0.0,-13.0,2,3.2671930568615584,1,5.091239714088916,289.0261405188337,300.3845732897842,3,4,0.0,-9.0,0,4.0
uepP033,7,3,6,SR,0.0,-13.0,2,2.126852029185981,1,5.218333603675219,300.3845732897842,310.7297589226454,3,4,0.0,-9.0,0,4.0
uepP033,7,3,7,SR,0.0,-1.0,2,2.9893084508391103,1,3.9649176456151514,310.7297589226454,320.6839850190997,3,4,0.0,-9.0,0,4.0
uepP033,7,3,8,SR,0.0,-16.0,2,1.8966499654977753,1,5.755664550371384,320.6839850190997,331.3362995349688,3,4,0.0,-9.0,0,4.0
uepP033,7,3,9,SR,0.0,-8.0,2,3.3207962229225525,1,3.973211550806802,331.3362995349688,341.63030730869815,3,4,0.0,-9.0,0,4.0
uepP033,7,3,10,SR,0.0,-7.0,2,4.6579879198211716,1,4.768199678772522,341.63030730869815,354.05649490729184,3,4,0.0,-9.0,0,4.0
