subjectId,runId,blockId,trialId,condition,leftAnswer,rightAnswer,choiceDuration,isiDuration,feedbackDuration,itiDuration,stimOnset,itiOffset,leftColor,rightColor,mu1,mu2,sd1,sd2
uepP018,1,3,1,SR,2.0,-9.0,2,1.960555978388648,1,3.941898665907365,252.20402061330753,261.10647525760356,0,5,2.0,-6.0,0,4.0
uepP018,1,3,2,SR,2.0,-5.0,2,2.1994445053517078,1,5.948957097698409,261.10647525760356,272.25487686065367,0,5,2.0,-6.0,0,4.0
uepP018,1,3,3,SR,2.0,-12.0,2,1.6049938961114611,1,5.555062301761668,272.25487686065367,282.4149330585268,0,5,2.0,-6.0,0,4.0
uepP018,1,3,4,SR,2.0,-6.0,2,4.650613208942983,1,4.961295719734589,282.4149330585268,295.02684198720436,0,5,2.0,-6.0,0,4.0
uepP018,1,3,5,SR,2.0,-0.0,2,3.2044221629365364,1,5.526616076773488,295.02684198720436,306.7578802269144,0,5,2.0,-6.0,0,4.0
uepP018,1,3,6,SR,2.0,-12.0,2,2.4869235741880416,1,5.798950346846559,306.7578802269144,318.04375414794896,0,5,2.0,-6.0,0,4.0
uepP018,1,3,7,SR,2.0,-16.0,2,3.7918363784163365,1,3.363504634243275,318.04375414794896,328.1990951606086,0,5,2.0,-6.0,0,4.0
uepP018,1,3,8,SR,2.0,-6.0,2,3.3257071514268555,1,4.506476535616655,328.1990951606086,339.03127884765206,0,5,2.0,-6.0,0,4.0
uepP018,1,3,9,SR,2.0,-10.0,2,2.231983881242326,1,4.301015293945957,339.03127884765206,348.56427802284037,0,5,2.0,-6.0,0,4.0
uepP018,1,3,10,SR,2.0,-6.0,2,3.5429340095530564,1,4.172358434629673,348.56427802284037,359.2795704670231,0,5,2.0,-6.0,0,4.0
