subjectId,runId,blockId,trialId,condition,leftAnswer,rightAnswer,choiceDuration,isiDuration,feedbackDuration,itiDuration,stimOnset,itiOffset,leftColor,rightColor,mu1,mu2,sd1,sd2
uepP045,5,3,1,RS,16.0,-7.0,2,3.500062975906933,1,5.140303376408271,247.47453407673922,259.11490042905444,1,2,18.0,-7.0,4.0,0
uepP045,5,3,2,RS,13.0,-7.0,2,3.5105339817633934,1,4.44905928907224,259.11490042905444,270.07449369989007,1,2,18.0,-7.0,4.0,0
uepP045,5,3,3,RS,20.0,-7.0,2,3.148192543906795,1,5.913847135909843,270.07449369989007,282.13653337970675,1,2,18.0,-7.0,4.0,0
uepP045,5,3,4,RS,14.0,-7.0,2,2.064102464748861,1,6.364003836928586,282.13653337970675,293.5646396813842,1,2,18.0,-7.0,4.0,0
uepP045,5,3,5,RS,18.0,-7.0,2,4.40755993619418,1,4.535258829311238,293.5646396813842,305.50745844688964,1,2,18.0,-7.0,4.0,0
uepP045,5,3,6,RS,19.0,-7.0,2,4.743597377320355,1,6.0322785173755875,305.50745844688964,319.28333434158554,1,2,18.0,-7.0,4.0,0
uepP045,5,3,7,RS,17.0,-7.0,2,1.9392801219166684,1,3.8510263467072527,319.28333434158554,328.0736408102095,1,2,18.0,-7.0,4.0,0
uepP045,5,3,8,RS,16.0,-7.0,2,3.536330881437694,1,3.334715803281715,328.0736408102095,337.9446874949289,1,2,18.0,-7.0,4.0,0
uepP045,5,3,9,RS,27.0,-7.0,2,4.258883306043414,1,5.588777320278624,337.9446874949289,350.79234812125094,1,2,18.0,-7.0,4.0,0
uepP045,5,3,10,RS,16.0,-7.0,2,2.3521992603836237,1,3.834098040835351,350.79234812125094,359.97864542246987,1,2,18.0,-7.0,4.0,0
