subjectId,runId,blockId,trialId,condition,leftAnswer,rightAnswer,choiceDuration,isiDuration,feedbackDuration,itiDuration,stimOnset,itiOffset,leftColor,rightColor,mu1,mu2,sd1,sd2
uepP000,7,3,1,RR,9.0,-8.0,2,3.9109440396683004,1,5.293525977461901,250.5654738776153,262.7699438947455,2,4,5.0,-2.0,4.0,4.0
uepP000,7,3,2,RR,3.0,1.0,2,2.1179634626880235,1,4.770187262408659,262.7699438947455,272.6580946198422,2,4,5.0,-2.0,4.0,4.0
uepP000,7,3,3,RR,11.0,1.0,2,2.591093454243187,1,4.947764865069662,272.6580946198422,283.19695293915504,2,4,5.0,-2.0,4.0,4.0
uepP000,7,3,4,RR,5.0,-3.0,2,3.767910105794626,1,3.327412608673421,283.19695293915504,293.29227565362305,2,4,5.0,-2.0,4.0,4.0
uepP000,7,3,5,RR,6.0,10.0,2,2.5516831145566337,1,4.489170337157441,293.29227565362305,303.3331291053371,2,4,5.0,-2.0,4.0,4.0
uepP000,7,3,6,RR,5.0,-7.0,2,2.988465005292775,1,5.064540109997278,303.3331291053371,314.3861342206271,2,4,5.0,-2.0,4.0,4.0
uepP000,7,3,7,RR,-0.0,1.0,2,2.486608129425594,1,5.948839233030333,314.3861342206271,325.82158158308306,2,4,5.0,-2.0,4.0,4.0
uepP000,7,3,8,RR,-0.0,1.0,2,1.9284990477921107,1,4.7468938843567186,325.82158158308306,335.4969745152319,2,4,5.0,-2.0,4.0,4.0
uepP000,7,3,9,RR,7.0,-5.0,2,4.434662414767388,1,5.047741493948706,335.4969745152319,347.979378423948,2,4,5.0,-2.0,4.0,4.0
uepP000,7,3,10,RR,9.0,-4.0,2,3.7411411985294247,1,5.202753037440751,347.979378423948,359.92327265991815,2,4,5.0,-2.0,4.0,4.0
