subjectId,runId,blockId,trialId,condition,leftAnswer,rightAnswer,choiceDuration,isiDuration,feedbackDuration,itiDuration,stimOnset,itiOffset,leftColor,rightColor,mu1,mu2,sd1,sd2
uepP011,6,4,1,RR,4.0,16.0,2,2.0079580455850357,1,4.769242697793698,364.3086511209859,374.08585186436466,0,7,-1.0,10.0,4.0,4.0
uepP011,6,4,2,RR,4.0,13.0,2,4.192988861572359,1,6.025203670794275,374.08585186436466,387.3040443967313,0,7,-1.0,10.0,4.0,4.0
uepP011,6,4,3,RR,-6.0,13.0,2,1.558619209644895,1,5.680515125489902,387.3040443967313,397.5431787318661,0,7,-1.0,10.0,4.0,4.0
uepP011,6,4,4,RR,-2.0,2.0,2,4.069527525991819,1,6.040637650821897,397.5431787318661,410.6533439086798,0,7,-1.0,10.0,4.0,4.0
uepP011,6,4,5,RR,-3.0,3.0,2,4.32480215864888,1,3.2157738870159362,410.6533439086798,421.1939199543446,0,7,-1.0,10.0,4.0,4.0
uepP011,6,4,6,RR,4.0,10.0,2,2.951422584979588,1,6.087353156817662,421.1939199543446,433.23269569614183,0,7,-1.0,10.0,4.0,4.0
uepP011,6,4,7,RR,-6.0,7.0,2,4.480571889838088,1,3.788649107910966,433.23269569614183,444.50191669389085,0,7,-1.0,10.0,4.0,4.0
uepP011,6,4,8,RR,-2.0,11.0,2,3.4090001986885667,1,4.120160727823957,444.50191669389085,455.0310776204033,0,7,-1.0,10.0,4.0,4.0
uepP011,6,4,9,RR,-7.0,7.0,2,3.5416079486680685,1,3.467065613055387,455.0310776204033,465.0397511821268,0,7,-1.0,10.0,4.0,4.0
uepP011,6,4,10,RR,-1.0,7.0,2,2.37659177847691,1,3.583657039396229,465.0397511821268,473.9999999999999,0,7,-1.0,10.0,4.0,4.0
