subjectId,runId,blockId,trialId,condition,leftAnswer,rightAnswer,choiceDuration,isiDuration,feedbackDuration,itiDuration,stimOnset,itiOffset,leftColor,rightColor,mu1,mu2,sd1,sd2
uepP014,7,4,1,SS,-11.0,4.0,2,3.985291499741041,1,6.163396577223473,360.1488782912749,373.2975663682394,2,1,-11.0,4.0,0,0
uepP014,7,4,2,SS,-11.0,4.0,2,1.9138506911984459,1,3.818956312767903,373.2975663682394,382.03037337220576,2,1,-11.0,4.0,0,0
uepP014,7,4,3,SS,-11.0,4.0,2,4.42095954990678,1,4.016794895549921,382.03037337220576,393.4681278176625,2,1,-11.0,4.0,0,0
uepP014,7,4,4,SS,-11.0,4.0,2,1.663686361471999,1,5.313755128256902,393.4681278176625,403.4455693073914,2,1,-11.0,4.0,0,0
uepP014,7,4,5,SS,-11.0,4.0,2,4.398103100030646,1,5.833866497071473,403.4455693073914,416.67753890449353,2,1,-11.0,4.0,0,0
uepP014,7,4,6,SS,-11.0,4.0,2,3.837428937175705,1,3.4293345259264454,416.67753890449353,426.9443023675957,2,1,-11.0,4.0,0,0
uepP014,7,4,7,SS,-11.0,4.0,2,3.532374541124705,1,4.723236244146173,426.9443023675957,438.19991315286654,2,1,-11.0,4.0,0,0
uepP014,7,4,8,SS,-11.0,4.0,2,2.008310041484968,1,5.930732482927168,438.19991315286654,449.13895567727866,2,1,-11.0,4.0,0,0
uepP014,7,4,9,SS,-11.0,4.0,2,2.9384233798475834,1,5.6929160284170734,449.13895567727866,460.7702950855433,2,1,-11.0,4.0,0,0
uepP014,7,4,10,SS,-11.0,4.0,2,4.8944236913870345,1,5.335281223069736,460.7702950855433,474.00000000000006,2,1,-11.0,4.0,0,0
