subjectId,runId,blockId,trialId,condition,leftAnswer,rightAnswer,choiceDuration,isiDuration,feedbackDuration,itiDuration,stimOnset,itiOffset,leftColor,rightColor,mu1,mu2,sd1,sd2
uepP008,7,2,1,RR,10.0,-24.0,2,1.6502721882755893,1,5.364698846558846,135.83001090723474,145.84498194206915,1,3,3.0,-23.0,4.0,4.0
uepP008,7,2,2,RR,1.0,-29.0,2,3.9587952157197117,1,5.360527787321303,145.84498194206915,158.16430494511016,1,3,3.0,-23.0,4.0,4.0
uepP008,7,2,3,RR,-3.0,-22.0,2,4.239055804143322,1,4.78080680367537,158.16430494511016,170.18416755292887,1,3,3.0,-23.0,4.0,4.0
uepP008,7,2,4,RR,-2.0,-21.0,2,3.642938905393732,1,5.606181431680457,170.18416755292887,182.43328789000304,1,3,3.0,-23.0,4.0,4.0
uepP008,7,2,5,RR,-1.0,-25.0,2,2.3677020312847694,1,4.341634998705035,182.43328789000304,192.14262491999287,1,3,3.0,-23.0,4.0,4.0
uepP008,7,2,6,RR,1.0,-23.0,2,2.417982490448487,1,4.283177224681868,192.14262491999287,201.84378463512323,1,3,3.0,-23.0,4.0,4.0
uepP008,7,2,7,RR,10.0,-36.0,2,2.846109195805967,1,5.2118645242475585,201.84378463512323,212.90175835517675,1,3,3.0,-23.0,4.0,4.0
uepP008,7,2,8,RR,1.0,-26.0,2,4.409185380004403,1,6.06996220838617,212.90175835517675,226.3809059435673,1,3,3.0,-23.0,4.0,4.0
uepP008,7,2,9,RR,3.0,-22.0,2,2.037125206688226,1,5.197073118778134,226.3809059435673,236.61510426903365,1,3,3.0,-23.0,4.0,4.0
uepP008,7,2,10,RR,4.0,-26.0,2,2.7104826349841447,1,4.323236183919566,236.61510426903365,246.64882308793736,1,3,3.0,-23.0,4.0,4.0
