subjectId,runId,blockId,trialId,condition,leftAnswer,rightAnswer,choiceDuration,isiDuration,feedbackDuration,itiDuration,stimOnset,itiOffset,leftColor,rightColor,mu1,mu2,sd1,sd2
uepP041,7,4,1,SR,25.0,23.0,2,4.719611997120242,1,4.2832832481407825,363.10423574306833,375.10713098832935,2,5,25.0,16.0,0,4.0
uepP041,7,4,2,SR,25.0,14.0,2,3.566815183576599,1,4.332687125764703,375.10713098832935,386.00663329767065,2,5,25.0,16.0,0,4.0
uepP041,7,4,3,SR,25.0,16.0,2,3.4157783245666886,1,5.728327968183989,386.00663329767065,398.1507395904213,2,5,25.0,16.0,0,4.0
uepP041,7,4,4,SR,25.0,15.0,2,4.092434007580328,1,6.340601424621511,398.1507395904213,411.5837750226232,2,5,25.0,16.0,0,4.0
uepP041,7,4,5,SR,25.0,19.0,2,3.0925544938513174,1,3.5426238614603713,411.5837750226232,421.21895337793484,2,5,25.0,16.0,0,4.0
uepP041,7,4,6,SR,25.0,20.0,2,2.3615674116982444,1,3.322529150137215,421.21895337793484,429.90304993977026,2,5,25.0,16.0,0,4.0
uepP041,7,4,7,SR,25.0,11.0,2,3.1451311721437314,1,5.32434329815832,429.90304993977026,441.37252441007234,2,5,25.0,16.0,0,4.0
uepP041,7,4,8,SR,25.0,16.0,2,2.073740025797029,1,6.083251225916419,441.37252441007234,452.52951566178575,2,5,25.0,16.0,0,4.0
uepP041,7,4,9,SR,25.0,19.0,2,4.741966372361888,1,5.610572982714781,452.52951566178575,465.8820550168624,2,5,25.0,16.0,0,4.0
uepP041,7,4,10,SR,25.0,17.0,2,1.8713718476407324,1,3.246573135496676,465.8820550168624,473.99999999999983,2,5,25.0,16.0,0,4.0
