subjectId,runId,blockId,trialId,condition,leftAnswer,rightAnswer,choiceDuration,isiDuration,feedbackDuration,itiDuration,stimOnset,itiOffset,leftColor,rightColor,mu1,mu2,sd1,sd2
uepP014,2,2,1,SS,23.0,5.0,2,3.05658175565855,1,6.224883572676198,127.85472646338012,140.13619179171488,3,4,23.0,5.0,0,0
uepP014,2,2,2,SS,23.0,5.0,2,3.754577208680585,1,5.293387454498928,140.13619179171488,152.1841564548944,3,4,23.0,5.0,0,0
uepP014,2,2,3,SS,23.0,5.0,2,3.397255868172248,1,4.197286910544983,152.1841564548944,162.77869923361163,3,4,23.0,5.0,0,0
uepP014,2,2,4,SS,23.0,5.0,2,2.831308935328761,1,5.832436481900374,162.77869923361163,174.44244465084077,3,4,23.0,5.0,0,0
uepP014,2,2,5,SS,23.0,5.0,2,4.047034590247968,1,3.75585854580903,174.44244465084077,185.24533778689775,3,4,23.0,5.0,0,0
uepP014,2,2,6,SS,23.0,5.0,2,3.893176114217853,1,5.316127644675251,185.24533778689775,197.45464154579085,3,4,23.0,5.0,0,0
uepP014,2,2,7,SS,23.0,5.0,2,4.0278125362853565,1,4.037560775176982,197.45464154579085,208.5200148572532,3,4,23.0,5.0,0,0
uepP014,2,2,8,SS,23.0,5.0,2,3.4173103079116887,1,4.1860245057214955,208.5200148572532,219.12334967088637,3,4,23.0,5.0,0,0
uepP014,2,2,9,SS,23.0,5.0,2,2.16960974405435,1,6.153928166945307,219.12334967088637,230.44688758188605,3,4,23.0,5.0,0,0
uepP014,2,2,10,SS,23.0,5.0,2,3.95743192328052,1,3.6034827353906724,230.44688758188605,241.00780224055725,3,4,23.0,5.0,0,0
