subjectId,runId,blockId,trialId,condition,leftAnswer,rightAnswer,choiceDuration,isiDuration,feedbackDuration,itiDuration,stimOnset,itiOffset,leftColor,rightColor,mu1,mu2,sd1,sd2
uepP006,6,2,1,RR,-13.0,3.0,2,2.6868956884829935,1,3.383265137595689,132.49140812247646,141.56156894855513,5,4,-14.0,1.0,4.0,4.0
uepP006,6,2,2,RR,-12.0,8.0,2,1.6135693084101075,1,5.018406407659609,141.56156894855513,151.19354466462485,5,4,-14.0,1.0,4.0,4.0
uepP006,6,2,3,RR,-14.0,-9.0,2,3.97521789605147,1,5.85626669093615,151.19354466462485,164.02502925161247,5,4,-14.0,1.0,4.0,4.0
uepP006,6,2,4,RR,-9.0,7.0,2,3.9132934311469554,1,4.689903708218187,164.02502925161247,175.62822639097763,5,4,-14.0,1.0,4.0,4.0
uepP006,6,2,5,RR,-17.0,-5.0,2,2.1181486301866053,1,4.442483329138988,175.62822639097763,185.1888583503032,5,4,-14.0,1.0,4.0,4.0
uepP006,6,2,6,RR,-15.0,-1.0,2,2.8880758276349336,1,5.471707974721786,185.1888583503032,196.54864215265994,5,4,-14.0,1.0,4.0,4.0
uepP006,6,2,7,RR,-17.0,10.0,2,3.8010477162222376,1,3.485211216133958,196.54864215265994,206.83490108501613,5,4,-14.0,1.0,4.0,4.0
uepP006,6,2,8,RR,-11.0,-1.0,2,4.177936785135754,1,5.5905124880530845,206.83490108501613,219.60335035820498,5,4,-14.0,1.0,4.0,4.0
uepP006,6,2,9,RR,-10.0,-1.0,2,4.589418118236049,1,5.2099050531016236,219.60335035820498,232.40267352954265,5,4,-14.0,1.0,4.0,4.0
uepP006,6,2,10,RR,-14.0,-6.0,2,2.5238739996206663,1,4.361532377248785,232.40267352954265,242.2880799064121,5,4,-14.0,1.0,4.0,4.0
