subjectId,runId,blockId,trialId,condition,leftAnswer,rightAnswer,choiceDuration,isiDuration,feedbackDuration,itiDuration,stimOnset,itiOffset,leftColor,rightColor,mu1,mu2,sd1,sd2
uepP012,1,4,1,SR,-18.0,7.0,2,1.861109296663841,1,4.253558158516704,369.80339726996993,378.9180647251505,3,6,-18.0,1.0,0,4.0
uepP012,1,4,2,SR,-18.0,4.0,2,4.721109862353138,1,5.541894184213191,378.9180647251505,392.1810687717168,3,6,-18.0,1.0,0,4.0
uepP012,1,4,3,SR,-18.0,0.0,2,2.496528891803223,1,4.800297526877332,392.1810687717168,402.47789519039736,3,6,-18.0,1.0,0,4.0
uepP012,1,4,4,SR,-18.0,3.0,2,3.331567266868007,1,3.304733005387549,402.47789519039736,412.11419546265296,3,6,-18.0,1.0,0,4.0
uepP012,1,4,5,SR,-18.0,1.0,2,1.833734840183269,1,5.477969273545221,412.11419546265296,422.4258995763815,3,6,-18.0,1.0,0,4.0
uepP012,1,4,6,SR,-18.0,5.0,2,2.7226437059465343,1,4.352329273869726,422.4258995763815,432.50087255619775,3,6,-18.0,1.0,0,4.0
uepP012,1,4,7,SR,-18.0,-0.0,2,2.3981657497936624,1,4.594087114230012,432.50087255619775,442.4931254202215,3,6,-18.0,1.0,0,4.0
uepP012,1,4,8,SR,-18.0,4.0,2,2.3569284173952534,1,4.40510002711149,442.4931254202215,452.2551538647282,3,6,-18.0,1.0,0,4.0
uepP012,1,4,9,SR,-18.0,-5.0,2,4.791291063415499,1,5.015343760208659,452.2551538647282,465.06178868835235,3,6,-18.0,1.0,0,4.0
uepP012,1,4,10,SR,-18.0,-5.0,2,2.0745785232971876,1,3.8636327883505843,465.06178868835235,474.0000000000001,3,6,-18.0,1.0,0,4.0
