subjectId,runId,blockId,trialId,condition,leftAnswer,rightAnswer,choiceDuration,isiDuration,feedbackDuration,itiDuration,stimOnset,itiOffset,leftColor,rightColor,mu1,mu2,sd1,sd2
uepP013,2,4,1,SR,15.0,15.0,2,4.539532822872548,1,3.4387026305562265,363.13842489374156,374.11666034717035,2,1,15.0,16.0,0,4.0
uepP013,2,4,2,SR,15.0,8.0,2,2.5748677756049427,1,3.1753654290232993,374.11666034717035,382.8668935517986,2,1,15.0,16.0,0,4.0
uepP013,2,4,3,SR,15.0,17.0,2,2.7768428732004358,1,4.367279524033403,382.8668935517986,393.01101594903247,2,1,15.0,16.0,0,4.0
uepP013,2,4,4,SR,15.0,20.0,2,3.3510028489340495,1,5.387335102209169,393.01101594903247,404.7493539001757,2,1,15.0,16.0,0,4.0
uepP013,2,4,5,SR,15.0,20.0,2,4.384020190900454,1,3.441605482214528,404.7493539001757,415.5749795732907,2,1,15.0,16.0,0,4.0
uepP013,2,4,6,SR,15.0,15.0,2,4.2657371893755,1,5.736001094259474,415.5749795732907,428.57671785692565,2,1,15.0,16.0,0,4.0
uepP013,2,4,7,SR,15.0,17.0,2,4.603810181295198,1,4.918617985929379,428.57671785692565,441.09914602415023,2,1,15.0,16.0,0,4.0
uepP013,2,4,8,SR,15.0,12.0,2,2.6365337012094923,1,5.986907666371802,441.09914602415023,452.7225873917315,2,1,15.0,16.0,0,4.0
uepP013,2,4,9,SR,15.0,10.0,2,1.8382160432278416,1,5.861694982504427,452.7225873917315,463.42249841746377,2,1,15.0,16.0,0,4.0
uepP013,2,4,10,SR,15.0,14.0,2,2.9947575507118662,1,4.582744031824287,463.42249841746377,473.99999999999994,2,1,15.0,16.0,0,4.0
