subjectId,runId,blockId,trialId,condition,leftAnswer,rightAnswer,choiceDuration,isiDuration,feedbackDuration,itiDuration,stimOnset,itiOffset,leftColor,rightColor,mu1,mu2,sd1,sd2
uepP018,4,2,1,RS,0.0,-1.0,2,2.5268924561372437,1,3.2892658879407004,129.9020391298049,138.71819747388284,6,3,3.0,-1.0,4.0,0
uepP018,4,2,2,RS,3.0,-1.0,2,1.81037778040255,1,6.3919037356916535,138.71819747388284,149.92047898997703,6,3,3.0,-1.0,4.0,0
uepP018,4,2,3,RS,0.0,-1.0,2,2.892090035028166,1,6.135655815219966,149.92047898997703,161.94822484022515,6,3,3.0,-1.0,4.0,0
uepP018,4,2,4,RS,-1.0,-1.0,2,3.234039351240583,1,5.337906536609894,161.94822484022515,173.52017072807564,6,3,3.0,-1.0,4.0,0
uepP018,4,2,5,RS,2.0,-1.0,2,3.2937808067565166,1,4.495816398631443,173.52017072807564,184.3097679334636,6,3,3.0,-1.0,4.0,0
uepP018,4,2,6,RS,3.0,-1.0,2,4.580999683926593,1,4.297274860425884,184.3097679334636,196.18804247781608,6,3,3.0,-1.0,4.0,0
uepP018,4,2,7,RS,-2.0,-1.0,2,3.079571814601421,1,6.517550384705765,196.18804247781608,208.78516467712328,6,3,3.0,-1.0,4.0,0
uepP018,4,2,8,RS,3.0,-1.0,2,1.7764219586780292,1,4.486378615117061,208.78516467712328,218.04796525091837,6,3,3.0,-1.0,4.0,0
uepP018,4,2,9,RS,2.0,-1.0,2,4.628034371963005,1,6.028221783658607,218.04796525091837,231.70422140653997,6,3,3.0,-1.0,4.0,0
uepP018,4,2,10,RS,1.0,-1.0,2,1.8933078137836774,1,4.722602205834764,231.70422140653997,241.3201314261584,6,3,3.0,-1.0,4.0,0
