subjectId,runId,blockId,trialId,condition,leftAnswer,rightAnswer,choiceDuration,isiDuration,feedbackDuration,itiDuration,stimOnset,itiOffset,leftColor,rightColor,mu1,mu2,sd1,sd2
uepP011,8,3,1,RR,-6.0,1.0,2,4.551276440942765,1,5.7412940837903985,251.5080363280115,264.8006068527447,4,6,-1.0,-4.0,4.0,4.0
uepP011,8,3,2,RR,-4.0,-0.0,2,3.6300691684811284,1,4.713503506424229,264.8006068527447,276.14417952765007,4,6,-1.0,-4.0,4.0,4.0
uepP011,8,3,3,RR,-5.0,-2.0,2,3.972230501163648,1,4.549412875386098,276.14417952765007,287.66582290419984,4,6,-1.0,-4.0,4.0,4.0
uepP011,8,3,4,RR,-3.0,-8.0,2,4.371865361670449,1,6.33089008629319,287.66582290419984,301.3685783521635,4,6,-1.0,-4.0,4.0,4.0
uepP011,8,3,5,RR,-1.0,-6.0,2,3.8738453676110085,1,3.245041335058804,301.3685783521635,311.48746505483336,4,6,-1.0,-4.0,4.0,4.0
uepP011,8,3,6,RR,-4.0,-5.0,2,4.319706172411434,1,3.6865272505973774,311.48746505483336,322.49369847784214,4,6,-1.0,-4.0,4.0,4.0
uepP011,8,3,7,RR,-2.0,-1.0,2,4.323377541039692,1,3.732051435195348,322.49369847784214,333.54912745407717,4,6,-1.0,-4.0,4.0,4.0
uepP011,8,3,8,RR,4.0,-1.0,2,2.1606823587622164,1,4.689585018882316,333.54912745407717,343.39939483172174,4,6,-1.0,-4.0,4.0,4.0
uepP011,8,3,9,RR,-1.0,-9.0,2,1.8763160024069439,1,3.739852612812841,343.39939483172174,352.01556344694154,4,6,-1.0,-4.0,4.0,4.0
uepP011,8,3,10,RR,-1.0,6.0,2,1.9502451329028185,1,5.035608515837711,352.01556344694154,362.0014170956821,4,6,-1.0,-4.0,4.0,4.0
