subjectId,runId,blockId,trialId,condition,leftAnswer,rightAnswer,choiceDuration,isiDuration,feedbackDuration,itiDuration,stimOnset,itiOffset,leftColor,rightColor,mu1,mu2,sd1,sd2
uepP048,1,3,1,SR,1.0,-3.0,2,2.5730371575916404,1,5.019237497801869,255.7103905698343,266.3026652252278,7,3,1.0,-5.0,0,4.0
uepP048,1,3,2,SR,1.0,2.0,2,2.2322378711612836,1,5.216084267481254,266.3026652252278,276.75098736387037,7,3,1.0,-5.0,0,4.0
uepP048,1,3,3,SR,1.0,-9.0,2,3.5164341692585226,1,4.407883043857773,276.75098736387037,287.67530457698666,7,3,1.0,-5.0,0,4.0
uepP048,1,3,4,SR,1.0,-5.0,2,3.5018185711362224,1,4.413661633541754,287.67530457698666,298.59078478166464,7,3,1.0,-5.0,0,4.0
uepP048,1,3,5,SR,1.0,-9.0,2,2.4104332857266746,1,4.057785222443055,298.59078478166464,308.0590032898344,7,3,1.0,-5.0,0,4.0
uepP048,1,3,6,SR,1.0,-3.0,2,3.497881637227351,1,5.610509813012554,308.0590032898344,320.16739474007426,7,3,1.0,-5.0,0,4.0
uepP048,1,3,7,SR,1.0,1.0,2,3.2087797245648235,1,6.1578338289329455,320.16739474007426,332.534008293572,7,3,1.0,-5.0,0,4.0
uepP048,1,3,8,SR,1.0,-11.0,2,2.0112116054303084,1,4.293639503816027,332.534008293572,341.8388594028184,7,3,1.0,-5.0,0,4.0
uepP048,1,3,9,SR,1.0,-4.0,2,3.039473315280994,1,3.4863896805009538,341.8388594028184,351.36472239860035,7,3,1.0,-5.0,0,4.0
uepP048,1,3,10,SR,1.0,-10.0,2,3.7266151104339222,1,4.300445947099415,351.36472239860035,362.3917834561337,7,3,1.0,-5.0,0,4.0
