subjectId,runId,blockId,trialId,condition,leftAnswer,rightAnswer,choiceDuration,isiDuration,feedbackDuration,itiDuration,stimOnset,itiOffset,leftColor,rightColor,mu1,mu2,sd1,sd2
uepP014,7,2,1,SR,9.0,-12.0,2,3.0986748117790754,1,5.277469328207206,127.10261323638491,138.4787573763712,6,0,9.0,-12.0,0,4.0
uepP014,7,2,2,SR,9.0,-16.0,2,3.9059264922587493,1,3.5333393008964222,138.4787573763712,148.91802316952635,6,0,9.0,-12.0,0,4.0
uepP014,7,2,3,SR,9.0,-10.0,2,1.662852481240437,1,3.737654001603236,148.91802316952635,157.31852965237002,6,0,9.0,-12.0,0,4.0
uepP014,7,2,4,SR,9.0,-12.0,2,2.1374673853529487,1,6.582128576764721,157.31852965237002,169.03812561448768,6,0,9.0,-12.0,0,4.0
uepP014,7,2,5,SR,9.0,-10.0,2,3.1921061966228366,1,6.4176983692645315,169.03812561448768,181.64793018037506,6,0,9.0,-12.0,0,4.0
uepP014,7,2,6,SR,9.0,-11.0,2,1.9406197021568705,1,5.8991003235386765,181.64793018037506,192.4876502060706,6,0,9.0,-12.0,0,4.0
uepP014,7,2,7,SR,9.0,-9.0,2,1.7936070517498763,1,3.4425555396797916,192.4876502060706,200.7238127975003,6,0,9.0,-12.0,0,4.0
uepP014,7,2,8,SR,9.0,-13.0,2,3.8603526387588265,1,5.074077128458402,200.7238127975003,212.65824256471754,6,0,9.0,-12.0,0,4.0
uepP014,7,2,9,SR,9.0,-15.0,2,2.5751901351563995,1,5.133922163808153,212.65824256471754,223.3673548636821,6,0,9.0,-12.0,0,4.0
uepP014,7,2,10,SR,9.0,-10.0,2,1.939470066785484,1,5.397231305943573,223.3673548636821,233.70405623641113,6,0,9.0,-12.0,0,4.0
