subjectId,runId,blockId,trialId,condition,leftAnswer,rightAnswer,choiceDuration,isiDuration,feedbackDuration,itiDuration,stimOnset,itiOffset,leftColor,rightColor,mu1,mu2,sd1,sd2
uepP019,8,3,1,SS,13.0,4.0,2,3.6025250693051074,1,4.922856558503816,244.40110001638695,255.92648164419586,4,0,13.0,4.0,0,0
uepP019,8,3,2,SS,13.0,4.0,2,3.6707417641419298,1,5.685380836239926,255.92648164419586,268.2826042445777,4,0,13.0,4.0,0,0
uepP019,8,3,3,SS,13.0,4.0,2,1.6052460320595914,1,5.997186580385184,268.2826042445777,278.8850368570225,4,0,13.0,4.0,0,0
uepP019,8,3,4,SS,13.0,4.0,2,3.282225337695499,1,3.765470512660946,278.8850368570225,288.93273270737893,4,0,13.0,4.0,0,0
uepP019,8,3,5,SS,13.0,4.0,2,2.7641423031288586,1,6.0665315268139,288.93273270737893,300.76340653732166,4,0,13.0,4.0,0,0
uepP019,8,3,6,SS,13.0,4.0,2,2.912357160361485,1,5.73022229291252,300.76340653732166,312.40598599059564,4,0,13.0,4.0,0,0
uepP019,8,3,7,SS,13.0,4.0,2,3.4969345874708884,1,5.364124565222007,312.40598599059564,324.26704514328856,4,0,13.0,4.0,0,0
uepP019,8,3,8,SS,13.0,4.0,2,3.4836742786640995,1,5.7251423288301675,324.26704514328856,336.4758617507828,4,0,13.0,4.0,0,0
uepP019,8,3,9,SS,13.0,4.0,2,1.7760811118923503,1,4.705581178545075,336.4758617507828,345.9575240412202,4,0,13.0,4.0,0,0
uepP019,8,3,10,SS,13.0,4.0,2,3.7783148752675855,1,4.149861866739185,345.9575240412202,356.885700783227,4,0,13.0,4.0,0,0
