subjectId,runId,blockId,trialId,condition,leftAnswer,rightAnswer,choiceDuration,isiDuration,feedbackDuration,itiDuration,stimOnset,itiOffset,leftColor,rightColor,mu1,mu2,sd1,sd2
uepP060,2,2,1,RR,-4.0,2.0,2,3.899348056843866,1,6.027680018469669,134.50433827470076,147.43136635001432,4,2,-4.0,6.0,4.0,4.0
uepP060,2,2,2,RR,-5.0,4.0,2,2.800831353733724,1,4.790310600613525,147.43136635001432,158.02250830436157,4,2,-4.0,6.0,4.0,4.0
uepP060,2,2,3,RR,-2.0,4.0,2,4.327558231322227,1,5.577401925033104,158.02250830436157,170.9274684607169,4,2,-4.0,6.0,4.0,4.0
uepP060,2,2,4,RR,4.0,5.0,2,1.724258055507715,1,5.632715999277605,170.9274684607169,181.2844425155022,4,2,-4.0,6.0,4.0,4.0
uepP060,2,2,5,RR,-4.0,-2.0,2,2.907323823851107,1,3.6259435641049063,181.2844425155022,190.81770990345822,4,2,-4.0,6.0,4.0,4.0
uepP060,2,2,6,RR,-11.0,3.0,2,1.8345819104949894,1,6.283822351377845,190.81770990345822,201.93611416533105,4,2,-4.0,6.0,4.0,4.0
uepP060,2,2,7,RR,3.0,7.0,2,1.8647072709653274,1,5.595901922436461,201.93611416533105,212.39672335873286,4,2,-4.0,6.0,4.0,4.0
uepP060,2,2,8,RR,-3.0,5.0,2,1.7095199729921398,1,4.248992878684457,212.39672335873286,221.35523621040943,4,2,-4.0,6.0,4.0,4.0
uepP060,2,2,9,RR,-5.0,7.0,2,3.9975577737058035,1,5.80578617781891,221.35523621040943,234.15858016193414,4,2,-4.0,6.0,4.0,4.0
uepP060,2,2,10,RR,-9.0,9.0,2,3.019395605925726,1,3.517652064661621,234.15858016193414,243.6956278325215,4,2,-4.0,6.0,4.0,4.0
