subjectId,runId,blockId,trialId,condition,leftAnswer,rightAnswer,choiceDuration,isiDuration,feedbackDuration,itiDuration,stimOnset,itiOffset,leftColor,rightColor,mu1,mu2,sd1,sd2
uepP020,1,2,1,RS,16.0,-2.0,2,3.7371005561642945,1,4.654474125467661,139.43798615125783,150.8295608328898,0,5,12.0,-2.0,4.0,0
uepP020,1,2,2,RS,14.0,-2.0,2,3.96010123977968,1,4.6678941014458655,150.8295608328898,162.45755617411533,0,5,12.0,-2.0,4.0,0
uepP020,1,2,3,RS,17.0,-2.0,2,2.549302909919793,1,3.7364187122722896,162.45755617411533,171.7432777963074,0,5,12.0,-2.0,4.0,0
uepP020,1,2,4,RS,7.0,-2.0,2,2.034006392469713,1,4.892726956591176,171.7432777963074,181.67001114536828,0,5,12.0,-2.0,4.0,0
uepP020,1,2,5,RS,13.0,-2.0,2,1.6162147425840836,1,4.625747811697064,181.67001114536828,190.91197369964942,0,5,12.0,-2.0,4.0,0
uepP020,1,2,6,RS,4.0,-2.0,2,4.319581397729188,1,3.800987072279141,190.91197369964942,202.03254216965775,0,5,12.0,-2.0,4.0,0
uepP020,1,2,7,RS,9.0,-2.0,2,4.307855225788809,1,4.24968147050445,202.03254216965775,213.590078865951,0,5,12.0,-2.0,4.0,0
uepP020,1,2,8,RS,13.0,-2.0,2,2.6500448575151254,1,3.6114868345190265,213.590078865951,222.85161055798514,0,5,12.0,-2.0,4.0,0
uepP020,1,2,9,RS,18.0,-2.0,2,3.441263417942463,1,3.547311677005079,222.85161055798514,232.84018565293266,0,5,12.0,-2.0,4.0,0
uepP020,1,2,10,RS,15.0,-2.0,2,2.962134993648584,1,3.3578625715876917,232.84018565293266,242.16018321816895,0,5,12.0,-2.0,4.0,0
