subjectId,runId,blockId,trialId,condition,leftAnswer,rightAnswer,choiceDuration,isiDuration,feedbackDuration,itiDuration,stimOnset,itiOffset,leftColor,rightColor,mu1,mu2,sd1,sd2
uepP030,6,3,1,RS,-2.0,3.0,2,2.0569391599751103,1,5.617563625326343,245.09703600994268,255.77153879524414,0,7,3.0,3.0,4.0,0
uepP030,6,3,2,RS,-3.0,3.0,2,3.963798249862055,1,3.80403337311036,255.77153879524414,266.5393704182166,0,7,3.0,3.0,4.0,0
uepP030,6,3,3,RS,4.0,3.0,2,1.6278787432297044,1,3.8402570983065965,266.5393704182166,275.0075062597529,0,7,3.0,3.0,4.0,0
uepP030,6,3,4,RS,5.0,3.0,2,4.075151000711071,1,3.8347377924576196,275.0075062597529,285.9173950529216,0,7,3.0,3.0,4.0,0
uepP030,6,3,5,RS,3.0,3.0,2,3.135206009820988,1,4.936619989812817,285.9173950529216,296.9892210525554,0,7,3.0,3.0,4.0,0
uepP030,6,3,6,RS,4.0,3.0,2,2.7753955814776843,1,4.653338032993358,296.9892210525554,307.4179546670265,0,7,3.0,3.0,4.0,0
uepP030,6,3,7,RS,-3.0,3.0,2,4.037898665666305,1,4.8851416645201935,307.4179546670265,319.340994997213,0,7,3.0,3.0,4.0,0
uepP030,6,3,8,RS,-2.0,3.0,2,4.614440584627747,1,3.610425767970849,319.340994997213,330.5658613498116,0,7,3.0,3.0,4.0,0
uepP030,6,3,9,RS,2.0,3.0,2,3.509813873445409,1,3.713157033311165,330.5658613498116,340.7888322565682,0,7,3.0,3.0,4.0,0
uepP030,6,3,10,RS,6.0,3.0,2,2.264622849475367,1,4.035704065891211,340.7888322565682,350.08915917193474,0,7,3.0,3.0,4.0,0
