subjectId,runId,blockId,trialId,condition,leftAnswer,rightAnswer,choiceDuration,isiDuration,feedbackDuration,itiDuration,stimOnset,itiOffset,leftColor,rightColor,mu1,mu2,sd1,sd2
uepP013,8,1,1,SR,-19.0,-19.0,2,2.002717106720528,1,3.511715483425249,16,24.514432590145777,6,4,-19.0,-16.0,0,4.0
uepP013,8,1,2,SR,-19.0,-8.0,2,3.281825878504153,1,5.611876406577344,24.514432590145777,36.408134875227276,6,4,-19.0,-16.0,0,4.0
uepP013,8,1,3,SR,-19.0,-17.0,2,1.9372042264856133,1,5.621204952163233,36.408134875227276,46.96654405387612,6,4,-19.0,-16.0,0,4.0
uepP013,8,1,4,SR,-19.0,-17.0,2,4.698670545550355,1,5.093940670205716,46.96654405387612,59.759155269632195,6,4,-19.0,-16.0,0,4.0
uepP013,8,1,5,SR,-19.0,-18.0,2,2.9991304628660047,1,4.985914744327366,59.759155269632195,70.74420047682555,6,4,-19.0,-16.0,0,4.0
uepP013,8,1,6,SR,-19.0,-12.0,2,3.1583488891796128,1,5.828815369019877,70.74420047682555,82.73136473502504,6,4,-19.0,-16.0,0,4.0
uepP013,8,1,7,SR,-19.0,-13.0,2,4.003669753936159,1,5.04684818142374,82.73136473502504,94.78188267038495,6,4,-19.0,-16.0,0,4.0
uepP013,8,1,8,SR,-19.0,-11.0,2,4.329359587508109,1,3.5349552749837274,94.78188267038495,105.64619753287678,6,4,-19.0,-16.0,0,4.0
uepP013,8,1,9,SR,-19.0,-20.0,2,4.796370072539335,1,4.56012460816358,105.64619753287678,118.00269221357969,6,4,-19.0,-16.0,0,4.0
uepP013,8,1,10,SR,-19.0,-21.0,2,3.574822041367641,1,6.079719177579327,118.00269221357969,130.65723343252665,6,4,-19.0,-16.0,0,4.0
