subjectId,runId,blockId,trialId,condition,leftAnswer,rightAnswer,choiceDuration,isiDuration,feedbackDuration,itiDuration,stimOnset,itiOffset,leftColor,rightColor,mu1,mu2,sd1,sd2
uepP044,8,1,1,RR,8.0,9.0,2,2.419248462784007,1,3.8442322366029447,16,25.263480699386953,2,1,8.0,10.0,4.0,4.0
uepP044,8,1,2,RR,5.0,11.0,2,4.277073275180985,1,3.8809734595015084,25.263480699386953,36.42152743406945,2,1,8.0,10.0,4.0,4.0
uepP044,8,1,3,RR,15.0,8.0,2,1.6172359993680199,1,6.291977797087411,36.42152743406945,47.330741230524886,2,1,8.0,10.0,4.0,4.0
uepP044,8,1,4,RR,9.0,4.0,2,1.7705907655437583,1,3.4223033625864607,47.330741230524886,55.523635358655106,2,1,8.0,10.0,4.0,4.0
uepP044,8,1,5,RR,3.0,11.0,2,4.558759578481874,1,6.361761080050125,55.523635358655106,69.44415601718711,2,1,8.0,10.0,4.0,4.0
uepP044,8,1,6,RR,8.0,7.0,2,2.371730425761288,1,4.138274188916938,69.44415601718711,78.95416063186534,2,1,8.0,10.0,4.0,4.0
uepP044,8,1,7,RR,9.0,11.0,2,2.141565770197139,1,5.571414695166633,78.95416063186534,89.6671410972291,2,1,8.0,10.0,4.0,4.0
uepP044,8,1,8,RR,10.0,10.0,2,2.1696122703271272,1,3.2188943793240865,89.6671410972291,98.05564774688031,2,1,8.0,10.0,4.0,4.0
uepP044,8,1,9,RR,9.0,9.0,2,3.4133166260319645,1,3.240572315578782,98.05564774688031,107.70953668849107,2,1,8.0,10.0,4.0,4.0
uepP044,8,1,10,RR,13.0,11.0,2,2.9284032854311524,1,3.691837371444039,107.70953668849107,117.32977734536627,2,1,8.0,10.0,4.0,4.0
