subjectId,runId,blockId,trialId,condition,leftAnswer,rightAnswer,choiceDuration,isiDuration,feedbackDuration,itiDuration,stimOnset,itiOffset,leftColor,rightColor,mu1,mu2,sd1,sd2
uepP037,1,4,1,RS,-1.0,-5.0,2,4.08644849524944,1,4.0858021152395985,363.4568338495594,374.62908446004843,1,2,3.0,-5.0,4.0,0
uepP037,1,4,2,RS,2.0,-5.0,2,4.450202740920526,1,4.470499908778875,374.62908446004843,386.54978710974785,1,2,3.0,-5.0,4.0,0
uepP037,1,4,3,RS,3.0,-5.0,2,1.9355507563267196,1,3.5726480783751215,386.54978710974785,395.0579859444497,1,2,3.0,-5.0,4.0,0
uepP037,1,4,4,RS,-1.0,-5.0,2,3.7238220699130045,1,6.270593037603192,395.0579859444497,408.0524010519659,1,2,3.0,-5.0,4.0,0
uepP037,1,4,5,RS,2.0,-5.0,2,2.6489947742685973,1,6.304013936993652,408.0524010519659,420.00540976322816,1,2,3.0,-5.0,4.0,0
uepP037,1,4,6,RS,11.0,-5.0,2,3.954164339055508,1,4.056105500382319,420.00540976322816,431.015679602666,1,2,3.0,-5.0,4.0,0
uepP037,1,4,7,RS,-2.0,-5.0,2,2.87001209528558,1,6.002214613142233,431.015679602666,442.88790631109384,1,2,3.0,-5.0,4.0,0
uepP037,1,4,8,RS,8.0,-5.0,2,2.50230732172339,1,5.408322267180433,442.88790631109384,453.79853589999766,1,2,3.0,-5.0,4.0,0
uepP037,1,4,9,RS,4.0,-5.0,2,2.5570374069093247,1,4.455072459844058,453.79853589999766,463.81064576675107,1,2,3.0,-5.0,4.0,0
uepP037,1,4,10,RS,3.0,-5.0,2,2.6355816123629054,1,4.553772620886056,463.81064576675107,474.0,1,2,3.0,-5.0,4.0,0
