subjectId,runId,blockId,trialId,condition,leftAnswer,rightAnswer,choiceDuration,isiDuration,feedbackDuration,itiDuration,stimOnset,itiOffset,leftColor,rightColor,mu1,mu2,sd1,sd2
uepP002,4,3,1,RS,-28.0,15.0,2,2.255860655649759,1,5.345184765560349,245.63721946762658,256.2382648888367,2,3,-33.0,15.0,4.0,0
uepP002,4,3,2,RS,-36.0,15.0,2,2.916936245492764,1,3.6652324107244647,256.2382648888367,265.8204335450539,2,3,-33.0,15.0,4.0,0
uepP002,4,3,3,RS,-31.0,15.0,2,2.5412013907461106,1,5.72616627186553,265.8204335450539,277.0878012076655,2,3,-33.0,15.0,4.0,0
uepP002,4,3,4,RS,-39.0,15.0,2,4.1706154238949615,1,5.456329315836527,277.0878012076655,289.714745947397,2,3,-33.0,15.0,4.0,0
uepP002,4,3,5,RS,-20.0,15.0,2,4.701814689574862,1,4.479348161919896,289.714745947397,301.89590879889175,2,3,-33.0,15.0,4.0,0
uepP002,4,3,6,RS,-34.0,15.0,2,1.7720877200550418,1,3.8020121854770172,301.89590879889175,310.4700087044238,2,3,-33.0,15.0,4.0,0
uepP002,4,3,7,RS,-35.0,15.0,2,2.231337929997243,1,5.171308391149606,310.4700087044238,320.8726550255706,2,3,-33.0,15.0,4.0,0
uepP002,4,3,8,RS,-39.0,15.0,2,4.026073257861714,1,3.8293443262552334,320.8726550255706,331.72807260968756,2,3,-33.0,15.0,4.0,0
uepP002,4,3,9,RS,-32.0,15.0,2,1.7918841537147299,1,4.5495782390919555,331.72807260968756,341.0695350024942,2,3,-33.0,15.0,4.0,0
uepP002,4,3,10,RS,-30.0,15.0,2,3.7315497705969043,1,3.308376224648553,341.0695350024942,351.1094609977397,2,3,-33.0,15.0,4.0,0
