subjectId,runId,blockId,trialId,condition,leftAnswer,rightAnswer,choiceDuration,isiDuration,feedbackDuration,itiDuration,stimOnset,itiOffset,leftColor,rightColor,mu1,mu2,sd1,sd2
uepP046,3,4,1,RR,1.0,1.0,2,1.8822221562390986,1,3.7692897431955195,367.50376486674344,376.1552767661781,3,0,2.0,4.0,4.0,4.0
uepP046,3,4,2,RR,-3.0,4.0,2,4.837464912195592,1,3.9736644233847125,376.1552767661781,387.96640610175837,3,0,2.0,4.0,4.0,4.0
uepP046,3,4,3,RR,3.0,7.0,2,1.6661830076612487,1,5.454165114479186,387.96640610175837,398.08675422389877,3,0,2.0,4.0,4.0,4.0
uepP046,3,4,4,RR,4.0,5.0,2,2.2513961326399023,1,6.455299465183928,398.08675422389877,409.7934498217226,3,0,2.0,4.0,4.0,4.0
uepP046,3,4,5,RR,-4.0,3.0,2,3.3503660255115446,1,5.567040906913219,409.7934498217226,421.7108567541474,3,0,2.0,4.0,4.0,4.0
uepP046,3,4,6,RR,7.0,-1.0,2,4.082687277089102,1,3.477716418869113,421.7108567541474,432.2712604501057,3,0,2.0,4.0,4.0,4.0
uepP046,3,4,7,RR,5.0,14.0,2,2.2821356098363994,1,3.3897936387558314,432.2712604501057,440.9431896986979,3,0,2.0,4.0,4.0,4.0
uepP046,3,4,8,RR,-1.0,6.0,2,3.922918000984796,1,5.40436753102746,440.9431896986979,453.27047523071013,3,0,2.0,4.0,4.0,4.0
uepP046,3,4,9,RR,10.0,0.0,2,1.8816419671985838,1,3.258820403093469,453.27047523071013,461.41093760100216,3,0,2.0,4.0,4.0,4.0
uepP046,3,4,10,RR,16.0,8.0,2,4.42919618008128,1,5.159866218916645,461.41093760100216,474.0000000000001,3,0,2.0,4.0,4.0,4.0
