subjectId,runId,blockId,trialId,condition,leftAnswer,rightAnswer,choiceDuration,isiDuration,feedbackDuration,itiDuration,stimOnset,itiOffset,leftColor,rightColor,mu1,mu2,sd1,sd2
uepP007,6,3,1,SS,-1.0,5.0,2,2.3175729555657587,1,3.4346590843138363,251.26264401381496,260.0148760536946,6,4,-1.0,5.0,0,0
uepP007,6,3,2,SS,-1.0,5.0,2,2.5891912956472605,1,5.132450627295675,260.0148760536946,270.7365179766375,6,4,-1.0,5.0,0,0
uepP007,6,3,3,SS,-1.0,5.0,2,2.0392760256569513,1,3.6490997284999733,270.7365179766375,279.4248937307944,6,4,-1.0,5.0,0,0
uepP007,6,3,4,SS,-1.0,5.0,2,2.1890514710018754,1,3.500319077208721,279.4248937307944,288.114264279005,6,4,-1.0,5.0,0,0
uepP007,6,3,5,SS,-1.0,5.0,2,4.715042940573145,1,4.259382249176399,288.114264279005,300.0886894687545,6,4,-1.0,5.0,0,0
uepP007,6,3,6,SS,-1.0,5.0,2,3.8614280384883424,1,5.790859165363628,300.0886894687545,312.7409766726065,6,4,-1.0,5.0,0,0
uepP007,6,3,7,SS,-1.0,5.0,2,1.7214698771831924,1,3.62804892502699,312.7409766726065,321.0904954748167,6,4,-1.0,5.0,0,0
uepP007,6,3,8,SS,-1.0,5.0,2,3.8382092931034313,1,3.3489116755984085,321.0904954748167,331.2776164435185,6,4,-1.0,5.0,0,0
uepP007,6,3,9,SS,-1.0,5.0,2,3.7110153643226247,1,5.354801956842998,331.2776164435185,343.34343376468416,6,4,-1.0,5.0,0,0
uepP007,6,3,10,SS,-1.0,5.0,2,2.7984829660852535,1,4.547669266984248,343.34343376468416,353.6895859977537,6,4,-1.0,5.0,0,0
