subjectId,runId,blockId,trialId,condition,leftAnswer,rightAnswer,choiceDuration,isiDuration,feedbackDuration,itiDuration,stimOnset,itiOffset,leftColor,rightColor,mu1,mu2,sd1,sd2
uepP002,7,2,1,RR,-10.0,8.0,2,4.8464069951643,1,5.695750491856079,140.36149333151982,153.9036508185402,0,2,-13.0,8.0,4.0,4.0
uepP002,7,2,2,RR,-19.0,-1.0,2,3.291096244606591,1,4.605808874605303,153.9036508185402,164.8005559377521,0,2,-13.0,8.0,4.0,4.0
uepP002,7,2,3,RR,-13.0,10.0,2,2.9301260067209305,1,5.818689039659315,164.8005559377521,176.54937098413237,0,2,-13.0,8.0,4.0,4.0
uepP002,7,2,4,RR,-12.0,11.0,2,2.3188350486809486,1,3.713010179338583,176.54937098413237,185.5812162121519,0,2,-13.0,8.0,4.0,4.0
uepP002,7,2,5,RR,-9.0,10.0,2,3.1285461711841154,1,3.380366474524653,185.5812162121519,195.0901288578607,0,2,-13.0,8.0,4.0,4.0
uepP002,7,2,6,RR,-14.0,0.0,2,3.9902853373166947,1,6.056306444329862,195.0901288578607,208.13672063950725,0,2,-13.0,8.0,4.0,4.0
uepP002,7,2,7,RR,-22.0,9.0,2,3.7685425315125016,1,4.928393947443347,208.13672063950725,219.8336571184631,0,2,-13.0,8.0,4.0,4.0
uepP002,7,2,8,RR,-12.0,10.0,2,4.242221259456979,1,5.62713041124141,219.8336571184631,232.7030087891615,0,2,-13.0,8.0,4.0,4.0
uepP002,7,2,9,RR,-14.0,5.0,2,4.87535389644519,1,5.353918800610844,232.7030087891615,245.9322814862175,0,2,-13.0,8.0,4.0,4.0
uepP002,7,2,10,RR,-2.0,6.0,2,2.3689426809238023,1,4.639113263480232,245.9322814862175,255.94033743062153,0,2,-13.0,8.0,4.0,4.0
