subjectId,runId,blockId,trialId,condition,leftAnswer,rightAnswer,choiceDuration,isiDuration,feedbackDuration,itiDuration,stimOnset,itiOffset,leftColor,rightColor,mu1,mu2,sd1,sd2
uepP023,4,3,1,SR,13.0,8.0,2,4.536784731662321,1,6.029974583800987,244.23017709943394,257.79693641489723,4,2,13.0,10.0,0,4.0
uepP023,4,3,2,SR,13.0,11.0,2,3.4180358843631446,1,4.7797479860135175,257.79693641489723,268.99472028527384,4,2,13.0,10.0,0,4.0
uepP023,4,3,3,SR,13.0,13.0,2,2.913689938606715,1,6.154888675473346,268.99472028527384,281.06329889935387,4,2,13.0,10.0,0,4.0
uepP023,4,3,4,SR,13.0,11.0,2,2.7255492104264776,1,6.011333358464061,281.06329889935387,292.80018146824443,4,2,13.0,10.0,0,4.0
uepP023,4,3,5,SR,13.0,10.0,2,2.812969784621931,1,3.4607039256794043,292.80018146824443,302.0738551785458,4,2,13.0,10.0,0,4.0
uepP023,4,3,6,SR,13.0,9.0,2,3.0194512272146525,1,4.349353029765993,302.0738551785458,312.4426594355264,4,2,13.0,10.0,0,4.0
uepP023,4,3,7,SR,13.0,15.0,2,2.749952668604031,1,4.4870812128788,312.4426594355264,322.67969331700925,4,2,13.0,10.0,0,4.0
uepP023,4,3,8,SR,13.0,15.0,2,4.122976881350364,1,3.9293937196704904,322.67969331700925,333.7320639180301,4,2,13.0,10.0,0,4.0
uepP023,4,3,9,SR,13.0,13.0,2,4.94992133539814,1,5.4724678946001015,333.7320639180301,347.1544531480284,4,2,13.0,10.0,0,4.0
uepP023,4,3,10,SR,13.0,8.0,2,2.913214474240137,1,5.1808886772413265,347.1544531480284,358.24855629950986,4,2,13.0,10.0,0,4.0
