subjectId,runId,blockId,trialId,condition,leftAnswer,rightAnswer,choiceDuration,isiDuration,feedbackDuration,itiDuration,stimOnset,itiOffset,leftColor,rightColor,mu1,mu2,sd1,sd2
uepP009,2,2,1,SS,1.0,4.0,2,4.075782657828369,1,5.134917760656078,129.8695602630241,142.08026068150855,3,5,1.0,4.0,0,0
uepP009,2,2,2,SS,1.0,4.0,2,2.394023955416837,1,5.568808112256278,142.08026068150855,153.04309274918165,3,5,1.0,4.0,0,0
uepP009,2,2,3,SS,1.0,4.0,2,2.9838057513154745,1,3.564914040043542,153.04309274918165,162.59181254054067,3,5,1.0,4.0,0,0
uepP009,2,2,4,SS,1.0,4.0,2,2.314960408668767,1,4.680462134650108,162.59181254054067,172.58723508385953,3,5,1.0,4.0,0,0
uepP009,2,2,5,SS,1.0,4.0,2,3.0690645822323592,1,4.4057632459769485,172.58723508385953,183.06206291206882,3,5,1.0,4.0,0,0
uepP009,2,2,6,SS,1.0,4.0,2,2.0183899764554365,1,4.9439940596056156,183.06206291206882,193.02444694812988,3,5,1.0,4.0,0,0
uepP009,2,2,7,SS,1.0,4.0,2,3.3895315065666423,1,5.313204527458072,193.02444694812988,204.7271829821546,3,5,1.0,4.0,0,0
uepP009,2,2,8,SS,1.0,4.0,2,4.2893785407975,1,6.034300659688389,204.7271829821546,218.0508621826405,3,5,1.0,4.0,0,0
uepP009,2,2,9,SS,1.0,4.0,2,3.1660499794875623,1,5.278480402656381,218.0508621826405,229.49539256478442,3,5,1.0,4.0,0,0
uepP009,2,2,10,SS,1.0,4.0,2,3.549217299187373,1,3.629581948322519,229.49539256478442,239.6741918122943,3,5,1.0,4.0,0,0
