subjectId,runId,blockId,trialId,condition,leftAnswer,rightAnswer,choiceDuration,isiDuration,feedbackDuration,itiDuration,stimOnset,itiOffset,leftColor,rightColor,mu1,mu2,sd1,sd2
uepP008,2,3,1,SS,9.0,-2.0,2,1.96630477609267,1,5.983756883931989,247.49563480368116,258.4456964637058,7,6,9.0,-2.0,0,0
uepP008,2,3,2,SS,9.0,-2.0,2,4.676692824355829,1,4.264626183502878,258.4456964637058,270.3870154715645,7,6,9.0,-2.0,0,0
uepP008,2,3,3,SS,9.0,-2.0,2,3.3872028241317778,1,4.889811377076385,270.3870154715645,281.6640296727727,7,6,9.0,-2.0,0,0
uepP008,2,3,4,SS,9.0,-2.0,2,4.62634962505037,1,6.032722221767726,281.6640296727727,295.32310151959075,7,6,9.0,-2.0,0,0
uepP008,2,3,5,SS,9.0,-2.0,2,4.593397792494304,1,5.145893924578497,295.32310151959075,308.0623932366636,7,6,9.0,-2.0,0,0
uepP008,2,3,6,SS,9.0,-2.0,2,3.6726777934138166,1,4.578068713303465,308.0623932366636,319.3131397433809,7,6,9.0,-2.0,0,0
uepP008,2,3,7,SS,9.0,-2.0,2,3.53147818801142,1,3.9182013530940254,319.3131397433809,329.76281928448634,7,6,9.0,-2.0,0,0
uepP008,2,3,8,SS,9.0,-2.0,2,2.974531198254202,1,4.899203793168183,329.76281928448634,340.63655427590874,7,6,9.0,-2.0,0,0
uepP008,2,3,9,SS,9.0,-2.0,2,1.7988191810313463,1,4.59242368874505,340.63655427590874,350.0277971456851,7,6,9.0,-2.0,0,0
uepP008,2,3,10,SS,9.0,-2.0,2,3.620865619101248,1,4.228392086779165,350.0277971456851,360.8770548515655,7,6,9.0,-2.0,0,0
