subjectId,runId,blockId,trialId,condition,leftAnswer,rightAnswer,choiceDuration,isiDuration,feedbackDuration,itiDuration,stimOnset,itiOffset,leftColor,rightColor,mu1,mu2,sd1,sd2
uepP052,8,2,1,SS,-3.0,-2.0,2,2.8407816710818428,1,3.651520697777914,138.52784483540705,148.02014720426683,1,6,-3.0,-2.0,0,0
uepP052,8,2,2,SS,-3.0,-2.0,2,2.983051756637189,1,4.956479340186481,148.02014720426683,158.95967830109052,1,6,-3.0,-2.0,0,0
uepP052,8,2,3,SS,-3.0,-2.0,2,4.036056329323764,1,5.383394690734816,158.95967830109052,171.3791293211491,1,6,-3.0,-2.0,0,0
uepP052,8,2,4,SS,-3.0,-2.0,2,2.306939113747285,1,4.444805815722554,171.3791293211491,181.13087425061894,1,6,-3.0,-2.0,0,0
uepP052,8,2,5,SS,-3.0,-2.0,2,3.030284396353883,1,3.674787932076336,181.13087425061894,190.83594657904916,1,6,-3.0,-2.0,0,0
uepP052,8,2,6,SS,-3.0,-2.0,2,4.400250559827227,1,3.5248394715823084,190.83594657904916,201.7610366104587,1,6,-3.0,-2.0,0,0
uepP052,8,2,7,SS,-3.0,-2.0,2,2.3298430583426972,1,5.261420195700921,201.7610366104587,212.3522998645023,1,6,-3.0,-2.0,0,0
uepP052,8,2,8,SS,-3.0,-2.0,2,2.5259284217105558,1,4.5014721968864615,212.3522998645023,222.3797004830993,1,6,-3.0,-2.0,0,0
uepP052,8,2,9,SS,-3.0,-2.0,2,3.50574539829053,1,3.8290636337508617,222.3797004830993,232.7145095151407,1,6,-3.0,-2.0,0,0
uepP052,8,2,10,SS,-3.0,-2.0,2,3.1615793320127206,1,4.5158258866334755,232.7145095151407,243.39191473378688,1,6,-3.0,-2.0,0,0
