subjectId,runId,blockId,trialId,condition,leftAnswer,rightAnswer,choiceDuration,isiDuration,feedbackDuration,itiDuration,stimOnset,itiOffset,leftColor,rightColor,mu1,mu2,sd1,sd2
uepP044,7,3,1,SR,-10.0,4.0,2,3.9792386360220564,1,3.4173050530014892,246.20087351957721,256.59741720860075,7,5,-10.0,8.0,0,4.0
uepP044,7,3,2,SR,-10.0,8.0,2,3.868732129728738,1,3.7569000224561298,256.59741720860075,267.22304936078564,7,5,-10.0,8.0,0,4.0
uepP044,7,3,3,SR,-10.0,14.0,2,2.805092694720009,1,5.636981600365271,267.22304936078564,278.66512365587096,7,5,-10.0,8.0,0,4.0
uepP044,7,3,4,SR,-10.0,7.0,2,3.8288844091386194,1,5.199771953238797,278.66512365587096,290.69378001824833,7,5,-10.0,8.0,0,4.0
uepP044,7,3,5,SR,-10.0,4.0,2,2.9075342511821725,1,4.88424660856047,290.69378001824833,301.485560877991,7,5,-10.0,8.0,0,4.0
uepP044,7,3,6,SR,-10.0,11.0,2,3.127094134531017,1,5.660792335720476,301.485560877991,313.27344734824254,7,5,-10.0,8.0,0,4.0
uepP044,7,3,7,SR,-10.0,3.0,2,3.8465458079597536,1,4.149193539333083,313.27344734824254,324.2691866955354,7,5,-10.0,8.0,0,4.0
uepP044,7,3,8,SR,-10.0,6.0,2,4.840501080552335,1,5.008086756079537,324.2691866955354,337.11777453216723,7,5,-10.0,8.0,0,4.0
uepP044,7,3,9,SR,-10.0,13.0,2,1.730635347123336,1,4.022260358736749,337.11777453216723,345.8706702380273,7,5,-10.0,8.0,0,4.0
uepP044,7,3,10,SR,-10.0,4.0,2,2.2347834531151998,1,6.112940102236636,345.8706702380273,357.2183937933791,7,5,-10.0,8.0,0,4.0
